# Generated by vasegen.py
v 18.139616 0.000000 0.000000
v 18.070589 1.580972 0.000000
v 17.864034 3.149911 0.000000
v 17.521523 4.694878 0.000000
v 17.045663 6.204114 0.000000
v 16.440075 7.666133 0.000000
v 15.709368 9.069808 0.000000
v 14.859103 10.404456 0.000000
v 13.895752 11.659920 0.000000
v 12.826645 12.826645 0.000000
v 11.659920 13.895752 0.000000
v 10.404456 14.859103 0.000000
v 9.069808 15.709368 0.000000
v 7.666133 16.440075 0.000000
v 6.204114 17.045663 0.000000
v 4.694878 17.521523 0.000000
v 3.149911 17.864034 0.000000
v 1.580972 18.070589 0.000000
v 0.000000 18.139616 0.000000
v -1.580972 18.070589 0.000000
v -3.149911 17.864034 0.000000
v -4.694878 17.521523 0.000000
v -6.204114 17.045663 0.000000
v -7.666133 16.440075 0.000000
v -9.069808 15.709368 0.000000
v -10.404456 14.859103 0.000000
v -11.659920 13.895752 0.000000
v -12.826645 12.826645 0.000000
v -13.895752 11.659920 0.000000
v -14.859103 10.404456 0.000000
v -15.709368 9.069808 0.000000
v -16.440075 7.666133 0.000000
v -17.045663 6.204114 0.000000
v -17.521523 4.694878 0.000000
v -17.864034 3.149911 0.000000
v -18.070589 1.580972 0.000000
v -18.139616 0.000000 0.000000
v -18.070589 -1.580972 0.000000
v -17.864034 -3.149911 0.000000
v -17.521523 -4.694878 0.000000
v -17.045663 -6.204114 0.000000
v -16.440075 -7.666133 0.000000
v -15.709368 -9.069808 0.000000
v -14.859103 -10.404456 0.000000
v -13.895752 -11.659920 0.000000
v -12.826645 -12.826645 0.000000
v -11.659920 -13.895752 0.000000
v -10.404456 -14.859103 0.000000
v -9.069808 -15.709368 0.000000
v -7.666133 -16.440075 0.000000
v -6.204114 -17.045663 0.000000
v -4.694878 -17.521523 0.000000
v -3.149911 -17.864034 0.000000
v -1.580972 -18.070589 0.000000
v -0.000000 -18.139616 0.000000
v 1.580972 -18.070589 0.000000
v 3.149911 -17.864034 0.000000
v 4.694878 -17.521523 0.000000
v 6.204114 -17.045663 0.000000
v 7.666133 -16.440075 0.000000
v 9.069808 -15.709368 0.000000
v 10.404456 -14.859103 0.000000
v 11.659920 -13.895752 0.000000
v 12.826645 -12.826645 0.000000
v 13.895752 -11.659920 0.000000
v 14.859103 -10.404456 0.000000
v 15.709368 -9.069808 0.000000
v 16.440075 -7.666133 0.000000
v 17.045663 -6.204114 0.000000
v 17.521523 -4.694878 0.000000
v 17.864034 -3.149911 0.000000
v 18.070589 -1.580972 0.000000
v 18.164255 0.000000 1.875000
v 18.095134 1.583119 1.875000
v 17.888299 3.154190 1.875000
v 17.545323 4.701255 1.875000
v 17.068816 6.212541 1.875000
v 16.462406 7.676546 1.875000
v 15.730706 9.082127 1.875000
v 14.879287 10.418589 1.875000
v 13.914627 11.675758 1.875000
v 12.844068 12.844068 1.875000
v 11.675758 13.914627 1.875000
v 10.418589 14.879287 1.875000
v 9.082127 15.730706 1.875000
v 7.676546 16.462406 1.875000
v 6.212541 17.068816 1.875000
v 4.701255 17.545323 1.875000
v 3.154190 17.888299 1.875000
v 1.583119 18.095134 1.875000
v 0.000000 18.164255 1.875000
v -1.583119 18.095134 1.875000
v -3.154190 17.888299 1.875000
v -4.701255 17.545323 1.875000
v -6.212541 17.068816 1.875000
v -7.676546 16.462406 1.875000
v -9.082127 15.730706 1.875000
v -10.418589 14.879287 1.875000
v -11.675758 13.914627 1.875000
v -12.844068 12.844068 1.875000
v -13.914627 11.675758 1.875000
v -14.879287 10.418589 1.875000
v -15.730706 9.082127 1.875000
v -16.462406 7.676546 1.875000
v -17.068816 6.212541 1.875000
v -17.545323 4.701255 1.875000
v -17.888299 3.154190 1.875000
v -18.095134 1.583119 1.875000
v -18.164255 0.000000 1.875000
v -18.095134 -1.583119 1.875000
v -17.888299 -3.154190 1.875000
v -17.545323 -4.701255 1.875000
v -17.068816 -6.212541 1.875000
v -16.462406 -7.676546 1.875000
v -15.730706 -9.082127 1.875000
v -14.879287 -10.418589 1.875000
v -13.914627 -11.675758 1.875000
v -12.844068 -12.844068 1.875000
v -11.675758 -13.914627 1.875000
v -10.418589 -14.879287 1.875000
v -9.082127 -15.730706 1.875000
v -7.676546 -16.462406 1.875000
v -6.212541 -17.068816 1.875000
v -4.701255 -17.545323 1.875000
v -3.154190 -17.888299 1.875000
v -1.583119 -18.095134 1.875000
v -0.000000 -18.164255 1.875000
v 1.583119 -18.095134 1.875000
v 3.154190 -17.888299 1.875000
v 4.701255 -17.545323 1.875000
v 6.212541 -17.068816 1.875000
v 7.676546 -16.462406 1.875000
v 9.082127 -15.730706 1.875000
v 10.418589 -14.879287 1.875000
v 11.675758 -13.914627 1.875000
v 12.844068 -12.844068 1.875000
v 13.914627 -11.675758 1.875000
v 14.879287 -10.418589 1.875000
v 15.730706 -9.082127 1.875000
v 16.462406 -7.676546 1.875000
v 17.068816 -6.212541 1.875000
v 17.545323 -4.701255 1.875000
v 17.888299 -3.154190 1.875000
v 18.095134 -1.583119 1.875000
v 18.191991 0.000000 3.750000
v 18.122765 1.585536 3.750000
v 17.915613 3.159006 3.750000
v 17.572113 4.708434 3.750000
v 17.094879 6.222027 3.750000
v 16.487543 7.688267 3.750000
v 15.754726 9.095995 3.750000
v 14.902006 10.434497 3.750000
v 13.935873 11.693586 3.750000
v 12.863680 12.863680 3.750000
v 11.693586 13.935873 3.750000
v 10.434497 14.902006 3.750000
v 9.095995 15.754726 3.750000
v 7.688267 16.487543 3.750000
v 6.222027 17.094879 3.750000
v 4.708434 17.572113 3.750000
v 3.159006 17.915613 3.750000
v 1.585536 18.122765 3.750000
v 0.000000 18.191991 3.750000
v -1.585536 18.122765 3.750000
v -3.159006 17.915613 3.750000
v -4.708434 17.572113 3.750000
v -6.222027 17.094879 3.750000
v -7.688267 16.487543 3.750000
v -9.095995 15.754726 3.750000
v -10.434497 14.902006 3.750000
v -11.693586 13.935873 3.750000
v -12.863680 12.863680 3.750000
v -13.935873 11.693586 3.750000
v -14.902006 10.434497 3.750000
v -15.754726 9.095995 3.750000
v -16.487543 7.688267 3.750000
v -17.094879 6.222027 3.750000
v -17.572113 4.708434 3.750000
v -17.915613 3.159006 3.750000
v -18.122765 1.585536 3.750000
v -18.191991 0.000000 3.750000
v -18.122765 -1.585536 3.750000
v -17.915613 -3.159006 3.750000
v -17.572113 -4.708434 3.750000
v -17.094879 -6.222027 3.750000
v -16.487543 -7.688267 3.750000
v -15.754726 -9.095995 3.750000
v -14.902006 -10.434497 3.750000
v -13.935873 -11.693586 3.750000
v -12.863680 -12.863680 3.750000
v -11.693586 -13.935873 3.750000
v -10.434497 -14.902006 3.750000
v -9.095995 -15.754726 3.750000
v -7.688267 -16.487543 3.750000
v -6.222027 -17.094879 3.750000
v -4.708434 -17.572113 3.750000
v -3.159006 -17.915613 3.750000
v -1.585536 -18.122765 3.750000
v -0.000000 -18.191991 3.750000
v 1.585536 -18.122765 3.750000
v 3.159006 -17.915613 3.750000
v 4.708434 -17.572113 3.750000
v 6.222027 -17.094879 3.750000
v 7.688267 -16.487543 3.750000
v 9.095995 -15.754726 3.750000
v 10.434497 -14.902006 3.750000
v 11.693586 -13.935873 3.750000
v 12.863680 -12.863680 3.750000
v 13.935873 -11.693586 3.750000
v 14.902006 -10.434497 3.750000
v 15.754726 -9.095995 3.750000
v 16.487543 -7.688267 3.750000
v 17.094879 -6.222027 3.750000
v 17.572113 -4.708434 3.750000
v 17.915613 -3.159006 3.750000
v 18.122765 -1.585536 3.750000
v 18.223252 0.000000 5.625000
v 18.153907 1.588261 5.625000
v 17.946400 3.164435 5.625000
v 17.602310 4.716525 5.625000
v 17.124256 6.232719 5.625000
v 16.515875 7.701479 5.625000
v 15.781799 9.111626 5.625000
v 14.927614 10.452428 5.625000
v 13.959821 11.713681 5.625000
v 12.885785 12.885785 5.625000
v 11.713681 13.959821 5.625000
v 10.452428 14.927614 5.625000
v 9.111626 15.781799 5.625000
v 7.701479 16.515875 5.625000
v 6.232719 17.124256 5.625000
v 4.716525 17.602310 5.625000
v 3.164435 17.946400 5.625000
v 1.588261 18.153907 5.625000
v 0.000000 18.223252 5.625000
v -1.588261 18.153907 5.625000
v -3.164435 17.946400 5.625000
v -4.716525 17.602310 5.625000
v -6.232719 17.124256 5.625000
v -7.701479 16.515875 5.625000
v -9.111626 15.781799 5.625000
v -10.452428 14.927614 5.625000
v -11.713681 13.959821 5.625000
v -12.885785 12.885785 5.625000
v -13.959821 11.713681 5.625000
v -14.927614 10.452428 5.625000
v -15.781799 9.111626 5.625000
v -16.515875 7.701479 5.625000
v -17.124256 6.232719 5.625000
v -17.602310 4.716525 5.625000
v -17.946400 3.164435 5.625000
v -18.153907 1.588261 5.625000
v -18.223252 0.000000 5.625000
v -18.153907 -1.588261 5.625000
v -17.946400 -3.164435 5.625000
v -17.602310 -4.716525 5.625000
v -17.124256 -6.232719 5.625000
v -16.515875 -7.701479 5.625000
v -15.781799 -9.111626 5.625000
v -14.927614 -10.452428 5.625000
v -13.959821 -11.713681 5.625000
v -12.885785 -12.885785 5.625000
v -11.713681 -13.959821 5.625000
v -10.452428 -14.927614 5.625000
v -9.111626 -15.781799 5.625000
v -7.701479 -16.515875 5.625000
v -6.232719 -17.124256 5.625000
v -4.716525 -17.602310 5.625000
v -3.164435 -17.946400 5.625000
v -1.588261 -18.153907 5.625000
v -0.000000 -18.223252 5.625000
v 1.588261 -18.153907 5.625000
v 3.164435 -17.946400 5.625000
v 4.716525 -17.602310 5.625000
v 6.232719 -17.124256 5.625000
v 7.701479 -16.515875 5.625000
v 9.111626 -15.781799 5.625000
v 10.452428 -14.927614 5.625000
v 11.713681 -13.959821 5.625000
v 12.885785 -12.885785 5.625000
v 13.959821 -11.713681 5.625000
v 14.927614 -10.452428 5.625000
v 15.781799 -9.111626 5.625000
v 16.515875 -7.701479 5.625000
v 17.124256 -6.232719 5.625000
v 17.602310 -4.716525 5.625000
v 17.946400 -3.164435 5.625000
v 18.153907 -1.588261 5.625000
v 18.258491 0.000000 7.500000
v 18.189012 1.591332 7.500000
v 17.981103 3.170554 7.500000
v 17.636348 4.725645 7.500000
v 17.157369 6.244772 7.500000
v 16.547813 7.716372 7.500000
v 15.812317 9.129245 7.500000
v 14.956480 10.472640 7.500000
v 13.986816 11.736332 7.500000
v 12.910703 12.910703 7.500000
v 11.736332 13.986816 7.500000
v 10.472640 14.956480 7.500000
v 9.129245 15.812317 7.500000
v 7.716372 16.547813 7.500000
v 6.244772 17.157369 7.500000
v 4.725645 17.636348 7.500000
v 3.170554 17.981103 7.500000
v 1.591332 18.189012 7.500000
v 0.000000 18.258491 7.500000
v -1.591332 18.189012 7.500000
v -3.170554 17.981103 7.500000
v -4.725645 17.636348 7.500000
v -6.244772 17.157369 7.500000
v -7.716372 16.547813 7.500000
v -9.129245 15.812317 7.500000
v -10.472640 14.956480 7.500000
v -11.736332 13.986816 7.500000
v -12.910703 12.910703 7.500000
v -13.986816 11.736332 7.500000
v -14.956480 10.472640 7.500000
v -15.812317 9.129245 7.500000
v -16.547813 7.716372 7.500000
v -17.157369 6.244772 7.500000
v -17.636348 4.725645 7.500000
v -17.981103 3.170554 7.500000
v -18.189012 1.591332 7.500000
v -18.258491 0.000000 7.500000
v -18.189012 -1.591332 7.500000
v -17.981103 -3.170554 7.500000
v -17.636348 -4.725645 7.500000
v -17.157369 -6.244772 7.500000
v -16.547813 -7.716372 7.500000
v -15.812317 -9.129245 7.500000
v -14.956480 -10.472640 7.500000
v -13.986816 -11.736332 7.500000
v -12.910703 -12.910703 7.500000
v -11.736332 -13.986816 7.500000
v -10.472640 -14.956480 7.500000
v -9.129245 -15.812317 7.500000
v -7.716372 -16.547813 7.500000
v -6.244772 -17.157369 7.500000
v -4.725645 -17.636348 7.500000
v -3.170554 -17.981103 7.500000
v -1.591332 -18.189012 7.500000
v -0.000000 -18.258491 7.500000
v 1.591332 -18.189012 7.500000
v 3.170554 -17.981103 7.500000
v 4.725645 -17.636348 7.500000
v 6.244772 -17.157369 7.500000
v 7.716372 -16.547813 7.500000
v 9.129245 -15.812317 7.500000
v 10.472640 -14.956480 7.500000
v 11.736332 -13.986816 7.500000
v 12.910703 -12.910703 7.500000
v 13.986816 -11.736332 7.500000
v 14.956480 -10.472640 7.500000
v 15.812317 -9.129245 7.500000
v 16.547813 -7.716372 7.500000
v 17.157369 -6.244772 7.500000
v 17.636348 -4.725645 7.500000
v 17.981103 -3.170554 7.500000
v 18.189012 -1.591332 7.500000
v 18.298175 0.000000 9.375000
v 18.228545 1.594791 9.375000
v 18.020184 3.177445 9.375000
v 17.674680 4.735916 9.375000
v 17.194660 6.258344 9.375000
v 16.583778 7.733143 9.375000
v 15.846684 9.149087 9.375000
v 14.988987 10.495402 9.375000
v 14.017215 11.761840 9.375000
v 12.938763 12.938763 9.375000
v 11.761840 14.017215 9.375000
v 10.495402 14.988987 9.375000
v 9.149087 15.846684 9.375000
v 7.733143 16.583778 9.375000
v 6.258344 17.194660 9.375000
v 4.735916 17.674680 9.375000
v 3.177445 18.020184 9.375000
v 1.594791 18.228545 9.375000
v 0.000000 18.298175 9.375000
v -1.594791 18.228545 9.375000
v -3.177445 18.020184 9.375000
v -4.735916 17.674680 9.375000
v -6.258344 17.194660 9.375000
v -7.733143 16.583778 9.375000
v -9.149087 15.846684 9.375000
v -10.495402 14.988987 9.375000
v -11.761840 14.017215 9.375000
v -12.938763 12.938763 9.375000
v -14.017215 11.761840 9.375000
v -14.988987 10.495402 9.375000
v -15.846684 9.149087 9.375000
v -16.583778 7.733143 9.375000
v -17.194660 6.258344 9.375000
v -17.674680 4.735916 9.375000
v -18.020184 3.177445 9.375000
v -18.228545 1.594791 9.375000
v -18.298175 0.000000 9.375000
v -18.228545 -1.594791 9.375000
v -18.020184 -3.177445 9.375000
v -17.674680 -4.735916 9.375000
v -17.194660 -6.258344 9.375000
v -16.583778 -7.733143 9.375000
v -15.846684 -9.149087 9.375000
v -14.988987 -10.495402 9.375000
v -14.017215 -11.761840 9.375000
v -12.938763 -12.938763 9.375000
v -11.761840 -14.017215 9.375000
v -10.495402 -14.988987 9.375000
v -9.149087 -15.846684 9.375000
v -7.733143 -16.583778 9.375000
v -6.258344 -17.194660 9.375000
v -4.735916 -17.674680 9.375000
v -3.177445 -18.020184 9.375000
v -1.594791 -18.228545 9.375000
v -0.000000 -18.298175 9.375000
v 1.594791 -18.228545 9.375000
v 3.177445 -18.020184 9.375000
v 4.735916 -17.674680 9.375000
v 6.258344 -17.194660 9.375000
v 7.733143 -16.583778 9.375000
v 9.149087 -15.846684 9.375000
v 10.495402 -14.988987 9.375000
v 11.761840 -14.017215 9.375000
v 12.938763 -12.938763 9.375000
v 14.017215 -11.761840 9.375000
v 14.988987 -10.495402 9.375000
v 15.846684 -9.149087 9.375000
v 16.583778 -7.733143 9.375000
v 17.194660 -6.258344 9.375000
v 17.674680 -4.735916 9.375000
v 18.020184 -3.177445 9.375000
v 18.228545 -1.594791 9.375000
v 18.342785 0.000000 11.250000
v 18.272985 1.598679 11.250000
v 18.064116 3.185191 11.250000
v 17.717769 4.747462 11.250000
v 17.236579 6.273602 11.250000
v 16.624208 7.751996 11.250000
v 15.885317 9.171392 11.250000
v 15.025529 10.520989 11.250000
v 14.051388 11.790515 11.250000
v 12.970307 12.970307 11.250000
v 11.790515 14.051388 11.250000
v 10.520989 15.025529 11.250000
v 9.171392 15.885317 11.250000
v 7.751996 16.624208 11.250000
v 6.273602 17.236579 11.250000
v 4.747462 17.717769 11.250000
v 3.185191 18.064116 11.250000
v 1.598679 18.272985 11.250000
v 0.000000 18.342785 11.250000
v -1.598679 18.272985 11.250000
v -3.185191 18.064116 11.250000
v -4.747462 17.717769 11.250000
v -6.273602 17.236579 11.250000
v -7.751996 16.624208 11.250000
v -9.171392 15.885317 11.250000
v -10.520989 15.025529 11.250000
v -11.790515 14.051388 11.250000
v -12.970307 12.970307 11.250000
v -14.051388 11.790515 11.250000
v -15.025529 10.520989 11.250000
v -15.885317 9.171392 11.250000
v -16.624208 7.751996 11.250000
v -17.236579 6.273602 11.250000
v -17.717769 4.747462 11.250000
v -18.064116 3.185191 11.250000
v -18.272985 1.598679 11.250000
v -18.342785 0.000000 11.250000
v -18.272985 -1.598679 11.250000
v -18.064116 -3.185191 11.250000
v -17.717769 -4.747462 11.250000
v -17.236579 -6.273602 11.250000
v -16.624208 -7.751996 11.250000
v -15.885317 -9.171392 11.250000
v -15.025529 -10.520989 11.250000
v -14.051388 -11.790515 11.250000
v -12.970307 -12.970307 11.250000
v -11.790515 -14.051388 11.250000
v -10.520989 -15.025529 11.250000
v -9.171392 -15.885317 11.250000
v -7.751996 -16.624208 11.250000
v -6.273602 -17.236579 11.250000
v -4.747462 -17.717769 11.250000
v -3.185191 -18.064116 11.250000
v -1.598679 -18.272985 11.250000
v -0.000000 -18.342785 11.250000
v 1.598679 -18.272985 11.250000
v 3.185191 -18.064116 11.250000
v 4.747462 -17.717769 11.250000
v 6.273602 -17.236579 11.250000
v 7.751996 -16.624208 11.250000
v 9.171392 -15.885317 11.250000
v 10.520989 -15.025529 11.250000
v 11.790515 -14.051388 11.250000
v 12.970307 -12.970307 11.250000
v 14.051388 -11.790515 11.250000
v 15.025529 -10.520989 11.250000
v 15.885317 -9.171392 11.250000
v 16.624208 -7.751996 11.250000
v 17.236579 -6.273602 11.250000
v 17.717769 -4.747462 11.250000
v 18.064116 -3.185191 11.250000
v 18.272985 -1.598679 11.250000
v 18.392809 0.000000 13.125000
v 18.322818 1.603039 13.125000
v 18.113380 3.193878 13.125000
v 17.766089 4.760409 13.125000
v 17.283586 6.290711 13.125000
v 16.669546 7.773137 13.125000
v 15.928639 9.196404 13.125000
v 15.066507 10.549682 13.125000
v 14.089709 11.822669 13.125000
v 13.005680 13.005680 13.125000
v 11.822669 14.089709 13.125000
v 10.549682 15.066507 13.125000
v 9.196404 15.928639 13.125000
v 7.773137 16.669546 13.125000
v 6.290711 17.283586 13.125000
v 4.760409 17.766089 13.125000
v 3.193878 18.113380 13.125000
v 1.603039 18.322818 13.125000
v 0.000000 18.392809 13.125000
v -1.603039 18.322818 13.125000
v -3.193878 18.113380 13.125000
v -4.760409 17.766089 13.125000
v -6.290711 17.283586 13.125000
v -7.773137 16.669546 13.125000
v -9.196404 15.928639 13.125000
v -10.549682 15.066507 13.125000
v -11.822669 14.089709 13.125000
v -13.005680 13.005680 13.125000
v -14.089709 11.822669 13.125000
v -15.066507 10.549682 13.125000
v -15.928639 9.196404 13.125000
v -16.669546 7.773137 13.125000
v -17.283586 6.290711 13.125000
v -17.766089 4.760409 13.125000
v -18.113380 3.193878 13.125000
v -18.322818 1.603039 13.125000
v -18.392809 0.000000 13.125000
v -18.322818 -1.603039 13.125000
v -18.113380 -3.193878 13.125000
v -17.766089 -4.760409 13.125000
v -17.283586 -6.290711 13.125000
v -16.669546 -7.773137 13.125000
v -15.928639 -9.196404 13.125000
v -15.066507 -10.549682 13.125000
v -14.089709 -11.822669 13.125000
v -13.005680 -13.005680 13.125000
v -11.822669 -14.089709 13.125000
v -10.549682 -15.066507 13.125000
v -9.196404 -15.928639 13.125000
v -7.773137 -16.669546 13.125000
v -6.290711 -17.283586 13.125000
v -4.760409 -17.766089 13.125000
v -3.193878 -18.113380 13.125000
v -1.603039 -18.322818 13.125000
v -0.000000 -18.392809 13.125000
v 1.603039 -18.322818 13.125000
v 3.193878 -18.113380 13.125000
v 4.760409 -17.766089 13.125000
v 6.290711 -17.283586 13.125000
v 7.773137 -16.669546 13.125000
v 9.196404 -15.928639 13.125000
v 10.549682 -15.066507 13.125000
v 11.822669 -14.089709 13.125000
v 13.005680 -13.005680 13.125000
v 14.089709 -11.822669 13.125000
v 15.066507 -10.549682 13.125000
v 15.928639 -9.196404 13.125000
v 16.669546 -7.773137 13.125000
v 17.283586 -6.290711 13.125000
v 17.766089 -4.760409 13.125000
v 18.113380 -3.193878 13.125000
v 18.322818 -1.603039 13.125000
v 18.448736 0.000000 15.000000
v 18.378533 1.607913 15.000000
v 18.168458 3.203589 15.000000
v 17.820110 4.774884 15.000000
v 17.336141 6.309839 15.000000
v 16.720233 7.796773 15.000000
v 15.977074 9.224368 15.000000
v 15.112320 10.581760 15.000000
v 14.132551 11.858619 15.000000
v 13.045226 13.045226 15.000000
v 11.858619 14.132551 15.000000
v 10.581760 15.112320 15.000000
v 9.224368 15.977074 15.000000
v 7.796773 16.720233 15.000000
v 6.309839 17.336141 15.000000
v 4.774884 17.820110 15.000000
v 3.203589 18.168458 15.000000
v 1.607913 18.378533 15.000000
v 0.000000 18.448736 15.000000
v -1.607913 18.378533 15.000000
v -3.203589 18.168458 15.000000
v -4.774884 17.820110 15.000000
v -6.309839 17.336141 15.000000
v -7.796773 16.720233 15.000000
v -9.224368 15.977074 15.000000
v -10.581760 15.112320 15.000000
v -11.858619 14.132551 15.000000
v -13.045226 13.045226 15.000000
v -14.132551 11.858619 15.000000
v -15.112320 10.581760 15.000000
v -15.977074 9.224368 15.000000
v -16.720233 7.796773 15.000000
v -17.336141 6.309839 15.000000
v -17.820110 4.774884 15.000000
v -18.168458 3.203589 15.000000
v -18.378533 1.607913 15.000000
v -18.448736 0.000000 15.000000
v -18.378533 -1.607913 15.000000
v -18.168458 -3.203589 15.000000
v -17.820110 -4.774884 15.000000
v -17.336141 -6.309839 15.000000
v -16.720233 -7.796773 15.000000
v -15.977074 -9.224368 15.000000
v -15.112320 -10.581760 15.000000
v -14.132551 -11.858619 15.000000
v -13.045226 -13.045226 15.000000
v -11.858619 -14.132551 15.000000
v -10.581760 -15.112320 15.000000
v -9.224368 -15.977074 15.000000
v -7.796773 -16.720233 15.000000
v -6.309839 -17.336141 15.000000
v -4.774884 -17.820110 15.000000
v -3.203589 -18.168458 15.000000
v -1.607913 -18.378533 15.000000
v -0.000000 -18.448736 15.000000
v 1.607913 -18.378533 15.000000
v 3.203589 -18.168458 15.000000
v 4.774884 -17.820110 15.000000
v 6.309839 -17.336141 15.000000
v 7.796773 -16.720233 15.000000
v 9.224368 -15.977074 15.000000
v 10.581760 -15.112320 15.000000
v 11.858619 -14.132551 15.000000
v 13.045226 -13.045226 15.000000
v 14.132551 -11.858619 15.000000
v 15.112320 -10.581760 15.000000
v 15.977074 -9.224368 15.000000
v 16.720233 -7.796773 15.000000
v 17.336141 -6.309839 15.000000
v 17.820110 -4.774884 15.000000
v 18.168458 -3.203589 15.000000
v 18.378533 -1.607913 15.000000
v 18.511048 0.000000 16.875000
v 18.440608 1.613344 16.875000
v 18.229824 3.214410 16.875000
v 17.880300 4.791012 16.875000
v 17.394695 6.331151 16.875000
v 16.776707 7.823107 16.875000
v 16.031038 9.255524 16.875000
v 15.163363 10.617501 16.875000
v 14.180286 11.898672 16.875000
v 13.089288 13.089288 16.875000
v 11.898672 14.180286 16.875000
v 10.617501 15.163363 16.875000
v 9.255524 16.031038 16.875000
v 7.823107 16.776707 16.875000
v 6.331151 17.394695 16.875000
v 4.791012 17.880300 16.875000
v 3.214410 18.229824 16.875000
v 1.613344 18.440608 16.875000
v 0.000000 18.511048 16.875000
v -1.613344 18.440608 16.875000
v -3.214410 18.229824 16.875000
v -4.791012 17.880300 16.875000
v -6.331151 17.394695 16.875000
v -7.823107 16.776707 16.875000
v -9.255524 16.031038 16.875000
v -10.617501 15.163363 16.875000
v -11.898672 14.180286 16.875000
v -13.089288 13.089288 16.875000
v -14.180286 11.898672 16.875000
v -15.163363 10.617501 16.875000
v -16.031038 9.255524 16.875000
v -16.776707 7.823107 16.875000
v -17.394695 6.331151 16.875000
v -17.880300 4.791012 16.875000
v -18.229824 3.214410 16.875000
v -18.440608 1.613344 16.875000
v -18.511048 0.000000 16.875000
v -18.440608 -1.613344 16.875000
v -18.229824 -3.214410 16.875000
v -17.880300 -4.791012 16.875000
v -17.394695 -6.331151 16.875000
v -16.776707 -7.823107 16.875000
v -16.031038 -9.255524 16.875000
v -15.163363 -10.617501 16.875000
v -14.180286 -11.898672 16.875000
v -13.089288 -13.089288 16.875000
v -11.898672 -14.180286 16.875000
v -10.617501 -15.163363 16.875000
v -9.255524 -16.031038 16.875000
v -7.823107 -16.776707 16.875000
v -6.331151 -17.394695 16.875000
v -4.791012 -17.880300 16.875000
v -3.214410 -18.229824 16.875000
v -1.613344 -18.440608 16.875000
v -0.000000 -18.511048 16.875000
v 1.613344 -18.440608 16.875000
v 3.214410 -18.229824 16.875000
v 4.791012 -17.880300 16.875000
v 6.331151 -17.394695 16.875000
v 7.823107 -16.776707 16.875000
v 9.255524 -16.031038 16.875000
v 10.617501 -15.163363 16.875000
v 11.898672 -14.180286 16.875000
v 13.089288 -13.089288 16.875000
v 14.180286 -11.898672 16.875000
v 15.163363 -10.617501 16.875000
v 16.031038 -9.255524 16.875000
v 16.776707 -7.823107 16.875000
v 17.394695 -6.331151 16.875000
v 17.880300 -4.791012 16.875000
v 18.229824 -3.214410 16.875000
v 18.440608 -1.613344 16.875000
v 18.580213 0.000000 18.750000
v 18.509509 1.619372 18.750000
v 18.297938 3.226420 18.750000
v 17.947107 4.808913 18.750000
v 17.459689 6.354807 18.750000
v 16.839392 7.852337 18.750000
v 16.090936 9.290106 18.750000
v 15.220019 10.657172 18.750000
v 14.233269 11.943131 18.750000
v 13.138194 13.138194 18.750000
v 11.943131 14.233269 18.750000
v 10.657172 15.220019 18.750000
v 9.290106 16.090936 18.750000
v 7.852337 16.839392 18.750000
v 6.354807 17.459689 18.750000
v 4.808913 17.947107 18.750000
v 3.226420 18.297938 18.750000
v 1.619372 18.509509 18.750000
v 0.000000 18.580213 18.750000
v -1.619372 18.509509 18.750000
v -3.226420 18.297938 18.750000
v -4.808913 17.947107 18.750000
v -6.354807 17.459689 18.750000
v -7.852337 16.839392 18.750000
v -9.290106 16.090936 18.750000
v -10.657172 15.220019 18.750000
v -11.943131 14.233269 18.750000
v -13.138194 13.138194 18.750000
v -14.233269 11.943131 18.750000
v -15.220019 10.657172 18.750000
v -16.090936 9.290106 18.750000
v -16.839392 7.852337 18.750000
v -17.459689 6.354807 18.750000
v -17.947107 4.808913 18.750000
v -18.297938 3.226420 18.750000
v -18.509509 1.619372 18.750000
v -18.580213 0.000000 18.750000
v -18.509509 -1.619372 18.750000
v -18.297938 -3.226420 18.750000
v -17.947107 -4.808913 18.750000
v -17.459689 -6.354807 18.750000
v -16.839392 -7.852337 18.750000
v -16.090936 -9.290106 18.750000
v -15.220019 -10.657172 18.750000
v -14.233269 -11.943131 18.750000
v -13.138194 -13.138194 18.750000
v -11.943131 -14.233269 18.750000
v -10.657172 -15.220019 18.750000
v -9.290106 -16.090936 18.750000
v -7.852337 -16.839392 18.750000
v -6.354807 -17.459689 18.750000
v -4.808913 -17.947107 18.750000
v -3.226420 -18.297938 18.750000
v -1.619372 -18.509509 18.750000
v -0.000000 -18.580213 18.750000
v 1.619372 -18.509509 18.750000
v 3.226420 -18.297938 18.750000
v 4.808913 -17.947107 18.750000
v 6.354807 -17.459689 18.750000
v 7.852337 -16.839392 18.750000
v 9.290106 -16.090936 18.750000
v 10.657172 -15.220019 18.750000
v 11.943131 -14.233269 18.750000
v 13.138194 -13.138194 18.750000
v 14.233269 -11.943131 18.750000
v 15.220019 -10.657172 18.750000
v 16.090936 -9.290106 18.750000
v 16.839392 -7.852337 18.750000
v 17.459689 -6.354807 18.750000
v 17.947107 -4.808913 18.750000
v 18.297938 -3.226420 18.750000
v 18.509509 -1.619372 18.750000
v 18.656671 0.000000 20.625000
v 18.585677 1.626036 20.625000
v 18.373234 3.239697 20.625000
v 18.020961 4.828702 20.625000
v 17.531536 6.380957 20.625000
v 16.908686 7.884650 20.625000
v 16.157151 9.328336 20.625000
v 15.282650 10.701027 20.625000
v 14.291839 11.992277 20.625000
v 13.192259 13.192259 20.625000
v 11.992277 14.291839 20.625000
v 10.701027 15.282650 20.625000
v 9.328336 16.157151 20.625000
v 7.884650 16.908686 20.625000
v 6.380957 17.531536 20.625000
v 4.828702 18.020961 20.625000
v 3.239697 18.373234 20.625000
v 1.626036 18.585677 20.625000
v 0.000000 18.656671 20.625000
v -1.626036 18.585677 20.625000
v -3.239697 18.373234 20.625000
v -4.828702 18.020961 20.625000
v -6.380957 17.531536 20.625000
v -7.884650 16.908686 20.625000
v -9.328336 16.157151 20.625000
v -10.701027 15.282650 20.625000
v -11.992277 14.291839 20.625000
v -13.192259 13.192259 20.625000
v -14.291839 11.992277 20.625000
v -15.282650 10.701027 20.625000
v -16.157151 9.328336 20.625000
v -16.908686 7.884650 20.625000
v -17.531536 6.380957 20.625000
v -18.020961 4.828702 20.625000
v -18.373234 3.239697 20.625000
v -18.585677 1.626036 20.625000
v -18.656671 0.000000 20.625000
v -18.585677 -1.626036 20.625000
v -18.373234 -3.239697 20.625000
v -18.020961 -4.828702 20.625000
v -17.531536 -6.380957 20.625000
v -16.908686 -7.884650 20.625000
v -16.157151 -9.328336 20.625000
v -15.282650 -10.701027 20.625000
v -14.291839 -11.992277 20.625000
v -13.192259 -13.192259 20.625000
v -11.992277 -14.291839 20.625000
v -10.701027 -15.282650 20.625000
v -9.328336 -16.157151 20.625000
v -7.884650 -16.908686 20.625000
v -6.380957 -17.531536 20.625000
v -4.828702 -18.020961 20.625000
v -3.239697 -18.373234 20.625000
v -1.626036 -18.585677 20.625000
v -0.000000 -18.656671 20.625000
v 1.626036 -18.585677 20.625000
v 3.239697 -18.373234 20.625000
v 4.828702 -18.020961 20.625000
v 6.380957 -17.531536 20.625000
v 7.884650 -16.908686 20.625000
v 9.328336 -16.157151 20.625000
v 10.701027 -15.282650 20.625000
v 11.992277 -14.291839 20.625000
v 13.192259 -13.192259 20.625000
v 14.291839 -11.992277 20.625000
v 15.282650 -10.701027 20.625000
v 16.157151 -9.328336 20.625000
v 16.908686 -7.884650 20.625000
v 17.531536 -6.380957 20.625000
v 18.020961 -4.828702 20.625000
v 18.373234 -3.239697 20.625000
v 18.585677 -1.626036 20.625000
v 18.740830 0.000000 22.500000
v 18.669516 1.633371 22.500000
v 18.456115 3.254311 22.500000
v 18.102252 4.850484 22.500000
v 17.610620 6.409741 22.500000
v 16.984960 7.920217 22.500000
v 16.230035 9.370415 22.500000
v 15.351589 10.749299 22.500000
v 14.356309 12.046374 22.500000
v 13.251768 13.251768 22.500000
v 12.046374 14.356309 22.500000
v 10.749299 15.351589 22.500000
v 9.370415 16.230035 22.500000
v 7.920217 16.984960 22.500000
v 6.409741 17.610620 22.500000
v 4.850484 18.102252 22.500000
v 3.254311 18.456115 22.500000
v 1.633371 18.669516 22.500000
v 0.000000 18.740830 22.500000
v -1.633371 18.669516 22.500000
v -3.254311 18.456115 22.500000
v -4.850484 18.102252 22.500000
v -6.409741 17.610620 22.500000
v -7.920217 16.984960 22.500000
v -9.370415 16.230035 22.500000
v -10.749299 15.351589 22.500000
v -12.046374 14.356309 22.500000
v -13.251768 13.251768 22.500000
v -14.356309 12.046374 22.500000
v -15.351589 10.749299 22.500000
v -16.230035 9.370415 22.500000
v -16.984960 7.920217 22.500000
v -17.610620 6.409741 22.500000
v -18.102252 4.850484 22.500000
v -18.456115 3.254311 22.500000
v -18.669516 1.633371 22.500000
v -18.740830 0.000000 22.500000
v -18.669516 -1.633371 22.500000
v -18.456115 -3.254311 22.500000
v -18.102252 -4.850484 22.500000
v -17.610620 -6.409741 22.500000
v -16.984960 -7.920217 22.500000
v -16.230035 -9.370415 22.500000
v -15.351589 -10.749299 22.500000
v -14.356309 -12.046374 22.500000
v -13.251768 -13.251768 22.500000
v -12.046374 -14.356309 22.500000
v -10.749299 -15.351589 22.500000
v -9.370415 -16.230035 22.500000
v -7.920217 -16.984960 22.500000
v -6.409741 -17.610620 22.500000
v -4.850484 -18.102252 22.500000
v -3.254311 -18.456115 22.500000
v -1.633371 -18.669516 22.500000
v -0.000000 -18.740830 22.500000
v 1.633371 -18.669516 22.500000
v 3.254311 -18.456115 22.500000
v 4.850484 -18.102252 22.500000
v 6.409741 -17.610620 22.500000
v 7.920217 -16.984960 22.500000
v 9.370415 -16.230035 22.500000
v 10.749299 -15.351589 22.500000
v 12.046374 -14.356309 22.500000
v 13.251768 -13.251768 22.500000
v 14.356309 -12.046374 22.500000
v 15.351589 -10.749299 22.500000
v 16.230035 -9.370415 22.500000
v 16.984960 -7.920217 22.500000
v 17.610620 -6.409741 22.500000
v 18.102252 -4.850484 22.500000
v 18.456115 -3.254311 22.500000
v 18.669516 -1.633371 22.500000
v 18.833050 0.000000 24.375000
v 18.761385 1.641408 24.375000
v 18.546934 3.270325 24.375000
v 18.191330 4.874352 24.375000
v 17.697278 6.441283 24.375000
v 17.068540 7.959191 24.375000
v 16.309900 9.416525 24.375000
v 15.427132 10.802194 24.375000
v 14.426954 12.105651 24.375000
v 13.316978 13.316978 24.375000
v 12.105651 14.426954 24.375000
v 10.802194 15.427132 24.375000
v 9.416525 16.309900 24.375000
v 7.959191 17.068540 24.375000
v 6.441283 17.697278 24.375000
v 4.874352 18.191330 24.375000
v 3.270325 18.546934 24.375000
v 1.641408 18.761385 24.375000
v 0.000000 18.833050 24.375000
v -1.641408 18.761385 24.375000
v -3.270325 18.546934 24.375000
v -4.874352 18.191330 24.375000
v -6.441283 17.697278 24.375000
v -7.959191 17.068540 24.375000
v -9.416525 16.309900 24.375000
v -10.802194 15.427132 24.375000
v -12.105651 14.426954 24.375000
v -13.316978 13.316978 24.375000
v -14.426954 12.105651 24.375000
v -15.427132 10.802194 24.375000
v -16.309900 9.416525 24.375000
v -17.068540 7.959191 24.375000
v -17.697278 6.441283 24.375000
v -18.191330 4.874352 24.375000
v -18.546934 3.270325 24.375000
v -18.761385 1.641408 24.375000
v -18.833050 0.000000 24.375000
v -18.761385 -1.641408 24.375000
v -18.546934 -3.270325 24.375000
v -18.191330 -4.874352 24.375000
v -17.697278 -6.441283 24.375000
v -17.068540 -7.959191 24.375000
v -16.309900 -9.416525 24.375000
v -15.427132 -10.802194 24.375000
v -14.426954 -12.105651 24.375000
v -13.316978 -13.316978 24.375000
v -12.105651 -14.426954 24.375000
v -10.802194 -15.427132 24.375000
v -9.416525 -16.309900 24.375000
v -7.959191 -17.068540 24.375000
v -6.441283 -17.697278 24.375000
v -4.874352 -18.191330 24.375000
v -3.270325 -18.546934 24.375000
v -1.641408 -18.761385 24.375000
v -0.000000 -18.833050 24.375000
v 1.641408 -18.761385 24.375000
v 3.270325 -18.546934 24.375000
v 4.874352 -18.191330 24.375000
v 6.441283 -17.697278 24.375000
v 7.959191 -17.068540 24.375000
v 9.416525 -16.309900 24.375000
v 10.802194 -15.427132 24.375000
v 12.105651 -14.426954 24.375000
v 13.316978 -13.316978 24.375000
v 14.426954 -12.105651 24.375000
v 15.427132 -10.802194 24.375000
v 16.309900 -9.416525 24.375000
v 17.068540 -7.959191 24.375000
v 17.697278 -6.441283 24.375000
v 18.191330 -4.874352 24.375000
v 18.546934 -3.270325 24.375000
v 18.761385 -1.641408 24.375000
v 18.933634 0.000000 26.250000
v 18.861586 1.650175 26.250000
v 18.645989 3.287791 26.250000
v 18.288486 4.900385 26.250000
v 17.791796 6.475684 26.250000
v 17.159700 8.001699 26.250000
v 16.397008 9.466817 26.250000
v 15.509525 10.859886 26.250000
v 14.504005 12.170305 26.250000
v 13.388101 13.388101 26.250000
v 12.170305 14.504005 26.250000
v 10.859886 15.509525 26.250000
v 9.466817 16.397008 26.250000
v 8.001699 17.159700 26.250000
v 6.475684 17.791796 26.250000
v 4.900385 18.288486 26.250000
v 3.287791 18.645989 26.250000
v 1.650175 18.861586 26.250000
v 0.000000 18.933634 26.250000
v -1.650175 18.861586 26.250000
v -3.287791 18.645989 26.250000
v -4.900385 18.288486 26.250000
v -6.475684 17.791796 26.250000
v -8.001699 17.159700 26.250000
v -9.466817 16.397008 26.250000
v -10.859886 15.509525 26.250000
v -12.170305 14.504005 26.250000
v -13.388101 13.388101 26.250000
v -14.504005 12.170305 26.250000
v -15.509525 10.859886 26.250000
v -16.397008 9.466817 26.250000
v -17.159700 8.001699 26.250000
v -17.791796 6.475684 26.250000
v -18.288486 4.900385 26.250000
v -18.645989 3.287791 26.250000
v -18.861586 1.650175 26.250000
v -18.933634 0.000000 26.250000
v -18.861586 -1.650175 26.250000
v -18.645989 -3.287791 26.250000
v -18.288486 -4.900385 26.250000
v -17.791796 -6.475684 26.250000
v -17.159700 -8.001699 26.250000
v -16.397008 -9.466817 26.250000
v -15.509525 -10.859886 26.250000
v -14.504005 -12.170305 26.250000
v -13.388101 -13.388101 26.250000
v -12.170305 -14.504005 26.250000
v -10.859886 -15.509525 26.250000
v -9.466817 -16.397008 26.250000
v -8.001699 -17.159700 26.250000
v -6.475684 -17.791796 26.250000
v -4.900385 -18.288486 26.250000
v -3.287791 -18.645989 26.250000
v -1.650175 -18.861586 26.250000
v -0.000000 -18.933634 26.250000
v 1.650175 -18.861586 26.250000
v 3.287791 -18.645989 26.250000
v 4.900385 -18.288486 26.250000
v 6.475684 -17.791796 26.250000
v 8.001699 -17.159700 26.250000
v 9.466817 -16.397008 26.250000
v 10.859886 -15.509525 26.250000
v 12.170305 -14.504005 26.250000
v 13.388101 -13.388101 26.250000
v 14.504005 -12.170305 26.250000
v 15.509525 -10.859886 26.250000
v 16.397008 -9.466817 26.250000
v 17.159700 -8.001699 26.250000
v 17.791796 -6.475684 26.250000
v 18.288486 -4.900385 26.250000
v 18.645989 -3.287791 26.250000
v 18.861586 -1.650175 26.250000
v 19.042814 0.000000 28.125000
v 18.970350 1.659691 28.125000
v 18.753511 3.306750 28.125000
v 18.393946 4.928643 28.125000
v 17.894392 6.513026 28.125000
v 17.258650 8.047841 28.125000
v 16.491560 9.521407 28.125000
v 15.598960 10.922509 28.125000
v 14.587642 12.240485 28.125000
v 13.465303 13.465303 28.125000
v 12.240485 14.587642 28.125000
v 10.922509 15.598960 28.125000
v 9.521407 16.491560 28.125000
v 8.047841 17.258650 28.125000
v 6.513026 17.894392 28.125000
v 4.928643 18.393946 28.125000
v 3.306750 18.753511 28.125000
v 1.659691 18.970350 28.125000
v 0.000000 19.042814 28.125000
v -1.659691 18.970350 28.125000
v -3.306750 18.753511 28.125000
v -4.928643 18.393946 28.125000
v -6.513026 17.894392 28.125000
v -8.047841 17.258650 28.125000
v -9.521407 16.491560 28.125000
v -10.922509 15.598960 28.125000
v -12.240485 14.587642 28.125000
v -13.465303 13.465303 28.125000
v -14.587642 12.240485 28.125000
v -15.598960 10.922509 28.125000
v -16.491560 9.521407 28.125000
v -17.258650 8.047841 28.125000
v -17.894392 6.513026 28.125000
v -18.393946 4.928643 28.125000
v -18.753511 3.306750 28.125000
v -18.970350 1.659691 28.125000
v -19.042814 0.000000 28.125000
v -18.970350 -1.659691 28.125000
v -18.753511 -3.306750 28.125000
v -18.393946 -4.928643 28.125000
v -17.894392 -6.513026 28.125000
v -17.258650 -8.047841 28.125000
v -16.491560 -9.521407 28.125000
v -15.598960 -10.922509 28.125000
v -14.587642 -12.240485 28.125000
v -13.465303 -13.465303 28.125000
v -12.240485 -14.587642 28.125000
v -10.922509 -15.598960 28.125000
v -9.521407 -16.491560 28.125000
v -8.047841 -17.258650 28.125000
v -6.513026 -17.894392 28.125000
v -4.928643 -18.393946 28.125000
v -3.306750 -18.753511 28.125000
v -1.659691 -18.970350 28.125000
v -0.000000 -19.042814 28.125000
v 1.659691 -18.970350 28.125000
v 3.306750 -18.753511 28.125000
v 4.928643 -18.393946 28.125000
v 6.513026 -17.894392 28.125000
v 8.047841 -17.258650 28.125000
v 9.521407 -16.491560 28.125000
v 10.922509 -15.598960 28.125000
v 12.240485 -14.587642 28.125000
v 13.465303 -13.465303 28.125000
v 14.587642 -12.240485 28.125000
v 15.598960 -10.922509 28.125000
v 16.491560 -9.521407 28.125000
v 17.258650 -8.047841 28.125000
v 17.894392 -6.513026 28.125000
v 18.393946 -4.928643 28.125000
v 18.753511 -3.306750 28.125000
v 18.970350 -1.659691 28.125000
v 19.160741 0.000000 30.000000
v 19.087828 1.669969 30.000000
v 18.869646 3.327228 30.000000
v 18.507854 4.959165 30.000000
v 18.005207 6.553359 30.000000
v 17.365528 8.097679 30.000000
v 16.593688 9.580370 30.000000
v 15.695560 10.990149 30.000000
v 14.677979 12.316287 30.000000
v 13.548690 13.548690 30.000000
v 12.316287 14.677979 30.000000
v 10.990149 15.695560 30.000000
v 9.580370 16.593688 30.000000
v 8.097679 17.365528 30.000000
v 6.553359 18.005207 30.000000
v 4.959165 18.507854 30.000000
v 3.327228 18.869646 30.000000
v 1.669969 19.087828 30.000000
v 0.000000 19.160741 30.000000
v -1.669969 19.087828 30.000000
v -3.327228 18.869646 30.000000
v -4.959165 18.507854 30.000000
v -6.553359 18.005207 30.000000
v -8.097679 17.365528 30.000000
v -9.580370 16.593688 30.000000
v -10.990149 15.695560 30.000000
v -12.316287 14.677979 30.000000
v -13.548690 13.548690 30.000000
v -14.677979 12.316287 30.000000
v -15.695560 10.990149 30.000000
v -16.593688 9.580370 30.000000
v -17.365528 8.097679 30.000000
v -18.005207 6.553359 30.000000
v -18.507854 4.959165 30.000000
v -18.869646 3.327228 30.000000
v -19.087828 1.669969 30.000000
v -19.160741 0.000000 30.000000
v -19.087828 -1.669969 30.000000
v -18.869646 -3.327228 30.000000
v -18.507854 -4.959165 30.000000
v -18.005207 -6.553359 30.000000
v -17.365528 -8.097679 30.000000
v -16.593688 -9.580370 30.000000
v -15.695560 -10.990149 30.000000
v -14.677979 -12.316287 30.000000
v -13.548690 -13.548690 30.000000
v -12.316287 -14.677979 30.000000
v -10.990149 -15.695560 30.000000
v -9.580370 -16.593688 30.000000
v -8.097679 -17.365528 30.000000
v -6.553359 -18.005207 30.000000
v -4.959165 -18.507854 30.000000
v -3.327228 -18.869646 30.000000
v -1.669969 -19.087828 30.000000
v -0.000000 -19.160741 30.000000
v 1.669969 -19.087828 30.000000
v 3.327228 -18.869646 30.000000
v 4.959165 -18.507854 30.000000
v 6.553359 -18.005207 30.000000
v 8.097679 -17.365528 30.000000
v 9.580370 -16.593688 30.000000
v 10.990149 -15.695560 30.000000
v 12.316287 -14.677979 30.000000
v 13.548690 -13.548690 30.000000
v 14.677979 -12.316287 30.000000
v 15.695560 -10.990149 30.000000
v 16.593688 -9.580370 30.000000
v 17.365528 -8.097679 30.000000
v 18.005207 -6.553359 30.000000
v 18.507854 -4.959165 30.000000
v 18.869646 -3.327228 30.000000
v 19.087828 -1.669969 30.000000
v 19.287472 0.000000 31.875000
v 19.214077 1.681014 31.875000
v 18.994452 3.349234 31.875000
v 18.630267 4.991965 31.875000
v 18.124295 6.596704 31.875000
v 17.480386 8.151238 31.875000
v 16.703441 9.643736 31.875000
v 15.799372 11.062839 31.875000
v 14.775061 12.397748 31.875000
v 13.638302 13.638302 31.875000
v 12.397748 14.775061 31.875000
v 11.062839 15.799372 31.875000
v 9.643736 16.703441 31.875000
v 8.151238 17.480386 31.875000
v 6.596704 18.124295 31.875000
v 4.991965 18.630267 31.875000
v 3.349234 18.994452 31.875000
v 1.681014 19.214077 31.875000
v 0.000000 19.287472 31.875000
v -1.681014 19.214077 31.875000
v -3.349234 18.994452 31.875000
v -4.991965 18.630267 31.875000
v -6.596704 18.124295 31.875000
v -8.151238 17.480386 31.875000
v -9.643736 16.703441 31.875000
v -11.062839 15.799372 31.875000
v -12.397748 14.775061 31.875000
v -13.638302 13.638302 31.875000
v -14.775061 12.397748 31.875000
v -15.799372 11.062839 31.875000
v -16.703441 9.643736 31.875000
v -17.480386 8.151238 31.875000
v -18.124295 6.596704 31.875000
v -18.630267 4.991965 31.875000
v -18.994452 3.349234 31.875000
v -19.214077 1.681014 31.875000
v -19.287472 0.000000 31.875000
v -19.214077 -1.681014 31.875000
v -18.994452 -3.349234 31.875000
v -18.630267 -4.991965 31.875000
v -18.124295 -6.596704 31.875000
v -17.480386 -8.151238 31.875000
v -16.703441 -9.643736 31.875000
v -15.799372 -11.062839 31.875000
v -14.775061 -12.397748 31.875000
v -13.638302 -13.638302 31.875000
v -12.397748 -14.775061 31.875000
v -11.062839 -15.799372 31.875000
v -9.643736 -16.703441 31.875000
v -8.151238 -17.480386 31.875000
v -6.596704 -18.124295 31.875000
v -4.991965 -18.630267 31.875000
v -3.349234 -18.994452 31.875000
v -1.681014 -19.214077 31.875000
v -0.000000 -19.287472 31.875000
v 1.681014 -19.214077 31.875000
v 3.349234 -18.994452 31.875000
v 4.991965 -18.630267 31.875000
v 6.596704 -18.124295 31.875000
v 8.151238 -17.480386 31.875000
v 9.643736 -16.703441 31.875000
v 11.062839 -15.799372 31.875000
v 12.397748 -14.775061 31.875000
v 13.638302 -13.638302 31.875000
v 14.775061 -12.397748 31.875000
v 15.799372 -11.062839 31.875000
v 16.703441 -9.643736 31.875000
v 17.480386 -8.151238 31.875000
v 18.124295 -6.596704 31.875000
v 18.630267 -4.991965 31.875000
v 18.994452 -3.349234 31.875000
v 19.214077 -1.681014 31.875000
v 19.422960 0.000000 33.750000
v 19.349050 1.692822 33.750000
v 19.127881 3.372762 33.750000
v 18.761138 5.027032 33.750000
v 18.251612 6.643043 33.750000
v 17.603180 8.208497 33.750000
v 16.820777 9.711480 33.750000
v 15.910357 11.140552 33.750000
v 14.878850 12.484838 33.750000
v 13.734107 13.734107 33.750000
v 12.484838 14.878850 33.750000
v 11.140552 15.910357 33.750000
v 9.711480 16.820777 33.750000
v 8.208497 17.603180 33.750000
v 6.643043 18.251612 33.750000
v 5.027032 18.761138 33.750000
v 3.372762 19.127881 33.750000
v 1.692822 19.349050 33.750000
v 0.000000 19.422960 33.750000
v -1.692822 19.349050 33.750000
v -3.372762 19.127881 33.750000
v -5.027032 18.761138 33.750000
v -6.643043 18.251612 33.750000
v -8.208497 17.603180 33.750000
v -9.711480 16.820777 33.750000
v -11.140552 15.910357 33.750000
v -12.484838 14.878850 33.750000
v -13.734107 13.734107 33.750000
v -14.878850 12.484838 33.750000
v -15.910357 11.140552 33.750000
v -16.820777 9.711480 33.750000
v -17.603180 8.208497 33.750000
v -18.251612 6.643043 33.750000
v -18.761138 5.027032 33.750000
v -19.127881 3.372762 33.750000
v -19.349050 1.692822 33.750000
v -19.422960 0.000000 33.750000
v -19.349050 -1.692822 33.750000
v -19.127881 -3.372762 33.750000
v -18.761138 -5.027032 33.750000
v -18.251612 -6.643043 33.750000
v -17.603180 -8.208497 33.750000
v -16.820777 -9.711480 33.750000
v -15.910357 -11.140552 33.750000
v -14.878850 -12.484838 33.750000
v -13.734107 -13.734107 33.750000
v -12.484838 -14.878850 33.750000
v -11.140552 -15.910357 33.750000
v -9.711480 -16.820777 33.750000
v -8.208497 -17.603180 33.750000
v -6.643043 -18.251612 33.750000
v -5.027032 -18.761138 33.750000
v -3.372762 -19.127881 33.750000
v -1.692822 -19.349050 33.750000
v -0.000000 -19.422960 33.750000
v 1.692822 -19.349050 33.750000
v 3.372762 -19.127881 33.750000
v 5.027032 -18.761138 33.750000
v 6.643043 -18.251612 33.750000
v 8.208497 -17.603180 33.750000
v 9.711480 -16.820777 33.750000
v 11.140552 -15.910357 33.750000
v 12.484838 -14.878850 33.750000
v 13.734107 -13.734107 33.750000
v 14.878850 -12.484838 33.750000
v 15.910357 -11.140552 33.750000
v 16.820777 -9.711480 33.750000
v 17.603180 -8.208497 33.750000
v 18.251612 -6.643043 33.750000
v 18.761138 -5.027032 33.750000
v 19.127881 -3.372762 33.750000
v 19.349050 -1.692822 33.750000
v 19.567041 0.000000 35.625000
v 19.492582 1.705380 35.625000
v 19.269773 3.397781 35.625000
v 18.900310 5.064323 35.625000
v 18.387004 6.692322 35.625000
v 17.733761 8.269389 35.625000
v 16.945554 9.783520 35.625000
v 16.028381 11.223194 35.625000
v 14.989223 12.577451 35.625000
v 13.835987 13.835987 35.625000
v 12.577451 14.989223 35.625000
v 11.223194 16.028381 35.625000
v 9.783520 16.945554 35.625000
v 8.269389 17.733761 35.625000
v 6.692322 18.387004 35.625000
v 5.064323 18.900310 35.625000
v 3.397781 19.269773 35.625000
v 1.705380 19.492582 35.625000
v 0.000000 19.567041 35.625000
v -1.705380 19.492582 35.625000
v -3.397781 19.269773 35.625000
v -5.064323 18.900310 35.625000
v -6.692322 18.387004 35.625000
v -8.269389 17.733761 35.625000
v -9.783520 16.945554 35.625000
v -11.223194 16.028381 35.625000
v -12.577451 14.989223 35.625000
v -13.835987 13.835987 35.625000
v -14.989223 12.577451 35.625000
v -16.028381 11.223194 35.625000
v -16.945554 9.783520 35.625000
v -17.733761 8.269389 35.625000
v -18.387004 6.692322 35.625000
v -18.900310 5.064323 35.625000
v -19.269773 3.397781 35.625000
v -19.492582 1.705380 35.625000
v -19.567041 0.000000 35.625000
v -19.492582 -1.705380 35.625000
v -19.269773 -3.397781 35.625000
v -18.900310 -5.064323 35.625000
v -18.387004 -6.692322 35.625000
v -17.733761 -8.269389 35.625000
v -16.945554 -9.783520 35.625000
v -16.028381 -11.223194 35.625000
v -14.989223 -12.577451 35.625000
v -13.835987 -13.835987 35.625000
v -12.577451 -14.989223 35.625000
v -11.223194 -16.028381 35.625000
v -9.783520 -16.945554 35.625000
v -8.269389 -17.733761 35.625000
v -6.692322 -18.387004 35.625000
v -5.064323 -18.900310 35.625000
v -3.397781 -19.269773 35.625000
v -1.705380 -19.492582 35.625000
v -0.000000 -19.567041 35.625000
v 1.705380 -19.492582 35.625000
v 3.397781 -19.269773 35.625000
v 5.064323 -18.900310 35.625000
v 6.692322 -18.387004 35.625000
v 8.269389 -17.733761 35.625000
v 9.783520 -16.945554 35.625000
v 11.223194 -16.028381 35.625000
v 12.577451 -14.989223 35.625000
v 13.835987 -13.835987 35.625000
v 14.989223 -12.577451 35.625000
v 16.028381 -11.223194 35.625000
v 16.945554 -9.783520 35.625000
v 17.733761 -8.269389 35.625000
v 18.387004 -6.692322 35.625000
v 18.900310 -5.064323 35.625000
v 19.269773 -3.397781 35.625000
v 19.492582 -1.705380 35.625000
v 19.719427 0.000000 37.500000
v 19.644388 1.718661 37.500000
v 19.419844 3.424242 37.500000
v 19.047503 5.103763 37.500000
v 18.530200 6.744441 37.500000
v 17.871870 8.333790 37.500000
v 17.077524 9.859713 37.500000
v 16.153209 11.310598 37.500000
v 15.105957 12.675403 37.500000
v 13.943740 13.943740 37.500000
v 12.675403 15.105957 37.500000
v 11.310598 16.153209 37.500000
v 9.859713 17.077524 37.500000
v 8.333790 17.871870 37.500000
v 6.744441 18.530200 37.500000
v 5.103763 19.047503 37.500000
v 3.424242 19.419844 37.500000
v 1.718661 19.644388 37.500000
v 0.000000 19.719427 37.500000
v -1.718661 19.644388 37.500000
v -3.424242 19.419844 37.500000
v -5.103763 19.047503 37.500000
v -6.744441 18.530200 37.500000
v -8.333790 17.871870 37.500000
v -9.859713 17.077524 37.500000
v -11.310598 16.153209 37.500000
v -12.675403 15.105957 37.500000
v -13.943740 13.943740 37.500000
v -15.105957 12.675403 37.500000
v -16.153209 11.310598 37.500000
v -17.077524 9.859713 37.500000
v -17.871870 8.333790 37.500000
v -18.530200 6.744441 37.500000
v -19.047503 5.103763 37.500000
v -19.419844 3.424242 37.500000
v -19.644388 1.718661 37.500000
v -19.719427 0.000000 37.500000
v -19.644388 -1.718661 37.500000
v -19.419844 -3.424242 37.500000
v -19.047503 -5.103763 37.500000
v -18.530200 -6.744441 37.500000
v -17.871870 -8.333790 37.500000
v -17.077524 -9.859713 37.500000
v -16.153209 -11.310598 37.500000
v -15.105957 -12.675403 37.500000
v -13.943740 -13.943740 37.500000
v -12.675403 -15.105957 37.500000
v -11.310598 -16.153209 37.500000
v -9.859713 -17.077524 37.500000
v -8.333790 -17.871870 37.500000
v -6.744441 -18.530200 37.500000
v -5.103763 -19.047503 37.500000
v -3.424242 -19.419844 37.500000
v -1.718661 -19.644388 37.500000
v -0.000000 -19.719427 37.500000
v 1.718661 -19.644388 37.500000
v 3.424242 -19.419844 37.500000
v 5.103763 -19.047503 37.500000
v 6.744441 -18.530200 37.500000
v 8.333790 -17.871870 37.500000
v 9.859713 -17.077524 37.500000
v 11.310598 -16.153209 37.500000
v 12.675403 -15.105957 37.500000
v 13.943740 -13.943740 37.500000
v 15.105957 -12.675403 37.500000
v 16.153209 -11.310598 37.500000
v 17.077524 -9.859713 37.500000
v 17.871870 -8.333790 37.500000
v 18.530200 -6.744441 37.500000
v 19.047503 -5.103763 37.500000
v 19.419844 -3.424242 37.500000
v 19.644388 -1.718661 37.500000
v 19.879696 0.000000 39.375000
v 19.804048 1.732630 39.375000
v 19.577679 3.452073 39.375000
v 19.202312 5.145244 39.375000
v 18.680804 6.799256 39.375000
v 18.017123 8.401523 39.375000
v 17.216322 9.939848 39.375000
v 16.284494 11.402525 39.375000
v 15.228731 12.778422 39.375000
v 14.057068 14.057068 39.375000
v 12.778422 15.228731 39.375000
v 11.402525 16.284494 39.375000
v 9.939848 17.216322 39.375000
v 8.401523 18.017123 39.375000
v 6.799256 18.680804 39.375000
v 5.145244 19.202312 39.375000
v 3.452073 19.577679 39.375000
v 1.732630 19.804048 39.375000
v 0.000000 19.879696 39.375000
v -1.732630 19.804048 39.375000
v -3.452073 19.577679 39.375000
v -5.145244 19.202312 39.375000
v -6.799256 18.680804 39.375000
v -8.401523 18.017123 39.375000
v -9.939848 17.216322 39.375000
v -11.402525 16.284494 39.375000
v -12.778422 15.228731 39.375000
v -14.057068 14.057068 39.375000
v -15.228731 12.778422 39.375000
v -16.284494 11.402525 39.375000
v -17.216322 9.939848 39.375000
v -18.017123 8.401523 39.375000
v -18.680804 6.799256 39.375000
v -19.202312 5.145244 39.375000
v -19.577679 3.452073 39.375000
v -19.804048 1.732630 39.375000
v -19.879696 0.000000 39.375000
v -19.804048 -1.732630 39.375000
v -19.577679 -3.452073 39.375000
v -19.202312 -5.145244 39.375000
v -18.680804 -6.799256 39.375000
v -18.017123 -8.401523 39.375000
v -17.216322 -9.939848 39.375000
v -16.284494 -11.402525 39.375000
v -15.228731 -12.778422 39.375000
v -14.057068 -14.057068 39.375000
v -12.778422 -15.228731 39.375000
v -11.402525 -16.284494 39.375000
v -9.939848 -17.216322 39.375000
v -8.401523 -18.017123 39.375000
v -6.799256 -18.680804 39.375000
v -5.145244 -19.202312 39.375000
v -3.452073 -19.577679 39.375000
v -1.732630 -19.804048 39.375000
v -0.000000 -19.879696 39.375000
v 1.732630 -19.804048 39.375000
v 3.452073 -19.577679 39.375000
v 5.145244 -19.202312 39.375000
v 6.799256 -18.680804 39.375000
v 8.401523 -18.017123 39.375000
v 9.939848 -17.216322 39.375000
v 11.402525 -16.284494 39.375000
v 12.778422 -15.228731 39.375000
v 14.057068 -14.057068 39.375000
v 15.228731 -12.778422 39.375000
v 16.284494 -11.402525 39.375000
v 17.216322 -9.939848 39.375000
v 18.017123 -8.401523 39.375000
v 18.680804 -6.799256 39.375000
v 19.202312 -5.145244 39.375000
v 19.577679 -3.452073 39.375000
v 19.804048 -1.732630 39.375000
v 20.047289 0.000000 41.250000
v 19.971003 1.747236 41.250000
v 19.742725 3.481175 41.250000
v 19.364194 5.188620 41.250000
v 18.838289 6.856577 41.250000
v 18.169014 8.472350 41.250000
v 17.361461 10.023644 41.250000
v 16.421778 11.498652 41.250000
v 15.357114 12.886149 41.250000
v 14.175574 14.175574 41.250000
v 12.886149 15.357114 41.250000
v 11.498652 16.421778 41.250000
v 10.023644 17.361461 41.250000
v 8.472350 18.169014 41.250000
v 6.856577 18.838289 41.250000
v 5.188620 19.364194 41.250000
v 3.481175 19.742725 41.250000
v 1.747236 19.971003 41.250000
v 0.000000 20.047289 41.250000
v -1.747236 19.971003 41.250000
v -3.481175 19.742725 41.250000
v -5.188620 19.364194 41.250000
v -6.856577 18.838289 41.250000
v -8.472350 18.169014 41.250000
v -10.023644 17.361461 41.250000
v -11.498652 16.421778 41.250000
v -12.886149 15.357114 41.250000
v -14.175574 14.175574 41.250000
v -15.357114 12.886149 41.250000
v -16.421778 11.498652 41.250000
v -17.361461 10.023644 41.250000
v -18.169014 8.472350 41.250000
v -18.838289 6.856577 41.250000
v -19.364194 5.188620 41.250000
v -19.742725 3.481175 41.250000
v -19.971003 1.747236 41.250000
v -20.047289 0.000000 41.250000
v -19.971003 -1.747236 41.250000
v -19.742725 -3.481175 41.250000
v -19.364194 -5.188620 41.250000
v -18.838289 -6.856577 41.250000
v -18.169014 -8.472350 41.250000
v -17.361461 -10.023644 41.250000
v -16.421778 -11.498652 41.250000
v -15.357114 -12.886149 41.250000
v -14.175574 -14.175574 41.250000
v -12.886149 -15.357114 41.250000
v -11.498652 -16.421778 41.250000
v -10.023644 -17.361461 41.250000
v -8.472350 -18.169014 41.250000
v -6.856577 -18.838289 41.250000
v -5.188620 -19.364194 41.250000
v -3.481175 -19.742725 41.250000
v -1.747236 -19.971003 41.250000
v -0.000000 -20.047289 41.250000
v 1.747236 -19.971003 41.250000
v 3.481175 -19.742725 41.250000
v 5.188620 -19.364194 41.250000
v 6.856577 -18.838289 41.250000
v 8.472350 -18.169014 41.250000
v 10.023644 -17.361461 41.250000
v 11.498652 -16.421778 41.250000
v 12.886149 -15.357114 41.250000
v 14.175574 -14.175574 41.250000
v 15.357114 -12.886149 41.250000
v 16.421778 -11.498652 41.250000
v 17.361461 -10.023644 41.250000
v 18.169014 -8.472350 41.250000
v 18.838289 -6.856577 41.250000
v 19.364194 -5.188620 41.250000
v 19.742725 -3.481175 41.250000
v 19.971003 -1.747236 41.250000
v 20.221502 0.000000 43.125000
v 20.144553 1.762420 43.125000
v 19.914292 3.511427 43.125000
v 19.532471 5.233710 43.125000
v 19.001996 6.916161 43.125000
v 18.326904 8.545976 43.125000
v 17.512334 10.110751 43.125000
v 16.564484 11.598577 43.125000
v 15.490569 12.998131 43.125000
v 14.298761 14.298761 43.125000
v 12.998131 15.490569 43.125000
v 11.598577 16.564484 43.125000
v 10.110751 17.512334 43.125000
v 8.545976 18.326904 43.125000
v 6.916161 19.001996 43.125000
v 5.233710 19.532471 43.125000
v 3.511427 19.914292 43.125000
v 1.762420 20.144553 43.125000
v 0.000000 20.221502 43.125000
v -1.762420 20.144553 43.125000
v -3.511427 19.914292 43.125000
v -5.233710 19.532471 43.125000
v -6.916161 19.001996 43.125000
v -8.545976 18.326904 43.125000
v -10.110751 17.512334 43.125000
v -11.598577 16.564484 43.125000
v -12.998131 15.490569 43.125000
v -14.298761 14.298761 43.125000
v -15.490569 12.998131 43.125000
v -16.564484 11.598577 43.125000
v -17.512334 10.110751 43.125000
v -18.326904 8.545976 43.125000
v -19.001996 6.916161 43.125000
v -19.532471 5.233710 43.125000
v -19.914292 3.511427 43.125000
v -20.144553 1.762420 43.125000
v -20.221502 0.000000 43.125000
v -20.144553 -1.762420 43.125000
v -19.914292 -3.511427 43.125000
v -19.532471 -5.233710 43.125000
v -19.001996 -6.916161 43.125000
v -18.326904 -8.545976 43.125000
v -17.512334 -10.110751 43.125000
v -16.564484 -11.598577 43.125000
v -15.490569 -12.998131 43.125000
v -14.298761 -14.298761 43.125000
v -12.998131 -15.490569 43.125000
v -11.598577 -16.564484 43.125000
v -10.110751 -17.512334 43.125000
v -8.545976 -18.326904 43.125000
v -6.916161 -19.001996 43.125000
v -5.233710 -19.532471 43.125000
v -3.511427 -19.914292 43.125000
v -1.762420 -20.144553 43.125000
v -0.000000 -20.221502 43.125000
v 1.762420 -20.144553 43.125000
v 3.511427 -19.914292 43.125000
v 5.233710 -19.532471 43.125000
v 6.916161 -19.001996 43.125000
v 8.545976 -18.326904 43.125000
v 10.110751 -17.512334 43.125000
v 11.598577 -16.564484 43.125000
v 12.998131 -15.490569 43.125000
v 14.298761 -14.298761 43.125000
v 15.490569 -12.998131 43.125000
v 16.564484 -11.598577 43.125000
v 17.512334 -10.110751 43.125000
v 18.326904 -8.545976 43.125000
v 19.001996 -6.916161 43.125000
v 19.532471 -5.233710 43.125000
v 19.914292 -3.511427 43.125000
v 20.144553 -1.762420 43.125000
v 20.401488 0.000000 45.000000
v 20.323854 1.778107 45.000000
v 20.091543 3.542681 45.000000
v 19.706324 5.280294 45.000000
v 19.171127 6.977720 45.000000
v 18.490027 8.622041 45.000000
v 17.668206 10.200744 45.000000
v 16.711920 11.701813 45.000000
v 15.628446 13.113823 45.000000
v 14.426030 14.426030 45.000000
v 13.113823 15.628446 45.000000
v 11.701813 16.711920 45.000000
v 10.200744 17.668206 45.000000
v 8.622041 18.490027 45.000000
v 6.977720 19.171127 45.000000
v 5.280294 19.706324 45.000000
v 3.542681 20.091543 45.000000
v 1.778107 20.323854 45.000000
v 0.000000 20.401488 45.000000
v -1.778107 20.323854 45.000000
v -3.542681 20.091543 45.000000
v -5.280294 19.706324 45.000000
v -6.977720 19.171127 45.000000
v -8.622041 18.490027 45.000000
v -10.200744 17.668206 45.000000
v -11.701813 16.711920 45.000000
v -13.113823 15.628446 45.000000
v -14.426030 14.426030 45.000000
v -15.628446 13.113823 45.000000
v -16.711920 11.701813 45.000000
v -17.668206 10.200744 45.000000
v -18.490027 8.622041 45.000000
v -19.171127 6.977720 45.000000
v -19.706324 5.280294 45.000000
v -20.091543 3.542681 45.000000
v -20.323854 1.778107 45.000000
v -20.401488 0.000000 45.000000
v -20.323854 -1.778107 45.000000
v -20.091543 -3.542681 45.000000
v -19.706324 -5.280294 45.000000
v -19.171127 -6.977720 45.000000
v -18.490027 -8.622041 45.000000
v -17.668206 -10.200744 45.000000
v -16.711920 -11.701813 45.000000
v -15.628446 -13.113823 45.000000
v -14.426030 -14.426030 45.000000
v -13.113823 -15.628446 45.000000
v -11.701813 -16.711920 45.000000
v -10.200744 -17.668206 45.000000
v -8.622041 -18.490027 45.000000
v -6.977720 -19.171127 45.000000
v -5.280294 -19.706324 45.000000
v -3.542681 -20.091543 45.000000
v -1.778107 -20.323854 45.000000
v -0.000000 -20.401488 45.000000
v 1.778107 -20.323854 45.000000
v 3.542681 -20.091543 45.000000
v 5.280294 -19.706324 45.000000
v 6.977720 -19.171127 45.000000
v 8.622041 -18.490027 45.000000
v 10.200744 -17.668206 45.000000
v 11.701813 -16.711920 45.000000
v 13.113823 -15.628446 45.000000
v 14.426030 -14.426030 45.000000
v 15.628446 -13.113823 45.000000
v 16.711920 -11.701813 45.000000
v 17.668206 -10.200744 45.000000
v 18.490027 -8.622041 45.000000
v 19.171127 -6.977720 45.000000
v 19.706324 -5.280294 45.000000
v 20.091543 -3.542681 45.000000
v 20.323854 -1.778107 45.000000
v 20.587305 0.000000 46.875000
v 20.508841 1.794291 46.875000
v 20.274228 3.574893 46.875000
v 19.885273 5.328243 46.875000
v 19.344962 7.040990 46.875000
v 18.657434 8.700104 46.875000
v 17.827946 10.292969 46.875000
v 16.862830 11.807480 46.875000
v 15.769443 13.232134 46.875000
v 14.556109 14.556109 46.875000
v 13.232058 15.769352 46.875000
v 11.807351 16.862645 46.875000
v 10.292814 17.827677 46.875000
v 8.699950 18.657102 46.875000
v 7.040859 19.344600 46.875000
v 5.328149 19.884922 46.875000
v 3.574841 20.273931 46.875000
v 1.794273 20.508639 46.875000
v 0.000000 20.587232 46.875000
v -1.794313 20.509087 46.875000
v -3.574990 20.274778 46.875000
v -5.328458 19.886078 46.875000
v -7.041347 19.345942 46.875000
v -8.700597 18.658490 46.875000
v -10.293561 17.828970 46.875000
v -11.808105 16.863722 46.875000
v -13.232701 15.770119 46.875000
v -14.556514 14.556514 46.875000
v -15.769487 13.232171 46.875000
v -16.862415 11.807190 46.875000
v -17.827010 10.292429 46.875000
v -18.655963 8.699419 46.875000
v -19.342998 7.040276 46.875000
v -19.882912 5.327610 46.875000
v -20.271612 3.574432 46.875000
v -20.506148 1.794055 46.875000
v -20.584730 0.000000 46.875000
v -20.506745 -1.794108 46.875000
v -20.272760 -3.574634 46.875000
v -19.884523 -5.328042 46.875000
v -19.344954 -7.040987 46.875000
v -18.658123 -8.700426 46.875000
v -17.829225 -10.293708 46.875000
v -16.864544 -11.808681 46.875000
v -15.771409 -13.233783 46.875000
v -14.558135 -14.558135 46.875000
v -13.233966 -15.771626 46.875000
v -11.808997 -16.864996 46.875000
v -10.294101 -17.829906 46.875000
v -8.700839 -18.659010 46.875000
v -7.041369 -19.346002 46.875000
v -5.328350 -19.885671 46.875000
v -3.574842 -20.273939 46.875000
v -1.794207 -20.507882 46.875000
v -0.000000 -20.585755 46.875000
v 1.794130 -20.507002 46.875000
v 3.574545 -20.272251 46.875000
v 5.327717 -19.883310 46.875000
v 7.040332 -19.343152 46.875000
v 8.699384 -18.655889 46.875000
v 10.292273 -17.826741 46.875000
v 11.806898 -16.861998 46.875000
v 13.231742 -15.768976 46.875000
v 14.555965 -14.555965 46.875000
v 15.769481 -13.232166 46.875000
v 16.863038 -11.807626 46.875000
v 17.828289 -10.293167 46.875000
v 18.657860 -8.700303 46.875000
v 19.345410 -7.041153 46.875000
v 19.885679 -5.328352 46.875000
v 20.274535 -3.574948 46.875000
v 20.509006 -1.794306 46.875000
v 20.778840 0.000000 48.750000
v 20.699244 1.810949 48.750000
v 20.461858 3.607978 48.750000
v 20.068580 5.377360 48.750000
v 19.522508 7.105612 48.750000
v 18.827906 8.779597 48.750000
v 17.990161 10.386624 48.750000
v 17.015722 11.914537 48.750000
v 15.912052 13.351797 48.750000
v 14.687559 14.687559 48.750000
v 13.351537 15.911742 48.750000
v 11.914096 17.015093 48.750000
v 10.386097 17.989248 48.750000
v 8.779077 18.826792 48.750000
v 7.105176 19.521312 48.750000
v 5.377057 20.067449 48.750000
v 3.607817 20.460949 48.750000
v 1.810902 20.698704 48.750000
v 0.000000 20.778790 48.750000
v -1.811059 20.700496 48.750000
v -3.608415 20.464339 48.750000
v -5.378296 20.072072 48.750000
v -7.107129 19.526677 48.750000
v -8.781664 18.832339 48.750000
v -10.389081 17.994417 48.750000
v -11.917105 17.019389 48.750000
v -13.354098 15.914794 48.750000
v -14.689161 14.689161 48.750000
v -15.912206 13.351927 48.750000
v -17.014032 11.913353 48.750000
v -17.986379 10.384441 48.750000
v -18.821981 8.776834 48.750000
v -19.514606 7.102736 48.750000
v -20.059085 5.374816 48.750000
v -20.451345 3.606124 48.750000
v -20.688427 1.810003 48.750000
v -20.768504 0.000000 48.750000
v -20.690902 -1.810219 48.750000
v -20.456106 -3.606963 48.750000
v -20.065768 -5.376606 48.750000
v -19.522712 -7.105686 48.750000
v -18.830926 -8.781005 48.750000
v -17.995546 -10.389733 48.750000
v -17.022834 -11.919517 48.750000
v -15.920136 -13.358580 48.750000
v -14.695836 -14.695836 48.750000
v -13.359289 -15.920980 48.750000
v -11.920745 -17.024589 48.750000
v -10.391265 -17.998199 48.750000
v -8.782616 -18.834381 48.750000
v -7.107174 -19.526801 48.750000
v -5.377810 -20.070260 48.750000
v -3.607779 -20.460734 48.750000
v -1.810612 -20.695385 48.750000
v -0.000000 -20.772572 48.750000
v 1.810302 -20.691848 48.750000
v 3.606583 -20.453946 48.750000
v 5.375266 -20.060766 48.750000
v 7.103004 -19.515344 48.750000
v 8.776765 -18.821833 48.750000
v 10.383914 -17.985466 48.750000
v 11.912302 -17.012530 48.750000
v 13.350343 -15.910320 48.750000
v 14.687103 -14.687103 48.750000
v 15.912373 -13.352067 48.750000
v 17.016761 -11.915264 48.750000
v 17.991764 -10.387550 48.750000
v 18.829850 -8.780503 48.750000
v 19.524523 -7.106345 48.750000
v 20.070392 -5.377845 48.750000
v 20.463222 -3.608218 48.750000
v 20.699975 -1.811013 48.750000
v 20.974755 0.000000 50.625000
v 20.893678 1.827960 50.625000
v 20.653019 3.641684 50.625000
v 20.254820 5.427263 50.625000
v 19.702356 7.171071 50.625000
v 19.000078 8.859882 50.625000
v 18.153550 10.480957 50.625000
v 17.169384 12.022132 50.625000
v 16.055166 13.471884 50.625000
v 14.819392 14.819392 50.625000
v 13.471402 16.054592 50.625000
v 12.021319 17.168223 50.625000
v 10.479994 18.151881 50.625000
v 8.858946 18.998070 50.625000
v 7.170306 19.700254 50.625000
v 5.426753 20.252918 50.625000
v 3.641439 20.651628 50.625000
v 1.827909 20.893090 50.625000
v 0.000000 20.975205 50.625000
v -1.828261 20.897115 50.625000
v -3.642782 20.659241 50.625000
v -5.429534 20.263298 50.625000
v -7.174688 19.712294 50.625000
v -8.864748 19.010513 50.625000
v -10.486683 18.163468 50.625000
v -12.028054 17.177842 50.625000
v -13.477123 16.061410 50.625000
v -14.822946 14.822946 50.625000
v -16.055455 13.472126 50.625000
v -17.165515 12.019423 50.625000
v -18.144970 10.476003 50.625000
v -18.986673 8.853631 50.625000
v -19.684506 7.164574 50.625000
v -20.233391 5.421521 50.625000
v -20.629306 3.637503 50.625000
v -20.869292 1.825826 50.625000
v -20.951469 0.000000 50.625000
v -20.875056 -1.826331 50.625000
v -20.640388 -3.639457 50.625000
v -20.248943 -5.425688 50.625000
v -19.703362 -7.171437 50.625000
v -19.007467 -8.863327 50.625000
v -18.166263 -10.488297 50.625000
v -17.185936 -12.033722 50.625000
v -16.073824 -13.487540 50.625000
v -14.838375 -14.838375 50.625000
v -13.489083 -16.075663 50.625000
v -12.036399 -17.189760 50.625000
v -10.491636 -18.172047 50.625000
v -8.866846 -19.015012 50.625000
v -7.174693 -19.712306 50.625000
v -5.428328 -20.258796 50.625000
v -3.641253 -20.650574 50.625000
v -1.827198 -20.884968 50.625000
v -0.000000 -20.960525 50.625000
v 1.826500 -20.876985 50.625000
v 3.638552 -20.635255 50.625000
v 5.422586 -20.237367 50.625000
v 7.165281 -19.686447 50.625000
v 8.853636 -18.986685 50.625000
v 10.475040 -18.143302 50.625000
v 12.017333 -17.162530 50.625000
v 13.468879 -16.051585 50.625000
v 14.818643 -14.818643 50.625000
v 16.056275 -13.472814 50.625000
v 17.172194 -12.024100 50.625000
v 18.157684 -10.483344 50.625000
v 19.004987 -8.862171 50.625000
v 19.707393 -7.172905 50.625000
v 20.259322 -5.428469 50.625000
v 20.656394 -3.642280 50.625000
v 20.895484 -1.828118 50.625000
v 21.173564 0.000000 52.500000
v 21.090608 1.845189 52.500000
v 20.846150 3.675739 52.500000
v 20.442434 5.477534 52.500000
v 19.882971 7.236810 52.500000
v 19.172462 8.940266 52.500000
v 18.316705 10.575154 52.500000
v 17.322505 12.129349 52.500000
v 16.197594 13.591395 52.500000
v 14.950547 14.950547 52.500000
v 13.590728 16.196799 52.500000
v 12.128233 17.320912 52.500000
v 10.573852 18.314448 52.500000
v 8.939031 19.169814 52.500000
v 7.235844 19.880318 52.500000
v 5.476944 20.440234 52.500000
v 3.675515 20.844884 52.500000
v 1.845198 21.090715 52.500000
v 0.000000 21.175387 52.500000
v -1.845822 21.097840 52.500000
v -3.677891 20.858358 52.500000
v -5.481866 20.458602 52.500000
v -7.243596 19.901618 52.500000
v -8.949291 19.191816 52.500000
v -10.585671 18.334920 52.500000
v -12.140119 17.337887 52.500000
v -13.600798 16.208800 52.500000
v -14.956756 14.956756 52.500000
v -16.197995 13.591732 52.500000
v -17.315519 12.124457 52.500000
v -18.301353 10.566291 52.500000
v -19.148548 8.929114 52.500000
v -19.851172 7.225236 52.500000
v -20.404294 5.467314 52.500000
v -20.803976 3.668302 52.500000
v -21.047263 1.841397 52.500000
v -21.132198 0.000000 52.500000
v -21.057842 -1.842322 52.500000
v -20.824312 -3.671888 52.500000
v -20.432826 -5.474959 52.500000
v -19.885752 -7.237822 52.500000
v -19.186657 -8.946885 52.500000
v -18.340346 -10.588804 52.500000
v -17.352876 -12.150614 52.500000
v -16.231548 -13.619886 52.500000
v -14.984880 -14.984880 52.500000
v -13.622530 -16.234699 52.500000
v -12.155204 -17.359431 52.500000
v -10.594535 -18.350272 52.500000
v -8.952932 -19.199624 52.500000
v -7.243428 -19.901155 52.500000
v -5.479519 -20.449842 52.500000
v -3.675002 -20.841970 52.500000
v -1.843833 -21.075112 52.500000
v -0.000000 -21.148087 52.500000
v 1.842590 -21.060905 52.500000
v 3.670194 -20.814707 52.500000
v 5.469299 -20.411703 52.500000
v 7.226675 -19.855127 52.500000
v 8.929418 -19.149199 52.500000
v 10.564988 -18.299096 52.500000
v 12.121253 -17.310944 52.500000
v 13.586545 -16.191813 52.500000
v 14.949723 -14.949723 52.500000
v 16.200262 -13.593634 52.500000
v 17.328349 -12.133441 52.500000
v 18.324994 -10.579941 52.500000
v 19.182149 -8.944783 52.500000
v 19.892823 -7.240396 52.500000
v 20.451194 -5.479881 52.500000
v 20.852698 -3.676893 52.500000
v 21.094106 -1.845495 52.500000
v 21.373639 0.000000 54.375000
v 21.288366 1.862491 54.375000
v 21.039562 3.709842 54.375000
v 20.629736 5.527721 54.375000
v 20.062704 7.302227 54.375000
v 19.343473 9.020010 54.375000
v 18.478126 10.668351 54.375000
v 17.473697 12.235215 54.375000
v 16.338072 13.709270 54.375000
v 15.079900 15.079900 54.375000
v 13.708536 16.337198 54.375000
v 12.234004 17.471968 54.375000
v 10.666976 18.475745 54.375000
v 9.018773 19.340820 54.375000
v 7.301353 20.060303 54.375000
v 5.527310 20.628201 54.375000
v 3.709835 21.039520 54.375000
v 1.862667 21.290378 54.375000
v 0.000000 21.378121 54.375000
v -1.863634 21.301436 54.375000
v -3.713522 21.060431 54.375000
v -5.534946 20.656700 54.375000
v -7.313378 20.093341 54.375000
v -9.034678 19.374929 54.375000
v -10.685286 18.507458 54.375000
v -12.252390 17.498226 54.375000
v -13.724071 16.355710 54.375000
v -15.089401 15.089401 54.375000
v -16.338514 13.709641 54.375000
v -17.462625 12.227462 54.375000
v -18.454024 10.654436 54.375000
v -19.306045 9.002556 54.375000
v -20.013012 7.284141 54.375000
v -20.570197 5.511768 54.375000
v -20.973772 3.698242 54.375000
v -21.220791 1.856579 54.375000
v -21.309190 0.000000 54.375000
v -21.237820 -1.858069 54.375000
v -21.006502 -3.704013 54.375000
v -20.616102 -5.524068 54.375000
v -20.068626 -7.304383 54.375000
v -19.367300 -9.031120 54.375000
v -18.516653 -10.690594 54.375000
v -17.522561 -12.269429 54.375000
v -16.392271 -13.754748 54.375000
v -15.134368 -15.134368 54.375000
v -13.758711 -16.396993 54.375000
v -12.276315 -17.532394 54.375000
v -10.699201 -18.531559 54.375000
v -9.040216 -19.386805 54.375000
v -7.312835 -20.091849 54.375000
v -5.530963 -20.641835 54.375000
v -3.708741 -21.033313 54.375000
v -1.860375 -21.264187 54.375000
v -0.000000 -21.333634 54.375000
v 1.858435 -21.242011 54.375000
v 3.701236 -20.990754 54.375000
v 5.515010 -20.582296 54.375000
v 7.286681 -20.019991 54.375000
v 9.003503 -19.308074 54.375000
v 10.653061 -18.451644 54.375000
v 12.223288 -17.456664 54.375000
v 13.702492 -16.329994 54.375000
v 15.079420 -15.079420 54.375000
v 16.343342 -13.713692 54.375000
v 17.484161 -12.242541 54.375000
v 18.492551 -10.676679 54.375000
v 19.360107 -9.027766 54.375000
v 20.079496 -7.308339 54.375000
v 20.644601 -5.531704 54.375000
v 21.050644 -3.711796 54.375000
v 21.294277 -1.863008 54.375000
v 21.573232 0.000000 56.250000
v 21.485162 1.879708 56.250000
v 21.231453 3.743678 56.250000
v 20.814941 5.577347 56.250000
v 20.239810 7.366688 56.250000
v 19.511439 9.098334 56.250000
v 18.636241 10.759639 56.250000
v 17.621506 12.338711 56.250000
v 16.475283 13.824404 56.250000
v 15.206277 15.206277 56.250000
v 13.823801 16.474565 56.250000
v 12.337755 17.620140 56.250000
v 10.758636 18.634505 56.250000
v 9.097575 19.509813 56.250000
v 7.366368 20.238931 56.250000
v 5.577506 20.815535 56.250000
v 3.744170 21.234244 56.250000
v 1.880199 21.490770 56.250000
v 0.000000 21.582081 56.250000
v -1.881579 21.506550 56.250000
v -3.749431 21.264079 56.250000
v -5.588399 20.856187 56.250000
v -7.383515 20.286041 56.250000
v -9.120243 19.558425 56.250000
v -10.784708 18.679662 56.250000
v -12.363897 17.657476 56.250000
v -13.845823 16.500809 56.250000
v -15.219628 15.219628 56.250000
v -16.475637 13.824701 56.250000
v -17.605357 12.327404 56.250000
v -18.601432 10.739542 56.250000
v -19.457557 9.073208 56.250000
v -20.168392 7.340694 56.250000
v -20.729458 5.554442 56.250000
v -21.137069 3.727036 56.250000
v -21.388282 1.871232 56.250000
v -21.480894 0.000000 56.250000
v -21.413487 -1.873437 56.250000
v -21.185506 -3.735576 56.250000
v -20.797376 -5.572640 56.250000
v -20.250641 -7.370630 56.250000
v -19.548101 -9.115429 56.250000
v -18.693935 -10.792949 56.250000
v -17.693795 -12.389329 56.250000
v -16.554847 -13.891166 56.250000
v -15.285756 -15.285756 56.250000
v -13.896614 -16.561340 56.250000
v -12.398803 -17.707325 56.250000
v -10.804805 -18.714471 56.250000
v -9.127982 -19.575020 56.250000
v -7.382326 -20.282773 56.250000
v -5.582212 -20.833100 56.250000
v -3.742169 -21.222893 56.250000
v -1.876673 -21.450473 56.250000
v -0.000000 -21.515461 56.250000
v 1.873888 -21.418637 56.250000
v 3.731395 -21.161793 56.250000
v 5.559307 -20.747617 56.250000
v 7.344772 -20.179596 56.250000
v 9.075262 -19.461963 56.250000
v 10.738539 -18.599696 56.250000
v 12.322629 -17.598539 56.250000
v 13.815833 -16.465068 56.250000
v 15.206769 -15.206769 56.250000
v 16.484466 -13.832109 56.250000
v 17.638493 -12.350606 56.250000
v 18.659126 -10.772852 56.250000
v 19.537538 -9.110504 56.250000
v 20.265992 -7.376218 56.250000
v 20.838028 -5.583533 56.250000
v 21.248625 -3.746706 56.250000
v 21.494310 -1.880508 56.250000
v 21.770495 0.000000 58.125000
v 21.679114 1.896677 58.125000
v 21.419933 3.776912 58.125000
v 20.996180 5.625909 58.125000
v 20.412476 7.429534 58.125000
v 19.674629 9.174430 58.125000
v 18.789423 10.848078 58.125000
v 17.764432 12.438790 58.125000
v 16.607867 13.935655 58.125000
v 15.328469 15.328469 58.125000
v 13.935467 16.607643 58.125000
v 12.438581 17.764135 58.125000
v 10.848072 18.789412 58.125000
v 9.174818 19.675462 58.125000
v 7.430400 20.414857 58.125000
v 5.627168 21.000878 58.125000
v 3.778278 21.427680 58.125000
v 1.897672 21.690494 58.125000
v 0.000000 21.785839 58.125000
v -1.899530 21.711723 58.125000
v -3.785355 21.467815 58.125000
v -5.641818 21.055553 58.125000
v -7.453453 20.478194 58.125000
v -9.205277 19.740780 58.125000
v -10.883072 18.850034 58.125000
v -12.473621 17.814177 58.125000
v -13.964889 16.642706 58.125000
v -15.346135 15.346135 58.125000
v -16.607946 13.935721 58.125000
v -17.742204 12.423225 58.125000
v -18.741990 10.820693 58.125000
v -19.601454 9.140308 58.125000
v -20.315653 7.394293 58.125000
v -20.880417 5.594891 58.125000
v -21.292219 3.754393 58.125000
v -21.548114 1.885216 58.125000
v -21.645725 0.000000 58.125000
v -21.583299 -1.888294 58.125000
v -21.359823 -3.766313 58.125000
v -20.975186 -5.620284 58.125000
v -20.430377 -7.436049 58.125000
v -19.727680 -9.199168 58.125000
v -18.870858 -10.895095 58.125000
v -17.865288 -12.509409 58.125000
v -16.718039 -14.028101 58.125000
v -15.437871 -15.437871 58.125000
v -14.035145 -16.726434 58.125000
v -12.521667 -17.882794 58.125000
v -10.910457 -18.897466 58.125000
v -9.215466 -19.762631 58.125000
v -7.451276 -20.472213 58.125000
v -5.632794 -21.021872 58.125000
v -3.774970 -21.408919 58.125000
v -1.892571 -21.632181 58.125000
v -0.000000 -21.691806 58.125000
v 1.888799 -21.589071 58.125000
v 3.760381 -21.326181 58.125000
v 5.601775 -20.906108 58.125000
v 7.400416 -20.332476 58.125000
v 9.144058 -19.609497 58.125000
v 10.820687 -18.741980 58.125000
v 12.418454 -17.735390 58.125000
v 13.925655 -16.595949 58.125000
v 15.330766 -15.330766 58.125000
v 16.622539 -13.947966 58.125000
v 17.790153 -12.456800 58.125000
v 18.823425 -10.867710 58.125000
v 19.713039 -9.192341 58.125000
v 20.450800 -7.443482 58.125000
v 21.029861 -5.634934 58.125000
v 21.444933 -3.781320 58.125000
v 21.692418 -1.897841 58.125000
v 21.963501 0.000000 60.000000
v 21.868264 1.913225 60.000000
v 21.603044 3.809200 60.000000
v 21.171529 5.672894 60.000000
v 20.578841 7.490085 60.000000
v 19.831270 9.247473 60.000000
v 18.936016 10.932714 60.000000
v 17.900953 12.534382 60.000000
v 16.734448 14.041869 60.000000
v 15.445252 15.445252 60.000000
v 14.042463 16.735156 60.000000
v 12.535563 17.902639 60.000000
v 10.934508 18.939124 60.000000
v 9.249865 19.836399 60.000000
v 7.492943 20.586691 60.000000
v 5.675918 21.182814 60.000000
v 3.811904 21.618383 60.000000
v 1.914958 21.888071 60.000000
v 0.000000 21.987881 60.000000
v -1.917350 21.915410 60.000000
v -3.821017 21.670062 60.000000
v -5.694777 21.253197 60.000000
v -7.522607 20.668192 60.000000
v -9.289034 19.920398 60.000000
v -10.979473 19.017005 60.000000
v -12.580502 17.966818 60.000000
v -14.080066 16.779969 60.000000
v -15.467592 15.467592 60.000000
v -16.734002 14.041495 60.000000
v -17.871637 12.513855 60.000000
v -18.874109 10.896972 60.000000
v -19.736100 9.203094 60.000000
v -20.453143 7.444335 60.000000
v -21.021416 5.632671 60.000000
v -21.437577 3.780023 60.000000
v -21.698665 1.898387 60.000000
v -21.802087 0.000000 60.000000
v -21.745690 -1.902501 60.000000
v -21.527918 -3.795953 60.000000
v -21.148029 -5.666597 60.000000
v -20.606359 -7.500101 60.000000
v -19.904593 -9.281664 60.000000
v -19.046008 -10.996218 60.000000
v -18.035668 -12.628711 60.000000
v -16.880532 -14.164448 60.000000
v -15.589463 -15.589463 60.000000
v -14.173137 -16.890887 60.000000
v -12.643846 -18.057283 60.000000
v -11.015215 -19.078913 60.000000
v -9.301865 -19.947913 60.000000
v -7.519034 -20.658376 60.000000
v -5.682215 -21.206314 60.000000
v -3.806819 -21.589543 60.000000
v -1.907907 -21.807476 60.000000
v -0.000000 -21.860874 60.000000
v 1.903017 -21.751579 60.000000
v 3.787902 -21.482260 60.000000
v 5.641992 -21.056201 60.000000
v 7.453077 -20.477160 60.000000
v 9.209250 -19.749300 60.000000
v 10.898766 -18.877217 60.000000
v 12.509928 -17.866028 60.000000
v 14.031031 -16.721532 60.000000
v 15.450389 -15.450389 60.000000
v 16.756435 -14.060319 60.000000
v 17.937909 -12.560259 60.000000
v 18.984101 -10.960476 60.000000
v 19.885148 -9.272597 60.000000
v 20.632341 -7.509558 60.000000
v 21.218412 -5.685456 60.000000
v 21.637781 -3.815325 60.000000
v 21.886732 -1.914841 60.000000
v 22.150273 0.000000 61.875000
v 22.050612 1.929179 61.875000
v 21.778794 3.840189 61.875000
v 21.339036 5.717777 61.875000
v 20.737022 7.547659 61.875000
v 19.979581 9.316632 61.875000
v 19.074359 11.012587 61.875000
v 18.029544 12.624422 61.875000
v 16.853649 14.141890 61.875000
v 15.555400 15.555400 61.875000
v 14.143716 16.855824 61.875000
v 12.627774 18.034331 61.875000
v 11.017162 19.082285 61.875000
v 9.322068 19.991239 61.875000
v 7.553480 20.753015 61.875000
v 5.723365 21.359889 61.875000
v 3.844785 21.804860 61.875000
v 1.931922 22.081965 61.875000
v 0.000000 22.186630 61.875000
v -1.934898 22.115991 61.875000
v -3.856124 21.869168 61.875000
v -5.746827 21.447450 61.875000
v -7.590367 20.854363 61.875000
v -9.370744 20.095625 61.875000
v -11.072982 19.178967 61.875000
v -12.683459 18.113857 61.875000
v -14.190136 16.911145 61.875000
v -15.582661 15.582661 61.875000
v -16.852366 14.140814 61.875000
v -17.992140 12.598232 61.875000
v -18.996214 10.967469 61.875000
v -19.859889 9.260818 61.875000
v -20.579237 7.490230 61.875000
v -21.150832 5.667348 61.875000
v -21.571528 3.803642 61.875000
v -21.838335 1.910607 61.875000
v -21.948400 0.000000 61.875000
v -21.899100 -1.915923 61.875000
v -21.688247 -3.824223 61.875000
v -21.314374 -5.711169 61.875000
v -20.777073 -7.562236 61.875000
v -20.077344 -9.362219 61.875000
v -19.217917 -11.095470 61.875000
v -18.203504 -12.746231 61.875000
v -17.040942 -14.299048 61.875000
v -15.739220 -15.739220 61.875000
v -14.309369 -17.053242 61.875000
v -12.764227 -18.229205 61.875000
v -11.118099 -19.257112 61.875000
v -9.386344 -20.129080 61.875000
v -7.584926 -20.839414 61.875000
v -5.729973 -21.384551 61.875000
v -3.837384 -21.762886 61.875000
v -1.922520 -21.974506 61.875000
v -0.000000 -22.020863 61.875000
v 1.916389 -21.904432 61.875000
v 3.813668 -21.628388 61.875000
v 5.679544 -21.196347 61.875000
v 7.502225 -20.612195 61.875000
v 9.270204 -19.880016 61.875000
v 10.972045 -19.004140 61.875000
v 12.596224 -17.989272 61.875000
v 14.131035 -16.840712 61.875000
v 15.564608 -15.564608 61.875000
v 16.885016 -14.168211 61.875000
v 18.080501 -12.660103 61.875000
v 19.139772 -11.050353 61.875000
v 20.052358 -9.350568 61.875000
v 20.808987 -7.573852 61.875000
v 21.401935 -5.734631 61.875000
v 21.825323 -3.848393 61.875000
v 22.075328 -1.931341 61.875000
v 22.328811 0.000000 63.750000
v 22.224140 1.944360 63.750000
v 21.945183 3.869528 63.750000
v 21.496749 5.760036 63.750000
v 20.885149 7.601572 63.750000
v 20.117795 9.381082 63.750000
v 19.202811 11.086748 63.750000
v 18.148703 12.707859 63.750000
v 16.964115 14.234583 63.750000
v 15.657711 15.657711 63.750000
v 14.238170 16.968391 63.750000
v 12.714303 18.157907 63.750000
v 11.095258 19.217550 63.750000
v 9.390781 20.138595 63.750000
v 7.611491 20.912399 63.750000
v 5.769115 21.530629 63.750000
v 3.876652 21.985586 63.750000
v 1.948425 22.270602 63.750000
v 0.000000 22.380460 63.750000
v -1.952029 22.311798 63.750000
v -3.890379 22.063434 63.750000
v -5.797508 21.636594 63.750000
v -7.656112 21.034995 63.750000
v -9.449620 20.264776 63.750000
v -11.162655 19.334286 63.750000
v -12.781406 18.253740 63.750000
v -14.293880 17.034783 63.750000
v -15.690012 15.690012 63.750000
v -16.961620 14.232489 63.750000
v -18.102228 12.675316 63.750000
v -19.106776 11.031302 63.750000
v -19.971265 9.312754 63.750000
v -20.692371 7.531407 63.750000
v -21.267100 5.698502 63.750000
v -21.692515 3.824976 63.750000
v -21.965578 1.921739 63.750000
v -22.083124 0.000000 63.750000
v -22.041993 -1.928424 63.750000
v -21.839278 -3.850854 63.750000
v -21.472691 -5.753590 63.750000
v -20.940989 -7.621897 63.750000
v -20.244410 -9.440123 63.750000
v -19.385078 -11.191980 63.750000
v -18.367319 -12.860935 63.750000
v -17.197844 -14.430704 63.750000
v -15.885787 -15.885787 63.750000
v -14.442579 -17.211995 63.750000
v -12.881665 -18.396925 63.750000
v -11.218101 -19.430321 63.750000
v -9.468054 -20.304307 63.750000
v -7.648271 -21.013453 63.750000
v -5.775561 -21.554687 63.750000
v -3.866333 -21.927065 63.750000
v -1.936249 -22.131429 63.750000
v -0.000000 -22.169997 63.750000
v 1.928769 -22.045933 63.750000
v 3.837397 -21.762959 63.750000
v 5.714027 -21.325038 63.750000
v 7.547349 -20.736170 63.750000
v 9.326306 -20.000327 63.750000
v 11.039812 -19.121515 63.750000
v 12.676532 -18.103963 63.750000
v 14.224756 -16.952404 63.750000
v 15.672401 -15.672401 63.750000
v 17.007141 -14.270686 63.750000
v 18.216666 -12.755447 63.750000
v 19.289043 -11.136534 63.750000
v 20.213141 -9.425543 63.750000
v 20.979081 -7.635761 63.750000
v 21.578656 -5.781984 63.750000
v 22.005687 -3.880196 63.750000
v 22.256254 -1.947170 63.750000
v 22.497121 0.000000 65.625000
v 22.386846 1.958595 65.625000
v 22.100233 3.896867 65.625000
v 21.642749 5.799157 65.625000
v 21.021388 7.651160 65.625000
v 20.244190 9.440021 65.625000
v 19.319779 11.154280 65.625000
v 18.256978 12.783674 65.625000
v 17.064540 14.318850 65.625000
v 15.751021 15.751021 65.625000
v 14.324804 17.071636 65.625000
v 12.794262 18.272100 65.625000
v 11.168036 19.343605 65.625000
v 9.455369 20.277104 65.625000
v 7.666461 21.063428 65.625000
v 5.812772 21.693560 65.625000
v 3.907235 22.159028 65.625000
v 1.964329 22.452387 65.625000
v 0.000000 22.567723 65.625000
v -1.968594 22.501135 65.625000
v -3.923475 22.251131 65.625000
v -5.846354 21.818890 65.625000
v -7.719211 21.208358 65.625000
v -9.524874 20.426159 65.625000
v -11.247553 19.481334 65.625000
v -12.873264 18.384926 65.625000
v -14.390103 17.149456 65.625000
v -15.788350 15.788350 65.625000
v -17.060392 14.315369 65.625000
v -18.200476 12.744110 65.625000
v -19.204338 11.087630 65.625000
v -20.068754 9.358214 65.625000
v -20.791064 7.567328 65.625000
v -21.368742 5.725737 65.625000
v -21.799065 3.843763 65.625000
v -22.078920 1.931655 65.625000
v -22.204786 0.000000 65.625000
v -22.172887 -1.939876 65.625000
v -21.979514 -3.875581 65.625000
v -21.621468 -5.793455 65.625000
v -21.096581 -7.678528 65.625000
v -20.404259 -9.514662 65.625000
v -19.545965 -11.284868 65.625000
v -18.525611 -12.971772 65.625000
v -17.349780 -14.558194 65.625000
v -16.027778 -16.027778 65.625000
v -14.571479 -17.365612 65.625000
v -12.994997 -18.558780 65.625000
v -11.314203 -19.596775 65.625000
v -9.546137 -20.471757 65.625000
v -7.708386 -21.178616 65.625000
v -5.818474 -21.714841 65.625000
v -3.893339 -22.080225 65.625000
v -1.948936 -22.276443 65.625000
v -0.000000 -22.306546 65.625000
v 1.940012 -22.174443 65.625000
v 3.858816 -21.884434 65.625000
v 5.745054 -21.440834 65.625000
v 7.587958 -20.847743 65.625000
v 9.376970 -20.108977 65.625000
v 11.101386 -19.228164 65.625000
v 12.750073 -18.208992 65.625000
v 14.311309 -17.055554 65.625000
v 15.772771 -15.772771 65.625000
v 17.121690 -14.366804 65.625000
v 18.345151 -12.845413 65.625000
v 19.430525 -11.218219 65.625000
v 20.365969 -9.496807 65.625000
v 21.140962 -7.694681 65.625000
v 21.746798 -5.827037 65.625000
v 22.176993 -3.910402 65.625000
v 22.427560 -1.962157 65.625000
v 22.653248 0.000000 67.500000
v 22.536775 1.971712 67.500000
v 22.242023 3.921869 67.500000
v 21.775181 5.834642 67.500000
v 21.143979 7.695779 67.500000
v 20.357121 9.492681 67.500000
v 19.423745 11.214305 67.500000
v 18.352990 12.850902 67.500000
v 17.153684 14.393650 67.500000
v 15.834228 15.834228 67.500000
v 14.402645 17.164404 67.500000
v 12.866804 18.375700 67.500000
v 11.234767 19.459187 67.500000
v 9.515216 20.405446 67.500000
v 7.717886 21.204719 67.500000
v 5.853948 21.847231 67.500000
v 3.936265 22.323667 67.500000
v 1.979495 22.625733 67.500000
v 0.000000 22.746767 67.500000
v -1.984444 22.682302 67.500000
v -3.955107 22.430528 67.500000
v -5.892899 21.992597 67.500000
v -7.779037 21.372729 67.500000
v -9.595724 20.578096 67.500000
v -11.326751 19.618509 67.500000
v -12.957981 18.505915 67.500000
v -14.477645 17.253786 67.500000
v -15.876435 15.876435 67.500000
v -17.147383 14.388363 67.500000
v -18.285546 12.803677 67.500000
v -19.287540 11.135667 67.500000
v -20.150990 9.396561 67.500000
v -20.873952 7.597497 67.500000
v -21.454397 5.748688 67.500000
v -21.889816 3.859765 67.500000
v -22.176995 1.940236 67.500000
v -22.312003 0.000000 67.500000
v -22.290377 -1.950155 67.500000
v -22.107522 -3.898153 67.500000
v -21.759238 -5.830370 67.500000
v -21.242355 -7.731585 67.500000
v -20.555376 -9.585129 67.500000
v -19.699058 -11.373256 67.500000
v -18.676876 -13.077689 67.500000
v -17.495290 -14.680291 67.500000
v -16.163802 -16.163802 67.500000
v -14.694778 -17.512555 67.500000
v -13.103058 -18.713107 67.500000
v -11.405389 -19.754714 67.500000
v -9.619745 -20.629610 67.500000
v -7.764598 -21.333058 67.500000
v -5.858220 -21.863174 67.500000
v -3.918086 -22.220568 67.500000
v -1.960430 -22.407815 67.500000
v -0.000000 -22.428864 67.500000
v 1.949984 -22.288415 67.500000
v 3.877671 -21.991367 67.500000
v 5.772266 -21.542390 67.500000
v 7.623596 -20.945658 67.500000
v 9.421649 -20.204791 67.500000
v 11.156129 -19.322982 67.500000
v 12.816114 -18.303307 67.500000
v 14.389856 -17.149163 67.500000
v 15.864764 -15.864764 67.500000
v 17.227580 -14.455656 67.500000
v 18.464735 -12.929147 67.500000
v 19.562853 -11.294618 67.500000
v 20.509337 -9.563661 67.500000
v 21.292994 -7.750016 67.500000
v 21.904604 -5.869321 67.500000
v 22.337390 -3.938685 67.500000
v 22.587325 -1.976135 67.500000
v 22.795310 0.000000 69.375000
v 22.672052 1.983548 69.375000
v 22.368721 3.944209 69.375000
v 21.892287 5.866021 69.375000
v 21.251262 7.734827 69.375000
v 20.455042 9.538343 69.375000
v 19.513296 11.266006 69.375000
v 18.435455 12.908645 69.375000
v 17.230396 14.458019 69.375000
v 15.906308 15.906308 69.375000
v 14.470791 17.245617 69.375000
v 12.931136 18.467577 69.375000
v 11.294764 19.563105 69.375000
v 9.569736 20.522365 69.375000
v 7.765284 21.334943 69.375000
v 5.892267 21.990238 69.375000
v 3.963481 22.478015 69.375000
v 1.993786 22.789077 69.375000
v 0.000000 22.915964 69.375000
v -1.999433 22.853619 69.375000
v -3.984975 22.599914 69.375000
v -5.936683 22.156002 69.375000
v -7.834976 21.526421 69.375000
v -9.661409 20.718958 69.375000
v -11.399356 19.744264 69.375000
v -13.034552 18.615270 69.375000
v -14.555411 17.346464 69.375000
v -15.953103 15.953103 69.375000
v -17.221386 14.450458 69.375000
v -18.356208 12.853155 69.375000
v -19.355147 11.174699 69.375000
v -20.216740 9.427221 69.375000
v -20.939809 7.621467 69.375000
v -21.522843 5.767028 69.375000
v -21.963544 3.872765 69.375000
v -22.258566 1.947372 69.375000
v -22.403511 0.000000 69.375000
v -22.393162 -1.959148 69.375000
v -22.221952 -3.918330 69.375000
v -21.884603 -5.863962 69.375000
v -21.376866 -7.780543 69.375000
v -20.696281 -9.650834 69.375000
v -19.842861 -11.456281 69.375000
v -18.819628 -13.177645 69.375000
v -17.632925 -14.795781 69.375000
v -16.292482 -16.292482 69.375000
v -14.811200 -17.651301 69.375000
v -13.204699 -18.858265 69.375000
v -11.490663 -19.902413 69.375000
v -9.688050 -20.776090 69.375000
v -7.816257 -21.474989 69.375000
v -5.894325 -21.997922 69.375000
v -3.940270 -22.346380 69.375000
v -1.970587 -22.523912 69.375000
v -0.000000 -22.535415 69.375000
v 1.958558 -22.386416 69.375000
v 3.893729 -22.082432 69.375000
v 5.795333 -21.628478 69.375000
v 7.653848 -21.028776 69.375000
v 9.459844 -20.286701 69.375000
v 11.203457 -19.404956 69.375000
v 12.873977 -18.385944 69.375000
v 14.459614 -17.232297 69.375000
v 15.947478 -15.947478 69.375000
v 17.323779 -14.536377 69.375000
v 18.574248 -13.005828 69.375000
v 19.684712 -11.364974 69.375000
v 20.641787 -9.625423 69.375000
v 21.433584 -7.801187 69.375000
v 22.050367 -5.908378 69.375000
v 22.485081 -3.964726 69.375000
v 22.733694 -1.988940 69.375000
v 22.921525 0.000000 71.250000
v 22.790916 1.993947 71.250000
v 22.478618 3.963587 71.250000
v 21.992436 5.892855 71.250000
v 21.341707 7.767746 71.250000
v 20.536545 9.576348 71.250000
v 19.587144 11.308643 71.250000
v 18.503216 12.956092 71.250000
v 17.293639 14.511086 71.250000
v 15.966338 15.966338 71.250000
v 14.528421 17.314298 71.250000
v 12.986537 18.546696 71.250000
v 11.347394 19.654263 71.250000
v 9.618384 20.626690 71.250000
v 7.808199 21.452849 71.250000
v 5.927369 22.121241 71.250000
v 3.988631 22.620648 71.250000
v 2.007069 22.940909 71.250000
v 0.000000 23.073733 71.250000
v -2.013416 23.013452 71.250000
v -4.012784 22.757630 71.250000
v -5.977262 22.307445 71.250000
v -7.886437 21.667807 71.250000
v -9.721200 20.847182 71.250000
v -11.464520 19.857132 71.250000
v -13.102032 18.711641 71.250000
v -14.622383 17.426278 71.250000
v -16.017289 16.017289 71.250000
v -17.281310 14.500741 71.250000
v -18.411367 12.891778 71.250000
v -19.406069 11.204099 71.250000
v -20.264931 9.449692 71.250000
v -20.987574 7.638852 71.250000
v -21.573026 5.780475 71.250000
v -22.019187 3.882577 71.250000
v -22.322547 1.952970 71.250000
v -22.478186 0.000000 71.250000
v -22.480062 -1.966751 71.250000
v -22.321564 -3.935894 71.250000
v -21.996256 -5.893879 71.250000
v -21.498746 -7.824903 71.250000
v -20.825558 -9.711117 71.250000
v -19.975931 -11.533109 71.250000
v -18.952423 -13.270630 71.250000
v -17.761276 -14.903480 71.250000
v -16.412474 -16.412474 71.250000
v -14.919500 -17.780367 71.250000
v -13.298806 -18.992664 71.250000
v -11.569064 -20.038206 71.250000
v -9.750258 -20.909495 71.250000
v -7.862743 -21.602709 71.250000
v -5.926345 -22.117421 71.250000
v -3.959611 -22.456069 71.250000
v -1.979276 -22.623232 71.250000
v -0.000000 -22.624801 71.250000
v 1.965622 -22.467159 71.250000
v 3.906779 -22.156447 71.250000
v 5.813965 -21.698011 71.250000
v 7.678349 -21.096089 71.250000
v 9.491116 -20.353765 71.250000
v 11.242851 -19.473188 71.250000
v 12.923053 -18.456033 71.250000
v 14.519873 -17.304111 71.250000
v 16.020086 -16.020086 71.250000
v 17.409329 -14.608162 71.250000
v 18.672587 -13.074686 71.250000
v 19.794857 -11.428566 71.250000
v 20.761932 -9.681448 71.250000
v 21.561216 -7.847641 71.250000
v 22.182460 -5.943772 71.250000
v 22.618354 -3.988226 71.250000
v 22.864901 -2.000420 71.250000
v 23.030249 0.000000 73.125000
v 22.891747 2.002768 73.125000
v 22.570154 3.979727 73.125000
v 22.074155 5.914752 73.125000
v 21.413946 7.794039 73.125000
v 20.600375 9.606113 73.125000
v 19.644157 11.341560 73.125000
v 18.555257 12.992531 73.125000
v 17.342507 14.552091 73.125000
v 16.013510 16.013510 73.125000
v 14.574817 17.369590 73.125000
v 13.032363 18.612143 73.125000
v 11.392088 19.731675 73.125000
v 9.660663 20.717358 73.125000
v 7.846209 21.557283 73.125000
v 5.958919 22.238989 73.125000
v 4.011477 22.750217 73.125000
v 2.019220 23.079794 73.125000
v 0.000000 23.218563 73.125000
v -2.026258 23.160239 73.125000
v -4.038256 22.902086 73.125000
v -6.014212 22.445346 73.125000
v -7.932859 21.795350 73.125000
v -9.774416 20.961303 73.125000
v -11.521457 19.955750 73.125000
v -13.159555 18.793793 73.125000
v -14.677642 17.492132 73.125000
v -16.068046 16.068046 73.125000
v -17.326204 14.538411 73.125000
v -18.450083 12.918887 73.125000
v -19.439391 11.223338 73.125000
v -20.294669 9.463560 73.125000
v -21.016375 7.649335 73.125000
v -21.604079 5.788796 73.125000
v -22.055868 3.889045 73.125000
v -22.368028 1.956949 73.125000
v -22.535066 0.000000 73.125000
v -22.550048 -1.972874 73.125000
v -22.405246 -3.950649 73.125000
v -22.093003 -5.919802 73.125000
v -21.606722 -7.864204 73.125000
v -20.941874 -9.765356 73.125000
v -20.096897 -11.602949 73.125000
v -19.073885 -13.355678 73.125000
v -17.878991 -15.002255 73.125000
v -16.522490 -16.522490 73.125000
v -15.018488 -17.898337 73.125000
v -13.384318 -19.114786 73.125000
v -11.639679 -20.160516 73.125000
v -9.805623 -21.028226 73.125000
v -7.903481 -21.714636 73.125000
v -5.953869 -22.220141 73.125000
v -3.975853 -22.548185 73.125000
v -1.986380 -22.704425 73.125000
v -0.000000 -22.695785 73.125000
v 1.971078 -22.529521 73.125000
v 3.916645 -22.212395 73.125000
v 5.827913 -21.750066 73.125000
v 7.696786 -21.146746 73.125000
v 9.515091 -20.405179 73.125000
v 11.273866 -19.526909 73.125000
v 12.962816 -18.512819 73.125000
v 14.570006 -17.363857 73.125000
v 16.081844 -16.081844 73.125000
v 17.483356 -14.670278 73.125000
v 18.758741 -13.135012 73.125000
v 19.892131 -11.484727 73.125000
v 20.868478 -9.731131 73.125000
v 21.674471 -7.888862 73.125000
v 22.299360 -5.975095 73.125000
v 22.735612 -4.008902 73.125000
v 22.979308 -2.010429 73.125000
v 23.119998 0.000000 75.000000
v 22.973103 2.009886 75.000000
v 22.641952 3.992387 75.000000
v 22.136157 5.931365 75.000000
v 21.466798 7.813276 75.000000
v 20.645465 9.627139 75.000000
v 19.683380 11.364205 75.000000
v 18.590725 13.017365 75.000000
v 17.376242 14.580398 75.000000
v 16.047147 16.047147 75.000000
v 14.609369 17.410769 75.000000
v 13.068066 18.663132 75.000000
v 11.428351 19.794485 75.000000
v 9.696133 20.793424 75.000000
v 7.878938 21.647203 75.000000
v 5.986612 22.342339 75.000000
v 4.031800 22.865476 75.000000
v 2.030121 23.204391 75.000000
v 0.000000 23.349040 75.000000
v -2.037831 23.292513 75.000000
v -4.061127 23.031797 75.000000
v -6.047140 22.568232 75.000000
v -7.973723 21.907624 75.000000
v -9.820429 21.059978 75.000000
v -11.569455 20.038885 75.000000
v -13.206349 18.860621 75.000000
v -14.720383 17.543070 75.000000
v -16.104564 16.104564 75.000000
v -17.355273 14.562803 75.000000
v -18.471591 12.933947 75.000000
v -19.454385 11.231994 75.000000
v -20.305263 9.468500 75.000000
v -21.025543 7.652672 75.000000
v -21.615341 5.791813 75.000000
v -22.072908 3.892049 75.000000
v -22.394292 1.959247 75.000000
v -22.573369 0.000000 75.000000
v -22.602253 -1.977441 75.000000
v -22.472037 -3.962427 75.000000
v -22.173783 -5.941447 75.000000
v -21.699643 -7.898024 75.000000
v -21.044002 -9.812979 75.000000
v -20.204482 -11.665063 75.000000
v -19.182719 -13.431885 75.000000
v -17.984800 -15.091039 75.000000
v -16.621321 -16.621321 75.000000
v -15.107050 -18.003881 75.000000
v -13.460242 -19.223218 75.000000
v -11.701666 -20.267879 75.000000
v -9.853460 -21.130813 75.000000
v -7.937948 -21.809334 75.000000
v -5.976530 -22.304713 75.000000
v -3.988772 -22.621453 75.000000
v -1.991796 -22.766328 75.000000
v -0.000000 -22.747322 75.000000
v 1.974844 -22.572571 75.000000
v 3.923178 -22.249449 75.000000
v 5.836978 -21.783897 75.000000
v 7.708913 -21.180064 75.000000
v 9.531469 -20.440300 75.000000
v 11.296141 -19.565490 75.000000
v 12.992826 -18.555678 75.000000
v 14.609479 -17.410899 75.000000
v 16.132108 -16.132108 75.000000
v 17.545089 -14.722078 75.000000
v 18.831802 -13.186170 75.000000
v 19.975487 -11.532853 75.000000
v 20.960245 -9.773923 75.000000
v 21.772051 -7.924378 75.000000
v 22.399676 -6.001975 75.000000
v 22.835399 -4.026497 75.000000
v 23.075429 -2.018838 75.000000
v 23.189481 0.000000 76.875000
v 23.033740 2.015191 76.875000
v 22.692843 4.001361 76.875000
v 22.177365 5.942407 76.875000
v 21.499292 7.825102 76.875000
v 20.670949 9.639022 76.875000
v 19.704048 11.376137 76.875000
v 18.608949 13.030126 76.875000
v 17.394249 14.595508 76.875000
v 16.066718 16.066718 76.875000
v 14.631595 17.437256 76.875000
v 13.093201 18.699028 76.875000
v 11.455773 19.841981 76.875000
v 9.724420 20.854087 76.875000
v 7.906053 21.721703 76.875000
v 6.010174 22.430275 76.875000
v 4.049403 22.965303 76.875000
v 2.039665 23.313482 76.875000
v 0.000000 23.463865 76.875000
v -2.048016 23.408928 76.875000
v -4.081158 23.145399 76.875000
v -6.075684 22.674761 76.875000
v -8.008562 22.003343 76.875000
v -9.858681 21.142010 76.875000
v -11.607890 20.105455 76.875000
v -13.241752 18.911181 76.875000
v -14.749934 17.578287 76.875000
v -16.126184 16.126184 76.875000
v -17.367894 14.573393 76.875000
v -18.475318 12.936557 76.875000
v -19.450527 11.229767 76.875000
v -20.296235 9.464290 76.875000
v -21.014630 7.648700 76.875000
v -21.606370 5.789409 76.875000
v -22.069847 3.891510 76.875000
v -22.400827 1.959818 76.875000
v -22.592508 0.000000 76.875000
v -22.635994 -1.980393 76.875000
v -22.521144 -3.971085 76.875000
v -22.237688 -5.958571 76.875000
v -21.776495 -7.925996 76.875000
v -21.130840 -9.853473 76.875000
v -20.297528 -11.718783 76.875000
v -19.277745 -13.498423 76.875000
v -18.077536 -15.168854 76.875000
v -16.707851 -16.707851 76.875000
v -15.184162 -18.095779 76.875000
v -13.525677 -19.316668 76.875000
v -11.754260 -20.358975 76.875000
v -9.893157 -21.215944 76.875000
v -7.965684 -21.885537 76.875000
v -5.994011 -22.369952 76.875000
v -3.998177 -22.674791 76.875000
v -1.995440 -22.807980 76.875000
v -0.000000 -22.778573 76.875000
v 1.976858 -22.595585 76.875000
v 3.926270 -22.266983 76.875000
v 5.841013 -21.798957 76.875000
v 7.714547 -21.195545 76.875000
v 9.540027 -20.458655 76.875000
v 11.309403 -19.588461 76.875000
v 13.012742 -18.584122 76.875000
v 14.637865 -17.444729 76.875000
v 16.170343 -16.170343 76.875000
v 17.593872 -14.763012 76.875000
v 18.890983 -13.227609 76.875000
v 20.044008 -11.572413 76.875000
v 21.036190 -9.809336 76.875000
v 21.852805 -7.953771 76.875000
v 22.482174 -6.024080 76.875000
v 22.916428 -4.040785 76.875000
v 23.151957 -2.025534 76.875000
v 23.237625 0.000000 78.750000
v 23.072638 2.018594 78.750000
v 22.721887 4.006482 78.750000
v 22.196936 5.947651 78.750000
v 21.510684 7.829249 78.750000
v 20.676185 9.641464 78.750000
v 19.705610 11.377039 78.750000
v 18.609454 13.030480 78.750000
v 17.396112 14.597071 78.750000
v 16.071846 16.071846 78.750000
v 14.641144 17.448636 78.750000
v 13.107434 18.719356 78.750000
v 11.474033 19.873609 78.750000
v 9.745221 20.898694 78.750000
v 7.927281 21.780024 78.750000
v 6.029372 22.501923 78.750000
v 4.064110 23.048714 78.750000
v 2.047758 23.405985 78.750000
v 0.000000 23.561882 78.750000
v -2.056708 23.508279 78.750000
v -4.098135 23.241678 78.750000
v -6.099526 22.763742 78.750000
v -8.036965 22.081379 78.750000
v -9.888691 21.206367 78.750000
v -11.636235 20.154550 78.750000
v -13.265220 18.944698 78.750000
v -14.765765 17.597154 78.750000
v -16.132415 16.132415 78.750000
v -17.363631 14.569817 78.750000
v -18.460892 12.926456 78.750000
v -19.427514 11.216480 78.750000
v -20.267334 9.450813 78.750000
v -20.983420 7.637340 78.750000
v -21.576958 5.781528 78.750000
v -22.046451 3.887384 78.750000
v -22.387343 1.958639 78.750000
v -22.592105 0.000000 78.750000
v -22.650782 -1.981687 78.750000
v -22.551952 -3.976518 78.750000
v -22.283979 -5.970974 78.750000
v -21.836422 -7.947807 78.750000
v -21.201435 -9.886392 78.750000
v -20.375013 -11.763519 78.750000
v -19.357909 -13.554554 78.750000
v -18.156153 -15.234822 78.750000
v -16.781086 -16.781086 78.750000
v -15.248911 -18.172944 78.750000
v -13.579821 -19.393994 78.750000
v -11.796793 -20.432646 78.750000
v -9.924186 -21.282486 78.750000
v -7.986299 -21.942175 78.750000
v -6.006049 -22.414880 78.750000
v -4.003916 -22.707337 78.750000
v -1.997247 -22.828641 78.750000
v -0.000000 -22.788922 78.750000
v 1.977074 -22.598061 78.750000
v 3.925848 -22.264588 78.750000
v 5.839926 -21.794902 78.750000
v 7.713579 -21.192884 78.750000
v 9.540631 -20.459949 78.750000
v 11.313475 -19.595513 78.750000
v 13.022329 -18.597813 78.750000
v 14.654848 -17.464967 78.750000
v 16.196135 -16.196135 78.750000
v 17.629175 -14.792634 78.750000
v 18.935631 -13.258872 78.750000
v 20.096917 -11.602960 78.750000
v 21.095423 -9.836957 78.750000
v 21.915749 -7.976680 78.750000
v 22.545798 -6.041128 78.750000
v 22.977604 -4.051571 78.750000
v 23.207791 -2.030419 78.750000
v 23.263590 0.000000 80.625000
v 23.089024 2.020028 80.625000
v 22.728395 4.007629 80.625000
v 22.194275 5.946938 80.625000
v 21.500476 7.825533 80.625000
v 20.660766 9.634273 80.625000
v 19.687735 11.366719 80.625000
v 18.591967 13.018235 80.625000
v 17.381597 14.584892 80.625000
v 16.062316 16.062316 80.625000
v 14.637805 17.444657 80.625000
v 13.110550 18.723805 80.625000
v 11.482908 19.888980 80.625000
v 9.758308 20.926760 80.625000
v 7.942402 21.821569 80.625000
v 6.044015 22.556570 80.625000
v 4.075777 23.114881 80.625000
v 2.054319 23.480975 80.625000
v 0.000000 23.642093 80.625000
v -2.063816 23.589526 80.625000
v -4.111872 23.319586 80.625000
v -6.118395 22.834161 80.625000
v -8.058588 22.140788 80.625000
v -9.910065 21.252203 80.625000
v -11.654073 20.185447 80.625000
v -13.276345 18.960586 80.625000
v -14.767501 17.599223 80.625000
v -16.122941 16.122941 80.625000
v -17.342245 14.551871 80.625000
v -18.428157 12.903534 80.625000
v -19.385264 11.192087 80.625000
v -20.218543 9.428061 80.625000
v -20.931935 7.618601 80.625000
v -21.527131 5.768177 80.625000
v -22.002717 3.879673 80.625000
v -22.353773 1.955702 80.625000
v -22.571996 0.000000 80.625000
v -22.646332 -1.981297 80.625000
v -22.564042 -3.978649 80.625000
v -22.312098 -5.978509 80.625000
v -21.878735 -7.963208 80.625000
v -21.254994 -9.911366 80.625000
v -20.436067 -11.798768 80.625000
v -19.422303 -13.599643 80.625000
v -18.219748 -15.288184 80.625000
v -16.840162 -16.840162 80.625000
v -15.300511 -18.234439 80.625000
v -13.621993 -19.454222 80.625000
v -11.828705 -20.487918 80.625000
v -9.946113 -21.329508 80.625000
v -7.999481 -21.978393 80.625000
v -6.012444 -22.438747 80.625000
v -4.005878 -22.718462 80.625000
v -1.997175 -22.827812 80.625000
v -0.000000 -22.777994 80.625000
v 1.975470 -22.579730 80.625000
v 3.921879 -22.242079 80.625000
v 5.833684 -21.771603 80.625000
v 7.705969 -21.171976 80.625000
v 9.533228 -20.444073 80.625000
v 11.308276 -19.586509 80.625000
v 13.021457 -18.596568 80.625000
v 14.660227 -17.471379 80.625000
v 16.209193 -16.209193 80.625000
v 17.650605 -14.810616 80.625000
v 18.965240 -13.279604 80.625000
v 20.133596 -11.624137 80.625000
v 21.137225 -9.856450 80.625000
v 21.960079 -7.992815 80.625000
v 22.589690 -6.052889 80.625000
v 23.018042 -4.058702 80.625000
v 23.242054 -2.033416 80.625000
v 23.266791 0.000000 82.500000
v 23.082384 2.019447 82.500000
v 22.711940 4.004728 82.500000
v 22.169048 5.940179 82.500000
v 21.468427 7.813868 82.500000
v 20.624528 9.617375 82.500000
v 19.650323 11.345119 82.500000
v 18.556428 12.993350 82.500000
v 17.350660 14.558933 82.500000
v 16.038082 16.038082 82.500000
v 14.621514 17.425242 82.500000
v 13.102453 18.712243 82.500000
v 11.482273 19.887880 82.500000
v 9.763537 20.937972 82.500000
v 7.951261 21.845911 82.500000
v 6.053956 22.593672 82.500000
v 4.084288 23.163150 82.500000
v 2.059282 23.537700 82.500000
v 0.000000 23.703674 82.500000
v -2.069265 23.651809 82.500000
v -4.122218 23.378263 82.500000
v -6.132070 22.885197 82.500000
v -8.073158 22.180820 82.500000
v -9.922502 21.278875 82.500000
v -11.661105 20.197625 82.500000
v -13.274856 18.958458 82.500000
v -14.754930 17.584240 82.500000
v -16.097629 16.097629 82.500000
v -17.303697 14.519526 82.500000
v -18.377170 12.867833 82.500000
v -19.323927 11.156674 82.500000
v -20.150081 9.396137 82.500000
v -20.860433 7.592577 82.500000
v -21.457157 5.749428 82.500000
v -21.938879 3.868416 82.500000
v -22.300278 1.951022 82.500000
v -22.532239 0.000000 82.500000
v -22.622571 -1.979219 82.500000
v -22.557195 -3.977442 82.500000
v -22.321678 -5.981076 82.500000
v -21.902934 -7.972016 82.500000
v -21.290898 -9.928109 82.500000
v -20.479991 -11.824128 82.500000
v -19.470184 -13.633170 82.500000
v -18.267573 -15.328314 82.500000
v -16.884367 -16.884367 82.500000
v -15.338318 -18.279496 82.500000
v -13.651639 -19.496561 82.500000
v -11.849549 -20.524021 82.500000
v -9.958604 -21.356296 82.500000
v -8.005003 -21.993566 82.500000
v -6.013059 -22.441041 82.500000
v -4.003995 -22.707783 82.500000
v -1.995200 -22.805239 82.500000
v -0.000000 -22.745656 82.500000
v 1.972044 -22.540563 82.500000
v 3.914371 -22.199503 82.500000
v 5.822308 -21.729150 82.500000
v 7.691755 -21.132922 82.500000
v 9.517855 -20.411106 82.500000
v 11.293828 -19.561485 82.500000
v 13.010110 -18.580363 82.500000
v 14.653927 -17.463870 82.500000
v 16.209362 -16.209362 82.500000
v 17.657910 -14.816745 82.500000
v 18.979459 -13.289560 82.500000
v 20.153595 -11.635684 82.500000
v 21.161059 -9.867564 82.500000
v 21.985193 -8.001956 82.500000
v 22.613204 -6.059190 82.500000
v 23.037088 -4.062060 82.500000
v 23.254111 -2.034471 82.500000
v 23.246906 0.000000 84.375000
v 23.052474 2.016830 84.375000
v 22.672366 3.997750 84.375000
v 22.121191 5.927355 84.375000
v 21.414555 7.794261 84.375000
v 20.567558 9.590810 84.375000
v 19.593505 11.312315 84.375000
v 18.502989 12.955932 84.375000
v 17.303450 14.519319 84.375000
v 15.999266 15.999266 84.375000
v 14.592349 17.390484 84.375000
v 13.083175 18.684710 84.375000
v 11.472109 19.870275 84.375000
v 9.760842 20.932194 84.375000
v 7.953769 21.852802 84.375000
v 6.059098 22.612863 84.375000
v 4.089560 23.193046 84.375000
v 2.062597 23.575593 84.375000
v 0.000000 23.745994 84.375000
v -2.072997 23.694463 84.375000
v -4.129058 23.417050 84.375000
v -6.140387 22.916235 84.375000
v -8.080481 22.200940 84.375000
v -9.925801 21.285949 84.375000
v -11.657150 20.190777 84.375000
v -13.260626 18.938136 84.375000
v -14.728004 17.552152 84.375000
v -16.056534 16.056534 84.375000
v -17.248151 14.472917 84.375000
v -18.308209 12.819546 84.375000
v -19.243878 11.110458 84.375000
v -20.062400 9.355251 84.375000
v -20.769412 7.559448 84.375000
v -21.367535 5.725414 84.375000
v -21.855401 3.853697 84.375000
v -22.227245 1.944632 84.375000
v -22.473108 0.000000 84.375000
v -22.579636 -1.975462 84.375000
v -22.531396 -3.972893 84.375000
v -22.312551 -5.978630 84.375000
v -21.908706 -7.974117 84.375000
v -21.308720 -9.936419 84.375000
v -20.506268 -11.839299 84.375000
v -19.500985 -13.654737 84.375000
v -18.299050 -15.354726 84.375000
v -16.913150 -16.913150 84.375000
v -15.361838 -18.307526 84.375000
v -13.668348 -19.520425 84.375000
v -11.859007 -20.540403 84.375000
v -9.961436 -21.362368 84.375000
v -8.002728 -21.987313 84.375000
v -6.007824 -22.421503 84.375000
v -3.998244 -22.675171 84.375000
v -1.991323 -22.760923 84.375000
v -0.000000 -22.692025 84.375000
v 1.966813 -22.480771 84.375000
v 3.903374 -22.137133 84.375000
v 5.805882 -21.667847 84.375000
v 7.671045 -21.076022 84.375000
v 9.494638 -20.361317 84.375000
v 11.270251 -19.520648 84.375000
v 12.988381 -18.549331 84.375000
v 14.635993 -17.442497 84.375000
v 16.196620 -16.196620 84.375000
v 17.650987 -14.810937 84.375000
v 18.978097 -13.288606 84.375000
v 20.156641 -11.637442 84.375000
v 21.166581 -9.870139 84.375000
v 21.990696 -8.003959 84.375000
v 22.615923 -6.059918 84.375000
v 23.034327 -4.061573 84.375000
v 23.243582 -2.033550 84.375000
v 23.203883 0.000000 86.250000
v 22.999326 2.012180 86.250000
v 22.609795 3.986717 86.250000
v 22.050912 5.908524 86.250000
v 21.339141 7.766812 86.250000
v 20.490189 9.554732 86.250000
v 19.517643 11.268517 86.250000
v 18.432013 12.906234 86.250000
v 17.240305 14.466333 86.250000
v 15.946158 15.946158 86.250000
v 14.550536 17.340654 86.250000
v 13.052868 18.641427 86.250000
v 11.452496 19.836305 86.250000
v 9.750247 20.909471 86.250000
v 7.949902 21.842177 86.250000
v 6.059394 22.613966 86.250000
v 4.091541 23.204284 86.250000
v 2.064232 23.594283 86.250000
v 0.000000 23.768620 86.250000
v -2.074971 23.717032 86.250000
v -4.132311 23.435503 86.250000
v -6.143238 22.926876 86.250000
v -8.080442 22.200831 86.250000
v -9.919863 21.273215 86.250000
v -11.642158 20.164810 86.250000
v -13.233678 18.899651 86.250000
v -14.686847 17.503103 86.250000
v -15.999896 15.999896 86.250000
v -17.175976 14.412355 86.250000
v -18.221763 12.759016 86.250000
v -19.145715 11.053783 86.250000
v -19.956179 9.305719 86.250000
v -20.659596 7.519478 86.250000
v -21.258994 5.696330 86.250000
v -21.752971 3.835636 86.250000
v -22.135282 1.936586 86.250000
v -22.395093 0.000000 86.250000
v -22.517874 -1.970059 86.250000
v -22.486836 -3.965036 86.250000
v -22.284750 -5.971181 86.250000
v -21.895940 -7.969470 86.250000
v -21.308221 -9.936187 86.250000
v -20.514571 -11.844093 86.250000
v -19.514325 -13.664078 86.250000
v -18.313781 -15.367086 86.250000
v -16.926130 -16.926130 86.250000
v -15.370740 -18.318134 86.250000
v -13.671855 -19.525433 86.250000
v -11.856891 -20.536738 86.250000
v -9.954494 -21.347482 86.250000
v -7.992605 -21.959503 86.250000
v -5.996737 -22.380127 86.250000
v -3.988649 -22.620753 86.250000
v -1.985566 -22.695120 86.250000
v -0.000000 -22.617467 86.250000
v 1.959816 -22.400800 86.250000
v 3.888974 -22.055469 86.250000
v 5.784543 -21.588210 86.250000
v 7.644020 -21.001774 86.250000
v 9.463785 -20.295153 86.250000
v 11.237763 -19.464377 86.250000
v 12.956474 -18.503763 86.250000
v 14.606591 -17.407458 86.250000
v 16.171077 -16.171077 86.250000
v 17.629882 -14.793228 86.250000
v 18.961129 -13.276725 86.250000
v 20.142643 -11.629360 86.250000
v 21.153646 -9.864107 86.250000
v 21.976409 -7.998759 86.250000
v 22.597661 -6.055025 86.250000
v 23.009595 -4.057212 86.250000
v 23.210347 -2.030642 86.250000
v 23.137945 0.000000 88.125000
v 22.923247 2.005524 88.125000
v 22.524623 3.971699 88.125000
v 21.958685 5.883812 88.125000
v 21.242722 7.731719 88.125000
v 20.393000 9.509412 88.125000
v 19.423326 11.214062 88.125000
v 18.344069 12.844655 88.125000
v 17.161744 14.400413 88.125000
v 15.879208 15.879208 88.125000
v 14.496442 17.276186 88.125000
v 13.011805 18.582783 88.125000
v 11.423620 19.786290 88.125000
v 9.731854 20.870029 88.125000
v 7.939702 21.814153 88.125000
v 6.054845 22.596989 88.125000
v 4.090217 23.196774 88.125000
v 2.064172 23.593599 88.125000
v 0.000000 23.771330 88.125000
v -2.075167 23.719272 88.125000
v -4.131940 23.433396 88.125000
v -6.140578 22.916950 88.125000
v -8.073006 22.180402 88.125000
v -9.904695 21.240687 88.125000
v -11.616203 20.119853 88.125000
v -13.194183 18.843246 88.125000
v -14.631748 17.437438 88.125000
v -15.928137 15.928137 88.125000
v -17.087732 14.338309 88.125000
v -18.118528 12.686730 88.125000
v -19.030247 10.987118 88.125000
v -19.832311 9.247959 88.125000
v -20.531924 7.473009 88.125000
v -21.132476 5.662430 88.125000
v -21.632489 3.814391 88.125000
v -22.025203 1.926956 88.125000
v -22.298890 0.000000 88.125000
v -22.437836 -1.963056 88.125000
v -22.423907 -3.953940 88.125000
v -22.238508 -5.958790 88.125000
v -21.864721 -7.958108 88.125000
v -21.289367 -9.927395 88.125000
v -20.504770 -11.838435 88.125000
v -19.510015 -13.661060 88.125000
v -18.311555 -15.365219 88.125000
v -16.923108 -16.923108 88.125000
v -15.364857 -18.311123 88.125000
v -13.662047 -19.511426 88.125000
v -11.843147 -20.512932 88.125000
v -9.937782 -21.311641 88.125000
v -7.974681 -21.910256 88.125000
v -5.979866 -22.317166 88.125000
v -3.975276 -22.544913 88.125000
v -1.977973 -22.608332 88.125000
v -0.000000 -22.522585 88.125000
v 1.951114 -22.301331 88.125000
v 3.871299 -21.955228 88.125000
v 5.758485 -21.490957 88.125000
v 7.610932 -20.910864 88.125000
v 9.425588 -20.213239 88.125000
v 11.196675 -19.393211 88.125000
v 12.914699 -18.444101 88.125000
v 14.566010 -17.359094 88.125000
v 16.132982 -16.132982 88.125000
v 17.594790 -14.763782 88.125000
v 18.928695 -13.254015 88.125000
v 20.111691 -11.611490 88.125000
v 21.122311 -9.849496 88.125000
v 21.942376 -7.986372 88.125000
v 22.558469 -6.044524 88.125000
v 22.962978 -4.048993 88.125000
v 23.154553 -2.025761 88.125000
v 23.049580 0.000000 90.000000
v 22.824817 1.996913 90.000000
v 22.417513 3.952812 90.000000
v 21.845245 5.853416 90.000000
v 21.126085 7.689266 90.000000
v 20.276799 9.455227 90.000000
v 19.311354 11.149416 90.000000
v 18.239919 12.771729 90.000000
v 17.068464 14.322142 90.000000
v 15.799023 15.799023 90.000000
v 14.430564 17.197677 90.000000
v 12.960376 18.509335 90.000000
v 11.385761 19.720717 90.000000
v 9.705852 20.814266 90.000000
v 7.923279 21.769031 90.000000
v 6.045505 22.562130 90.000000
v 4.085606 23.170620 90.000000
v 2.062420 23.573573 90.000000
v 0.000000 23.754110 90.000000
v -2.073583 23.701161 90.000000
v -4.127943 23.410729 90.000000
v -6.132422 22.886512 90.000000
v -8.058225 22.139792 90.000000
v -9.880408 21.188603 90.000000
v -11.579483 20.056252 90.000000
v -13.142453 18.769369 90.000000
v -14.563155 17.355692 90.000000
v -15.841856 15.841856 90.000000
v -16.984168 14.251409 90.000000
v -17.999391 12.603309 90.000000
v -18.898481 10.911043 90.000000
v -19.691891 9.182480 90.000000
v -20.387536 7.420456 90.000000
v -20.989124 5.624019 90.000000
v -21.495053 3.790158 90.000000
v -21.898022 1.915829 90.000000
v -22.185392 0.000000 90.000000
v -22.340269 -1.954520 90.000000
v -22.343197 -3.939708 90.000000
v -22.174256 -5.941574 90.000000
v -21.815334 -7.940132 90.000000
v -21.252316 -9.910118 90.000000
v -20.476932 -11.822362 90.000000
v -19.488062 -13.645688 90.000000
v -18.292352 -15.349106 90.000000
v -16.904063 -16.904063 90.000000
v -15.344194 -18.286498 90.000000
v -13.638965 -19.478461 90.000000
v -11.817855 -20.469126 90.000000
v -9.911413 -21.255093 90.000000
v -7.949089 -21.839943 90.000000
v -5.957346 -22.233120 90.000000
v -3.958237 -22.448280 90.000000
v -1.968609 -22.501304 90.000000
v -0.000000 -22.408217 90.000000
v 1.940784 -22.183258 90.000000
v 3.850510 -21.837330 90.000000
v 5.727949 -21.376998 90.000000
v 7.572093 -20.804155 90.000000
v 9.380415 -20.116365 90.000000
v 11.147389 -19.307844 90.000000
v 12.863466 -18.370934 90.000000
v 14.514649 -17.297885 90.000000
v 16.082708 -16.082708 90.000000
v 17.546049 -14.722883 90.000000
v 18.881097 -13.220687 90.000000
v 20.064058 -11.583990 90.000000
v 21.072833 -9.826424 90.000000
v 21.888857 -7.966892 90.000000
v 22.498637 -6.028492 90.000000
v 22.894815 -4.036974 90.000000
v 23.076605 -2.018941 90.000000
v 22.939536 0.000000 91.875000
v 22.704870 1.986419 91.875000
v 22.289381 3.930219 91.875000
v 21.711574 5.817599 91.875000
v 20.990250 7.639826 91.875000
v 20.142613 9.392655 91.875000
v 19.182731 11.075155 91.875000
v 18.120508 12.688116 91.875000
v 16.961323 14.232240 91.875000
v 15.706349 15.706349 91.875000
v 14.353530 17.105871 91.875000
v 12.899078 18.421793 91.875000
v 11.339296 19.640236 91.875000
v 9.672503 20.742750 91.875000
v 7.900806 21.707285 91.875000
v 6.031475 22.509771 91.875000
v 4.077759 23.126122 91.875000
v 2.058997 23.534440 91.875000
v 0.000000 23.717161 91.875000
v -2.070235 23.662893 91.875000
v -4.120360 23.367725 91.875000
v -6.118845 22.835841 91.875000
v -8.036231 22.079363 91.875000
v -9.847215 21.117421 91.875000
v -11.532320 19.974564 91.875000
v -13.078943 18.678666 91.875000
v -14.481671 17.258584 91.875000
v -15.741814 15.741814 91.875000
v -16.866206 14.152427 91.875000
v -17.865420 12.509502 91.875000
v -18.751605 10.826244 91.875000
v -19.536193 9.109876 91.875000
v -20.227754 7.362300 91.875000
v -20.830257 5.581450 91.875000
v -21.341939 3.763160 91.875000
v -21.754928 1.903310 91.875000
v -22.055667 0.000000 91.875000
v -22.226098 -1.944532 91.875000
v -22.245479 -3.922478 91.875000
v -22.092612 -5.919698 91.875000
v -21.748257 -7.915718 91.875000
v -21.197427 -9.884523 91.875000
v -20.431321 -11.796028 91.875000
v -19.448668 -13.618104 91.875000
v -18.256340 -15.318888 91.875000
v -16.869157 -16.869157 91.875000
v -15.308923 -18.244464 91.875000
v -13.602801 -19.426813 91.875000
v -11.781230 -20.405690 91.875000
v -9.875614 -21.178322 91.875000
v -7.916053 -21.749176 91.875000
v -5.929376 -22.128733 91.875000
v -3.937685 -22.331722 91.875000
v -1.957560 -22.375010 91.875000
v -0.000000 -22.275413 91.875000
v 1.928922 -22.047679 91.875000
v 3.826804 -21.702883 91.875000
v 5.693228 -21.247416 91.875000
v 7.527877 -20.682672 91.875000
v 9.328703 -20.005469 91.875000
v 11.090385 -19.209111 91.875000
v 12.803282 -18.284981 91.875000
v 14.453016 -17.224434 91.875000
v 16.020753 -16.020753 91.875000
v 17.484140 -14.670935 91.875000
v 18.818797 -13.177064 91.875000
v 20.000195 -11.547118 91.875000
v 21.005665 -9.795103 91.875000
v 21.816327 -7.940494 91.875000
v 22.418683 -6.007068 91.875000
v 22.805685 -4.021258 91.875000
v 22.977163 -2.010241 91.875000
v 22.808807 0.000000 93.750000
v 22.564489 1.974137 93.750000
v 22.141384 3.904123 93.750000
v 21.558881 5.776685 93.750000
v 20.836449 7.583847 93.750000
v 19.991670 9.322269 93.750000
v 19.038639 10.991964 93.750000
v 17.986945 12.594594 93.750000
v 16.841324 14.131549 93.750000
v 15.602066 15.602066 93.750000
v 14.266079 17.001651 93.750000
v 12.828509 18.321010 93.750000
v 11.284684 19.545646 93.750000
v 9.632147 20.656207 93.750000
v 7.872515 21.629556 93.750000
v 6.012905 22.440469 93.750000
v 4.066764 23.063764 93.750000
v 2.053939 23.476632 93.750000
v 0.000000 23.660887 93.750000
v -2.065159 23.604876 93.750000
v -4.109269 23.304825 93.750000
v -6.099981 22.765440 93.750000
v -8.007234 21.999694 93.750000
v -9.805428 21.027809 93.750000
v -11.475151 19.875544 93.750000
v -13.004235 18.571972 93.750000
v -14.388043 17.147002 93.750000
v -15.628927 15.628927 93.750000
v -16.734922 14.042267 93.750000
v -17.717840 12.406165 93.750000
v -18.590967 10.733500 93.750000
v -19.366650 9.030817 93.750000
v -20.054054 7.299079 93.750000
v -20.657352 5.535121 93.750000
v -21.174578 3.733649 93.750000
v -21.597267 1.889516 93.750000
v -21.910946 0.000000 93.750000
v -22.096418 -1.933186 93.750000
v -22.131696 -3.902415 93.750000
v -21.994373 -5.893374 93.750000
v -21.664151 -7.885106 93.750000
v -21.125245 -9.850863 93.750000
v -20.368391 -11.759696 93.750000
v -19.392223 -13.578581 93.750000
v -18.203873 -15.274864 93.750000
v -16.818729 -16.818729 93.750000
v -15.259381 -18.185422 93.750000
v -13.553897 -19.356971 93.750000
v -11.733615 -20.323216 93.750000
v -9.830719 -21.082044 93.750000
v -7.875879 -21.638800 93.750000
v -5.896216 -22.004977 93.750000
v -3.913811 -22.196325 93.750000
v -1.944928 -22.230630 93.750000
v -0.000000 -22.125422 93.750000
v 1.915641 -21.895876 93.750000
v 3.800405 -21.553166 93.750000
v 5.654652 -21.103448 93.750000
v 7.478709 -20.547584 93.750000
v 9.270954 -19.881625 93.750000
v 11.026220 -19.097974 93.750000
v 12.734735 -18.187086 93.750000
v 14.381720 -17.139466 93.750000
v 15.947729 -15.947729 93.750000
v 17.409670 -14.608448 93.750000
v 18.742404 -13.123573 93.750000
v 19.920719 -11.501232 93.750000
v 20.921447 -9.755831 93.750000
v 21.725468 -7.907424 93.750000
v 22.319344 -5.980450 93.750000
v 22.696404 -4.001988 93.750000
v 22.857129 -1.999740 93.750000
v 22.658611 0.000000 95.625000
v 22.404978 1.960182 95.625000
v 21.974895 3.874767 95.625000
v 21.388581 5.731053 95.625000
v 20.666112 7.521850 95.625000
v 19.825373 9.244723 95.625000
v 18.880426 10.900619 95.625000
v 17.840482 12.492040 95.625000
v 16.709601 14.021020 95.625000
v 15.487167 15.487167 95.625000
v 14.169053 16.886019 95.625000
v 12.749357 18.207969 95.625000
v 11.222466 19.437882 95.625000
v 9.585190 20.555506 95.625000
v 7.838696 21.536640 95.625000
v 5.989990 22.354948 95.625000
v 4.052736 22.984210 95.625000
v 2.047302 23.400771 95.625000
v 0.000000 23.585892 95.625000
v -2.058409 23.527725 95.625000
v -4.094785 23.222681 95.625000
v -6.076021 22.676018 95.625000
v -7.971519 21.901569 95.625000
v -9.755451 20.920632 95.625000
v -11.408519 19.760135 95.625000
v -12.919032 18.450289 95.625000
v -14.283144 17.021988 95.625000
v -15.504241 15.504241 95.625000
v -16.591532 13.921948 95.625000
v -17.558016 12.294255 95.625000
v -18.418051 10.633667 95.625000
v -19.184832 8.946034 95.625000
v -19.868047 7.231378 95.625000
v -20.472019 5.485461 95.625000
v -20.994535 3.701903 95.625000
v -21.426523 1.874578 95.625000
v -21.752601 0.000000 95.625000
v -21.952466 -1.920592 95.625000
v -22.002947 -3.879713 95.625000
v -21.880498 -5.862862 95.625000
v -21.563846 -7.848598 95.625000
v -21.036491 -9.809477 95.625000
v -20.288779 -11.713732 95.625000
v -19.319302 -13.527521 95.625000
v -18.135484 -15.217478 95.625000
v -16.753285 -16.753285 95.625000
v -15.196061 -18.109960 95.625000
v -13.492733 -19.269620 95.625000
v -11.675471 -20.222509 95.625000
v -9.777160 -20.967187 95.625000
v -7.828953 -21.509873 95.625000
v -5.858181 -21.863031 95.625000
v -3.886842 -22.043375 95.625000
v -1.930834 -22.069535 95.625000
v -0.000000 -21.959666 95.625000
v 1.901066 -21.729288 95.625000
v 3.771564 -21.389601 95.625000
v 5.612589 -20.946468 95.625000
v 7.425060 -20.400184 95.625000
v 9.207722 -19.746024 95.625000
v 10.955514 -18.975507 95.625000
v 12.658490 -18.078198 95.625000
v 14.301454 -17.043809 95.625000
v 15.864349 -15.864349 95.625000
v 17.323371 -14.536035 95.625000
v 18.652666 -13.060737 95.625000
v 19.826404 -11.446780 95.625000
v 20.820995 -9.708990 95.625000
v 21.617152 -7.868000 95.625000
v 22.201568 -5.948892 95.625000
v 22.568003 -3.979348 95.625000
v 22.717628 -1.987535 95.625000
v 22.490369 0.000000 97.500000
v 22.227838 1.944684 97.500000
v 21.791476 3.842425 97.500000
v 21.202271 5.681131 97.500000
v 20.480832 7.454413 97.500000
v 19.645279 9.160744 97.500000
v 18.709573 10.801977 97.500000
v 17.682496 12.381417 97.500000
v 16.567398 13.901697 97.500000
v 15.362742 15.362742 97.500000
v 14.063378 16.760081 97.500000
v 12.662386 18.083761 97.500000
v 11.153250 19.317996 97.500000
v 9.532096 20.441645 97.500000
v 7.799691 21.429475 97.500000
v 5.962964 22.254085 97.500000
v 4.035822 22.888286 97.500000
v 2.039155 23.307653 97.500000
v 0.000000 23.492965 97.500000
v -2.050056 23.432245 97.500000
v -4.077057 23.122137 97.500000
v -6.047206 22.568479 97.500000
v -7.929442 21.785964 97.500000
v -9.697771 20.796936 97.500000
v -11.333066 19.629446 97.500000
v -12.824143 18.314775 97.500000
v -14.167960 16.884717 97.500000
v -15.368921 15.368921 97.500000
v -16.437368 13.792589 97.500000
v -17.387425 12.174806 97.500000
v -18.234453 10.527667 97.500000
v -18.992415 8.856308 97.500000
v -19.671450 7.159822 97.500000
v -20.275970 5.432930 97.500000
v -20.803481 3.668215 97.500000
v -21.244287 1.858634 97.500000
v -21.582118 0.000000 97.500000
v -21.795608 -1.906869 97.500000
v -21.860467 -3.854590 97.500000
v -21.752094 -5.828456 97.500000
v -21.448332 -7.806554 97.500000
v -20.932053 -9.760777 97.500000
v -20.193290 -11.658601 97.500000
v -19.230647 -13.465444 97.500000
v -18.051871 -15.147319 97.500000
v -16.673492 -16.673492 97.500000
v -15.119602 -18.018840 97.500000
v -13.419923 -19.165636 97.500000
v -11.607376 -20.104565 97.500000
v -9.715462 -20.834876 97.500000
v -7.775731 -21.363644 97.500000
v -5.815639 -21.704262 97.500000
v -3.857036 -21.874336 97.500000
v -1.915412 -21.893257 97.500000
v -0.000000 -21.779716 97.500000
v 1.885336 -21.549492 97.500000
v 3.740554 -21.213735 97.500000
v 5.567438 -20.777961 97.500000
v 7.367437 -20.241868 97.500000
v 9.139608 -19.599953 97.500000
v 10.878940 -18.842877 97.500000
v 12.575279 -17.959360 97.500000
v 14.212991 -16.938383 97.500000
v 15.771420 -15.771420 97.500000
v 17.226080 -14.454398 97.500000
v 18.550456 -12.989169 97.500000
v 19.718171 -11.384291 97.500000
v 20.705286 -9.655033 97.500000
v 21.492426 -7.822603 97.500000
v 22.066488 -5.912698 97.500000
v 22.421711 -3.953553 97.500000
v 22.559986 -1.973743 97.500000
v 22.305681 0.000000 99.375000
v 22.034747 1.927791 99.375000
v 21.592855 3.807403 99.375000
v 21.001697 5.627388 99.375000
v 20.282343 7.382169 99.375000
v 19.453070 9.071115 99.375000
v 18.527675 10.696958 99.375000
v 17.514463 12.263759 99.375000
v 16.416045 13.774697 99.375000
v 15.229961 15.229961 99.375000
v 13.950055 16.625028 99.375000
v 12.568425 17.949571 99.375000
v 11.077704 19.187145 99.375000
v 9.473384 20.315738 99.375000
v 7.755886 21.309121 99.375000
v 5.932099 22.138895 99.375000
v 4.016195 22.776971 99.375000
v 2.029583 23.198235 99.375000
v 0.000000 23.383066 99.375000
v -2.040185 23.319419 99.375000
v -4.056265 23.004220 99.375000
v -6.013827 22.443906 99.375000
v -7.881420 21.654024 99.375000
v -9.632951 20.657929 99.375000
v -11.249517 19.484735 99.375000
v -12.720471 18.166716 99.375000
v -14.043575 16.736481 99.375000
v -15.224228 15.224228 99.375000
v -16.273854 13.655385 99.375000
v -17.207636 12.048917 99.375000
v -18.041855 10.416470 99.375000
v -18.791157 8.762460 99.375000
v -19.466057 7.085065 99.375000
v -20.070998 5.378008 99.375000
v -20.603167 3.632894 99.375000
v -21.052239 1.841832 99.375000
v -21.401079 0.000000 99.375000
v -21.627311 -1.892145 99.375000
v -21.705605 -3.827284 99.375000
v -21.610394 -5.790488 99.375000
v -21.318734 -7.759385 99.375000
v -20.812966 -9.705245 99.375000
v -20.082881 -11.594857 99.375000
v -19.127157 -13.392979 99.375000
v -17.953885 -15.065098 99.375000
v -16.580161 -16.580161 99.375000
v -15.030779 -17.912985 99.375000
v -13.336195 -19.046060 99.375000
v -11.530005 -19.970554 99.375000
v -9.646232 -20.686411 99.375000
v -7.716728 -21.201536 99.375000
v -5.768999 -21.530197 99.375000
v -3.824677 -21.690822 99.375000
v -1.898807 -21.703466 99.375000
v -0.000000 -21.587269 99.375000
v 1.868598 -21.358175 99.375000
v 3.707665 -21.027211 99.375000
v 5.519619 -20.599499 99.375000
v 7.306379 -20.074111 99.375000
v 9.067248 -19.444777 99.375000
v 10.797216 -18.701326 99.375000
v 12.485883 -17.831689 99.375000
v 14.117168 -16.824185 99.375000
v 15.669825 -15.669825 99.375000
v 17.118728 -14.364319 99.375000
v 18.436757 -12.909556 99.375000
v 19.597062 -11.314369 99.375000
v 20.575437 -9.594484 99.375000
v 21.352498 -7.771674 99.375000
v 21.915406 -5.872215 99.375000
v 22.258931 -3.924850 99.375000
v 22.385711 -1.958496 99.375000
v 22.106295 0.000000 101.250000
v 21.827522 1.909661 101.250000
v 21.380892 3.770028 101.250000
v 20.788730 5.570324 101.250000
v 20.072488 7.305788 101.250000
v 19.250526 8.976668 101.250000
v 18.336413 10.586533 101.250000
v 17.337934 12.140152 101.250000
v 16.256940 13.641193 101.250000
v 15.090054 15.090054 101.250000
v 13.830138 16.482117 101.250000
v 12.468354 17.806654 101.250000
v 10.996540 19.046565 101.250000
v 9.409615 20.178985 101.250000
v 7.707705 21.176745 101.250000
v 5.897698 22.010508 101.250000
v 3.994048 22.651373 101.250000
v 2.018680 23.073620 101.250000
v 0.000000 23.257307 101.250000
v -2.028896 23.190387 101.250000
v -4.032618 22.870114 101.250000
v -5.976215 22.303538 101.250000
v -7.827924 21.507043 101.250000
v -9.561619 20.504957 101.250000
v -11.158671 19.327385 101.250000
v -12.608993 18.007509 101.250000
v -13.911148 16.578661 101.250000
v -15.071497 15.071497 101.250000
v -16.102488 13.511592 101.250000
v -17.020284 11.917731 101.250000
v -17.841998 10.301082 101.250000
v -18.582870 8.665334 101.250000
v -19.253714 7.007779 101.250000
v -19.858943 5.321188 101.250000
v -20.395394 3.596258 101.250000
v -20.852114 1.824324 101.250000
v -21.211131 0.000000 101.250000
v -21.449124 -1.876555 101.250000
v -21.539803 -3.798048 101.250000
v -21.456737 -5.749315 101.250000
v -21.176299 -7.707543 101.250000
v -20.680390 -9.643424 101.250000
v -19.958646 -11.523130 101.250000
v -19.009866 -13.310851 101.250000
v -17.842511 -14.971645 101.250000
v -16.474233 -16.474233 101.250000
v -14.930482 -17.793456 101.250000
v -13.242384 -18.912084 101.250000
v -11.444121 -19.821800 101.250000
v -9.570144 -20.523241 101.250000
v -7.652516 -21.025114 101.250000
v -5.718706 -21.342501 101.250000
v -3.790072 -21.494567 101.250000
v -1.881176 -21.501943 101.250000
v -0.000000 -21.384113 101.250000
v 1.851007 -21.157102 101.250000
v 3.673198 -20.831744 101.250000
v 5.469570 -20.412714 101.250000
v 7.242443 -19.898448 101.250000
v 8.991304 -19.281913 101.250000
v 10.711089 -18.552150 101.250000
v 12.391124 -17.696359 101.250000
v 14.014870 -16.702272 101.250000
v 15.560512 -15.560512 101.250000
v 17.002324 -14.266644 101.250000
v 18.312645 -12.822652 101.250000
v 19.464232 -11.237679 101.250000
v 20.432691 -9.527920 101.250000
v 21.198705 -7.715698 101.250000
v 21.749767 -5.827832 101.250000
v 22.081219 -3.893515 101.250000
v 22.196459 -1.941938 101.250000
v 21.894074 0.000000 103.125000
v 21.608090 1.890463 103.125000
v 21.157549 3.730647 103.125000
v 20.565331 5.510464 103.125000
v 19.853188 7.225970 103.125000
v 19.039493 8.878261 103.125000
v 18.137525 10.471705 103.125000
v 17.154510 12.011717 103.125000
v 16.091527 13.502394 103.125000
v 14.944290 14.944290 103.125000
v 13.704718 16.332647 103.125000
v 12.363089 17.656321 103.125000
v 10.910508 18.897554 103.125000
v 9.341385 20.032666 103.125000
v 7.655603 21.033597 103.125000
v 5.860091 21.870156 103.125000
v 3.969598 22.512711 103.125000
v 2.006555 22.935029 103.125000
v 0.000000 23.116927 103.125000
v -2.016301 23.046425 103.125000
v -4.006350 22.721139 103.125000
v -5.934738 22.148745 103.125000
v -7.769470 21.346443 103.125000
v -9.484455 20.339480 103.125000
v -11.061383 19.158878 103.125000
v -12.490747 17.838635 103.125000
v -13.771898 16.412708 103.125000
v -14.912117 14.912117 103.125000
v -15.924813 13.362505 103.125000
v -16.827042 11.782422 103.125000
v -17.636653 10.182526 103.125000
v -18.369391 8.565788 103.125000
v -19.036289 6.928643 103.125000
v -19.641669 5.262969 103.125000
v -20.181991 3.558630 103.125000
v -20.645680 1.806263 103.125000
v -21.013966 0.000000 103.125000
v -21.262648 -1.860241 103.125000
v -21.364572 -3.767150 103.125000
v -21.292546 -5.705321 103.125000
v -21.022367 -7.651516 103.125000
v -20.535597 -9.575906 103.125000
v -19.821792 -11.444117 103.125000
v -18.879927 -13.219867 103.125000
v -17.718852 -14.867882 103.125000
v -16.356756 -16.356756 103.125000
v -14.819703 -17.661434 103.125000
v -13.139411 -18.765024 103.125000
v -11.350562 -19.659750 103.125000
v -9.487933 -20.346938 103.125000
v -7.583705 -20.836059 103.125000
v -5.665234 -21.142941 103.125000
v -3.753543 -21.287400 103.125000
v -1.862681 -21.290543 103.125000
v -0.000000 -21.172103 103.125000
v 1.832721 -20.948095 103.125000
v 3.637465 -20.629091 103.125000
v 5.417740 -20.219280 103.125000
v 7.176199 -19.716445 103.125000
v 8.912451 -19.112814 103.125000
v 10.621329 -18.396682 103.125000
v 12.291853 -17.554585 103.125000
v 13.907022 -16.573743 103.125000
v 15.444476 -15.444476 103.125000
v 16.877936 -14.162270 103.125000
v 18.179271 -12.729263 103.125000
v 19.320921 -11.154939 103.125000
v 20.278388 -9.455968 103.125000
v 21.032498 -7.655203 103.125000
v 21.571134 -5.779968 103.125000
v 21.890247 -3.859841 103.125000
v 21.994006 -1.924226 103.125000
v 21.670969 0.000000 105.000000
v 21.378458 1.870373 105.000000
v 20.924856 3.689617 105.000000
v 20.333518 5.448350 105.000000
v 19.626416 7.143431 105.000000
v 18.821858 8.776776 105.000000
v 17.932781 10.353496 105.000000
v 16.965818 11.879594 105.000000
v 15.921268 13.359530 105.000000
v 14.793959 14.793959 105.000000
v 13.574908 16.177946 105.000000
v 12.253569 17.499910 105.000000
v 10.820381 18.741450 105.000000
v 9.269313 19.878105 105.000000
v 7.600060 20.880993 105.000000
v 5.819627 21.719145 105.000000
v 3.943076 22.362293 105.000000
v 1.993323 22.783784 105.000000
v 0.000000 22.963276 105.000000
v -2.002521 22.888918 105.000000
v -3.977712 22.558726 105.000000
v -5.889792 21.981005 105.000000
v -7.706612 21.173743 105.000000
v -9.402183 20.163046 105.000000
v -10.958554 18.980772 105.000000
v -12.366811 17.661637 105.000000
v -13.627078 16.240119 105.000000
v -14.747509 14.747509 105.000000
v -15.742395 13.209438 105.000000
v -16.629595 11.644168 105.000000
v -17.427599 10.061829 105.000000
v -18.152559 8.464677 105.000000
v -18.815644 6.848334 105.000000
v -19.421035 5.203851 105.000000
v -19.964787 3.520331 105.000000
v -20.434712 1.787806 105.000000
v -20.811291 0.000000 105.000000
v -21.069517 -1.843344 105.000000
v -21.181467 -3.734864 105.000000
v -21.119302 -5.658900 105.000000
v -20.858351 -7.591819 105.000000
v -20.379938 -9.503321 105.000000
v -19.673619 -11.358569 105.000000
v -18.738589 -13.120901 105.000000
v -17.584103 -14.754815 105.000000
v -16.228872 -16.228872 105.000000
v -14.699514 -17.518199 105.000000
v -13.028270 -18.606297 105.000000
v -11.250220 -19.485953 105.000000
v -9.400376 -20.159171 105.000000
v -7.510940 -20.636138 105.000000
v -5.609077 -20.933361 105.000000
v -3.715423 -21.071212 105.000000
v -1.843489 -21.071174 105.000000
v -0.000000 -20.953130 105.000000
v 1.813902 -20.733000 105.000000
v 3.600778 -20.421026 105.000000
v 5.364578 -20.020878 105.000000
v 7.108222 -19.529679 105.000000
v 8.831374 -18.938942 105.000000
v 10.528714 -18.236268 105.000000
v 12.188933 -17.407600 105.000000
v 13.794569 -16.439727 105.000000
v 15.322743 -15.322743 105.000000
v 16.746678 -14.052131 105.000000
v 18.037842 -12.630233 105.000000
v 19.168437 -11.066902 105.000000
v 20.113948 -9.379288 105.000000
v 20.855413 -7.590750 105.000000
v 21.381162 -5.729065 105.000000
v 21.687784 -3.824141 105.000000
v 21.780223 -1.905523 105.000000
v 21.438985 0.000000 106.875000
v 21.140678 1.849570 106.875000
v 20.684880 3.647302 106.875000
v 20.095336 5.384529 106.875000
v 19.394157 7.058896 106.875000
v 18.599516 8.673097 106.875000
v 17.723954 10.232929 106.875000
v 16.773485 11.744921 106.875000
v 15.747628 13.213829 106.875000
v 14.640353 14.640353 106.875000
v 13.441825 16.019343 106.875000
v 12.140739 17.338772 106.875000
v 10.726943 18.579610 106.875000
v 9.194031 19.716662 106.875000
v 7.541569 20.720289 106.875000
v 5.776672 21.558835 106.875000
v 3.914722 22.201492 106.875000
v 1.979105 22.621279 106.875000
v 0.000000 22.797782 106.875000
v -1.987684 22.719337 106.875000
v -3.946972 22.384391 106.875000
v -5.841795 21.801876 106.875000
v -7.639930 20.990535 106.875000
v -9.315552 19.977265 106.875000
v -10.851109 18.794672 106.875000
v -12.238289 17.478088 106.875000
v -13.477963 16.062410 106.875000
v -14.579101 14.579101 106.875000
v -15.556799 13.053704 106.875000
v -16.429622 11.504145 106.875000
v -17.216596 9.940006 106.875000
v -17.934184 8.362847 106.875000
v -18.593613 6.767522 106.875000
v -19.198868 5.144321 106.875000
v -19.745581 3.481679 106.875000
v -20.220968 1.769105 106.875000
v -20.604806 0.000000 106.875000
v -20.871369 -1.826008 106.875000
v -20.992066 -3.701468 106.875000
v -20.938523 -5.610460 106.875000
v -20.685716 -7.528985 106.875000
v -20.214829 -9.426329 106.875000
v -19.515492 -11.267275 106.875000
v -18.587172 -13.014878 106.875000
v -17.439535 -14.633508 106.875000
v -16.091788 -16.091788 106.875000
v -14.571052 -17.365103 106.875000
v -12.910003 -18.437395 106.875000
v -11.144032 -19.302030 106.875000
v -9.308281 -19.961672 106.875000
v -7.434884 -20.427176 106.875000
v -5.550741 -20.715648 106.875000
v -3.676051 -20.847924 106.875000
v -1.823768 -20.845761 106.875000
v -0.000000 -20.729092 106.875000
v 1.794713 -20.513660 106.875000
v 3.563448 -20.209317 106.875000
v 5.310533 -19.819180 106.875000
v 7.039081 -19.339715 106.875000
v 8.748748 -18.761751 106.875000
v 10.434020 -18.072252 106.875000
v 12.083230 -17.256640 106.875000
v 13.678464 -16.301359 106.875000
v 15.196357 -15.196357 106.875000
v 16.609688 -13.937183 106.875000
v 17.889597 -12.526430 106.875000
v 19.008134 -10.974352 106.875000
v 19.940842 -9.298568 106.875000
v 20.669045 -7.522917 106.875000
v 21.181565 -5.675583 106.875000
v 21.475657 -3.786738 106.875000
v 21.557035 -1.885996 106.875000
v 21.200147 0.000000 108.750000
v 20.896816 1.828234 108.750000
v 20.439692 3.604069 108.750000
v 19.852828 5.319549 108.750000
v 19.158388 6.973083 108.750000
v 18.374346 8.568098 108.750000
v 17.512797 10.111018 108.750000
v 16.579116 11.608822 108.750000
v 15.572051 13.066502 108.750000
v 14.484746 14.484746 108.750000
v 13.306573 15.858156 108.750000
v 12.025539 17.174250 108.750000
v 10.630977 18.413391 108.750000
v 9.116176 19.549702 108.750000
v 7.480630 20.552862 108.750000
v 5.731599 21.390617 108.750000
v 3.884787 22.031721 108.750000
v 1.964030 22.448962 108.750000
v 0.000000 22.621932 108.750000
v -1.971925 22.539211 108.750000
v -3.914407 22.199707 108.750000
v -5.791178 21.612970 108.750000
v -7.570018 20.798454 108.750000
v -9.225329 19.783781 108.750000
v -10.739990 18.602208 108.750000
v -12.106293 17.289578 108.750000
v -13.325824 15.881098 108.750000
v -14.408311 14.408311 108.750000
v -15.369568 12.896599 108.750000
v -16.228765 11.363504 108.750000
v -17.005359 9.818049 108.750000
v -17.716027 8.261119 108.750000
v -18.371977 6.686853 108.750000
v -18.976945 5.084857 108.750000
v -19.526126 3.442983 108.750000
v -20.006160 1.750312 108.750000
v -20.396182 0.000000 108.750000
v -20.669825 -1.808375 108.750000
v -20.797943 -3.667239 108.750000
v -20.751740 -5.560412 108.750000
v -20.505951 -7.463556 108.750000
v -20.041719 -9.345607 108.750000
v -19.348825 -11.171050 108.750000
v -18.427045 -12.902756 108.750000
v -17.286466 -14.505068 108.750000
v -15.946760 -15.946760 108.750000
v -14.435491 -17.203549 108.750000
v -12.785690 -18.259858 108.750000
v -11.032959 -19.109645 108.750000
v -9.212473 -19.756212 108.750000
v -7.356211 -20.211023 108.750000
v -5.490736 -20.491705 108.750000
v -3.635767 -20.619462 108.750000
v -1.803686 -20.616221 108.750000
v -0.000000 -20.501869 108.750000
v 1.775310 -20.291891 108.750000
v 3.525781 -19.995697 108.750000
v 5.256044 -19.615822 108.750000
v 6.969333 -19.148086 108.750000
v 8.665240 -18.582667 108.750000
v 10.338007 -17.905954 108.750000
v 11.975599 -17.102928 108.750000
v 13.559656 -16.159768 108.750000
v 15.066360 -15.066360 108.750000
v 16.468111 -13.818386 108.750000
v 17.735794 -12.418737 108.750000
v 18.841388 -10.878080 108.750000
v 19.760571 -9.214506 108.750000
v 20.475019 -7.452297 108.750000
v 20.974093 -5.619991 108.750000
v 21.255730 -3.747959 108.750000
v 21.326400 -1.865818 108.750000
v 20.956472 0.000000 110.625000
v 20.648921 1.806546 110.625000
v 20.191340 3.560278 110.625000
v 19.608002 5.253948 110.625000
v 18.921049 6.886699 110.625000
v 18.148184 8.462637 110.625000
v 17.301019 9.988748 110.625000
v 16.384273 11.472392 110.625000
v 15.395939 12.918727 110.625000
v 14.328378 14.328378 110.625000
v 13.170229 15.695668 110.625000
v 11.908889 17.007656 110.625000
v 10.533253 18.244129 110.625000
v 9.036380 19.378579 110.625000
v 7.417744 20.380083 110.625000
v 5.684781 21.215890 110.625000
v 3.853523 21.854412 110.625000
v 1.948224 22.268302 110.625000
v 0.000000 22.437238 110.625000
v -1.955381 22.350101 110.625000
v -3.880300 22.006277 110.625000
v -5.738379 21.415924 110.625000
v -7.497480 20.599157 110.625000
v -9.132284 19.584247 110.625000
v -10.626135 18.405005 110.625000
v -11.971923 17.097678 110.625000
v -13.171915 15.697677 110.625000
v -14.236529 14.236529 110.625000
v -15.182204 12.739382 110.625000
v -16.028615 11.223357 110.625000
v -16.795542 9.696911 110.625000
v -17.499780 8.160281 110.625000
v -18.152439 6.606947 110.625000
v -18.756965 5.025914 110.625000
v -19.308102 3.404539 110.625000
v -19.791941 1.731570 110.625000
v -20.187034 0.000000 110.625000
v -20.466468 -1.790584 110.625000
v -20.600646 -3.632450 110.625000
v -20.560469 -5.509161 110.625000
v -20.320545 -7.396074 110.625000
v -19.862072 -9.261836 110.625000
v -19.175050 -11.070721 110.625000
v -18.259604 -12.785512 110.625000
v -17.126242 -14.370624 110.625000
v -15.795069 -15.795069 110.625000
v -14.294031 -17.034963 110.625000
v -12.656426 -18.075249 110.625000
v -10.917972 -18.910482 110.625000
v -9.113782 -19.544568 110.625000
v -7.275593 -19.989528 110.625000
v -5.429568 -20.263423 110.625000
v -3.594906 -20.387725 110.625000
v -1.783407 -20.384432 110.625000
v -0.000000 -20.273293 110.625000
v 1.755850 -20.069457 110.625000
v 3.488073 -19.781842 110.625000
v 5.201533 -19.412386 110.625000
v 6.899518 -18.956269 110.625000
v 8.581490 -18.403065 110.625000
v 10.241416 -17.738653 110.625000
v 11.866873 -16.947651 110.625000
v 13.439071 -16.016061 110.625000
v 14.933783 -14.933783 110.625000
v 16.323084 -13.696694 110.625000
v 17.577686 -12.308028 110.625000
v 18.669574 -10.778884 110.625000
v 19.574641 -9.127805 110.625000
v 20.274970 -7.379486 110.625000
v 20.760503 -5.562760 110.625000
v 21.029866 -3.708133 110.625000
v 21.090272 -1.845160 110.625000
v 20.709941 0.000000 112.500000
v 20.398997 1.784681 112.500000
v 19.941818 3.516281 112.500000
v 19.362810 5.188249 112.500000
v 18.684012 6.800424 112.500000
v 17.922799 8.357539 112.500000
v 17.090261 9.867067 112.500000
v 16.190456 11.336680 112.500000
v 15.220640 12.771633 112.500000
v 14.172439 14.172439 112.500000
v 13.033830 15.533114 112.500000
v 11.791677 16.840260 112.500000
v 10.434520 18.073118 112.500000
v 8.955258 19.204613 112.500000
v 7.353401 20.203304 112.500000
v 5.636589 21.036038 112.500000
v 3.821180 21.670989 112.500000
v 1.931817 22.080770 112.500000
v 0.000000 22.245222 112.500000
v -1.938187 22.153574 112.500000
v -3.844935 21.805708 112.500000
v -5.683838 21.212371 112.500000
v -7.422914 20.394289 112.500000
v -9.037181 19.380298 112.500000
v -10.510468 18.204664 112.500000
v -11.836257 16.903927 112.500000
v -13.017454 15.513597 112.500000
v -14.065092 14.065092 112.500000
v -14.996148 12.583262 112.500000
v -15.830689 11.084768 112.500000
v -16.588715 9.577499 112.500000
v -17.287041 8.061080 112.500000
v -17.936611 6.528393 112.500000
v -18.540534 4.967921 112.500000
v -19.093099 3.366629 112.500000
v -19.579879 1.713017 112.500000
v -19.978908 0.000000 112.500000
v -20.262820 -1.772767 112.500000
v -20.401678 -3.597366 112.500000
v -20.366197 -5.457106 112.500000
v -20.130969 -7.327074 112.500000
v -19.677340 -9.175694 112.500000
v -18.995598 -10.967113 112.500000
v -18.086246 -12.664126 112.500000
v -16.960214 -14.231309 112.500000
v -15.638001 -15.638001 112.500000
v -14.147870 -16.860775 112.500000
v -12.523302 -17.885129 112.500000
v -10.800036 -18.706211 112.500000
v -9.013029 -19.328503 112.500000
v -7.193694 -19.764511 112.500000
v -5.367733 -20.032651 112.500000
v -3.553793 -20.154562 112.500000
v -1.763090 -20.152216 112.500000
v -0.000000 -20.045129 112.500000
v 1.736479 -19.848049 112.500000
v 3.450605 -19.569355 112.500000
v 5.147404 -19.210375 112.500000
v 6.830146 -18.765671 112.500000
v 8.498111 -18.224258 112.500000
v 10.144952 -17.571572 112.500000
v 11.757851 -16.791952 112.500000
v 13.317606 -15.871304 112.500000
v 14.799622 -14.799622 112.500000
v 16.175718 -13.573039 112.500000
v 17.416503 -12.195167 112.500000
v 18.494051 -10.677545 112.500000
v 19.384538 -9.039159 112.500000
v 20.070515 -7.305070 112.500000
v 20.542530 -5.504354 112.500000
v 20.799908 -3.667585 112.500000
v 20.850574 -1.824189 112.500000
v 20.462470 0.000000 114.375000
v 20.148978 1.762807 114.375000
v 19.693043 3.472415 114.375000
v 19.119118 5.122952 114.375000
v 18.449066 6.714911 114.375000
v 17.699876 8.253588 114.375000
v 16.882083 9.746875 114.375000
v 15.999084 11.202679 114.375000
v 15.047426 12.626290 114.375000
v 14.018055 14.018055 114.375000
v 12.898357 15.371663 114.375000
v 11.674748 16.673268 114.375000
v 10.335492 17.901598 114.375000
v 8.873404 19.029075 114.375000
v 7.288079 20.023832 114.375000
v 5.587386 20.852409 114.375000
v 3.788006 21.482848 114.375000
v 1.914935 21.887812 114.375000
v 0.000000 22.047379 114.375000
v -1.920479 21.951173 114.375000
v -3.808589 21.599584 114.375000
v -5.627983 21.003920 114.375000
v -7.346908 20.185464 114.375000
v -8.940764 19.173530 114.375000
v -10.393885 18.002738 114.375000
v -11.700335 16.709810 114.375000
v -12.863606 15.330248 114.375000
v -13.895277 13.895277 114.375000
v -14.812762 12.429383 114.375000
v -15.636415 10.948736 114.375000
v -16.386348 9.460662 114.375000
v -17.079307 7.964212 114.375000
v -17.725995 6.451734 114.375000
v -18.329148 4.911281 114.375000
v -18.882601 3.329512 114.375000
v -19.371442 1.694782 114.375000
v -19.773258 0.000000 114.375000
v -20.060322 -1.755051 114.375000
v -20.202473 -3.562241 114.375000
v -20.170354 -5.404630 114.375000
v -19.938650 -7.257075 114.375000
v -19.488944 -9.087844 114.375000
v -18.811872 -10.861039 114.375000
v -17.908348 -12.539560 114.375000
v -16.789714 -14.088242 114.375000
v -15.476825 -15.476825 114.375000
v -13.998192 -16.682396 114.375000
v -12.387394 -17.691033 114.375000
v -10.680098 -18.498473 114.375000
v -8.911014 -19.109732 114.375000
v -7.111156 -19.537739 114.375000
v -5.305708 -19.801173 114.375000
v -3.512742 -19.921747 114.375000
v -1.742888 -19.921306 114.375000
v -0.000000 -19.819051 114.375000
v 1.717338 -19.629262 114.375000
v 3.413645 -19.359742 114.375000
v 5.094037 -19.011203 114.375000
v 6.761698 -18.577613 114.375000
v 8.415677 -18.047477 114.375000
v 10.049279 -17.405862 114.375000
v 11.649290 -16.636910 114.375000
v 13.196113 -15.726515 114.375000
v 14.664835 -14.664835 114.375000
v 16.027082 -13.448318 114.375000
v 17.253436 -12.080986 114.375000
v 18.316137 -10.574826 114.375000
v 19.191712 -8.949242 114.375000
v 19.863227 -7.229623 114.375000
v 20.321866 -5.445227 114.375000
v 20.567646 -3.626631 114.375000
v 20.609176 -1.803069 114.375000
v 20.215890 0.000000 116.250000
v 19.900704 1.741086 116.250000
v 19.446833 3.429001 116.250000
v 18.878692 5.058530 116.250000
v 18.217894 6.630771 116.250000
v 17.480991 8.151520 116.250000
v 16.677941 9.629014 116.250000
v 15.811481 11.071318 116.250000
v 14.877484 12.483692 116.250000
v 13.866276 13.866276 116.250000
v 12.764728 15.212411 116.250000
v 11.558892 16.507809 116.250000
v 10.236843 17.730732 116.250000
v 8.791377 18.853170 116.250000
v 7.222229 19.842911 116.250000
v 5.537517 20.666296 116.250000
v 3.754236 21.291333 116.250000
v 1.897702 21.690829 116.250000
v 0.000000 21.845166 116.250000
v -1.902389 21.744403 116.250000
v -3.771536 21.389444 116.250000
v -5.571235 20.792131 116.250000
v -7.270028 19.974239 116.250000
v -8.843747 18.965476 116.250000
v -10.277244 17.800709 116.250000
v -11.565142 16.516734 116.250000
v -12.711474 15.148945 116.250000
v -13.728282 13.728282 116.250000
v -14.633317 12.278811 116.250000
v -15.447118 10.816188 116.250000
v -16.189800 9.347185 116.250000
v -16.877950 7.870317 116.250000
v -17.521966 6.377474 116.250000
v -18.124180 4.856359 116.250000
v -18.677970 3.293430 116.250000
v -19.167984 1.676981 116.250000
v -19.571431 0.000000 116.250000
v -19.860324 -1.737553 116.250000
v -20.004384 -3.527313 116.250000
v -19.974300 -5.352098 116.250000
v -19.744954 -7.186576 116.250000
v -19.298251 -8.998922 116.250000
v -18.625234 -10.753284 116.250000
v -17.727249 -12.412753 116.250000
v -16.616040 -13.942513 116.250000
v -15.312776 -15.312776 116.250000
v -13.846146 -16.501195 116.250000
v -12.249745 -17.494448 116.250000
v -10.559073 -18.288850 116.250000
v -8.808508 -18.889907 116.250000
v -7.028593 -19.310902 116.250000
v -5.243950 -19.570688 116.250000
v -3.472047 -19.690958 116.250000
v -1.722944 -19.693334 116.250000
v -0.000000 -19.596626 116.250000
v 1.698556 -19.414581 116.250000
v 3.377438 -19.154400 116.250000
v 5.041779 -18.816175 116.250000
v 6.694618 -18.393311 116.250000
v 8.334718 -17.873860 116.250000
v 9.955015 -17.242591 116.250000
v 11.541892 -16.483530 116.250000
v 13.075389 -15.582642 116.250000
v 14.530323 -14.530323 116.250000
v 15.878188 -13.323382 116.250000
v 17.089620 -11.966281 116.250000
v 18.137093 -10.471456 116.250000
v 18.997552 -8.858704 116.250000
v 19.654620 -7.153697 116.250000
v 20.100135 -5.385815 116.250000
v 20.334799 -3.585574 116.250000
v 20.367865 -1.781957 116.250000
v 19.971924 0.000000 118.125000
v 19.655903 1.719669 118.125000
v 19.204888 3.386340 118.125000
v 18.643175 4.995424 118.125000
v 17.992058 6.548574 118.125000
v 17.267605 8.052016 118.125000
v 16.479177 9.514258 118.125000
v 15.628863 10.943448 118.125000
v 14.711904 12.344753 118.125000
v 13.718066 13.718066 118.125000
v 12.633786 15.056360 118.125000
v 11.444840 16.344925 118.125000
v 10.139196 17.561602 118.125000
v 8.709702 18.678017 118.125000
v 7.156277 19.661709 118.125000
v 5.487310 20.478919 118.125000
v 3.720098 21.097723 118.125000
v 1.880232 21.491156 118.125000
v 0.000000 21.639972 118.125000
v -1.884042 21.534700 118.125000
v -3.734034 21.176758 118.125000
v -5.513990 20.578490 118.125000
v -7.192815 19.762097 118.125000
v -8.746808 18.757590 118.125000
v -10.161352 17.599978 118.125000
v -11.431605 16.326024 118.125000
v -12.562084 14.970909 118.125000
v -13.565214 13.565214 118.125000
v -14.458985 12.132529 118.125000
v -15.264008 10.687974 118.125000
v -16.000306 9.237781 118.125000
v -16.684214 7.779977 118.125000
v -17.325768 6.306064 118.125000
v -17.926865 4.803489 118.125000
v -18.480437 3.258600 118.125000
v -18.970731 1.659724 118.125000
v -19.374658 0.000000 118.125000
v -19.664063 -1.720383 118.125000
v -19.808664 -3.492802 118.125000
v -19.779305 -5.299849 118.125000
v -19.551168 -7.116043 118.125000
v -19.106560 -8.909535 118.125000
v -18.436981 -10.644596 118.125000
v -17.544229 -12.284602 118.125000
v -16.440435 -13.795163 118.125000
v -15.147037 -15.147037 118.125000
v -13.692834 -16.318484 118.125000
v -12.111348 -17.296798 118.125000
v -10.437829 -18.078850 118.125000
v -8.706241 -18.670593 118.125000
v -6.946588 -19.085593 118.125000
v -5.182885 -19.342789 118.125000
v -3.431986 -19.463759 118.125000
v -1.703388 -19.469815 118.125000
v -0.000000 -19.379295 118.125000
v 1.680252 -19.205367 118.125000
v 3.342208 -18.954602 118.125000
v 4.990950 -18.626479 118.125000
v 6.629307 -18.213872 118.125000
v 8.255716 -17.704441 118.125000
v 9.862719 -17.082730 118.125000
v 11.436303 -16.332733 118.125000
v 12.956171 -15.440564 118.125000
v 14.396919 -14.396919 118.125000
v 15.729983 -13.199023 118.125000
v 16.926118 -11.851796 118.125000
v 17.958109 -10.368119 118.125000
v 18.803371 -8.768156 118.125000
v 19.446125 -7.077811 118.125000
v 19.878876 -5.326529 118.125000
v 20.102993 -3.544700 118.125000
v 20.128331 -1.761001 118.125000
v 19.732172 0.000000 120.000000
v 19.416172 1.698695 120.000000
v 18.968775 3.344707 120.000000
v 18.414076 4.934037 120.000000
v 17.772985 6.468838 120.000000
v 17.061046 7.955697 120.000000
v 16.287010 9.403309 120.000000
v 15.452333 10.819840 120.000000
v 14.551669 12.210300 120.000000
v 13.574293 13.574293 120.000000
v 12.506292 14.904418 120.000000
v 11.333252 16.185562 120.000000
v 10.043118 17.395190 120.000000
v 8.628857 18.504643 120.000000
v 7.090614 19.481303 120.000000
v 5.437067 20.291412 120.000000
v 3.685800 20.903208 120.000000
v 1.862637 21.290043 120.000000
v 0.000000 21.433104 120.000000
v -1.865557 21.323417 120.000000
v -3.696327 20.962913 120.000000
v -5.456624 20.364397 120.000000
v -7.115774 19.550428 120.000000
v -8.650579 18.551227 120.000000
v -10.046960 17.401844 120.000000
v -11.300578 16.138898 120.000000
v -12.416379 14.797264 120.000000
v -13.407084 13.407084 120.000000
v -14.290823 11.991424 120.000000
v -15.088175 10.564854 120.000000
v -15.818967 9.133085 120.000000
v -16.499205 7.693706 120.000000
v -17.138502 6.237905 120.000000
v -17.738297 4.752962 120.000000
v -18.291091 3.225213 120.000000
v -18.780777 1.643105 120.000000
v -19.184039 0.000000 120.000000
v -19.472658 -1.703637 120.000000
v -19.616455 -3.458910 120.000000
v -19.586539 -5.248197 120.000000
v -19.358485 -7.045912 120.000000
v -18.915081 -8.820247 120.000000
v -18.248330 -10.535678 120.000000
v -17.360495 -12.155950 120.000000
v -16.264075 -13.647179 120.000000
v -14.980728 -14.980728 120.000000
v -13.539294 -16.135502 120.000000
v -11.973142 -17.099419 120.000000
v -10.317184 -17.869888 120.000000
v -8.604894 -18.453254 120.000000
v -6.865678 -18.863294 120.000000
v -5.122907 -19.118949 120.000000
v -3.392811 -19.241587 120.000000
v -1.684343 -19.252126 120.000000
v -0.000000 -19.168366 120.000000
v 1.662533 -19.002845 120.000000
v 3.308156 -18.761486 120.000000
v 4.941833 -18.443170 120.000000
v 6.566125 -18.040279 120.000000
v 8.179101 -17.540138 120.000000
v 9.772893 -16.927147 120.000000
v 11.333100 -16.185345 120.000000
v 12.839122 -15.301070 120.000000
v 14.265386 -14.265386 120.000000
v 15.583334 -13.075970 120.000000
v 16.763915 -11.738220 120.000000
v 17.780287 -10.265454 120.000000
v 18.610391 -8.678168 120.000000
v 19.239079 -7.002452 120.000000
v 19.659524 -5.267754 120.000000
v 19.873743 -3.504277 120.000000
v 19.892145 -1.740337 120.000000
v 19.498098 0.000000 121.875000
v 19.182970 1.678292 121.875000
v 18.739916 3.304353 121.875000
v 18.192758 4.874735 121.875000
v 17.561960 6.392031 121.875000
v 16.862504 7.863115 121.875000
v 16.102523 9.296796 121.875000
v 15.282866 10.701178 121.875000
v 14.397648 12.081061 121.875000
v 13.435726 13.435726 121.875000
v 12.382920 14.757389 121.875000
v 11.224717 16.030557 121.875000
v 9.949116 17.232374 121.875000
v 8.549271 18.333971 121.875000
v 7.025596 19.302667 121.875000
v 5.387066 20.104804 121.875000
v 3.651535 20.708881 121.875000
v 1.845017 21.088646 121.875000
v 0.000000 21.225771 121.875000
v -1.847044 21.111809 121.875000
v -3.658643 20.749193 121.875000
v -5.399483 20.151146 121.875000
v -7.039371 19.340514 121.875000
v -8.555644 18.347637 121.875000
v -9.934753 17.207497 121.875000
v -11.172838 15.956467 121.875000
v -12.275208 14.629023 121.875000
v -13.254796 13.254796 121.875000
v -14.129771 11.856286 121.875000
v -14.920576 10.447500 121.875000
v -15.646748 9.033654 121.875000
v -16.323882 7.611951 121.875000
v -16.961120 6.173343 121.875000
v -17.559424 4.705033 121.875000
v -18.110877 3.193436 121.875000
v -18.599070 1.627208 121.875000
v -19.000540 0.000000 121.875000
v -19.287099 -1.687402 121.875000
v -19.428778 -3.425818 121.875000
v -19.397056 -5.197425 121.875000
v -19.167995 -6.976580 121.875000
v -18.724930 -8.731578 121.875000
v -18.060408 -10.427182 121.875000
v -17.177167 -12.027582 121.875000
v -16.088051 -13.499478 121.875000
v -14.814890 -14.814890 121.875000
v -13.386493 -15.953401 121.875000
v -11.835997 -16.903555 121.875000
v -10.197895 -17.663272 121.875000
v -8.505096 -18.239237 121.875000
v -6.786357 -18.645363 121.875000
v -5.064375 -18.900506 121.875000
v -3.354751 -19.025740 121.875000
v -1.665916 -19.041506 121.875000
v -0.000000 -18.964999 121.875000
v 1.645495 -18.808094 121.875000
v 3.275459 -18.576052 121.875000
v 4.894674 -18.267172 121.875000
v 6.505381 -17.873387 121.875000
v 8.105245 -17.381753 121.875000
v 9.685974 -16.776599 121.875000
v 11.232792 -16.042090 121.875000
v 12.724830 -15.164862 121.875000
v 14.136403 -14.136403 121.875000
v 15.439023 -12.954878 121.875000
v 16.603901 -11.626177 121.875000
v 17.604633 -10.164040 121.875000
v 18.419733 -8.589263 121.875000
v 19.034706 -6.928066 121.875000
v 19.443398 -5.209843 121.875000
v 19.648441 -3.464550 121.875000
v 19.660749 -1.720093 121.875000
v 19.271018 0.000000 123.750000
v 18.957601 1.658575 123.750000
v 18.519583 3.265502 123.750000
v 17.980433 4.817843 123.750000
v 17.360116 6.318565 123.750000
v 16.673021 7.774757 123.750000
v 15.926663 9.195263 123.750000
v 15.121311 10.588056 123.750000
v 14.250595 11.957669 123.750000
v 13.303028 13.303028 123.750000
v 12.264252 14.615966 123.750000
v 11.119741 15.880636 123.750000
v 9.857631 17.073918 123.750000
v 8.471322 18.166810 123.750000
v 6.961536 19.126663 123.750000
v 5.337553 19.920018 123.750000
v 3.617476 20.515727 123.750000
v 1.827464 20.888008 123.750000
v 0.000000 21.019073 123.750000
v -1.828602 20.901020 123.750000
v -3.621186 20.536769 123.750000
v -5.342884 19.939916 123.750000
v -6.964032 19.133521 123.750000
v -8.462526 18.147946 123.750000
v -9.825349 17.018004 123.750000
v -11.049079 15.779721 123.750000
v -12.139324 14.467083 123.750000
v -13.109144 13.109144 123.750000
v -13.976647 11.727800 123.750000
v -14.762040 10.336492 123.750000
v -15.484472 8.939964 123.750000
v -16.159061 7.535094 123.750000
v -16.794424 6.112671 123.750000
v -17.391038 4.659914 123.750000
v -17.940587 3.163410 123.750000
v -18.426413 1.612102 123.750000
v -18.824984 0.000000 123.750000
v -19.108239 -1.671754 123.750000
v -19.246525 -3.393682 123.750000
v -19.211791 -5.147784 123.750000
v -18.980671 -6.908399 123.750000
v -18.537111 -8.643997 123.750000
v -17.874238 -10.319696 123.750000
v -16.995269 -11.900215 123.750000
v -15.913365 -13.352899 123.750000
v -14.650478 -14.650478 123.750000
v -13.235318 -15.773238 123.750000
v -11.700708 -16.710343 123.750000
v -10.080648 -17.460194 123.750000
v -8.407417 -18.029764 123.750000
v -6.709072 -18.433023 123.750000
v -5.007611 -18.688660 123.750000
v -3.318010 -18.817368 123.750000
v -1.648202 -18.839039 123.750000
v -0.000000 -18.770206 123.750000
v 1.629218 -18.622045 123.750000
v 3.244267 -18.399152 123.750000
v 4.849683 -18.099265 123.750000
v 6.447339 -17.713917 123.750000
v 8.034462 -17.229960 123.750000
v 9.602332 -16.631727 123.750000
v 11.135812 -15.903588 123.750000
v 12.613802 -15.032544 123.750000
v 14.010560 -14.010560 123.750000
v 15.297736 -12.836325 123.750000
v 16.446869 -11.516221 123.750000
v 17.432048 -10.064398 123.750000
v 18.232403 -8.501909 123.750000
v 18.834114 -6.855057 123.750000
v 19.231689 -5.153116 123.750000
v 19.428347 -3.425742 123.750000
v 19.435444 -1.700381 123.750000
v 19.052098 0.000000 125.625000
v 18.741217 1.639644 125.625000
v 18.308888 3.228351 125.625000
v 17.778155 4.763642 125.625000
v 17.168433 6.248799 125.625000
v 16.493494 7.691042 125.625000
v 15.760238 9.099177 125.625000
v 14.968386 10.480977 125.625000
v 14.111144 11.840656 125.625000
v 13.176758 13.176758 125.625000
v 12.150778 14.480734 125.625000
v 11.018755 15.736413 125.625000
v 9.769038 16.920470 125.625000
v 8.395335 18.003853 125.625000
v 6.898705 18.954037 125.625000
v 5.288743 19.737858 125.625000
v 3.583777 20.324611 125.625000
v 1.810058 20.689057 125.625000
v 0.000000 20.813991 125.625000
v -1.810322 20.692072 125.625000
v -3.584144 20.326690 125.625000
v -5.287110 19.731764 125.625000
v -6.890134 18.930488 125.625000
v -8.371694 17.953157 125.625000
v -9.719294 16.834311 125.625000
v -10.929909 15.609528 125.625000
v -12.009382 14.312224 125.625000
v -12.970811 12.970811 125.625000
v -13.832147 11.606549 125.625000
v -14.613258 10.232313 125.625000
v -15.332823 8.852409 125.625000
v -16.005406 7.463443 125.625000
v -16.639067 6.056125 125.625000
v -17.233782 4.617778 125.625000
v -17.780866 3.135246 125.625000
v -18.263462 1.597846 125.625000
v -18.658051 0.000000 125.625000
v -18.936795 -1.656755 125.625000
v -19.070458 -3.362636 125.625000
v -19.031552 -5.099489 125.625000
v -18.797366 -6.841682 125.625000
v -18.352516 -8.557919 125.625000
v -17.690736 -10.213751 125.625000
v -16.815719 -11.774493 125.625000
v -15.740920 -13.208200 125.625000
v -14.488355 -14.488355 125.625000
v -13.086567 -15.595963 125.625000
v -11.567992 -16.520805 125.625000
v -9.966062 -17.261725 125.625000
v -8.312364 -17.825922 125.625000
v -6.634215 -18.227356 125.625000
v -4.952897 -18.484462 125.625000
v -3.282763 -18.617472 125.625000
v -1.631284 -18.645658 125.625000
v -0.000000 -18.584844 125.625000
v 1.613770 -18.445476 125.625000
v 3.214704 -18.231490 125.625000
v 4.807032 -17.940088 125.625000
v 6.392211 -17.562457 125.625000
v 7.967009 -17.085307 125.625000
v 9.522270 -16.493056 125.625000
v 11.042517 -15.770349 125.625000
v 12.506462 -14.904621 125.625000
v 13.888361 -13.888361 125.625000
v 15.160065 -12.720805 125.625000
v 16.293506 -11.408836 125.625000
v 17.263321 -9.966983 125.625000
v 18.049291 -8.416523 125.625000
v 18.638283 -6.783780 125.625000
v 19.025457 -5.097856 125.625000
v 19.214577 -3.388048 125.625000
v 19.217384 -1.681303 125.625000
v 18.842349 0.000000 127.500000
v 18.534811 1.621586 127.500000
v 18.108783 3.193067 127.500000
v 17.586820 4.712374 127.500000
v 16.987737 6.183031 127.500000
v 16.324669 7.612318 127.500000
v 15.603913 9.008923 127.500000
v 14.824679 10.380352 127.500000
v 13.979810 11.730453 127.500000
v 13.057366 13.057366 127.500000
v 12.042894 14.352162 127.500000
v 10.922106 15.598385 127.500000
v 9.683644 16.772563 127.500000
v 8.321575 17.845676 127.500000
v 6.837332 18.785416 127.500000
v 5.240821 19.559009 127.500000
v 3.550569 20.136279 127.500000
v 1.792870 20.492596 127.500000
v 0.000000 20.611382 127.500000
v -1.792281 20.485864 127.500000
v -3.547678 20.119879 127.500000
v -5.232409 19.527615 127.500000
v -6.818009 18.732327 127.500000
v -8.283556 17.764143 127.500000
v -9.617058 16.657232 127.500000
v -10.815849 15.446633 127.500000
v -11.885935 14.165106 127.500000
v -12.840367 12.840367 127.500000
v -13.696840 11.493013 127.500000
v -14.474790 10.135357 127.500000
v -15.192340 8.771301 127.500000
v -15.863439 7.397243 127.500000
v -16.495550 6.003889 127.500000
v -17.088149 4.578756 127.500000
v -17.632205 3.109033 127.500000
v -18.110724 1.584483 127.500000
v -18.500278 0.000000 127.500000
v -18.773345 -1.642455 127.500000
v -18.901202 -3.332792 127.500000
v -18.857018 -5.052723 127.500000
v -18.618811 -6.776693 127.500000
v -18.171916 -8.473704 127.500000
v -17.510701 -10.109808 127.500000
v -16.639330 -11.650984 127.500000
v -15.571515 -13.066052 127.500000
v -14.329286 -14.329286 127.500000
v -12.940950 -15.422423 127.500000
v -11.438483 -16.335847 127.500000
v -9.854679 -17.068805 127.500000
v -8.220382 -17.628666 127.500000
v -6.562128 -18.029299 127.500000
v -4.900472 -18.288812 127.500000
v -3.249159 -18.426896 127.500000
v -1.615228 -18.462141 127.500000
v -0.000000 -18.409613 127.500000
v 1.599207 -18.279014 127.500000
v 3.186867 -18.073622 127.500000
v 4.766854 -17.790140 127.500000
v 6.340164 -17.419457 127.500000
v 7.903083 -16.948216 127.500000
v 9.446022 -16.360990 127.500000
v 10.953189 -15.642775 127.500000
v 12.403149 -14.781497 127.500000
v 13.770216 -13.770216 127.500000
v 15.026503 -12.608733 127.500000
v 16.144395 -11.304427 127.500000
v 17.099128 -9.872186 127.500000
v 17.871164 -8.333461 127.500000
v 18.448066 -6.714547 127.500000
v 18.825624 -5.044311 127.500000
v 19.008106 -3.351642 127.500000
v 19.007573 -1.662947 127.500000
v 18.642624 0.000000 129.375000
v 18.339218 1.604474 129.375000
v 17.920066 3.159791 129.375000
v 17.407168 4.664237 129.375000
v 16.818701 6.121507 129.375000
v 16.167149 7.538865 129.375000
v 15.458216 8.924805 129.375000
v 14.690648 10.286503 129.375000
v 13.856990 11.627395 129.375000
v 12.945197 12.945197 129.375000
v 11.940901 14.230612 129.375000
v 10.830064 15.466934 129.375000
v 9.601688 16.630611 129.375000
v 8.250257 17.692734 129.375000
v 6.777601 18.621305 129.375000
v 5.193936 19.384034 129.375000
v 3.517962 19.951353 129.375000
v 1.775959 20.299307 129.375000
v 0.000000 20.411978 129.375000
v -1.774547 20.283167 129.375000
v -3.511927 19.917129 129.375000
v -5.178994 19.328268 129.375000
v -6.747941 18.539817 129.375000
v -8.198456 17.581646 129.375000
v -9.519038 16.487458 129.375000
v -10.707331 15.291654 129.375000
v -11.769436 14.026268 129.375000
v -12.718268 12.718268 129.375000
v -13.571174 11.387567 129.375000
v -14.347065 10.045923 129.375000
v -15.063427 8.696873 129.375000
v -15.733536 7.336668 129.375000
v -16.364231 5.956093 129.375000
v -16.954484 4.542940 129.375000
v -17.494953 3.084832 129.375000
v -17.968564 1.572046 129.375000
v -18.352059 0.000000 129.375000
v -18.618327 -1.628893 129.375000
v -18.739250 -3.304235 129.375000
v -18.688739 -5.007633 129.375000
v -18.445611 -6.713653 129.375000
v -17.995965 -8.391657 129.375000
v -17.334820 -10.008263 129.375000
v -16.466802 -11.530179 129.375000
v -15.405845 -12.927039 129.375000
v -14.173937 -14.173937 129.375000
v -12.799083 -15.253354 129.375000
v -11.312730 -16.156253 129.375000
v -9.746970 -16.882247 129.375000
v -8.131850 -17.438809 129.375000
v -6.493101 -17.839649 129.375000
v -4.850540 -18.102462 129.375000
v -3.217321 -18.246335 129.375000
v -1.600090 -18.289110 129.375000
v -0.000000 -18.245062 129.375000
v 1.585569 -18.123134 129.375000
v 3.160830 -17.925960 129.375000
v 4.729244 -17.649778 129.375000
v 6.291312 -17.285238 129.375000
v 7.842822 -16.818986 129.375000
v 9.373756 -16.235821 129.375000
v 10.868033 -15.521160 129.375000
v 12.304120 -14.663480 129.375000
v 13.656444 -13.656444 129.375000
v 14.897443 -12.500439 129.375000
v 16.000012 -11.203329 129.375000
v 16.940030 -9.780331 129.375000
v 17.698668 -8.253024 129.375000
v 18.264182 -6.647619 129.375000
v 18.632974 -4.992690 129.375000
v 18.809764 -3.316669 129.375000
v 18.806865 -1.645387 129.375000
v 18.453628 0.000000 131.250000
v 18.155118 1.588367 131.250000
v 17.743375 3.128636 131.250000
v 17.239785 4.619386 131.250000
v 16.661849 6.064417 131.250000
v 16.021389 7.470897 131.250000
v 15.323541 8.847051 131.250000
v 14.566629 10.199663 131.250000
v 13.742969 11.531720 131.250000
v 12.840495 12.840495 131.250000
v 11.845014 14.116338 131.250000
v 10.742817 15.342333 131.250000
v 9.523343 16.494914 131.250000
v 8.181538 17.545366 131.250000
v 6.719652 18.462093 131.250000
v 5.148209 19.213376 131.250000
v 3.486044 19.770337 131.250000
v 1.759375 20.109749 131.250000
v 0.000000 20.216386 131.250000
v -1.757177 20.084624 131.250000
v -3.477010 19.719106 131.250000
v -5.127044 19.134390 131.250000
v -6.680167 18.353608 131.250000
v -8.116683 17.406283 131.250000
v -9.425559 16.325548 131.250000
v -10.604705 15.145088 131.250000
v -11.660241 13.896135 131.250000
v -12.604865 12.604865 131.250000
v -13.455480 11.290488 131.250000
v -14.230384 9.964222 131.250000
v -14.946353 8.629281 131.250000
v -15.615937 7.281831 131.250000
v -16.245324 5.912814 131.250000
v -16.832989 4.510386 131.250000
v -17.369314 3.062679 131.250000
v -17.837205 1.560553 131.250000
v -18.213654 0.000000 131.250000
v -18.472048 -1.616095 131.250000
v -18.584966 -3.277031 131.250000
v -18.527141 -4.964333 131.250000
v -18.278250 -6.652739 131.250000
v -17.825199 -8.312027 131.250000
v -17.163666 -9.909447 131.250000
v -16.298728 -11.412492 131.250000
v -15.244502 -12.791656 131.250000
v -14.022879 -14.022879 131.250000
v -12.661495 -15.089382 131.250000
v -11.191201 -15.982692 131.250000
v -9.643329 -16.702736 131.250000
v -8.047086 -17.257032 131.250000
v -6.427371 -17.659056 131.250000
v -4.803263 -17.926020 131.250000
v -3.187345 -18.076331 131.250000
v -1.585910 -18.127039 131.250000
v -0.000000 -18.091592 131.250000
v 1.572886 -17.978167 131.250000
v 3.136641 -17.788772 131.250000
v 4.694262 -17.519224 131.250000
v 6.245726 -17.159992 131.250000
v 7.786308 -16.697792 131.250000
v 9.305573 -16.117725 131.250000
v 10.787183 -15.405694 131.250000
v 12.209551 -14.550776 131.250000
v 13.547276 -13.547276 131.250000
v 14.773182 -12.396172 131.250000
v 15.860729 -11.105802 131.250000
v 16.786478 -9.691678 131.250000
v 17.532327 -8.175459 131.250000
v 18.087227 -6.583212 131.250000
v 18.448155 -4.943168 131.250000
v 18.620236 -3.283250 131.250000
v 18.615964 -1.628686 131.250000
v 18.275915 0.000000 133.125000
v 17.983041 1.573312 133.125000
v 17.579200 3.099687 133.125000
v 17.085110 4.577941 133.125000
v 16.517560 6.011900 133.125000
v 15.887712 7.408562 133.125000
v 15.200151 8.775811 133.125000
v 14.452834 10.119984 133.125000
v 13.637921 11.443574 133.125000
v 12.743406 12.743406 133.125000
v 11.755358 14.009490 133.125000
v 10.660484 15.224748 133.125000
v 9.448720 16.365664 133.125000
v 8.115526 17.403802 133.125000
v 6.663587 18.308056 133.125000
v 5.103726 19.047366 133.125000
v 3.454883 19.593616 133.125000
v 1.743156 19.924362 133.125000
v 0.000000 20.025095 133.125000
v -1.740216 19.890759 133.125000
v -3.443023 19.526352 133.125000
v -5.076706 18.946525 133.125000
v -6.614878 18.174228 133.125000
v -8.038464 17.238542 133.125000
v -9.336876 16.171944 133.125000
v -10.508234 15.007314 133.125000
v -11.558613 13.775018 133.125000
v -12.500402 12.500402 133.125000
v -13.349972 11.201957 133.125000
v -14.124927 9.890381 133.125000
v -14.841260 8.568605 133.125000
v -15.510749 7.232781 133.125000
v -16.138911 5.874083 133.125000
v -16.723734 4.481111 133.125000
v -17.255360 3.042586 133.125000
v -17.716739 1.550014 133.125000
v -18.085191 0.000000 133.125000
v -18.334687 -1.604077 133.125000
v -18.438589 -3.251221 133.125000
v -18.372528 -4.922904 133.125000
v -18.117096 -6.594084 133.125000
v -17.660039 -8.235011 133.125000
v -16.997704 -9.813629 133.125000
v -16.135596 -11.298266 133.125000
v -15.087977 -12.660316 133.125000
v -13.876585 -13.876585 133.125000
v -12.528624 -14.931033 133.125000
v -11.074284 -15.815716 133.125000
v -9.544082 -16.530835 133.125000
v -7.966347 -17.083885 133.125000
v -6.365125 -17.488037 133.125000
v -4.758764 -17.759948 133.125000
v -3.159301 -17.917286 133.125000
v -1.572719 -17.976258 133.125000
v -0.000000 -17.949460 133.125000
v 1.561174 -17.844304 133.125000
v 3.114322 -17.662195 133.125000
v 4.661934 -17.398573 133.125000
v 6.203432 -17.043788 133.125000
v 7.733571 -16.584696 133.125000
v 9.241514 -16.006772 133.125000
v 10.710700 -15.296465 133.125000
v 12.119539 -14.443504 133.125000
v 13.442857 -13.442857 133.125000
v 14.653926 -12.296104 133.125000
v 15.726817 -11.012036 133.125000
v 16.638812 -9.606423 133.125000
v 17.372552 -8.100954 133.125000
v 17.917669 -6.521498 133.125000
v 18.271686 -4.895884 133.125000
v 18.440073 -3.251482 133.125000
v 18.435433 -1.612891 133.125000
v 18.109900 0.000000 135.000000
v 17.823376 1.559343 135.000000
v 17.427890 3.073007 135.000000
v 16.943439 4.539981 135.000000
v 16.386079 5.964045 135.000000
v 15.766305 7.351949 135.000000
v 15.088187 8.711169 135.000000
v 14.349366 10.047534 135.000000
v 13.541916 11.363017 135.000000
v 12.653982 12.653982 135.000000
v 11.671979 13.910123 135.000000
v 10.583109 15.114245 135.000000
v 9.377872 16.242951 135.000000
v 8.052279 17.268167 135.000000
v 6.609468 18.159365 135.000000
v 5.060549 18.886228 135.000000
v 3.424529 19.421470 135.000000
v 1.727331 19.743478 135.000000
v 0.000000 19.838480 135.000000
v -1.723700 19.701981 135.000000
v -3.410039 19.339293 135.000000
v -5.028093 18.765098 135.000000
v -6.552222 18.002083 135.000000
v -7.963974 17.078797 135.000000
v -9.253175 16.026970 135.000000
v -10.418107 14.878598 135.000000
v -11.464723 13.663124 135.000000
v -12.405022 12.405022 135.000000
v -13.254758 11.122063 135.000000
v -14.030758 9.824443 135.000000
v -14.748168 8.514859 135.000000
v -15.417954 7.189510 135.000000
v -16.044946 5.839883 135.000000
v -16.626659 4.455100 135.000000
v -17.153035 3.024543 135.000000
v -17.607132 1.540424 135.000000
v -17.966674 0.000000 135.000000
v -18.206303 -1.592845 135.000000
v -18.300241 -3.226826 135.000000
v -18.225089 -4.883398 135.000000
v -17.962406 -6.537781 135.000000
v -17.500800 -8.160757 135.000000
v -16.837292 -9.721015 135.000000
v -15.977793 -11.187771 135.000000
v -14.936667 -12.533352 135.000000
v -13.735441 -13.735441 135.000000
v -12.400825 -14.778728 135.000000
v -10.962289 -15.655771 135.000000
v -9.449485 -16.366989 135.000000
v -7.889829 -16.919793 135.000000
v -6.306504 -17.326977 135.000000
v -4.717132 -17.604578 135.000000
v -3.133236 -17.769463 135.000000
v -1.560532 -17.836958 135.000000
v -0.000000 -17.818788 135.000000
v 1.550439 -17.721604 135.000000
v 3.093875 -17.546236 135.000000
v 4.632251 -17.287797 135.000000
v 6.164411 -16.936581 135.000000
v 7.684589 -16.479654 135.000000
v 9.181562 -15.902932 135.000000
v 10.638583 -15.193471 135.000000
v 12.034109 -14.341693 135.000000
v 13.343255 -13.343255 135.000000
v 14.539791 -12.200334 135.000000
v 15.598454 -10.922155 135.000000
v 16.497273 -9.524705 135.000000
v 17.219642 -8.029651 135.000000
v 17.755861 -6.462605 135.000000
v 18.103959 -4.850941 135.000000
v 18.269692 -3.221440 135.000000
v 18.265697 -1.598041 135.000000
v 17.955422 0.000000 136.875000
v 17.675653 1.546419 136.875000
v 17.288699 3.048464 136.875000
v 16.813809 4.505247 136.875000
v 16.266300 5.920449 136.875000
v 15.656018 7.300521 136.875000
v 14.986545 8.652486 136.875000
v 14.255255 9.981637 136.875000
v 13.454193 11.289409 136.875000
v 12.571712 12.571712 136.875000
v 11.594632 13.817945 136.875000
v 10.510699 15.010834 136.875000
v 9.311014 16.127149 136.875000
v 7.992155 17.139233 136.875000
v 6.557720 18.017188 136.875000
v 5.019087 18.731489 136.875000
v 3.395302 19.255715 136.875000
v 1.712075 19.569103 136.875000
v 0.000000 19.658619 136.875000
v -1.707806 19.520306 136.875000
v -3.378383 19.159759 136.875000
v -4.981616 18.591643 136.875000
v -6.492620 17.838327 136.875000
v -7.893549 16.927771 136.875000
v -9.174619 15.890907 136.875000
v -10.334227 14.758806 136.875000
v -11.378157 13.559960 136.875000
v -12.317963 12.317963 136.875000
v -13.168730 11.049876 136.875000
v -13.946462 9.765418 136.875000
v -14.665432 8.467091 136.875000
v -15.335776 7.151190 136.875000
v -15.961642 5.809563 136.875000
v -16.540093 4.431904 136.875000
v -17.060906 3.008298 136.875000
v -17.507288 1.531689 136.875000
v -17.857421 0.000000 136.875000
v -18.086663 -1.582378 136.875000
v -18.170145 -3.203887 136.875000
v -18.085462 -4.845985 136.875000
v -17.815160 -6.484188 136.875000
v -17.348716 -8.089839 136.875000
v -16.683808 -9.632401 136.875000
v -15.826728 -11.081994 136.875000
v -14.791908 -12.411884 136.875000
v -13.600627 -13.600627 136.875000
v -12.279063 -14.633618 136.875000
v -10.855936 -15.503884 136.875000
v -9.360014 -16.212020 136.875000
v -7.817792 -16.765308 136.875000
v -6.251597 -17.176122 136.875000
v -4.678349 -17.459836 136.875000
v -3.109084 -17.632494 136.875000
v -1.549295 -17.708525 136.875000
v -0.000000 -17.698789 136.875000
v 1.540605 -17.609192 136.875000
v 3.075147 -17.440027 136.875000
v 4.605007 -17.186119 136.875000
v 6.128442 -16.837756 136.875000
v 7.639174 -16.382262 136.875000
v 9.125619 -15.806036 136.875000
v 10.570873 -15.096772 136.875000
v 11.953480 -14.245603 136.875000
v 13.248878 -13.248878 136.875000
v 14.431371 -12.109358 136.875000
v 15.476380 -10.836678 136.875000
v 16.362694 -9.447006 136.875000
v 17.074450 -7.961947 136.875000
v 17.602592 -6.406820 136.875000
v 17.945617 -4.808513 136.875000
v 18.109515 -3.193196 136.875000
v 18.106900 -1.584148 136.875000
v 17.812104 0.000000 138.750000
v 17.539208 1.534482 138.750000
v 17.160708 3.025896 138.750000
v 16.695112 4.473442 138.750000
v 16.157008 5.880670 138.750000
v 15.555616 7.253703 138.750000
v 14.894066 8.599093 138.750000
v 14.169497 9.921589 138.750000
v 13.373968 11.222092 138.750000
v 12.496070 12.496070 138.750000
v 11.523061 13.732649 138.750000
v 10.443247 14.914502 138.750000
v 9.248340 16.018595 138.750000
v 7.935489 17.017711 138.750000
v 6.508737 17.882608 138.750000
v 4.979718 18.584562 138.750000
v 3.367496 19.098022 138.750000
v 1.697548 19.403065 138.750000
v 0.000000 19.487380 138.750000
v -1.692689 19.347526 138.750000
v -3.348335 18.989349 138.750000
v -4.937624 18.427465 138.750000
v -6.436412 17.683897 138.750000
v -7.827437 16.785992 138.750000
v -9.101273 15.763868 138.750000
v -10.256408 14.647668 138.750000
v -11.298422 13.464935 138.750000
v -12.238401 12.238401 138.750000
v -13.090741 10.984436 138.750000
v -13.870617 9.712311 138.750000
v -14.591426 8.424364 138.750000
v -15.262485 7.117014 138.750000
v -15.887278 5.782496 138.750000
v -16.462438 4.411097 138.750000
v -16.977607 2.993610 138.750000
v -17.416167 1.523717 138.750000
v -17.756779 0.000000 138.750000
v -17.975534 -1.572655 138.750000
v -18.048475 -3.182433 138.750000
v -17.954195 -4.810812 138.750000
v -17.676213 -6.433615 138.750000
v -17.204854 -8.022755 138.750000
v -16.538433 -9.548469 138.750000
v -15.683595 -10.981772 138.750000
v -14.654817 -12.296852 138.750000
v -13.473109 -13.473109 138.750000
v -12.164106 -14.496617 138.750000
v -10.755773 -15.360836 138.750000
v -9.276003 -16.066508 138.750000
v -7.750385 -16.620755 138.750000
v -6.200419 -17.035510 138.750000
v -4.642348 -17.325479 138.750000
v -3.086759 -17.505879 138.750000
v -1.538948 -17.590256 138.750000
v -0.000000 -17.588628 138.750000
v 1.531593 -17.506188 138.750000
v 3.057990 -17.342721 138.750000
v 4.580003 -17.092805 138.750000
v 6.095319 -16.746751 138.750000
v 7.597163 -16.292169 138.750000
v 9.073611 -15.715955 138.750000
v 10.507630 -15.006451 138.750000
v 11.877871 -14.155495 138.750000
v 13.160114 -13.160114 138.750000
v 14.329208 -12.023633 138.750000
v 15.361256 -10.756067 138.750000
v 16.235793 -9.373739 138.750000
v 16.937680 -7.898170 138.750000
v 17.458472 -6.354364 138.750000
v 17.797098 -4.768718 138.750000
v 17.959745 -3.166788 138.750000
v 17.958967 -1.571206 138.750000
v 17.679878 0.000000 140.625000
v 17.413966 1.523525 140.625000
v 17.043840 3.005289 140.625000
v 16.587266 4.444545 140.625000
v 16.058118 5.844677 140.625000
v 15.465014 7.211454 140.625000
v 14.810662 8.550940 140.625000
v 14.092008 9.867330 140.625000
v 13.301157 11.160996 140.625000
v 12.426978 12.426978 140.625000
v 11.457191 13.654149 140.625000
v 10.380685 14.825155 140.625000
v 9.189793 15.917188 140.625000
v 7.882231 16.903500 140.625000
v 6.462481 17.755521 140.625000
v 4.942415 18.445343 140.625000
v 3.341094 18.948288 140.625000
v 1.683743 19.245267 140.625000
v 0.000000 19.324671 140.625000
v -1.678343 19.183552 140.625000
v -3.319880 18.827977 140.625000
v -4.896097 18.272482 140.625000
v -6.383570 17.538714 140.625000
v -7.765601 16.653385 140.625000
v -9.033097 15.645783 140.625000
v -10.184600 14.545116 140.625000
v -11.225462 13.377984 140.625000
v -12.166273 12.166273 140.625000
v -13.020721 10.925682 140.625000
v -13.803144 9.665065 140.625000
v -14.526062 8.386626 140.625000
v -15.197986 7.086937 140.625000
v -15.821753 5.758647 140.625000
v -16.393591 4.392650 140.625000
v -16.903032 2.980461 140.625000
v -17.333662 1.516499 140.625000
v -17.664641 0.000000 140.625000
v -17.872811 -1.563668 140.625000
v -17.935133 -3.162448 140.625000
v -17.831195 -4.777854 140.625000
v -17.545478 -6.386032 140.625000
v -17.069137 -7.959469 140.625000
v -16.401096 -9.469177 140.625000
v -15.548331 -10.887058 140.625000
v -14.525336 -12.188204 140.625000
v -13.352834 -13.352834 140.625000
v -12.055904 -14.367667 140.625000
v -10.661756 -15.226566 140.625000
v -9.197411 -15.930383 140.625000
v -7.687575 -16.486057 140.625000
v -6.152938 -16.905060 140.625000
v -4.609105 -17.201415 140.625000
v -3.066241 -17.389519 140.625000
v -1.529481 -17.482047 140.625000
v -0.000000 -17.488196 140.625000
v 1.523394 -17.412476 140.625000
v 3.042382 -17.254203 140.625000
v 4.557210 -17.007740 140.625000
v 6.065001 -16.663454 140.625000
v 7.558505 -16.209265 140.625000
v 9.025479 -15.632588 140.625000
v 10.448788 -14.922415 140.625000
v 11.807212 -14.071287 140.625000
v 13.076892 -13.076892 140.625000
v 14.233228 -11.943096 140.625000
v 15.253006 -10.680269 140.625000
v 16.116496 -9.304863 140.625000
v 16.809258 -7.838286 140.625000
v 17.323430 -6.305213 140.625000
v 17.658333 -4.731536 140.625000
v 17.820314 -3.142202 140.625000
v 17.821829 -1.559208 140.625000
v 17.558590 0.000000 142.500000
v 17.299776 1.513534 142.500000
v 16.937945 2.986617 142.500000
v 16.490120 4.418514 142.500000
v 15.969478 5.812414 142.500000
v 15.384058 7.173704 142.500000
v 14.736183 8.507939 142.500000
v 14.022638 9.818757 142.500000
v 13.235616 11.106001 142.500000
v 12.364298 12.364298 142.500000
v 11.396895 13.582291 142.500000
v 10.322899 14.742627 142.500000
v 9.135270 15.822752 142.500000
v 7.832296 16.796413 142.500000
v 6.418882 17.635735 142.500000
v 4.907124 18.313638 142.500000
v 3.316061 18.806317 142.500000
v 1.670641 19.095513 142.500000
v 0.000000 19.170301 142.500000
v -1.664752 19.028200 142.500000
v -3.292988 18.675465 142.500000
v -4.856987 18.126524 142.500000
v -6.334035 17.402617 142.500000
v -7.707971 16.529798 142.500000
v -8.970007 15.536508 142.500000
v -10.118709 14.451014 142.500000
v -11.159170 13.298981 142.500000
v -12.101459 12.101459 142.500000
v -12.958540 10.873506 142.500000
v -13.743900 9.623583 142.500000
v -14.469189 8.353790 142.500000
v -15.142117 7.060885 142.500000
v -15.764895 5.737952 142.500000
v -16.333372 4.376514 142.500000
v -16.836997 2.968817 142.500000
v -17.259584 1.510018 142.500000
v -17.580819 0.000000 142.500000
v -17.778306 -1.555400 142.500000
v -17.829935 -3.143899 142.500000
v -17.716284 -4.747064 142.500000
v -17.422784 -6.341375 142.500000
v -16.941402 -7.899905 142.500000
v -16.271645 -9.394439 142.500000
v -15.420793 -10.797756 142.500000
v -14.403334 -12.085833 142.500000
v -13.239683 -13.239683 142.500000
v -11.954352 -14.246641 142.500000
v -10.573789 -15.100936 142.500000
v -9.124156 -15.803501 142.500000
v -7.629288 -16.361061 142.500000
v -6.109097 -16.784607 142.500000
v -4.578575 -17.087474 142.500000
v -3.047501 -17.283237 142.500000
v -1.520878 -17.383713 142.500000
v -0.000000 -17.397302 142.500000
v 1.515992 -17.327863 142.500000
v 3.028288 -17.174276 142.500000
v 4.536574 -16.930726 142.500000
v 6.037418 -16.587670 142.500000
v 7.523112 -16.133366 142.500000
v 8.981121 -15.555759 142.500000
v 10.394231 -14.844500 142.500000
v 11.741375 -13.992826 142.500000
v 12.999074 -12.999074 142.500000
v 14.143286 -11.867626 142.500000
v 15.151481 -10.609181 142.500000
v 16.004651 -9.240290 142.500000
v 16.689033 -7.782224 142.500000
v 17.197313 -6.259310 142.500000
v 17.529171 -4.696927 142.500000
v 17.691070 -3.119413 142.500000
v 17.695334 -1.548141 142.500000
v 17.448022 0.000000 144.375000
v 17.196421 1.504492 144.375000
v 16.842805 2.969841 144.375000
v 16.403459 4.395293 144.375000
v 15.890873 5.783805 144.375000
v 15.312537 7.140353 144.375000
v 14.670418 8.469970 144.375000
v 13.961183 9.775725 144.375000
v 13.177148 11.056940 144.375000
v 12.307842 12.307842 144.375000
v 11.341997 13.516866 144.375000
v 10.269727 14.666690 144.375000
v 9.084630 15.735042 144.375000
v 7.785561 16.696190 144.375000
v 6.377843 17.522978 144.375000
v 4.873773 18.189167 144.375000
v 3.292347 18.671830 144.375000
v 1.658219 18.953525 144.375000
v 0.000000 19.023995 144.375000
v -1.651891 18.881201 144.375000
v -3.267613 18.531556 144.375000
v -4.820231 17.989345 144.375000
v -6.287722 17.275373 144.375000
v -7.654444 16.415009 144.375000
v -8.911883 15.435834 144.375000
v -10.058600 14.365169 144.375000
v -11.099396 13.227745 144.375000
v -12.043796 12.043796 144.375000
v -12.904018 10.827756 144.375000
v -13.692694 9.587727 144.375000
v -14.420599 8.325736 144.375000
v -15.094657 7.038754 144.375000
v -15.716472 5.720328 144.375000
v -16.281538 4.362625 144.375000
v -16.779249 2.958634 144.375000
v -17.193676 1.504252 144.375000
v -17.505050 0.000000 144.375000
v -17.691758 -1.547828 144.375000
v -17.732621 -3.126740 144.375000
v -17.609208 -4.718373 144.375000
v -17.307887 -6.299556 144.375000
v -16.821414 -7.843954 144.375000
v -16.149859 -9.324125 144.375000
v -15.300777 -10.713719 144.375000
v -14.288622 -11.989578 144.375000
v -13.133484 -13.133484 144.375000
v -11.859292 -14.133354 144.375000
v -10.491735 -14.983750 144.375000
v -9.056116 -15.685654 144.375000
v -7.575423 -16.245548 144.375000
v -6.068812 -16.673925 144.375000
v -4.550693 -16.983418 144.375000
v -3.030494 -17.186784 144.375000
v -1.513116 -17.294998 144.375000
v -0.000000 -17.315684 144.375000
v 1.509362 -17.252081 144.375000
v 3.015662 -17.102672 144.375000
v 4.518025 -16.861498 144.375000
v 6.012475 -16.519139 144.375000
v 7.490866 -16.064215 144.375000
v 8.940397 -15.485222 144.375000
v 10.343798 -14.772475 144.375000
v 11.680183 -13.919900 144.375000
v 12.926466 -12.926466 144.375000
v 14.059178 -11.797051 144.375000
v 15.056469 -10.542653 144.375000
v 15.900040 -9.179892 144.375000
v 16.576781 -7.729880 144.375000
v 17.079897 -6.216574 144.375000
v 17.409386 -4.664831 144.375000
v 17.571790 -3.098381 144.375000
v 17.579261 -1.537986 144.375000
v 17.347900 0.000000 146.250000
v 17.103630 1.496374 146.250000
v 16.758152 2.954914 146.250000
v 16.327015 4.374811 146.250000
v 15.822040 5.758752 146.250000
v 15.250191 7.111281 146.250000
v 14.613112 8.436884 146.250000
v 13.907392 9.738061 146.250000
v 13.125511 11.013611 146.250000
v 12.257380 12.257380 146.250000
v 11.292282 13.457618 146.250000
v 10.220973 14.597062 146.250000
v 9.037698 15.653752 146.250000
v 7.741877 16.602510 146.250000
v 6.339239 17.416916 146.250000
v 4.842267 18.071587 146.250000
v 3.269891 18.544476 146.250000
v 1.646445 18.818951 146.250000
v 0.000000 18.885407 146.250000
v -1.639732 18.742217 146.250000
v -3.243698 18.395924 146.250000
v -4.785742 17.860634 146.250000
v -6.244524 17.156687 146.250000
v -7.604892 16.308743 146.250000
v -8.858577 15.343505 146.250000
v -10.004104 14.287341 146.250000
v -11.045954 13.164056 146.250000
v -11.993079 11.993079 146.250000
v -12.856934 10.788249 146.250000
v -13.649286 9.557333 146.250000
v -14.380037 8.302318 146.250000
v -15.055336 7.020419 146.250000
v -15.676198 5.705669 146.250000
v -16.237790 4.350903 146.250000
v -16.729477 2.949858 146.250000
v -17.135617 1.499172 146.250000
v -17.437010 0.000000 146.250000
v -17.612839 -1.540924 146.250000
v -17.642868 -3.110914 146.250000
v -17.509649 -4.691696 146.250000
v -17.200478 -6.260462 146.250000
v -16.708880 -7.791479 146.250000
v -16.035459 -9.258077 146.250000
v -15.188020 -10.634766 146.250000
v -14.180960 -11.899239 146.250000
v -13.034017 -13.034017 146.250000
v -11.770529 -14.027571 146.250000
v -10.415419 -14.874760 146.250000
v -8.993143 -15.576580 146.250000
v -7.525854 -16.139246 146.250000
v -6.031980 -16.572729 146.250000
v -4.525381 -16.888953 146.250000
v -3.015166 -17.099859 146.250000
v -1.506169 -17.215590 146.250000
v -0.000000 -17.243022 146.250000
v 1.503476 -17.184807 146.250000
v 3.004447 -17.039063 146.250000
v 4.501474 -16.799728 146.250000
v 5.990054 -16.457537 146.250000
v 7.461621 -16.001499 146.250000
v 8.903132 -15.420677 146.250000
v 10.297290 -14.706054 146.250000
v 11.623412 -13.852243 146.250000
v 12.858827 -12.858827 146.250000
v 13.980647 -11.731156 146.250000
v 14.967700 -10.480496 146.250000
v 15.802384 -9.123511 146.250000
v 16.472220 -7.681122 146.250000
v 16.970899 -6.176902 146.250000
v 17.298696 -4.635172 146.250000
v 17.462195 -3.079056 146.250000
v 17.473334 -1.528719 146.250000
v 17.257906 0.000000 148.125000
v 17.021089 1.489152 148.125000
v 16.683678 2.941782 148.125000
v 16.260486 4.356984 148.125000
v 15.762679 5.737146 148.125000
v 15.196721 7.086348 148.125000
v 14.563973 8.408514 148.125000
v 13.860980 9.705563 148.125000
v 13.080427 10.975782 148.125000
v 12.212648 12.212648 148.125000
v 11.247502 13.404251 148.125000
v 10.176409 14.533418 148.125000
v 8.994270 15.578533 148.125000
v 7.701070 16.514998 148.125000
v 6.302929 17.317156 148.125000
v 4.812499 17.960492 148.125000
v 3.248621 18.423844 148.125000
v 1.635284 18.691382 148.125000
v 0.000000 18.754132 148.125000
v -1.628239 18.610854 148.125000
v -3.221174 18.268187 148.125000
v -4.753426 17.740027 148.125000
v -6.204315 17.046216 148.125000
v -7.559163 16.210676 148.125000
v -8.809914 15.259219 148.125000
v -9.955027 14.217251 148.125000
v -10.998630 13.107657 148.125000
v -11.949075 11.949075 148.125000
v -12.817036 10.754771 148.125000
v -13.613405 9.532209 148.125000
v -14.347213 8.283367 148.125000
v -15.023845 7.005734 148.125000
v -15.643747 5.693858 148.125000
v -16.201785 4.341255 148.125000
v -16.687327 2.942426 148.125000
v -17.085042 1.494747 148.125000
v -17.376325 0.000000 148.125000
v -17.541173 -1.534654 148.125000
v -17.560299 -3.096355 148.125000
v -17.417237 -4.666935 148.125000
v -17.100197 -6.223963 148.125000
v -16.603454 -7.742318 148.125000
v -15.928121 -9.196105 148.125000
v -15.082221 -10.560685 148.125000
v -14.080068 -11.814580 148.125000
v -12.941029 -12.941029 148.125000
v -11.687835 -13.929020 148.125000
v -10.344640 -14.773678 148.125000
v -8.935061 -15.475979 148.125000
v -7.480433 -16.041841 148.125000
v -5.998482 -16.480693 148.125000
v -4.502549 -16.803741 148.125000
v -3.001457 -17.022111 148.125000
v -1.500005 -17.145131 148.125000
v -0.000000 -17.178950 148.125000
v 1.498302 -17.125668 148.125000
v 2.994574 -16.983074 148.125000
v 4.486820 -16.745040 148.125000
v 5.970019 -16.402492 148.125000
v 7.435207 -15.944854 148.125000
v 8.869124 -15.361773 148.125000
v 10.254474 -14.644907 148.125000
v 11.570804 -13.789547 148.125000
v 12.795875 -12.795875 148.125000
v 13.907391 -11.669687 148.125000
v 14.884859 -10.422490 148.125000
v 15.711360 -9.070958 148.125000
v 16.375023 -7.635798 148.125000
v 16.869988 -6.140173 148.125000
v 17.196772 -4.607861 148.125000
v 17.361956 -3.061381 148.125000
v 17.377229 -1.520311 148.125000
v 17.177693 0.000000 150.000000
v 16.948457 1.482798 150.000000
v 16.619045 2.930386 150.000000
v 16.203538 4.341725 150.000000
v 15.712461 5.718868 150.000000
v 15.151805 7.065403 150.000000
v 14.522681 8.384674 150.000000
v 13.821633 9.678012 150.000000
v 13.041594 10.943197 150.000000
v 12.173354 12.173354 150.000000
v 11.207383 13.356439 150.000000
v 10.135783 14.475398 150.000000
v 8.954122 15.508995 150.000000
v 7.662945 16.433239 150.000000
v 6.268755 17.223263 150.000000
v 4.784349 17.855434 150.000000
v 3.228455 18.309477 150.000000
v 1.624696 18.570360 150.000000
v 0.000000 18.629717 150.000000
v -1.617374 18.486671 150.000000
v -3.199968 18.147923 150.000000
v -4.723173 17.627122 150.000000
v -6.166958 16.943578 150.000000
v -7.517091 16.120454 150.000000
v -8.765705 15.182646 150.000000
v -9.911154 14.154595 150.000000
v -10.957186 13.058266 150.000000
v -11.911526 11.911526 150.000000
v -12.784046 10.727089 150.000000
v -13.584753 9.512147 150.000000
v -14.321808 8.268700 150.000000
v -14.999844 6.994542 150.000000
v -15.618760 5.684764 150.000000
v -16.173147 4.333582 150.000000
v -16.652404 2.936268 150.000000
v -17.041544 1.490942 150.000000
v -17.322581 0.000000 150.000000
v -17.476342 -1.528982 150.000000
v -17.484497 -3.082989 150.000000
v -17.331562 -4.643978 150.000000
v -17.006647 -6.189913 150.000000
v -16.504755 -7.696294 150.000000
v -15.827481 -9.138000 150.000000
v -14.983040 -10.491238 150.000000
v -13.985634 -11.735340 150.000000
v -12.854237 -12.854237 150.000000
v -11.610958 -13.837400 150.000000
v -10.279177 -14.680186 150.000000
v -8.881679 -15.383519 150.000000
v -7.438999 -15.952986 150.000000
v -5.968187 -16.397458 150.000000
v -4.482096 -16.727410 150.000000
v -2.989299 -16.953157 150.000000
v -1.494589 -17.083225 150.000000
v -0.000000 -17.123064 150.000000
v 1.493803 -17.074251 150.000000
v 2.985972 -16.934288 150.000000
v 4.473953 -16.697018 150.000000
v 5.952221 -16.353592 150.000000
v 7.411437 -15.893877 150.000000
v 8.838149 -15.308123 150.000000
v 10.215093 -14.588665 150.000000
v 11.522070 -13.731468 150.000000
v 12.737296 -12.737296 150.000000
v 13.839076 -11.612364 150.000000
v 14.807596 -10.368390 150.000000
v 15.626609 -9.022027 150.000000
v 16.284822 -7.593737 150.000000
v 16.776796 -6.106255 150.000000
v 17.103250 -4.582802 150.000000
v 17.270716 -3.045293 150.000000
v 17.290592 -1.512731 150.000000
v 17.106892 0.000000 151.875000
v 16.885373 1.477279 151.875000
v 16.563900 2.920662 151.875000
v 16.155822 4.328939 151.875000
v 15.671038 5.703791 151.875000
v 15.115097 7.048286 151.875000
v 14.488896 8.365168 151.875000
v 13.789019 9.655175 151.875000
v 13.008687 10.915584 151.875000
v 12.139187 12.139187 151.875000
v 11.171631 13.313832 151.875000
v 10.098825 14.422616 151.875000
v 8.917011 15.444717 151.875000
v 7.627294 16.356785 151.875000
v 6.236545 17.134765 151.875000
v 4.757686 17.755925 151.875000
v 3.209307 18.200882 151.875000
v 1.614637 18.455389 151.875000
v 0.000000 18.511676 151.875000
v -1.607096 18.369195 151.875000
v -3.180000 18.034674 151.875000
v -4.694867 17.521484 151.875000
v -6.132304 16.848367 151.875000
v -7.478500 16.037695 151.875000
v -8.725745 15.113433 151.875000
v -9.872259 14.099047 151.875000
v -10.921374 13.015586 151.875000
v -11.880160 11.880160 151.875000
v -12.757670 10.704957 151.875000
v -13.563014 9.496925 151.875000
v -14.303484 8.258121 151.875000
v -14.982973 6.986675 151.875000
v -15.600855 5.678247 151.875000
v -16.151471 4.327774 151.875000
v -16.624287 2.931310 151.875000
v -17.004688 1.487717 151.875000
v -17.275331 0.000000 151.875000
v -17.417894 -1.523868 151.875000
v -17.415013 -3.070737 151.875000
v -17.252181 -4.622708 151.875000
v -16.919396 -6.158157 151.875000
v -16.412370 -7.653214 151.875000
v -15.733151 -9.083539 151.875000
v -14.890117 -10.426172 151.875000
v -13.897326 -11.661241 151.875000
v -12.773339 -12.773339 151.875000
v -11.539627 -13.752392 151.875000
v -10.218792 -14.593948 151.875000
v -8.832792 -15.298845 151.875000
v -7.401381 -15.872314 151.875000
v -5.940956 -16.322642 151.875000
v -4.463917 -16.659566 151.875000
v -2.978619 -16.892590 151.875000
v -1.489884 -17.029454 151.875000
v -0.000000 -17.074933 151.875000
v 1.489942 -17.030118 151.875000
v 2.978561 -16.892261 151.875000
v 4.462752 -16.655216 151.875000
v 5.936498 -16.310394 151.875000
v 7.390106 -15.848134 151.875000
v 8.809964 -15.259306 151.875000
v 10.178867 -14.536929 151.875000
v 11.476899 -13.677635 151.875000
v 12.682751 -12.682751 151.875000
v 13.775341 -11.558884 151.875000
v 14.735534 -10.317932 151.875000
v 15.547740 -8.976492 151.875000
v 16.201225 -7.554755 151.875000
v 16.690933 -6.075003 151.875000
v 17.017739 -4.559890 151.875000
v 17.188089 -3.030724 151.875000
v 17.213049 -1.505947 151.875000
v 17.045127 0.000000 153.750000
v 16.831468 1.472563 153.750000
v 16.517878 2.912548 153.750000
v 16.116978 4.318531 153.750000
v 15.638058 5.691788 153.750000
v 15.086248 7.034833 153.750000
v 14.462270 8.349795 153.750000
v 13.762793 9.636812 153.750000
v 12.981369 10.892662 153.750000
v 12.109823 12.109823 153.750000
v 11.139940 13.276063 153.750000
v 10.065250 14.374667 153.750000
v 8.882683 15.385258 153.750000
v 7.593897 16.285164 153.750000
v 6.206117 17.051167 153.750000
v 4.732372 17.661453 153.750000
v 3.191084 18.097536 153.750000
v 1.605062 18.345948 153.750000
v 0.000000 18.399493 153.750000
v -1.597361 18.257924 153.750000
v -3.161184 17.927963 153.750000
v -4.668388 17.422660 153.750000
v -6.100198 16.760157 153.750000
v -7.443205 15.962005 153.750000
v -8.689823 15.051216 153.750000
v -9.838106 14.050271 153.750000
v -10.890935 12.979310 153.750000
v -11.854697 11.854697 153.750000
v -12.737606 10.688120 153.750000
v -13.547862 9.486315 153.750000
v -14.291892 8.251428 153.750000
v -14.972860 6.981959 153.750000
v -15.589635 5.674163 153.750000
v -16.136342 4.323720 153.750000
v -16.602540 2.927476 153.750000
v -16.974020 1.485034 153.750000
v -17.234110 0.000000 153.750000
v -17.365360 -1.519272 153.750000
v -17.351376 -3.059516 153.750000
v -17.178630 -4.603000 153.750000
v -16.837996 -6.128529 153.750000
v -16.325869 -7.612878 153.750000
v -15.644726 -9.032487 153.750000
v -14.803072 -10.365222 153.750000
v -13.814798 -11.591992 153.750000
v -12.698022 -12.698022 153.750000
v -11.473564 -13.673661 153.750000
v -10.163241 -14.514613 153.750000
v -8.788191 -15.221593 153.750000
v -7.367402 -15.799445 153.750000
v -5.916647 -16.255853 153.750000
v -4.447903 -16.599801 153.750000
v -2.969344 -16.839988 153.750000
v -1.485853 -16.983382 153.750000
v -0.000000 -17.034111 153.750000
v 1.486678 -16.992811 153.750000
v 2.972261 -16.856528 153.750000
v 4.453092 -16.619165 153.750000
v 5.922681 -16.272432 153.750000
v 7.371004 -15.807169 153.750000
v 8.784315 -15.214880 153.750000
v 10.145503 -14.489280 153.750000
v 11.434962 -13.627657 153.750000
v 12.631880 -12.631880 153.750000
v 13.715805 -11.508927 153.750000
v 14.668274 -10.270836 153.750000
v 15.474348 -8.934119 153.750000
v 16.123822 -7.518661 153.750000
v 16.611987 -6.046269 153.750000
v 16.939837 -4.539016 153.750000
v 17.113682 -3.017604 153.750000
v 17.144212 -1.499924 153.750000
v 16.995097 0.000000 155.625000
v 16.789414 1.468883 155.625000
v 16.483606 2.906505 155.625000
v 16.089566 4.311186 155.625000
v 15.615994 5.683757 155.625000
v 15.067634 7.026153 155.625000
v 14.445069 8.339864 155.625000
v 13.745098 9.624421 155.625000
v 12.961647 10.876114 155.625000
v 12.087119 12.087119 155.625000
v 11.114006 13.245157 155.625000
v 10.036583 14.333727 155.625000
v 8.852475 15.332937 155.625000
v 7.563893 16.220821 155.625000
v 6.178404 16.975025 155.625000
v 4.709117 17.574665 155.625000
v 3.174266 18.002155 155.625000
v 1.596213 18.244797 155.625000
v 0.000000 18.295947 155.625000
v -1.588412 18.155630 155.625000
v -3.144003 17.830525 155.625000
v -4.644450 17.333323 155.625000
v -6.071582 16.681533 155.625000
v -7.412360 15.895858 155.625000
v -8.659294 14.998338 155.625000
v -9.810233 14.010465 155.625000
v -10.867576 12.951473 155.625000
v -11.837000 11.837000 155.625000
v -12.725853 10.678259 155.625000
v -13.541423 9.481806 155.625000
v -14.289268 8.249913 155.625000
v -14.971839 6.981483 155.625000
v -15.587522 5.673394 155.625000
v -16.130253 4.322088 155.625000
v -16.589719 2.925215 155.625000
v -16.952144 1.483120 155.625000
v -17.201556 0.000000 155.625000
v -17.321388 -1.515425 155.625000
v -17.296232 -3.049792 155.625000
v -17.113529 -4.585556 155.625000
v -16.765016 -6.101967 155.625000
v -16.247749 -7.576450 155.625000
v -15.564603 -8.986228 155.625000
v -14.724183 -10.309984 155.625000
v -13.740182 -11.529382 155.625000
v -12.630254 -12.630254 155.625000
v -11.414551 -13.603332 155.625000
v -10.114107 -14.444442 155.625000
v -8.749246 -15.154138 155.625000
v -7.338212 -15.736847 155.625000
v -5.896182 -16.199626 155.625000
v -4.434747 -16.550702 155.625000
v -2.961935 -16.797968 155.625000
v -1.482726 -16.947639 155.625000
v -0.000000 -17.003220 155.625000
v 1.484240 -16.964935 155.625000
v 2.967523 -16.829660 155.625000
v 4.445649 -16.591388 155.625000
v 5.911665 -16.242166 155.625000
v 7.355240 -15.773362 155.625000
v 8.762524 -15.177136 155.625000
v 10.116526 -14.447897 155.625000
v 11.397980 -13.583584 155.625000
v 12.586593 -12.586593 155.625000
v 13.662545 -11.464236 155.625000
v 14.608052 -10.228668 155.625000
v 15.408803 -8.896276 155.625000
v 16.055097 -7.486615 155.625000
v 16.542536 -6.020991 155.625000
v 16.872188 -4.520889 155.625000
v 17.050180 -3.006407 155.625000
v 17.086788 -1.494900 155.625000
v 16.978499 0.000000 157.500000
v 16.780666 1.468118 157.500000
v 16.482161 2.906250 157.500000
v 16.094167 4.312419 157.500000
v 15.624822 5.686970 157.500000
v 15.078519 7.031229 157.500000
v 14.455747 8.346029 157.500000
v 13.753472 9.630285 157.500000
v 12.966038 10.879798 157.500000
v 12.086456 12.086456 157.500000
v 11.107948 13.237937 157.500000
v 10.025554 14.317975 157.500000
v 8.837599 15.307171 157.500000
v 7.546850 16.184273 157.500000
v 6.161211 16.927788 157.500000
v 4.693868 17.517753 157.500000
v 3.162859 17.937464 157.500000
v 1.590104 18.174968 157.500000
v 0.000000 18.224144 157.500000
v -1.582255 18.085256 157.500000
v -3.132434 17.764914 157.500000
v -4.628937 17.275428 157.500000
v -6.054156 16.633656 157.500000
v -7.395383 15.859449 157.500000
v -8.645176 14.973885 157.500000
v -9.801143 13.997483 157.500000
v -10.865167 12.948602 157.500000
v -11.842189 11.842189 157.500000
v -12.738682 10.689023 157.500000
v -13.561014 9.495524 157.500000
v -14.313887 8.264127 157.500000
v -14.999050 6.994172 157.500000
v -15.614429 5.683187 157.500000
v -16.153791 4.328395 157.500000
v -16.606971 2.928257 157.500000
v -16.960644 1.483864 157.500000
v -17.199540 0.000000 157.500000
v -17.307981 -1.514252 157.500000
v -17.271527 -3.045436 157.500000
v -17.078575 -4.576190 157.500000
v -16.721699 -6.086201 157.500000
v -16.198591 -7.553527 157.500000
v -15.512498 -8.956145 157.500000
v -14.672105 -10.273519 157.500000
v -13.690893 -11.488024 157.500000
v -12.586051 -12.586051 157.500000
v -11.377075 -13.558671 157.500000
v -10.084236 -14.401782 157.500000
v -8.727079 -15.115744 157.500000
v -7.323146 -15.704538 157.500000
v -5.887067 -16.174583 157.500000
v -4.430096 -16.533345 157.500000
v -2.960164 -16.787926 157.500000
v -1.482391 -16.943808 157.500000
v -0.000000 -17.003912 157.500000
v 1.484515 -16.968080 157.500000
v 2.968122 -16.833058 157.500000
v 4.446073 -16.592969 157.500000
v 5.910956 -16.240218 157.500000
v 7.352145 -15.766725 157.500000
v 8.755697 -15.165312 157.500000
v 10.104754 -14.431084 157.500000
v 11.380389 -13.562620 157.500000
v 12.562825 -12.562825 157.500000
v 13.632864 -11.439331 157.500000
v 14.573374 -10.204386 157.500000
v 15.370639 -8.874243 157.500000
v 16.015423 -7.468114 157.500000
v 16.503595 -6.006817 157.500000
v 16.836251 -4.511260 157.500000
v 17.019299 -3.000962 157.500000
v 17.062564 -1.492781 157.500000
v 16.995425 0.000000 159.375000
v 16.805359 1.470278 159.375000
v 16.513711 2.911813 159.375000
v 16.130968 4.322280 159.375000
v 15.664732 5.701496 159.375000
v 15.119084 7.050144 159.375000
v 14.494457 8.368378 159.375000
v 13.788033 9.654485 159.375000
v 12.994613 10.903775 159.375000
v 12.107856 12.107856 159.375000
v 11.121745 13.254380 159.375000
v 10.032105 14.327330 159.375000
v 8.837972 15.307817 159.375000
v 7.542672 16.175313 159.375000
v 6.154442 16.909190 159.375000
v 4.686540 17.490405 159.375000
v 3.156803 17.903120 159.375000
v 1.586703 18.136104 159.375000
v 0.000000 18.183732 159.375000
v -1.578862 18.046480 159.375000
v -3.126428 17.730852 159.375000
v -4.621789 17.248753 159.375000
v -6.047864 16.616369 159.375000
v -7.392231 15.852691 159.375000
v -8.647457 14.977834 159.375000
v -9.810861 14.011362 159.375000
v -10.883776 12.970780 159.375000
v -11.870378 11.870378 159.375000
v -12.776247 10.720544 159.375000
v -13.606823 9.527600 159.375000
v -14.365955 8.294188 159.375000
v -15.054704 7.020124 159.375000
v -15.670553 5.703615 159.375000
v -16.207124 4.342686 159.375000
v -16.654422 2.936624 159.375000
v -16.999589 1.487271 159.375000
v -17.228076 0.000000 159.375000
v -17.325089 -1.515749 159.375000
v -17.277158 -3.046429 159.375000
v -17.073620 -4.574863 159.375000
v -16.707864 -6.081165 159.375000
v -16.178196 -7.544017 159.375000
v -15.488209 -8.942122 159.375000
v -14.646646 -10.255692 159.375000
v -13.666761 -11.467774 159.375000
v -12.565273 -12.565273 159.375000
v -11.361030 -13.539548 159.375000
v -10.073556 -14.386528 159.375000
v -8.721647 -15.106336 159.375000
v -7.322186 -15.702478 159.375000
v -5.889299 -16.180717 159.375000
v -4.433957 -16.547753 159.375000
v -2.964040 -16.809906 159.375000
v -1.484853 -16.971949 159.375000
v -0.000000 -17.036246 159.375000
v 1.487508 -17.002296 159.375000
v 2.974064 -16.866755 159.375000
v 4.454363 -16.623909 159.375000
v 5.920543 -16.266558 159.375000
v 7.361690 -15.787194 159.375000
v 8.763782 -15.179316 159.375000
v 10.110105 -14.438726 159.375000
v 11.382081 -13.564636 159.375000
v 12.560447 -12.560447 159.375000
v 13.626616 -11.434088 159.375000
v 14.564085 -10.197882 159.375000
v 15.359708 -8.867931 159.375000
v 16.004670 -7.463100 159.375000
v 16.495064 -6.003712 159.375000
v 16.831968 -4.510112 159.375000
v 17.021028 -3.001266 159.375000
v 17.071582 -1.493570 159.375000
v 17.040775 0.000000 161.250000
v 16.858501 1.474928 161.250000
v 16.573386 2.922335 161.250000
v 16.195235 4.339500 161.250000
v 15.731134 5.725664 161.250000
v 15.184885 7.080828 161.250000
v 14.556914 8.404438 161.250000
v 13.844666 9.694140 161.250000
v 13.043450 10.944754 161.250000
v 12.147616 12.147616 161.250000
v 11.151947 13.290373 161.250000
v 10.053079 14.357284 161.250000
v 8.850777 15.329995 161.250000
v 7.548926 16.188724 161.250000
v 6.156094 16.913729 161.250000
v 4.685598 17.486890 161.250000
v 3.155060 17.893233 161.250000
v 1.585490 18.122235 161.250000
v 0.000000 18.168741 161.250000
v -1.577718 18.033404 161.250000
v -3.124971 17.722590 161.250000
v -4.621524 17.247762 161.250000
v -6.050789 16.624407 161.250000
v -7.400596 15.870629 161.250000
v -8.663472 15.005573 161.250000
v -9.836408 14.047847 161.250000
v -10.920142 13.014118 161.250000
v -11.918049 11.918049 161.250000
v -12.834792 10.769669 161.250000
v -13.674870 9.575247 161.250000
v -14.441274 8.337674 161.250000
v -15.134388 7.057281 161.250000
v -15.751273 5.732994 161.250000
v -16.285430 4.363668 161.250000
v -16.727063 2.949432 161.250000
v -17.063809 1.492890 161.250000
v -17.281856 0.000000 161.250000
v -17.367316 -1.519443 161.250000
v -17.307689 -3.051812 161.250000
v -17.093244 -4.580121 161.250000
v -16.718176 -6.084918 161.250000
v -16.181377 -7.545500 161.250000
v -15.486762 -8.941286 161.250000
v -14.643106 -10.253213 161.250000
v -13.663416 -11.464967 161.250000
v -12.563924 -12.563924 161.250000
v -11.362824 -13.541686 161.250000
v -10.078905 -14.394168 161.250000
v -8.730236 -15.121213 161.250000
v -7.333070 -15.725819 161.250000
v -5.901074 -16.213066 161.250000
v -4.444977 -16.588880 161.250000
v -2.972662 -16.858802 161.250000
v -1.489662 -17.026911 161.250000
v -0.000000 -17.095044 161.250000
v 1.492766 -17.062398 161.250000
v 2.984436 -16.925577 161.250000
v 4.469145 -16.679075 161.250000
v 5.938584 -16.316125 161.250000
v 7.381567 -15.829821 161.250000
v 8.784012 -15.214355 161.250000
v 10.129367 -14.466236 161.250000
v 11.399423 -13.585304 161.250000
v 12.575438 -12.575438 161.250000
v 13.639436 -11.444846 161.250000
v 14.575533 -10.205898 161.250000
v 15.371122 -8.874522 161.250000
v 16.017779 -7.469213 161.250000
v 16.511773 -6.009794 161.250000
v 16.854117 -4.516047 161.250000
v 17.050145 -3.006401 161.250000
v 17.108664 -1.496814 161.250000
v 17.109503 0.000000 163.125000
v 16.935145 1.481633 163.125000
v 16.656360 2.936966 163.125000
v 16.282268 4.362820 163.125000
v 15.819460 5.757813 163.125000
v 15.271498 7.121216 163.125000
v 14.638844 8.451740 163.125000
v 13.919262 9.746372 163.125000
v 13.108624 10.999441 163.125000
v 12.202027 12.202027 163.125000
v 11.195097 13.341797 163.125000
v 10.085314 14.403320 163.125000
v 8.873190 15.368816 163.125000
v 7.563178 16.219287 163.125000
v 6.164164 16.935902 163.125000
v 4.689509 17.501484 163.125000
v 3.156593 17.901930 163.125000
v 1.585943 18.127413 163.125000
v 0.000000 18.173227 163.125000
v -1.578310 18.040167 163.125000
v -3.127057 17.734422 163.125000
v -4.626670 17.266966 163.125000
v -6.061031 16.652545 163.125000
v -7.418184 15.908347 163.125000
v -8.690577 15.052520 163.125000
v -9.874823 14.102708 163.125000
v -10.971017 13.074749 163.125000
v -11.981696 11.981696 163.125000
v -12.910567 10.833252 163.125000
v -13.761171 9.635676 163.125000
v -14.535637 8.392154 163.125000
v -15.233677 7.103580 163.125000
v -15.851949 5.769638 163.125000
v -16.383865 4.390044 163.125000
v -16.819862 2.965795 163.125000
v -17.148106 1.500265 163.125000
v -17.355557 0.000000 163.125000
v -17.429254 -1.524862 163.125000
v -17.357678 -3.060627 163.125000
v -17.132038 -4.590516 163.125000
v -16.747316 -6.095525 163.125000
v -16.202974 -7.555571 163.125000
v -15.503220 -8.950788 163.125000
v -14.656829 -10.262822 163.125000
v -13.676531 -11.475972 163.125000
v -12.578048 -12.578048 163.125000
v -11.378908 -13.560855 163.125000
v -10.097162 -14.420241 163.125000
v -8.750163 -15.155727 163.125000
v -7.353561 -15.769762 163.125000
v -5.920599 -16.266712 163.125000
v -4.461813 -16.651714 163.125000
v -2.985132 -16.929527 163.125000
v -1.496367 -17.103554 163.125000
v -0.000000 -17.175131 163.125000
v 1.499835 -17.143190 163.125000
v 2.998323 -17.004335 163.125000
v 4.489036 -16.753312 163.125000
v 5.963227 -16.383832 163.125000
v 7.409454 -15.889626 163.125000
v 8.813604 -15.265609 163.125000
v 10.159314 -14.509004 163.125000
v 11.428770 -13.620278 163.125000
v 12.603771 -12.603771 163.125000
v 13.666962 -11.467943 163.125000
v 14.603071 -10.225181 163.125000
v 15.400014 -8.891202 163.125000
v 16.049719 -7.484107 163.125000
v 16.548590 -6.023194 163.125000
v 16.897520 -4.527677 163.125000
v 17.101477 -3.015452 163.125000
v 17.168684 -1.502065 163.125000
v 17.196620 0.000000 165.000000
v 17.030404 1.489967 165.000000
v 16.757857 2.954862 165.000000
v 16.387411 4.390994 165.000000
v 15.925183 5.796293 165.000000
v 15.374525 7.169259 165.000000
v 14.735990 8.507828 165.000000
v 14.007720 9.808311 165.000000
v 13.186215 11.064548 165.000000
v 12.267379 12.267379 165.000000
v 11.247735 13.404529 165.000000
v 10.125643 14.460917 165.000000
v 8.902387 15.419387 165.000000
v 7.582991 16.261776 165.000000
v 6.176650 16.970205 165.000000
v 4.696739 17.528470 165.000000
v 3.160370 17.923349 165.000000
v 1.587544 18.145711 165.000000
v 0.000000 18.191275 165.000000
v -1.580128 18.060944 165.000000
v -3.131687 17.760679 165.000000
v -4.635766 17.300915 165.000000
v -6.076703 16.695605 165.000000
v -7.442723 15.960971 165.000000
v -8.726149 15.114133 165.000000
v -9.923167 14.171751 165.000000
v -11.033178 13.148830 165.000000
v -12.057829 12.057829 165.000000
v -12.999836 10.908158 165.000000
v -13.861754 9.706105 165.000000
v -14.644839 8.455202 165.000000
v -15.348139 7.156955 165.000000
v -15.967932 5.811852 165.000000
v -16.497573 4.420511 165.000000
v -16.927772 2.984823 165.000000
v -17.247272 1.508941 165.000000
v -17.443845 0.000000 165.000000
v -17.505488 -1.531532 165.000000
v -17.421690 -3.071914 165.000000
v -17.184601 -4.604600 165.000000
v -16.789987 -6.111056 165.000000
v -16.237858 -7.571837 165.000000
v -15.532683 -8.967798 165.000000
v -14.683200 -10.281287 165.000000
v -13.701824 -11.497196 165.000000
v -12.603738 -12.603738 165.000000
v -11.405776 -13.592874 165.000000
v -10.125240 -14.460341 165.000000
v -8.778775 -15.205284 165.000000
v -7.381444 -15.829558 165.000000
v -5.946103 -16.336783 165.000000
v -4.483133 -16.731280 165.000000
v -3.000561 -17.017025 165.000000
v -1.504521 -17.196754 165.000000
v -0.000000 -17.271334 165.000000
v 1.508258 -17.239473 165.000000
v 3.014808 -17.097824 165.000000
v 4.512651 -16.841441 165.000000
v 5.992612 -16.464565 165.000000
v 7.443020 -15.961608 165.000000
v 8.849761 -15.328236 165.000000
v 10.196705 -14.562404 165.000000
v 11.466465 -13.665200 165.000000
v 12.641412 -12.641412 165.000000
v 13.704831 -11.499718 165.000000
v 14.642064 -10.252483 165.000000
v 15.441532 -8.915173 165.000000
v 16.095488 -7.505449 165.000000
v 16.600420 -6.042059 165.000000
v 16.957046 -4.543627 165.000000
v 17.169904 -3.027517 165.000000
v 17.246572 -1.508880 165.000000
v 17.297204 0.000000 166.875000
v 17.139456 1.499508 166.875000
v 16.873167 2.975195 166.875000
v 16.506071 4.422788 166.875000
v 16.043825 5.839475 166.875000
v 15.489611 7.222924 166.875000
v 14.844127 8.570261 166.875000
v 14.105962 9.877101 166.875000
v 13.272315 11.136795 166.875000
v 12.339968 12.339968 166.875000
v 11.306399 13.474442 166.875000
v 10.170896 14.525545 166.875000
v 8.935538 15.476806 166.875000
v 7.605924 16.310956 166.875000
v 6.191543 17.011126 166.875000
v 4.705756 17.562121 166.875000
v 3.165356 17.951627 166.875000
v 1.589775 18.171207 166.875000
v 0.000000 18.216984 166.875000
v -1.582664 18.089929 166.875000
v -3.137866 17.795721 166.875000
v -4.647363 17.344195 166.875000
v -6.095935 16.748444 166.875000
v -7.471959 16.023668 166.875000
v -8.767590 15.185911 166.875000
v -9.978530 14.250818 166.875000
v -11.103430 13.232552 166.875000
v -12.142990 12.142990 166.875000
v -13.098890 10.991274 166.875000
v -13.972667 9.783767 166.875000
v -14.764692 8.524399 166.875000
v -15.473354 7.215343 166.875000
v -16.094575 5.857946 166.875000
v -16.621692 4.453769 166.875000
v -17.045740 3.005624 166.875000
v -17.356090 1.518461 166.875000
v -17.541376 0.000000 166.875000
v -17.590602 -1.538978 166.875000
v -17.494288 -3.084715 166.875000
v -17.245541 -4.620929 166.875000
v -16.840907 -6.129589 166.875000
v -16.280919 -7.591917 166.875000
v -15.570277 -8.989504 166.875000
v -14.717638 -10.305401 166.875000
v -13.735055 -11.525080 166.875000
v -12.637125 -12.637125 166.875000
v -11.439960 -13.633613 166.875000
v -10.160091 -14.510114 166.875000
v -8.813452 -15.265346 166.875000
v -7.414533 -15.900517 166.875000
v -5.975830 -16.418459 166.875000
v -4.507616 -16.822651 166.875000
v -3.018061 -17.116277 166.875000
v -1.513678 -17.301417 166.875000
v -0.000000 -17.378498 166.875000
v 1.517583 -17.346052 166.875000
v 3.032971 -17.200834 166.875000
v 4.538596 -16.938272 166.875000
v 6.024869 -16.553192 166.875000
v 7.479920 -16.040740 166.875000
v 8.889676 -15.397371 166.875000
v 10.238285 -14.621787 166.875000
v 11.508838 -13.715699 166.875000
v 12.684319 -12.684319 166.875000
v 13.748677 -11.536510 166.875000
v 14.687879 -10.284564 166.875000
v 15.490842 -8.943642 166.875000
v 16.150111 -7.530920 166.875000
v 16.662209 -6.064548 166.875000
v 17.027615 -4.562536 166.875000
v 17.250366 -3.041705 166.875000
v 17.337325 -1.516819 166.875000
v 17.406423 0.000000 168.750000
v 17.257575 1.509842 168.750000
v 16.997672 2.997148 168.750000
v 16.633739 4.456997 168.750000
v 16.170986 5.885758 168.750000
v 15.612466 7.280213 168.750000
v 14.959083 8.636630 168.750000
v 14.209947 9.949912 168.750000
v 13.363039 11.212921 168.750000
v 12.416099 12.416099 168.750000
v 11.367629 13.547412 168.750000
v 10.217894 14.592665 168.750000
v 8.969800 15.536150 168.750000
v 7.629523 16.361565 168.750000
v 6.206827 17.053118 168.750000
v 4.715016 17.596681 168.750000
v 3.170513 17.980872 168.750000
v 1.592115 18.197955 168.750000
v 0.000000 18.244438 168.750000
v -1.585410 18.121314 168.750000
v -3.144601 17.833921 168.750000
v -4.660016 17.391416 168.750000
v -6.116868 16.805956 168.750000
v -7.503659 16.091648 168.750000
v -8.812328 15.263400 168.750000
v -10.038037 14.335802 168.750000
v -11.178617 13.322157 168.750000
v -12.233763 12.233763 168.750000
v -13.204064 11.079526 168.750000
v -14.090004 9.865927 168.750000
v -14.891049 8.597351 168.750000
v -15.604936 7.276701 168.750000
v -16.227259 5.906239 168.750000
v -16.751382 4.488519 168.750000
v -17.168723 3.027309 168.750000
v -17.469345 1.528370 168.750000
v -17.642809 0.000000 168.750000
v -17.679172 -1.546727 168.750000
v -17.570030 -3.098070 168.750000
v -17.309463 -4.638057 168.750000
v -16.894795 -6.149203 168.750000
v -16.327062 -7.613434 168.750000
v -15.611151 -9.013102 168.750000
v -14.755590 -10.331975 168.750000
v -13.772012 -11.556090 168.750000
v -12.674378 -12.674378 168.750000
v -11.478031 -13.678985 168.750000
v -10.198706 -14.565261 168.750000
v -8.851607 -15.331434 168.750000
v -7.450668 -15.978009 168.750000
v -6.008050 -16.506980 168.750000
v -4.533956 -16.920956 168.750000
v -3.036758 -17.222312 168.750000
v -1.523395 -17.412486 168.750000
v -0.000000 -17.491493 168.750000
v 1.527355 -17.457742 168.750000
v 3.051895 -17.308155 168.750000
v 4.565479 -17.038600 168.750000
v 6.058124 -16.644558 168.750000
v 7.517797 -16.121968 168.750000
v 8.930521 -15.468115 168.750000
v 10.280778 -14.682473 168.750000
v 11.552197 -13.767373 168.750000
v 12.728428 -12.728428 168.750000
v 13.794119 -11.574640 168.750000
v 14.735880 -10.318175 168.750000
v 15.543117 -8.973823 168.750000
v 16.208634 -7.558210 168.750000
v 16.728938 -6.088835 168.750000
v 17.104198 -4.583056 168.750000
v 17.337870 -3.057134 168.750000
v 17.436018 -1.525454 168.750000
v 17.519570 0.000000 170.625000
v 17.380170 1.520568 170.625000
v 17.126895 3.019934 170.625000
v 16.766044 4.492448 170.625000
v 16.302395 5.933587 170.625000
v 15.738912 7.339175 170.625000
v 15.076774 8.704579 170.625000
v 14.315699 10.023960 170.625000
v 13.454543 11.289702 170.625000
v 12.492096 12.492096 170.625000
v 11.427961 13.619314 170.625000
v 10.263445 14.657718 170.625000
v 9.002307 15.592453 170.625000
v 7.651306 16.408279 170.625000
v 6.220457 17.090564 170.625000
v 4.722955 17.626309 170.625000
v 3.174786 18.005108 170.625000
v 1.594038 18.219933 170.625000
v 0.000000 18.267656 170.625000
v -1.587853 18.149247 170.625000
v -3.150897 17.869623 170.625000
v -4.672279 17.437182 170.625000
v -6.137650 16.863054 170.625000
v -7.535607 16.160161 170.625000
v -8.857825 15.342203 170.625000
v -10.098858 14.422664 170.625000
v -11.255647 13.413958 170.625000
v -12.326809 12.326809 170.625000
v -13.311779 11.169909 170.625000
v -14.209943 9.949909 170.625000
v -15.019845 8.671711 170.625000
v -15.738576 7.339018 170.625000
v -16.361429 5.955073 170.625000
v -16.881852 4.523479 170.625000
v -17.291712 3.048995 170.625000
v -17.581840 1.538212 170.625000
v -17.742798 0.000000 170.625000
v -17.765765 -1.554303 170.625000
v -17.643456 -3.111017 170.625000
v -17.370952 -4.654532 170.625000
v -16.946352 -6.167968 170.625000
v -16.371173 -7.634003 170.625000
v -15.650445 -9.035789 170.625000
v -14.792503 -10.357822 170.625000
v -13.808500 -11.586707 170.625000
v -12.711691 -12.711691 170.625000
v -11.516594 -13.724943 170.625000
v -10.238107 -14.621532 170.625000
v -8.890693 -15.399132 170.625000
v -7.487724 -16.057477 170.625000
v -6.041057 -16.597668 170.625000
v -4.560871 -17.021402 170.625000
v -3.055788 -17.330234 170.625000
v -1.533236 -17.524965 170.625000
v -0.000000 -17.605238 170.625000
v 1.537122 -17.569390 170.625000
v 3.070661 -17.414585 170.625000
v 4.591901 -17.137210 170.625000
v 6.090489 -16.733481 170.625000
v 7.554276 -16.200197 170.625000
v 8.969439 -15.535523 170.625000
v 10.320871 -14.739731 170.625000
v 11.592809 -13.815771 170.625000
v 12.769632 -12.769632 170.625000
v 13.836737 -11.610401 170.625000
v 14.781402 -10.350049 170.625000
v 15.593516 -9.002921 170.625000
v 16.266111 -7.585012 170.625000
v 16.795621 -6.113106 170.625000
v 17.181825 -4.603856 170.625000
v 17.427505 -3.072939 170.625000
v 17.537833 -1.534362 170.625000
v 17.632131 0.000000 172.500000
v 17.502871 1.531303 172.500000
v 17.256596 3.042804 172.500000
v 16.898856 4.528035 172.500000
v 16.434005 5.981489 172.500000
v 15.864971 7.397957 172.500000
v 15.193282 8.771845 172.500000
v 14.419365 10.096548 172.500000
v 13.543062 11.363978 172.500000
v 12.564316 12.564316 172.500000
v 11.483932 13.686017 172.500000
v 10.304321 14.716095 172.500000
v 9.030138 15.640658 172.500000
v 7.668729 16.445643 172.500000
v 6.230326 17.117679 172.500000
v 4.727958 17.644979 172.500000
v 3.177088 18.018162 172.500000
v 1.594999 18.230927 172.500000
v 0.000000 18.280487 172.500000
v -1.589470 18.167729 172.500000
v -3.155737 17.897072 172.500000
v -4.682692 17.476046 172.500000
v -6.156426 16.914642 172.500000
v -7.565606 16.224494 172.500000
v -8.901586 15.418000 172.500000
v -10.158240 14.507470 172.500000
v -11.331534 13.504396 172.500000
v -12.418918 12.418918 172.500000
v -13.418604 11.259546 172.500000
v -14.328828 10.033154 172.500000
v -15.147183 8.745230 172.500000
v -15.870120 7.400358 172.500000
v -16.492668 6.002840 172.500000
v -17.008419 4.557392 172.500000
v -17.409770 3.069812 172.500000
v -17.688415 1.547536 172.500000
v -17.836004 0.000000 172.500000
v -17.844918 -1.561228 172.500000
v -17.709053 -3.122584 172.500000
v -17.424521 -4.668886 172.500000
v -16.990204 -6.183929 172.500000
v -16.408070 -7.651209 172.500000
v -15.683240 -9.054723 172.500000
v -14.823789 -10.379729 172.500000
v -13.840304 -11.613394 172.500000
v -12.745257 -12.745257 172.500000
v -11.552272 -13.767462 172.500000
v -10.275356 -14.674730 172.500000
v -8.928201 -15.464099 172.500000
v -7.523621 -16.134458 172.500000
v -6.073189 -16.685950 172.500000
v -4.587106 -17.119314 172.500000
v -3.074307 -17.435260 172.500000
v -1.542772 -17.633964 172.500000
v -0.000000 -17.714733 172.500000
v 1.546441 -17.675897 172.500000
v 3.088357 -17.514945 172.500000
v 4.616463 -17.228876 172.500000
v 6.120063 -16.814736 172.500000
v 7.586947 -16.270261 172.500000
v 9.003523 -15.594559 172.500000
v 10.355180 -14.788729 172.500000
v 11.626854 -13.856345 172.500000
v 12.803731 -12.803731 172.500000
v 13.872022 -11.640008 172.500000
v 14.819700 -10.376865 172.500000
v 15.637141 -9.028108 172.500000
v 16.317574 -7.609010 172.500000
v 16.857289 -6.135551 172.500000
v 17.255588 -4.623621 172.500000
v 17.514473 -3.088274 172.500000
v 17.638109 -1.543135 172.500000
v 17.739944 0.000000 174.375000
v 17.621723 1.541701 174.375000
v 17.382989 3.065090 174.375000
v 17.028504 4.562774 174.375000
v 16.562213 6.028153 174.375000
v 15.987059 7.454888 174.375000
v 15.305016 8.836355 174.375000
v 14.517336 10.165148 174.375000
v 13.624983 11.432718 174.375000
v 12.629185 12.629185 174.375000
v 11.532062 13.743377 174.375000
v 10.337220 14.763080 174.375000
v 9.050257 15.675505 174.375000
v 7.679111 16.467908 174.375000
v 6.234195 17.128310 174.375000
v 4.728296 17.646241 174.375000
v 3.176251 18.013414 174.375000
v 1.594418 18.224278 174.375000
v 0.000000 18.276366 174.375000
v -1.589705 18.170415 174.375000
v -3.158059 17.910243 174.375000
v -4.689750 17.502387 174.375000
v -6.171318 16.955558 174.375000
v -7.591473 16.279966 174.375000
v -8.941187 15.486590 174.375000
v -10.213562 14.586478 174.375000
v -11.403486 13.590146 174.375000
v -12.507141 12.507141 174.375000
v -13.521422 11.345820 174.375000
v -14.443342 10.113337 174.375000
v -15.269514 8.815858 174.375000
v -15.995748 7.458940 174.375000
v -16.616852 6.048040 174.375000
v -17.126635 4.589068 174.375000
v -17.518127 3.088918 174.375000
v -17.783993 1.555898 174.375000
v -17.917090 0.000000 174.375000
v -17.911101 -1.567018 174.375000
v -17.761180 -3.131775 174.375000
v -17.464520 -4.679604 174.375000
v -17.020789 -6.195060 174.375000
v -16.432381 -7.662545 174.375000
v -15.704449 -9.066968 174.375000
v -14.844720 -10.394385 174.375000
v -13.863115 -11.632535 174.375000
v -12.771225 -12.771225 174.375000
v -11.581686 -13.802516 174.375000
v -10.307545 -14.720701 174.375000
v -8.961684 -15.522092 174.375000
v -7.556348 -16.204640 174.375000
v -6.102851 -16.767445 174.375000
v -4.611466 -17.210225 174.375000
v -3.091510 -17.532822 174.375000
v -1.551593 -17.734789 174.375000
v -0.000000 -17.815140 174.375000
v 1.554873 -17.772275 174.375000
v 3.104079 -17.604106 174.375000
v 4.637760 -17.308357 174.375000
v 6.144914 -16.883013 174.375000
v 7.613337 -16.326854 174.375000
v 9.029760 -15.640003 174.375000
v 10.380177 -14.824429 174.375000
v 11.650333 -13.884326 174.375000
v 12.826327 -12.826327 174.375000
v 13.895256 -11.659504 174.375000
v 14.845840 -10.395169 174.375000
v 15.668947 -9.046471 174.375000
v 16.357964 -7.627844 174.375000
v 16.908966 -6.154360 174.375000
v 17.320665 -4.641058 174.375000
v 17.594154 -3.102324 174.375000
v 17.732454 -1.551389 174.375000
v 17.839622 0.000000 176.250000
v 17.733700 1.551498 176.250000
v 17.503310 3.086306 176.250000
v 17.152373 4.595965 176.250000
v 16.684432 6.072637 176.250000
v 16.102511 7.508724 176.250000
v 15.409147 8.896475 176.250000
v 14.606575 10.227634 176.250000
v 13.697053 11.493192 176.250000
v 12.683277 12.683277 176.250000
v 11.568836 13.787202 176.250000
v 10.358652 14.793688 176.250000
v 9.059337 15.691232 176.250000
v 7.679436 16.468603 176.250000
v 6.229494 17.115394 176.250000
v 4.721961 17.622598 176.250000
v 3.170910 17.983123 176.250000
v 1.591612 18.192207 176.250000
v 0.000000 18.247681 176.250000
v -1.587924 18.150053 176.250000
v -3.156677 17.902404 176.250000
v -4.691819 17.510107 176.250000
v -6.180364 16.980409 176.250000
v -7.611032 16.321910 176.250000
v -8.974336 15.544006 176.250000
v -10.262490 14.656355 176.250000
v -11.469164 13.668418 176.250000
v -12.589129 12.589129 176.250000
v -13.617832 11.426717 176.250000
v -14.550971 10.188699 176.250000
v -15.384116 8.882024 176.250000
v -16.112438 7.513353 176.250000
v -16.730569 6.089429 176.250000
v -17.232628 4.617469 176.250000
v -17.612408 3.105543 176.250000
v -17.863701 1.562871 176.250000
v -17.980722 0.000000 176.250000
v -17.958602 -1.571174 176.250000
v -17.793864 -3.137538 176.250000
v -17.484851 -4.685052 176.250000
v -17.032042 -6.199156 176.250000
v -16.438227 -7.665271 176.250000
v -15.708515 -9.069316 176.250000
v -14.850177 -10.398206 176.250000
v -13.872339 -11.640274 176.250000
v -12.785568 -12.785568 176.250000
v -11.601390 -13.825998 176.250000
v -10.331795 -14.755333 176.250000
v -8.988787 -15.569036 176.250000
v -7.584025 -16.263994 176.250000
v -6.128586 -16.838151 176.250000
v -4.632874 -17.290121 176.250000
v -3.106674 -17.618824 176.250000
v -1.559327 -17.823195 176.250000
v -0.000000 -17.902000 176.250000
v 1.562005 -17.853802 176.250000
v 3.116943 -17.677061 176.250000
v 4.654378 -17.370375 176.250000
v 6.163042 -16.932819 176.250000
v 7.630820 -16.364346 176.250000
v 9.044886 -15.666202 176.250000
v 10.391981 -14.841287 176.250000
v 11.658810 -13.894429 176.250000
v 12.832519 -12.832519 176.250000
v 13.901206 -11.664497 176.250000
v 14.854402 -10.401164 176.250000
v 15.683485 -9.054864 176.250000
v 16.381959 -7.639033 176.250000
v 16.945588 -6.167690 176.250000
v 17.372360 -4.654910 176.250000
v 17.662284 -3.114337 176.250000
v 17.817056 -1.558790 176.250000
v 17.930099 0.000000 178.125000
v 17.838591 1.560674 178.125000
v 17.617927 3.106516 178.125000
v 17.271092 4.627775 178.125000
v 16.801217 6.115143 178.125000
v 16.211499 7.559546 178.125000
v 15.505211 8.951938 178.125000
v 14.685813 10.283117 178.125000
v 13.757137 11.543609 178.125000
v 12.723630 12.723630 178.125000
v 11.590613 13.813155 178.125000
v 10.364529 14.802081 178.125000
v 9.053133 15.680487 178.125000
v 7.665613 16.438960 178.125000
v 6.212595 17.068965 178.125000
v 4.706046 17.563204 178.125000
v 3.159066 17.915953 178.125000
v 1.585586 18.123326 178.125000
v 0.000000 18.183433 178.125000
v -1.583233 18.096435 178.125000
v -3.149989 17.864473 178.125000
v -4.686832 17.491494 178.125000
v -6.181299 16.982978 178.125000
v -7.622084 16.345612 178.125000
v -8.999120 15.586933 178.125000
v -10.303548 14.714991 178.125000
v -11.527594 13.738052 178.125000
v -12.664380 12.664380 178.125000
v -13.707684 11.502113 178.125000
v -14.651710 10.259238 178.125000
v -15.490880 8.943664 178.125000
v -16.219691 7.563366 178.125000
v -16.832657 6.126586 178.125000
v -17.324346 4.642044 178.125000
v -17.689512 3.119138 178.125000
v -17.923311 1.568087 178.125000
v -18.021578 0.000000 178.125000
v -17.981127 -1.573145 178.125000
v -17.800050 -3.138629 178.125000
v -17.477974 -4.683209 178.125000
v -17.016249 -6.193408 178.125000
v -16.418037 -7.655856 178.125000
v -15.688303 -9.057646 178.125000
v -14.833700 -10.386668 178.125000
v -13.862356 -11.631898 178.125000
v -12.783599 -12.783599 178.125000
v -11.607638 -13.833444 178.125000
v -10.345232 -14.774522 178.125000
v -9.007394 -15.601263 178.125000
v -7.605145 -16.309285 178.125000
v -6.149345 -16.895186 178.125000
v -4.650612 -17.356321 178.125000
v -3.119330 -17.690598 178.125000
v -1.565724 -17.896304 178.125000
v -0.000000 -17.972016 178.125000
v 1.567498 -17.916585 178.125000
v 3.126137 -17.729207 178.125000
v 4.664882 -17.409575 178.125000
v 6.172240 -16.958090 178.125000
v 7.636302 -16.376103 178.125000
v 9.044860 -15.666156 178.125000
v 10.385616 -14.832196 178.125000
v 11.646466 -13.879718 178.125000
v 12.815828 -12.815828 178.125000
v 13.882980 -11.649203 178.125000
v 14.838387 -10.389950 178.125000
v 15.673973 -9.049373 178.125000
v 16.383313 -7.639664 178.125000
v 16.961727 -6.173564 178.125000
v 17.406265 -4.663995 178.125000
v 17.715594 -3.123737 178.125000
v 17.889796 -1.565154 178.125000
v 18.034813 0.000000 180.000000
v 17.966186 1.571838 180.000000
v 17.760824 3.131712 180.000000
v 17.420292 4.667753 180.000000
v 16.947181 6.168269 180.000000
v 16.345092 7.621842 180.000000
v 15.618607 9.017407 180.000000
v 14.773254 10.344344 180.000000
v 13.815469 11.592555 180.000000
v 12.752539 12.752539 180.000000
v 11.592555 13.815469 180.000000
v 10.344344 14.773254 180.000000
v 9.017407 15.618607 180.000000
v 7.621842 16.345092 180.000000
v 6.168269 16.947181 180.000000
v 4.667753 17.420292 180.000000
v 3.131712 17.760824 180.000000
v 1.571838 17.966186 180.000000
v 0.000000 18.034813 180.000000
v -1.571838 17.966186 180.000000
v -3.131712 17.760824 180.000000
v -4.667753 17.420292 180.000000
v -6.168269 16.947181 180.000000
v -7.621842 16.345092 180.000000
v -9.017407 15.618607 180.000000
v -10.344344 14.773254 180.000000
v -11.592555 13.815469 180.000000
v -12.752539 12.752539 180.000000
v -13.815469 11.592555 180.000000
v -14.773254 10.344344 180.000000
v -15.618607 9.017407 180.000000
v -16.345092 7.621842 180.000000
v -16.947181 6.168269 180.000000
v -17.420292 4.667753 180.000000
v -17.760824 3.131712 180.000000
v -17.966186 1.571838 180.000000
v -18.034813 0.000000 180.000000
v -17.966186 -1.571838 180.000000
v -17.760824 -3.131712 180.000000
v -17.420292 -4.667753 180.000000
v -16.947181 -6.168269 180.000000
v -16.345092 -7.621842 180.000000
v -15.618607 -9.017407 180.000000
v -14.773254 -10.344344 180.000000
v -13.815469 -11.592555 180.000000
v -12.752539 -12.752539 180.000000
v -11.592555 -13.815469 180.000000
v -10.344344 -14.773254 180.000000
v -9.017407 -15.618607 180.000000
v -7.621842 -16.345092 180.000000
v -6.168269 -16.947181 180.000000
v -4.667753 -17.420292 180.000000
v -3.131712 -17.760824 180.000000
v -1.571838 -17.966186 180.000000
v -0.000000 -18.034813 180.000000
v 1.571838 -17.966186 180.000000
v 3.131712 -17.760824 180.000000
v 4.667753 -17.420292 180.000000
v 6.168269 -16.947181 180.000000
v 7.621842 -16.345092 180.000000
v 9.017407 -15.618607 180.000000
v 10.344344 -14.773254 180.000000
v 11.592555 -13.815469 180.000000
v 12.752539 -12.752539 180.000000
v 13.815469 -11.592555 180.000000
v 14.773254 -10.344344 180.000000
v 15.618607 -9.017407 180.000000
v 16.345092 -7.621842 180.000000
v 16.947181 -6.168269 180.000000
v 17.420292 -4.667753 180.000000
v 17.760824 -3.131712 180.000000
v 17.966186 -1.571838 180.000000
v 0.000000 0.000000 0.000000
f 1 73 2
f 2 73 74
f 2 74 3
f 3 74 75
f 3 75 4
f 4 75 76
f 4 76 5
f 5 76 77
f 5 77 6
f 6 77 78
f 6 78 7
f 7 78 79
f 7 79 8
f 8 79 80
f 8 80 9
f 9 80 81
f 9 81 10
f 10 81 82
f 10 82 11
f 11 82 83
f 11 83 12
f 12 83 84
f 12 84 13
f 13 84 85
f 13 85 14
f 14 85 86
f 14 86 15
f 15 86 87
f 15 87 16
f 16 87 88
f 16 88 17
f 17 88 89
f 17 89 18
f 18 89 90
f 18 90 19
f 19 90 91
f 19 91 20
f 20 91 92
f 20 92 21
f 21 92 93
f 21 93 22
f 22 93 94
f 22 94 23
f 23 94 95
f 23 95 24
f 24 95 96
f 24 96 25
f 25 96 97
f 25 97 26
f 26 97 98
f 26 98 27
f 27 98 99
f 27 99 28
f 28 99 100
f 28 100 29
f 29 100 101
f 29 101 30
f 30 101 102
f 30 102 31
f 31 102 103
f 31 103 32
f 32 103 104
f 32 104 33
f 33 104 105
f 33 105 34
f 34 105 106
f 34 106 35
f 35 106 107
f 35 107 36
f 36 107 108
f 36 108 37
f 37 108 109
f 37 109 38
f 38 109 110
f 38 110 39
f 39 110 111
f 39 111 40
f 40 111 112
f 40 112 41
f 41 112 113
f 41 113 42
f 42 113 114
f 42 114 43
f 43 114 115
f 43 115 44
f 44 115 116
f 44 116 45
f 45 116 117
f 45 117 46
f 46 117 118
f 46 118 47
f 47 118 119
f 47 119 48
f 48 119 120
f 48 120 49
f 49 120 121
f 49 121 50
f 50 121 122
f 50 122 51
f 51 122 123
f 51 123 52
f 52 123 124
f 52 124 53
f 53 124 125
f 53 125 54
f 54 125 126
f 54 126 55
f 55 126 127
f 55 127 56
f 56 127 128
f 56 128 57
f 57 128 129
f 57 129 58
f 58 129 130
f 58 130 59
f 59 130 131
f 59 131 60
f 60 131 132
f 60 132 61
f 61 132 133
f 61 133 62
f 62 133 134
f 62 134 63
f 63 134 135
f 63 135 64
f 64 135 136
f 64 136 65
f 65 136 137
f 65 137 66
f 66 137 138
f 66 138 67
f 67 138 139
f 67 139 68
f 68 139 140
f 68 140 69
f 69 140 141
f 69 141 70
f 70 141 142
f 70 142 71
f 71 142 143
f 71 143 72
f 72 143 144
f 72 144 1
f 1 144 73
f 73 145 74
f 74 145 146
f 74 146 75
f 75 146 147
f 75 147 76
f 76 147 148
f 76 148 77
f 77 148 149
f 77 149 78
f 78 149 150
f 78 150 79
f 79 150 151
f 79 151 80
f 80 151 152
f 80 152 81
f 81 152 153
f 81 153 82
f 82 153 154
f 82 154 83
f 83 154 155
f 83 155 84
f 84 155 156
f 84 156 85
f 85 156 157
f 85 157 86
f 86 157 158
f 86 158 87
f 87 158 159
f 87 159 88
f 88 159 160
f 88 160 89
f 89 160 161
f 89 161 90
f 90 161 162
f 90 162 91
f 91 162 163
f 91 163 92
f 92 163 164
f 92 164 93
f 93 164 165
f 93 165 94
f 94 165 166
f 94 166 95
f 95 166 167
f 95 167 96
f 96 167 168
f 96 168 97
f 97 168 169
f 97 169 98
f 98 169 170
f 98 170 99
f 99 170 171
f 99 171 100
f 100 171 172
f 100 172 101
f 101 172 173
f 101 173 102
f 102 173 174
f 102 174 103
f 103 174 175
f 103 175 104
f 104 175 176
f 104 176 105
f 105 176 177
f 105 177 106
f 106 177 178
f 106 178 107
f 107 178 179
f 107 179 108
f 108 179 180
f 108 180 109
f 109 180 181
f 109 181 110
f 110 181 182
f 110 182 111
f 111 182 183
f 111 183 112
f 112 183 184
f 112 184 113
f 113 184 185
f 113 185 114
f 114 185 186
f 114 186 115
f 115 186 187
f 115 187 116
f 116 187 188
f 116 188 117
f 117 188 189
f 117 189 118
f 118 189 190
f 118 190 119
f 119 190 191
f 119 191 120
f 120 191 192
f 120 192 121
f 121 192 193
f 121 193 122
f 122 193 194
f 122 194 123
f 123 194 195
f 123 195 124
f 124 195 196
f 124 196 125
f 125 196 197
f 125 197 126
f 126 197 198
f 126 198 127
f 127 198 199
f 127 199 128
f 128 199 200
f 128 200 129
f 129 200 201
f 129 201 130
f 130 201 202
f 130 202 131
f 131 202 203
f 131 203 132
f 132 203 204
f 132 204 133
f 133 204 205
f 133 205 134
f 134 205 206
f 134 206 135
f 135 206 207
f 135 207 136
f 136 207 208
f 136 208 137
f 137 208 209
f 137 209 138
f 138 209 210
f 138 210 139
f 139 210 211
f 139 211 140
f 140 211 212
f 140 212 141
f 141 212 213
f 141 213 142
f 142 213 214
f 142 214 143
f 143 214 215
f 143 215 144
f 144 215 216
f 144 216 73
f 73 216 145
f 145 217 146
f 146 217 218
f 146 218 147
f 147 218 219
f 147 219 148
f 148 219 220
f 148 220 149
f 149 220 221
f 149 221 150
f 150 221 222
f 150 222 151
f 151 222 223
f 151 223 152
f 152 223 224
f 152 224 153
f 153 224 225
f 153 225 154
f 154 225 226
f 154 226 155
f 155 226 227
f 155 227 156
f 156 227 228
f 156 228 157
f 157 228 229
f 157 229 158
f 158 229 230
f 158 230 159
f 159 230 231
f 159 231 160
f 160 231 232
f 160 232 161
f 161 232 233
f 161 233 162
f 162 233 234
f 162 234 163
f 163 234 235
f 163 235 164
f 164 235 236
f 164 236 165
f 165 236 237
f 165 237 166
f 166 237 238
f 166 238 167
f 167 238 239
f 167 239 168
f 168 239 240
f 168 240 169
f 169 240 241
f 169 241 170
f 170 241 242
f 170 242 171
f 171 242 243
f 171 243 172
f 172 243 244
f 172 244 173
f 173 244 245
f 173 245 174
f 174 245 246
f 174 246 175
f 175 246 247
f 175 247 176
f 176 247 248
f 176 248 177
f 177 248 249
f 177 249 178
f 178 249 250
f 178 250 179
f 179 250 251
f 179 251 180
f 180 251 252
f 180 252 181
f 181 252 253
f 181 253 182
f 182 253 254
f 182 254 183
f 183 254 255
f 183 255 184
f 184 255 256
f 184 256 185
f 185 256 257
f 185 257 186
f 186 257 258
f 186 258 187
f 187 258 259
f 187 259 188
f 188 259 260
f 188 260 189
f 189 260 261
f 189 261 190
f 190 261 262
f 190 262 191
f 191 262 263
f 191 263 192
f 192 263 264
f 192 264 193
f 193 264 265
f 193 265 194
f 194 265 266
f 194 266 195
f 195 266 267
f 195 267 196
f 196 267 268
f 196 268 197
f 197 268 269
f 197 269 198
f 198 269 270
f 198 270 199
f 199 270 271
f 199 271 200
f 200 271 272
f 200 272 201
f 201 272 273
f 201 273 202
f 202 273 274
f 202 274 203
f 203 274 275
f 203 275 204
f 204 275 276
f 204 276 205
f 205 276 277
f 205 277 206
f 206 277 278
f 206 278 207
f 207 278 279
f 207 279 208
f 208 279 280
f 208 280 209
f 209 280 281
f 209 281 210
f 210 281 282
f 210 282 211
f 211 282 283
f 211 283 212
f 212 283 284
f 212 284 213
f 213 284 285
f 213 285 214
f 214 285 286
f 214 286 215
f 215 286 287
f 215 287 216
f 216 287 288
f 216 288 145
f 145 288 217
f 217 289 218
f 218 289 290
f 218 290 219
f 219 290 291
f 219 291 220
f 220 291 292
f 220 292 221
f 221 292 293
f 221 293 222
f 222 293 294
f 222 294 223
f 223 294 295
f 223 295 224
f 224 295 296
f 224 296 225
f 225 296 297
f 225 297 226
f 226 297 298
f 226 298 227
f 227 298 299
f 227 299 228
f 228 299 300
f 228 300 229
f 229 300 301
f 229 301 230
f 230 301 302
f 230 302 231
f 231 302 303
f 231 303 232
f 232 303 304
f 232 304 233
f 233 304 305
f 233 305 234
f 234 305 306
f 234 306 235
f 235 306 307
f 235 307 236
f 236 307 308
f 236 308 237
f 237 308 309
f 237 309 238
f 238 309 310
f 238 310 239
f 239 310 311
f 239 311 240
f 240 311 312
f 240 312 241
f 241 312 313
f 241 313 242
f 242 313 314
f 242 314 243
f 243 314 315
f 243 315 244
f 244 315 316
f 244 316 245
f 245 316 317
f 245 317 246
f 246 317 318
f 246 318 247
f 247 318 319
f 247 319 248
f 248 319 320
f 248 320 249
f 249 320 321
f 249 321 250
f 250 321 322
f 250 322 251
f 251 322 323
f 251 323 252
f 252 323 324
f 252 324 253
f 253 324 325
f 253 325 254
f 254 325 326
f 254 326 255
f 255 326 327
f 255 327 256
f 256 327 328
f 256 328 257
f 257 328 329
f 257 329 258
f 258 329 330
f 258 330 259
f 259 330 331
f 259 331 260
f 260 331 332
f 260 332 261
f 261 332 333
f 261 333 262
f 262 333 334
f 262 334 263
f 263 334 335
f 263 335 264
f 264 335 336
f 264 336 265
f 265 336 337
f 265 337 266
f 266 337 338
f 266 338 267
f 267 338 339
f 267 339 268
f 268 339 340
f 268 340 269
f 269 340 341
f 269 341 270
f 270 341 342
f 270 342 271
f 271 342 343
f 271 343 272
f 272 343 344
f 272 344 273
f 273 344 345
f 273 345 274
f 274 345 346
f 274 346 275
f 275 346 347
f 275 347 276
f 276 347 348
f 276 348 277
f 277 348 349
f 277 349 278
f 278 349 350
f 278 350 279
f 279 350 351
f 279 351 280
f 280 351 352
f 280 352 281
f 281 352 353
f 281 353 282
f 282 353 354
f 282 354 283
f 283 354 355
f 283 355 284
f 284 355 356
f 284 356 285
f 285 356 357
f 285 357 286
f 286 357 358
f 286 358 287
f 287 358 359
f 287 359 288
f 288 359 360
f 288 360 217
f 217 360 289
f 289 361 290
f 290 361 362
f 290 362 291
f 291 362 363
f 291 363 292
f 292 363 364
f 292 364 293
f 293 364 365
f 293 365 294
f 294 365 366
f 294 366 295
f 295 366 367
f 295 367 296
f 296 367 368
f 296 368 297
f 297 368 369
f 297 369 298
f 298 369 370
f 298 370 299
f 299 370 371
f 299 371 300
f 300 371 372
f 300 372 301
f 301 372 373
f 301 373 302
f 302 373 374
f 302 374 303
f 303 374 375
f 303 375 304
f 304 375 376
f 304 376 305
f 305 376 377
f 305 377 306
f 306 377 378
f 306 378 307
f 307 378 379
f 307 379 308
f 308 379 380
f 308 380 309
f 309 380 381
f 309 381 310
f 310 381 382
f 310 382 311
f 311 382 383
f 311 383 312
f 312 383 384
f 312 384 313
f 313 384 385
f 313 385 314
f 314 385 386
f 314 386 315
f 315 386 387
f 315 387 316
f 316 387 388
f 316 388 317
f 317 388 389
f 317 389 318
f 318 389 390
f 318 390 319
f 319 390 391
f 319 391 320
f 320 391 392
f 320 392 321
f 321 392 393
f 321 393 322
f 322 393 394
f 322 394 323
f 323 394 395
f 323 395 324
f 324 395 396
f 324 396 325
f 325 396 397
f 325 397 326
f 326 397 398
f 326 398 327
f 327 398 399
f 327 399 328
f 328 399 400
f 328 400 329
f 329 400 401
f 329 401 330
f 330 401 402
f 330 402 331
f 331 402 403
f 331 403 332
f 332 403 404
f 332 404 333
f 333 404 405
f 333 405 334
f 334 405 406
f 334 406 335
f 335 406 407
f 335 407 336
f 336 407 408
f 336 408 337
f 337 408 409
f 337 409 338
f 338 409 410
f 338 410 339
f 339 410 411
f 339 411 340
f 340 411 412
f 340 412 341
f 341 412 413
f 341 413 342
f 342 413 414
f 342 414 343
f 343 414 415
f 343 415 344
f 344 415 416
f 344 416 345
f 345 416 417
f 345 417 346
f 346 417 418
f 346 418 347
f 347 418 419
f 347 419 348
f 348 419 420
f 348 420 349
f 349 420 421
f 349 421 350
f 350 421 422
f 350 422 351
f 351 422 423
f 351 423 352
f 352 423 424
f 352 424 353
f 353 424 425
f 353 425 354
f 354 425 426
f 354 426 355
f 355 426 427
f 355 427 356
f 356 427 428
f 356 428 357
f 357 428 429
f 357 429 358
f 358 429 430
f 358 430 359
f 359 430 431
f 359 431 360
f 360 431 432
f 360 432 289
f 289 432 361
f 361 433 362
f 362 433 434
f 362 434 363
f 363 434 435
f 363 435 364
f 364 435 436
f 364 436 365
f 365 436 437
f 365 437 366
f 366 437 438
f 366 438 367
f 367 438 439
f 367 439 368
f 368 439 440
f 368 440 369
f 369 440 441
f 369 441 370
f 370 441 442
f 370 442 371
f 371 442 443
f 371 443 372
f 372 443 444
f 372 444 373
f 373 444 445
f 373 445 374
f 374 445 446
f 374 446 375
f 375 446 447
f 375 447 376
f 376 447 448
f 376 448 377
f 377 448 449
f 377 449 378
f 378 449 450
f 378 450 379
f 379 450 451
f 379 451 380
f 380 451 452
f 380 452 381
f 381 452 453
f 381 453 382
f 382 453 454
f 382 454 383
f 383 454 455
f 383 455 384
f 384 455 456
f 384 456 385
f 385 456 457
f 385 457 386
f 386 457 458
f 386 458 387
f 387 458 459
f 387 459 388
f 388 459 460
f 388 460 389
f 389 460 461
f 389 461 390
f 390 461 462
f 390 462 391
f 391 462 463
f 391 463 392
f 392 463 464
f 392 464 393
f 393 464 465
f 393 465 394
f 394 465 466
f 394 466 395
f 395 466 467
f 395 467 396
f 396 467 468
f 396 468 397
f 397 468 469
f 397 469 398
f 398 469 470
f 398 470 399
f 399 470 471
f 399 471 400
f 400 471 472
f 400 472 401
f 401 472 473
f 401 473 402
f 402 473 474
f 402 474 403
f 403 474 475
f 403 475 404
f 404 475 476
f 404 476 405
f 405 476 477
f 405 477 406
f 406 477 478
f 406 478 407
f 407 478 479
f 407 479 408
f 408 479 480
f 408 480 409
f 409 480 481
f 409 481 410
f 410 481 482
f 410 482 411
f 411 482 483
f 411 483 412
f 412 483 484
f 412 484 413
f 413 484 485
f 413 485 414
f 414 485 486
f 414 486 415
f 415 486 487
f 415 487 416
f 416 487 488
f 416 488 417
f 417 488 489
f 417 489 418
f 418 489 490
f 418 490 419
f 419 490 491
f 419 491 420
f 420 491 492
f 420 492 421
f 421 492 493
f 421 493 422
f 422 493 494
f 422 494 423
f 423 494 495
f 423 495 424
f 424 495 496
f 424 496 425
f 425 496 497
f 425 497 426
f 426 497 498
f 426 498 427
f 427 498 499
f 427 499 428
f 428 499 500
f 428 500 429
f 429 500 501
f 429 501 430
f 430 501 502
f 430 502 431
f 431 502 503
f 431 503 432
f 432 503 504
f 432 504 361
f 361 504 433
f 433 505 434
f 434 505 506
f 434 506 435
f 435 506 507
f 435 507 436
f 436 507 508
f 436 508 437
f 437 508 509
f 437 509 438
f 438 509 510
f 438 510 439
f 439 510 511
f 439 511 440
f 440 511 512
f 440 512 441
f 441 512 513
f 441 513 442
f 442 513 514
f 442 514 443
f 443 514 515
f 443 515 444
f 444 515 516
f 444 516 445
f 445 516 517
f 445 517 446
f 446 517 518
f 446 518 447
f 447 518 519
f 447 519 448
f 448 519 520
f 448 520 449
f 449 520 521
f 449 521 450
f 450 521 522
f 450 522 451
f 451 522 523
f 451 523 452
f 452 523 524
f 452 524 453
f 453 524 525
f 453 525 454
f 454 525 526
f 454 526 455
f 455 526 527
f 455 527 456
f 456 527 528
f 456 528 457
f 457 528 529
f 457 529 458
f 458 529 530
f 458 530 459
f 459 530 531
f 459 531 460
f 460 531 532
f 460 532 461
f 461 532 533
f 461 533 462
f 462 533 534
f 462 534 463
f 463 534 535
f 463 535 464
f 464 535 536
f 464 536 465
f 465 536 537
f 465 537 466
f 466 537 538
f 466 538 467
f 467 538 539
f 467 539 468
f 468 539 540
f 468 540 469
f 469 540 541
f 469 541 470
f 470 541 542
f 470 542 471
f 471 542 543
f 471 543 472
f 472 543 544
f 472 544 473
f 473 544 545
f 473 545 474
f 474 545 546
f 474 546 475
f 475 546 547
f 475 547 476
f 476 547 548
f 476 548 477
f 477 548 549
f 477 549 478
f 478 549 550
f 478 550 479
f 479 550 551
f 479 551 480
f 480 551 552
f 480 552 481
f 481 552 553
f 481 553 482
f 482 553 554
f 482 554 483
f 483 554 555
f 483 555 484
f 484 555 556
f 484 556 485
f 485 556 557
f 485 557 486
f 486 557 558
f 486 558 487
f 487 558 559
f 487 559 488
f 488 559 560
f 488 560 489
f 489 560 561
f 489 561 490
f 490 561 562
f 490 562 491
f 491 562 563
f 491 563 492
f 492 563 564
f 492 564 493
f 493 564 565
f 493 565 494
f 494 565 566
f 494 566 495
f 495 566 567
f 495 567 496
f 496 567 568
f 496 568 497
f 497 568 569
f 497 569 498
f 498 569 570
f 498 570 499
f 499 570 571
f 499 571 500
f 500 571 572
f 500 572 501
f 501 572 573
f 501 573 502
f 502 573 574
f 502 574 503
f 503 574 575
f 503 575 504
f 504 575 576
f 504 576 433
f 433 576 505
f 505 577 506
f 506 577 578
f 506 578 507
f 507 578 579
f 507 579 508
f 508 579 580
f 508 580 509
f 509 580 581
f 509 581 510
f 510 581 582
f 510 582 511
f 511 582 583
f 511 583 512
f 512 583 584
f 512 584 513
f 513 584 585
f 513 585 514
f 514 585 586
f 514 586 515
f 515 586 587
f 515 587 516
f 516 587 588
f 516 588 517
f 517 588 589
f 517 589 518
f 518 589 590
f 518 590 519
f 519 590 591
f 519 591 520
f 520 591 592
f 520 592 521
f 521 592 593
f 521 593 522
f 522 593 594
f 522 594 523
f 523 594 595
f 523 595 524
f 524 595 596
f 524 596 525
f 525 596 597
f 525 597 526
f 526 597 598
f 526 598 527
f 527 598 599
f 527 599 528
f 528 599 600
f 528 600 529
f 529 600 601
f 529 601 530
f 530 601 602
f 530 602 531
f 531 602 603
f 531 603 532
f 532 603 604
f 532 604 533
f 533 604 605
f 533 605 534
f 534 605 606
f 534 606 535
f 535 606 607
f 535 607 536
f 536 607 608
f 536 608 537
f 537 608 609
f 537 609 538
f 538 609 610
f 538 610 539
f 539 610 611
f 539 611 540
f 540 611 612
f 540 612 541
f 541 612 613
f 541 613 542
f 542 613 614
f 542 614 543
f 543 614 615
f 543 615 544
f 544 615 616
f 544 616 545
f 545 616 617
f 545 617 546
f 546 617 618
f 546 618 547
f 547 618 619
f 547 619 548
f 548 619 620
f 548 620 549
f 549 620 621
f 549 621 550
f 550 621 622
f 550 622 551
f 551 622 623
f 551 623 552
f 552 623 624
f 552 624 553
f 553 624 625
f 553 625 554
f 554 625 626
f 554 626 555
f 555 626 627
f 555 627 556
f 556 627 628
f 556 628 557
f 557 628 629
f 557 629 558
f 558 629 630
f 558 630 559
f 559 630 631
f 559 631 560
f 560 631 632
f 560 632 561
f 561 632 633
f 561 633 562
f 562 633 634
f 562 634 563
f 563 634 635
f 563 635 564
f 564 635 636
f 564 636 565
f 565 636 637
f 565 637 566
f 566 637 638
f 566 638 567
f 567 638 639
f 567 639 568
f 568 639 640
f 568 640 569
f 569 640 641
f 569 641 570
f 570 641 642
f 570 642 571
f 571 642 643
f 571 643 572
f 572 643 644
f 572 644 573
f 573 644 645
f 573 645 574
f 574 645 646
f 574 646 575
f 575 646 647
f 575 647 576
f 576 647 648
f 576 648 505
f 505 648 577
f 577 649 578
f 578 649 650
f 578 650 579
f 579 650 651
f 579 651 580
f 580 651 652
f 580 652 581
f 581 652 653
f 581 653 582
f 582 653 654
f 582 654 583
f 583 654 655
f 583 655 584
f 584 655 656
f 584 656 585
f 585 656 657
f 585 657 586
f 586 657 658
f 586 658 587
f 587 658 659
f 587 659 588
f 588 659 660
f 588 660 589
f 589 660 661
f 589 661 590
f 590 661 662
f 590 662 591
f 591 662 663
f 591 663 592
f 592 663 664
f 592 664 593
f 593 664 665
f 593 665 594
f 594 665 666
f 594 666 595
f 595 666 667
f 595 667 596
f 596 667 668
f 596 668 597
f 597 668 669
f 597 669 598
f 598 669 670
f 598 670 599
f 599 670 671
f 599 671 600
f 600 671 672
f 600 672 601
f 601 672 673
f 601 673 602
f 602 673 674
f 602 674 603
f 603 674 675
f 603 675 604
f 604 675 676
f 604 676 605
f 605 676 677
f 605 677 606
f 606 677 678
f 606 678 607
f 607 678 679
f 607 679 608
f 608 679 680
f 608 680 609
f 609 680 681
f 609 681 610
f 610 681 682
f 610 682 611
f 611 682 683
f 611 683 612
f 612 683 684
f 612 684 613
f 613 684 685
f 613 685 614
f 614 685 686
f 614 686 615
f 615 686 687
f 615 687 616
f 616 687 688
f 616 688 617
f 617 688 689
f 617 689 618
f 618 689 690
f 618 690 619
f 619 690 691
f 619 691 620
f 620 691 692
f 620 692 621
f 621 692 693
f 621 693 622
f 622 693 694
f 622 694 623
f 623 694 695
f 623 695 624
f 624 695 696
f 624 696 625
f 625 696 697
f 625 697 626
f 626 697 698
f 626 698 627
f 627 698 699
f 627 699 628
f 628 699 700
f 628 700 629
f 629 700 701
f 629 701 630
f 630 701 702
f 630 702 631
f 631 702 703
f 631 703 632
f 632 703 704
f 632 704 633
f 633 704 705
f 633 705 634
f 634 705 706
f 634 706 635
f 635 706 707
f 635 707 636
f 636 707 708
f 636 708 637
f 637 708 709
f 637 709 638
f 638 709 710
f 638 710 639
f 639 710 711
f 639 711 640
f 640 711 712
f 640 712 641
f 641 712 713
f 641 713 642
f 642 713 714
f 642 714 643
f 643 714 715
f 643 715 644
f 644 715 716
f 644 716 645
f 645 716 717
f 645 717 646
f 646 717 718
f 646 718 647
f 647 718 719
f 647 719 648
f 648 719 720
f 648 720 577
f 577 720 649
f 649 721 650
f 650 721 722
f 650 722 651
f 651 722 723
f 651 723 652
f 652 723 724
f 652 724 653
f 653 724 725
f 653 725 654
f 654 725 726
f 654 726 655
f 655 726 727
f 655 727 656
f 656 727 728
f 656 728 657
f 657 728 729
f 657 729 658
f 658 729 730
f 658 730 659
f 659 730 731
f 659 731 660
f 660 731 732
f 660 732 661
f 661 732 733
f 661 733 662
f 662 733 734
f 662 734 663
f 663 734 735
f 663 735 664
f 664 735 736
f 664 736 665
f 665 736 737
f 665 737 666
f 666 737 738
f 666 738 667
f 667 738 739
f 667 739 668
f 668 739 740
f 668 740 669
f 669 740 741
f 669 741 670
f 670 741 742
f 670 742 671
f 671 742 743
f 671 743 672
f 672 743 744
f 672 744 673
f 673 744 745
f 673 745 674
f 674 745 746
f 674 746 675
f 675 746 747
f 675 747 676
f 676 747 748
f 676 748 677
f 677 748 749
f 677 749 678
f 678 749 750
f 678 750 679
f 679 750 751
f 679 751 680
f 680 751 752
f 680 752 681
f 681 752 753
f 681 753 682
f 682 753 754
f 682 754 683
f 683 754 755
f 683 755 684
f 684 755 756
f 684 756 685
f 685 756 757
f 685 757 686
f 686 757 758
f 686 758 687
f 687 758 759
f 687 759 688
f 688 759 760
f 688 760 689
f 689 760 761
f 689 761 690
f 690 761 762
f 690 762 691
f 691 762 763
f 691 763 692
f 692 763 764
f 692 764 693
f 693 764 765
f 693 765 694
f 694 765 766
f 694 766 695
f 695 766 767
f 695 767 696
f 696 767 768
f 696 768 697
f 697 768 769
f 697 769 698
f 698 769 770
f 698 770 699
f 699 770 771
f 699 771 700
f 700 771 772
f 700 772 701
f 701 772 773
f 701 773 702
f 702 773 774
f 702 774 703
f 703 774 775
f 703 775 704
f 704 775 776
f 704 776 705
f 705 776 777
f 705 777 706
f 706 777 778
f 706 778 707
f 707 778 779
f 707 779 708
f 708 779 780
f 708 780 709
f 709 780 781
f 709 781 710
f 710 781 782
f 710 782 711
f 711 782 783
f 711 783 712
f 712 783 784
f 712 784 713
f 713 784 785
f 713 785 714
f 714 785 786
f 714 786 715
f 715 786 787
f 715 787 716
f 716 787 788
f 716 788 717
f 717 788 789
f 717 789 718
f 718 789 790
f 718 790 719
f 719 790 791
f 719 791 720
f 720 791 792
f 720 792 649
f 649 792 721
f 721 793 722
f 722 793 794
f 722 794 723
f 723 794 795
f 723 795 724
f 724 795 796
f 724 796 725
f 725 796 797
f 725 797 726
f 726 797 798
f 726 798 727
f 727 798 799
f 727 799 728
f 728 799 800
f 728 800 729
f 729 800 801
f 729 801 730
f 730 801 802
f 730 802 731
f 731 802 803
f 731 803 732
f 732 803 804
f 732 804 733
f 733 804 805
f 733 805 734
f 734 805 806
f 734 806 735
f 735 806 807
f 735 807 736
f 736 807 808
f 736 808 737
f 737 808 809
f 737 809 738
f 738 809 810
f 738 810 739
f 739 810 811
f 739 811 740
f 740 811 812
f 740 812 741
f 741 812 813
f 741 813 742
f 742 813 814
f 742 814 743
f 743 814 815
f 743 815 744
f 744 815 816
f 744 816 745
f 745 816 817
f 745 817 746
f 746 817 818
f 746 818 747
f 747 818 819
f 747 819 748
f 748 819 820
f 748 820 749
f 749 820 821
f 749 821 750
f 750 821 822
f 750 822 751
f 751 822 823
f 751 823 752
f 752 823 824
f 752 824 753
f 753 824 825
f 753 825 754
f 754 825 826
f 754 826 755
f 755 826 827
f 755 827 756
f 756 827 828
f 756 828 757
f 757 828 829
f 757 829 758
f 758 829 830
f 758 830 759
f 759 830 831
f 759 831 760
f 760 831 832
f 760 832 761
f 761 832 833
f 761 833 762
f 762 833 834
f 762 834 763
f 763 834 835
f 763 835 764
f 764 835 836
f 764 836 765
f 765 836 837
f 765 837 766
f 766 837 838
f 766 838 767
f 767 838 839
f 767 839 768
f 768 839 840
f 768 840 769
f 769 840 841
f 769 841 770
f 770 841 842
f 770 842 771
f 771 842 843
f 771 843 772
f 772 843 844
f 772 844 773
f 773 844 845
f 773 845 774
f 774 845 846
f 774 846 775
f 775 846 847
f 775 847 776
f 776 847 848
f 776 848 777
f 777 848 849
f 777 849 778
f 778 849 850
f 778 850 779
f 779 850 851
f 779 851 780
f 780 851 852
f 780 852 781
f 781 852 853
f 781 853 782
f 782 853 854
f 782 854 783
f 783 854 855
f 783 855 784
f 784 855 856
f 784 856 785
f 785 856 857
f 785 857 786
f 786 857 858
f 786 858 787
f 787 858 859
f 787 859 788
f 788 859 860
f 788 860 789
f 789 860 861
f 789 861 790
f 790 861 862
f 790 862 791
f 791 862 863
f 791 863 792
f 792 863 864
f 792 864 721
f 721 864 793
f 793 865 794
f 794 865 866
f 794 866 795
f 795 866 867
f 795 867 796
f 796 867 868
f 796 868 797
f 797 868 869
f 797 869 798
f 798 869 870
f 798 870 799
f 799 870 871
f 799 871 800
f 800 871 872
f 800 872 801
f 801 872 873
f 801 873 802
f 802 873 874
f 802 874 803
f 803 874 875
f 803 875 804
f 804 875 876
f 804 876 805
f 805 876 877
f 805 877 806
f 806 877 878
f 806 878 807
f 807 878 879
f 807 879 808
f 808 879 880
f 808 880 809
f 809 880 881
f 809 881 810
f 810 881 882
f 810 882 811
f 811 882 883
f 811 883 812
f 812 883 884
f 812 884 813
f 813 884 885
f 813 885 814
f 814 885 886
f 814 886 815
f 815 886 887
f 815 887 816
f 816 887 888
f 816 888 817
f 817 888 889
f 817 889 818
f 818 889 890
f 818 890 819
f 819 890 891
f 819 891 820
f 820 891 892
f 820 892 821
f 821 892 893
f 821 893 822
f 822 893 894
f 822 894 823
f 823 894 895
f 823 895 824
f 824 895 896
f 824 896 825
f 825 896 897
f 825 897 826
f 826 897 898
f 826 898 827
f 827 898 899
f 827 899 828
f 828 899 900
f 828 900 829
f 829 900 901
f 829 901 830
f 830 901 902
f 830 902 831
f 831 902 903
f 831 903 832
f 832 903 904
f 832 904 833
f 833 904 905
f 833 905 834
f 834 905 906
f 834 906 835
f 835 906 907
f 835 907 836
f 836 907 908
f 836 908 837
f 837 908 909
f 837 909 838
f 838 909 910
f 838 910 839
f 839 910 911
f 839 911 840
f 840 911 912
f 840 912 841
f 841 912 913
f 841 913 842
f 842 913 914
f 842 914 843
f 843 914 915
f 843 915 844
f 844 915 916
f 844 916 845
f 845 916 917
f 845 917 846
f 846 917 918
f 846 918 847
f 847 918 919
f 847 919 848
f 848 919 920
f 848 920 849
f 849 920 921
f 849 921 850
f 850 921 922
f 850 922 851
f 851 922 923
f 851 923 852
f 852 923 924
f 852 924 853
f 853 924 925
f 853 925 854
f 854 925 926
f 854 926 855
f 855 926 927
f 855 927 856
f 856 927 928
f 856 928 857
f 857 928 929
f 857 929 858
f 858 929 930
f 858 930 859
f 859 930 931
f 859 931 860
f 860 931 932
f 860 932 861
f 861 932 933
f 861 933 862
f 862 933 934
f 862 934 863
f 863 934 935
f 863 935 864
f 864 935 936
f 864 936 793
f 793 936 865
f 865 937 866
f 866 937 938
f 866 938 867
f 867 938 939
f 867 939 868
f 868 939 940
f 868 940 869
f 869 940 941
f 869 941 870
f 870 941 942
f 870 942 871
f 871 942 943
f 871 943 872
f 872 943 944
f 872 944 873
f 873 944 945
f 873 945 874
f 874 945 946
f 874 946 875
f 875 946 947
f 875 947 876
f 876 947 948
f 876 948 877
f 877 948 949
f 877 949 878
f 878 949 950
f 878 950 879
f 879 950 951
f 879 951 880
f 880 951 952
f 880 952 881
f 881 952 953
f 881 953 882
f 882 953 954
f 882 954 883
f 883 954 955
f 883 955 884
f 884 955 956
f 884 956 885
f 885 956 957
f 885 957 886
f 886 957 958
f 886 958 887
f 887 958 959
f 887 959 888
f 888 959 960
f 888 960 889
f 889 960 961
f 889 961 890
f 890 961 962
f 890 962 891
f 891 962 963
f 891 963 892
f 892 963 964
f 892 964 893
f 893 964 965
f 893 965 894
f 894 965 966
f 894 966 895
f 895 966 967
f 895 967 896
f 896 967 968
f 896 968 897
f 897 968 969
f 897 969 898
f 898 969 970
f 898 970 899
f 899 970 971
f 899 971 900
f 900 971 972
f 900 972 901
f 901 972 973
f 901 973 902
f 902 973 974
f 902 974 903
f 903 974 975
f 903 975 904
f 904 975 976
f 904 976 905
f 905 976 977
f 905 977 906
f 906 977 978
f 906 978 907
f 907 978 979
f 907 979 908
f 908 979 980
f 908 980 909
f 909 980 981
f 909 981 910
f 910 981 982
f 910 982 911
f 911 982 983
f 911 983 912
f 912 983 984
f 912 984 913
f 913 984 985
f 913 985 914
f 914 985 986
f 914 986 915
f 915 986 987
f 915 987 916
f 916 987 988
f 916 988 917
f 917 988 989
f 917 989 918
f 918 989 990
f 918 990 919
f 919 990 991
f 919 991 920
f 920 991 992
f 920 992 921
f 921 992 993
f 921 993 922
f 922 993 994
f 922 994 923
f 923 994 995
f 923 995 924
f 924 995 996
f 924 996 925
f 925 996 997
f 925 997 926
f 926 997 998
f 926 998 927
f 927 998 999
f 927 999 928
f 928 999 1000
f 928 1000 929
f 929 1000 1001
f 929 1001 930
f 930 1001 1002
f 930 1002 931
f 931 1002 1003
f 931 1003 932
f 932 1003 1004
f 932 1004 933
f 933 1004 1005
f 933 1005 934
f 934 1005 1006
f 934 1006 935
f 935 1006 1007
f 935 1007 936
f 936 1007 1008
f 936 1008 865
f 865 1008 937
f 937 1009 938
f 938 1009 1010
f 938 1010 939
f 939 1010 1011
f 939 1011 940
f 940 1011 1012
f 940 1012 941
f 941 1012 1013
f 941 1013 942
f 942 1013 1014
f 942 1014 943
f 943 1014 1015
f 943 1015 944
f 944 1015 1016
f 944 1016 945
f 945 1016 1017
f 945 1017 946
f 946 1017 1018
f 946 1018 947
f 947 1018 1019
f 947 1019 948
f 948 1019 1020
f 948 1020 949
f 949 1020 1021
f 949 1021 950
f 950 1021 1022
f 950 1022 951
f 951 1022 1023
f 951 1023 952
f 952 1023 1024
f 952 1024 953
f 953 1024 1025
f 953 1025 954
f 954 1025 1026
f 954 1026 955
f 955 1026 1027
f 955 1027 956
f 956 1027 1028
f 956 1028 957
f 957 1028 1029
f 957 1029 958
f 958 1029 1030
f 958 1030 959
f 959 1030 1031
f 959 1031 960
f 960 1031 1032
f 960 1032 961
f 961 1032 1033
f 961 1033 962
f 962 1033 1034
f 962 1034 963
f 963 1034 1035
f 963 1035 964
f 964 1035 1036
f 964 1036 965
f 965 1036 1037
f 965 1037 966
f 966 1037 1038
f 966 1038 967
f 967 1038 1039
f 967 1039 968
f 968 1039 1040
f 968 1040 969
f 969 1040 1041
f 969 1041 970
f 970 1041 1042
f 970 1042 971
f 971 1042 1043
f 971 1043 972
f 972 1043 1044
f 972 1044 973
f 973 1044 1045
f 973 1045 974
f 974 1045 1046
f 974 1046 975
f 975 1046 1047
f 975 1047 976
f 976 1047 1048
f 976 1048 977
f 977 1048 1049
f 977 1049 978
f 978 1049 1050
f 978 1050 979
f 979 1050 1051
f 979 1051 980
f 980 1051 1052
f 980 1052 981
f 981 1052 1053
f 981 1053 982
f 982 1053 1054
f 982 1054 983
f 983 1054 1055
f 983 1055 984
f 984 1055 1056
f 984 1056 985
f 985 1056 1057
f 985 1057 986
f 986 1057 1058
f 986 1058 987
f 987 1058 1059
f 987 1059 988
f 988 1059 1060
f 988 1060 989
f 989 1060 1061
f 989 1061 990
f 990 1061 1062
f 990 1062 991
f 991 1062 1063
f 991 1063 992
f 992 1063 1064
f 992 1064 993
f 993 1064 1065
f 993 1065 994
f 994 1065 1066
f 994 1066 995
f 995 1066 1067
f 995 1067 996
f 996 1067 1068
f 996 1068 997
f 997 1068 1069
f 997 1069 998
f 998 1069 1070
f 998 1070 999
f 999 1070 1071
f 999 1071 1000
f 1000 1071 1072
f 1000 1072 1001
f 1001 1072 1073
f 1001 1073 1002
f 1002 1073 1074
f 1002 1074 1003
f 1003 1074 1075
f 1003 1075 1004
f 1004 1075 1076
f 1004 1076 1005
f 1005 1076 1077
f 1005 1077 1006
f 1006 1077 1078
f 1006 1078 1007
f 1007 1078 1079
f 1007 1079 1008
f 1008 1079 1080
f 1008 1080 937
f 937 1080 1009
f 1009 1081 1010
f 1010 1081 1082
f 1010 1082 1011
f 1011 1082 1083
f 1011 1083 1012
f 1012 1083 1084
f 1012 1084 1013
f 1013 1084 1085
f 1013 1085 1014
f 1014 1085 1086
f 1014 1086 1015
f 1015 1086 1087
f 1015 1087 1016
f 1016 1087 1088
f 1016 1088 1017
f 1017 1088 1089
f 1017 1089 1018
f 1018 1089 1090
f 1018 1090 1019
f 1019 1090 1091
f 1019 1091 1020
f 1020 1091 1092
f 1020 1092 1021
f 1021 1092 1093
f 1021 1093 1022
f 1022 1093 1094
f 1022 1094 1023
f 1023 1094 1095
f 1023 1095 1024
f 1024 1095 1096
f 1024 1096 1025
f 1025 1096 1097
f 1025 1097 1026
f 1026 1097 1098
f 1026 1098 1027
f 1027 1098 1099
f 1027 1099 1028
f 1028 1099 1100
f 1028 1100 1029
f 1029 1100 1101
f 1029 1101 1030
f 1030 1101 1102
f 1030 1102 1031
f 1031 1102 1103
f 1031 1103 1032
f 1032 1103 1104
f 1032 1104 1033
f 1033 1104 1105
f 1033 1105 1034
f 1034 1105 1106
f 1034 1106 1035
f 1035 1106 1107
f 1035 1107 1036
f 1036 1107 1108
f 1036 1108 1037
f 1037 1108 1109
f 1037 1109 1038
f 1038 1109 1110
f 1038 1110 1039
f 1039 1110 1111
f 1039 1111 1040
f 1040 1111 1112
f 1040 1112 1041
f 1041 1112 1113
f 1041 1113 1042
f 1042 1113 1114
f 1042 1114 1043
f 1043 1114 1115
f 1043 1115 1044
f 1044 1115 1116
f 1044 1116 1045
f 1045 1116 1117
f 1045 1117 1046
f 1046 1117 1118
f 1046 1118 1047
f 1047 1118 1119
f 1047 1119 1048
f 1048 1119 1120
f 1048 1120 1049
f 1049 1120 1121
f 1049 1121 1050
f 1050 1121 1122
f 1050 1122 1051
f 1051 1122 1123
f 1051 1123 1052
f 1052 1123 1124
f 1052 1124 1053
f 1053 1124 1125
f 1053 1125 1054
f 1054 1125 1126
f 1054 1126 1055
f 1055 1126 1127
f 1055 1127 1056
f 1056 1127 1128
f 1056 1128 1057
f 1057 1128 1129
f 1057 1129 1058
f 1058 1129 1130
f 1058 1130 1059
f 1059 1130 1131
f 1059 1131 1060
f 1060 1131 1132
f 1060 1132 1061
f 1061 1132 1133
f 1061 1133 1062
f 1062 1133 1134
f 1062 1134 1063
f 1063 1134 1135
f 1063 1135 1064
f 1064 1135 1136
f 1064 1136 1065
f 1065 1136 1137
f 1065 1137 1066
f 1066 1137 1138
f 1066 1138 1067
f 1067 1138 1139
f 1067 1139 1068
f 1068 1139 1140
f 1068 1140 1069
f 1069 1140 1141
f 1069 1141 1070
f 1070 1141 1142
f 1070 1142 1071
f 1071 1142 1143
f 1071 1143 1072
f 1072 1143 1144
f 1072 1144 1073
f 1073 1144 1145
f 1073 1145 1074
f 1074 1145 1146
f 1074 1146 1075
f 1075 1146 1147
f 1075 1147 1076
f 1076 1147 1148
f 1076 1148 1077
f 1077 1148 1149
f 1077 1149 1078
f 1078 1149 1150
f 1078 1150 1079
f 1079 1150 1151
f 1079 1151 1080
f 1080 1151 1152
f 1080 1152 1009
f 1009 1152 1081
f 1081 1153 1082
f 1082 1153 1154
f 1082 1154 1083
f 1083 1154 1155
f 1083 1155 1084
f 1084 1155 1156
f 1084 1156 1085
f 1085 1156 1157
f 1085 1157 1086
f 1086 1157 1158
f 1086 1158 1087
f 1087 1158 1159
f 1087 1159 1088
f 1088 1159 1160
f 1088 1160 1089
f 1089 1160 1161
f 1089 1161 1090
f 1090 1161 1162
f 1090 1162 1091
f 1091 1162 1163
f 1091 1163 1092
f 1092 1163 1164
f 1092 1164 1093
f 1093 1164 1165
f 1093 1165 1094
f 1094 1165 1166
f 1094 1166 1095
f 1095 1166 1167
f 1095 1167 1096
f 1096 1167 1168
f 1096 1168 1097
f 1097 1168 1169
f 1097 1169 1098
f 1098 1169 1170
f 1098 1170 1099
f 1099 1170 1171
f 1099 1171 1100
f 1100 1171 1172
f 1100 1172 1101
f 1101 1172 1173
f 1101 1173 1102
f 1102 1173 1174
f 1102 1174 1103
f 1103 1174 1175
f 1103 1175 1104
f 1104 1175 1176
f 1104 1176 1105
f 1105 1176 1177
f 1105 1177 1106
f 1106 1177 1178
f 1106 1178 1107
f 1107 1178 1179
f 1107 1179 1108
f 1108 1179 1180
f 1108 1180 1109
f 1109 1180 1181
f 1109 1181 1110
f 1110 1181 1182
f 1110 1182 1111
f 1111 1182 1183
f 1111 1183 1112
f 1112 1183 1184
f 1112 1184 1113
f 1113 1184 1185
f 1113 1185 1114
f 1114 1185 1186
f 1114 1186 1115
f 1115 1186 1187
f 1115 1187 1116
f 1116 1187 1188
f 1116 1188 1117
f 1117 1188 1189
f 1117 1189 1118
f 1118 1189 1190
f 1118 1190 1119
f 1119 1190 1191
f 1119 1191 1120
f 1120 1191 1192
f 1120 1192 1121
f 1121 1192 1193
f 1121 1193 1122
f 1122 1193 1194
f 1122 1194 1123
f 1123 1194 1195
f 1123 1195 1124
f 1124 1195 1196
f 1124 1196 1125
f 1125 1196 1197
f 1125 1197 1126
f 1126 1197 1198
f 1126 1198 1127
f 1127 1198 1199
f 1127 1199 1128
f 1128 1199 1200
f 1128 1200 1129
f 1129 1200 1201
f 1129 1201 1130
f 1130 1201 1202
f 1130 1202 1131
f 1131 1202 1203
f 1131 1203 1132
f 1132 1203 1204
f 1132 1204 1133
f 1133 1204 1205
f 1133 1205 1134
f 1134 1205 1206
f 1134 1206 1135
f 1135 1206 1207
f 1135 1207 1136
f 1136 1207 1208
f 1136 1208 1137
f 1137 1208 1209
f 1137 1209 1138
f 1138 1209 1210
f 1138 1210 1139
f 1139 1210 1211
f 1139 1211 1140
f 1140 1211 1212
f 1140 1212 1141
f 1141 1212 1213
f 1141 1213 1142
f 1142 1213 1214
f 1142 1214 1143
f 1143 1214 1215
f 1143 1215 1144
f 1144 1215 1216
f 1144 1216 1145
f 1145 1216 1217
f 1145 1217 1146
f 1146 1217 1218
f 1146 1218 1147
f 1147 1218 1219
f 1147 1219 1148
f 1148 1219 1220
f 1148 1220 1149
f 1149 1220 1221
f 1149 1221 1150
f 1150 1221 1222
f 1150 1222 1151
f 1151 1222 1223
f 1151 1223 1152
f 1152 1223 1224
f 1152 1224 1081
f 1081 1224 1153
f 1153 1225 1154
f 1154 1225 1226
f 1154 1226 1155
f 1155 1226 1227
f 1155 1227 1156
f 1156 1227 1228
f 1156 1228 1157
f 1157 1228 1229
f 1157 1229 1158
f 1158 1229 1230
f 1158 1230 1159
f 1159 1230 1231
f 1159 1231 1160
f 1160 1231 1232
f 1160 1232 1161
f 1161 1232 1233
f 1161 1233 1162
f 1162 1233 1234
f 1162 1234 1163
f 1163 1234 1235
f 1163 1235 1164
f 1164 1235 1236
f 1164 1236 1165
f 1165 1236 1237
f 1165 1237 1166
f 1166 1237 1238
f 1166 1238 1167
f 1167 1238 1239
f 1167 1239 1168
f 1168 1239 1240
f 1168 1240 1169
f 1169 1240 1241
f 1169 1241 1170
f 1170 1241 1242
f 1170 1242 1171
f 1171 1242 1243
f 1171 1243 1172
f 1172 1243 1244
f 1172 1244 1173
f 1173 1244 1245
f 1173 1245 1174
f 1174 1245 1246
f 1174 1246 1175
f 1175 1246 1247
f 1175 1247 1176
f 1176 1247 1248
f 1176 1248 1177
f 1177 1248 1249
f 1177 1249 1178
f 1178 1249 1250
f 1178 1250 1179
f 1179 1250 1251
f 1179 1251 1180
f 1180 1251 1252
f 1180 1252 1181
f 1181 1252 1253
f 1181 1253 1182
f 1182 1253 1254
f 1182 1254 1183
f 1183 1254 1255
f 1183 1255 1184
f 1184 1255 1256
f 1184 1256 1185
f 1185 1256 1257
f 1185 1257 1186
f 1186 1257 1258
f 1186 1258 1187
f 1187 1258 1259
f 1187 1259 1188
f 1188 1259 1260
f 1188 1260 1189
f 1189 1260 1261
f 1189 1261 1190
f 1190 1261 1262
f 1190 1262 1191
f 1191 1262 1263
f 1191 1263 1192
f 1192 1263 1264
f 1192 1264 1193
f 1193 1264 1265
f 1193 1265 1194
f 1194 1265 1266
f 1194 1266 1195
f 1195 1266 1267
f 1195 1267 1196
f 1196 1267 1268
f 1196 1268 1197
f 1197 1268 1269
f 1197 1269 1198
f 1198 1269 1270
f 1198 1270 1199
f 1199 1270 1271
f 1199 1271 1200
f 1200 1271 1272
f 1200 1272 1201
f 1201 1272 1273
f 1201 1273 1202
f 1202 1273 1274
f 1202 1274 1203
f 1203 1274 1275
f 1203 1275 1204
f 1204 1275 1276
f 1204 1276 1205
f 1205 1276 1277
f 1205 1277 1206
f 1206 1277 1278
f 1206 1278 1207
f 1207 1278 1279
f 1207 1279 1208
f 1208 1279 1280
f 1208 1280 1209
f 1209 1280 1281
f 1209 1281 1210
f 1210 1281 1282
f 1210 1282 1211
f 1211 1282 1283
f 1211 1283 1212
f 1212 1283 1284
f 1212 1284 1213
f 1213 1284 1285
f 1213 1285 1214
f 1214 1285 1286
f 1214 1286 1215
f 1215 1286 1287
f 1215 1287 1216
f 1216 1287 1288
f 1216 1288 1217
f 1217 1288 1289
f 1217 1289 1218
f 1218 1289 1290
f 1218 1290 1219
f 1219 1290 1291
f 1219 1291 1220
f 1220 1291 1292
f 1220 1292 1221
f 1221 1292 1293
f 1221 1293 1222
f 1222 1293 1294
f 1222 1294 1223
f 1223 1294 1295
f 1223 1295 1224
f 1224 1295 1296
f 1224 1296 1153
f 1153 1296 1225
f 1225 1297 1226
f 1226 1297 1298
f 1226 1298 1227
f 1227 1298 1299
f 1227 1299 1228
f 1228 1299 1300
f 1228 1300 1229
f 1229 1300 1301
f 1229 1301 1230
f 1230 1301 1302
f 1230 1302 1231
f 1231 1302 1303
f 1231 1303 1232
f 1232 1303 1304
f 1232 1304 1233
f 1233 1304 1305
f 1233 1305 1234
f 1234 1305 1306
f 1234 1306 1235
f 1235 1306 1307
f 1235 1307 1236
f 1236 1307 1308
f 1236 1308 1237
f 1237 1308 1309
f 1237 1309 1238
f 1238 1309 1310
f 1238 1310 1239
f 1239 1310 1311
f 1239 1311 1240
f 1240 1311 1312
f 1240 1312 1241
f 1241 1312 1313
f 1241 1313 1242
f 1242 1313 1314
f 1242 1314 1243
f 1243 1314 1315
f 1243 1315 1244
f 1244 1315 1316
f 1244 1316 1245
f 1245 1316 1317
f 1245 1317 1246
f 1246 1317 1318
f 1246 1318 1247
f 1247 1318 1319
f 1247 1319 1248
f 1248 1319 1320
f 1248 1320 1249
f 1249 1320 1321
f 1249 1321 1250
f 1250 1321 1322
f 1250 1322 1251
f 1251 1322 1323
f 1251 1323 1252
f 1252 1323 1324
f 1252 1324 1253
f 1253 1324 1325
f 1253 1325 1254
f 1254 1325 1326
f 1254 1326 1255
f 1255 1326 1327
f 1255 1327 1256
f 1256 1327 1328
f 1256 1328 1257
f 1257 1328 1329
f 1257 1329 1258
f 1258 1329 1330
f 1258 1330 1259
f 1259 1330 1331
f 1259 1331 1260
f 1260 1331 1332
f 1260 1332 1261
f 1261 1332 1333
f 1261 1333 1262
f 1262 1333 1334
f 1262 1334 1263
f 1263 1334 1335
f 1263 1335 1264
f 1264 1335 1336
f 1264 1336 1265
f 1265 1336 1337
f 1265 1337 1266
f 1266 1337 1338
f 1266 1338 1267
f 1267 1338 1339
f 1267 1339 1268
f 1268 1339 1340
f 1268 1340 1269
f 1269 1340 1341
f 1269 1341 1270
f 1270 1341 1342
f 1270 1342 1271
f 1271 1342 1343
f 1271 1343 1272
f 1272 1343 1344
f 1272 1344 1273
f 1273 1344 1345
f 1273 1345 1274
f 1274 1345 1346
f 1274 1346 1275
f 1275 1346 1347
f 1275 1347 1276
f 1276 1347 1348
f 1276 1348 1277
f 1277 1348 1349
f 1277 1349 1278
f 1278 1349 1350
f 1278 1350 1279
f 1279 1350 1351
f 1279 1351 1280
f 1280 1351 1352
f 1280 1352 1281
f 1281 1352 1353
f 1281 1353 1282
f 1282 1353 1354
f 1282 1354 1283
f 1283 1354 1355
f 1283 1355 1284
f 1284 1355 1356
f 1284 1356 1285
f 1285 1356 1357
f 1285 1357 1286
f 1286 1357 1358
f 1286 1358 1287
f 1287 1358 1359
f 1287 1359 1288
f 1288 1359 1360
f 1288 1360 1289
f 1289 1360 1361
f 1289 1361 1290
f 1290 1361 1362
f 1290 1362 1291
f 1291 1362 1363
f 1291 1363 1292
f 1292 1363 1364
f 1292 1364 1293
f 1293 1364 1365
f 1293 1365 1294
f 1294 1365 1366
f 1294 1366 1295
f 1295 1366 1367
f 1295 1367 1296
f 1296 1367 1368
f 1296 1368 1225
f 1225 1368 1297
f 1297 1369 1298
f 1298 1369 1370
f 1298 1370 1299
f 1299 1370 1371
f 1299 1371 1300
f 1300 1371 1372
f 1300 1372 1301
f 1301 1372 1373
f 1301 1373 1302
f 1302 1373 1374
f 1302 1374 1303
f 1303 1374 1375
f 1303 1375 1304
f 1304 1375 1376
f 1304 1376 1305
f 1305 1376 1377
f 1305 1377 1306
f 1306 1377 1378
f 1306 1378 1307
f 1307 1378 1379
f 1307 1379 1308
f 1308 1379 1380
f 1308 1380 1309
f 1309 1380 1381
f 1309 1381 1310
f 1310 1381 1382
f 1310 1382 1311
f 1311 1382 1383
f 1311 1383 1312
f 1312 1383 1384
f 1312 1384 1313
f 1313 1384 1385
f 1313 1385 1314
f 1314 1385 1386
f 1314 1386 1315
f 1315 1386 1387
f 1315 1387 1316
f 1316 1387 1388
f 1316 1388 1317
f 1317 1388 1389
f 1317 1389 1318
f 1318 1389 1390
f 1318 1390 1319
f 1319 1390 1391
f 1319 1391 1320
f 1320 1391 1392
f 1320 1392 1321
f 1321 1392 1393
f 1321 1393 1322
f 1322 1393 1394
f 1322 1394 1323
f 1323 1394 1395
f 1323 1395 1324
f 1324 1395 1396
f 1324 1396 1325
f 1325 1396 1397
f 1325 1397 1326
f 1326 1397 1398
f 1326 1398 1327
f 1327 1398 1399
f 1327 1399 1328
f 1328 1399 1400
f 1328 1400 1329
f 1329 1400 1401
f 1329 1401 1330
f 1330 1401 1402
f 1330 1402 1331
f 1331 1402 1403
f 1331 1403 1332
f 1332 1403 1404
f 1332 1404 1333
f 1333 1404 1405
f 1333 1405 1334
f 1334 1405 1406
f 1334 1406 1335
f 1335 1406 1407
f 1335 1407 1336
f 1336 1407 1408
f 1336 1408 1337
f 1337 1408 1409
f 1337 1409 1338
f 1338 1409 1410
f 1338 1410 1339
f 1339 1410 1411
f 1339 1411 1340
f 1340 1411 1412
f 1340 1412 1341
f 1341 1412 1413
f 1341 1413 1342
f 1342 1413 1414
f 1342 1414 1343
f 1343 1414 1415
f 1343 1415 1344
f 1344 1415 1416
f 1344 1416 1345
f 1345 1416 1417
f 1345 1417 1346
f 1346 1417 1418
f 1346 1418 1347
f 1347 1418 1419
f 1347 1419 1348
f 1348 1419 1420
f 1348 1420 1349
f 1349 1420 1421
f 1349 1421 1350
f 1350 1421 1422
f 1350 1422 1351
f 1351 1422 1423
f 1351 1423 1352
f 1352 1423 1424
f 1352 1424 1353
f 1353 1424 1425
f 1353 1425 1354
f 1354 1425 1426
f 1354 1426 1355
f 1355 1426 1427
f 1355 1427 1356
f 1356 1427 1428
f 1356 1428 1357
f 1357 1428 1429
f 1357 1429 1358
f 1358 1429 1430
f 1358 1430 1359
f 1359 1430 1431
f 1359 1431 1360
f 1360 1431 1432
f 1360 1432 1361
f 1361 1432 1433
f 1361 1433 1362
f 1362 1433 1434
f 1362 1434 1363
f 1363 1434 1435
f 1363 1435 1364
f 1364 1435 1436
f 1364 1436 1365
f 1365 1436 1437
f 1365 1437 1366
f 1366 1437 1438
f 1366 1438 1367
f 1367 1438 1439
f 1367 1439 1368
f 1368 1439 1440
f 1368 1440 1297
f 1297 1440 1369
f 1369 1441 1370
f 1370 1441 1442
f 1370 1442 1371
f 1371 1442 1443
f 1371 1443 1372
f 1372 1443 1444
f 1372 1444 1373
f 1373 1444 1445
f 1373 1445 1374
f 1374 1445 1446
f 1374 1446 1375
f 1375 1446 1447
f 1375 1447 1376
f 1376 1447 1448
f 1376 1448 1377
f 1377 1448 1449
f 1377 1449 1378
f 1378 1449 1450
f 1378 1450 1379
f 1379 1450 1451
f 1379 1451 1380
f 1380 1451 1452
f 1380 1452 1381
f 1381 1452 1453
f 1381 1453 1382
f 1382 1453 1454
f 1382 1454 1383
f 1383 1454 1455
f 1383 1455 1384
f 1384 1455 1456
f 1384 1456 1385
f 1385 1456 1457
f 1385 1457 1386
f 1386 1457 1458
f 1386 1458 1387
f 1387 1458 1459
f 1387 1459 1388
f 1388 1459 1460
f 1388 1460 1389
f 1389 1460 1461
f 1389 1461 1390
f 1390 1461 1462
f 1390 1462 1391
f 1391 1462 1463
f 1391 1463 1392
f 1392 1463 1464
f 1392 1464 1393
f 1393 1464 1465
f 1393 1465 1394
f 1394 1465 1466
f 1394 1466 1395
f 1395 1466 1467
f 1395 1467 1396
f 1396 1467 1468
f 1396 1468 1397
f 1397 1468 1469
f 1397 1469 1398
f 1398 1469 1470
f 1398 1470 1399
f 1399 1470 1471
f 1399 1471 1400
f 1400 1471 1472
f 1400 1472 1401
f 1401 1472 1473
f 1401 1473 1402
f 1402 1473 1474
f 1402 1474 1403
f 1403 1474 1475
f 1403 1475 1404
f 1404 1475 1476
f 1404 1476 1405
f 1405 1476 1477
f 1405 1477 1406
f 1406 1477 1478
f 1406 1478 1407
f 1407 1478 1479
f 1407 1479 1408
f 1408 1479 1480
f 1408 1480 1409
f 1409 1480 1481
f 1409 1481 1410
f 1410 1481 1482
f 1410 1482 1411
f 1411 1482 1483
f 1411 1483 1412
f 1412 1483 1484
f 1412 1484 1413
f 1413 1484 1485
f 1413 1485 1414
f 1414 1485 1486
f 1414 1486 1415
f 1415 1486 1487
f 1415 1487 1416
f 1416 1487 1488
f 1416 1488 1417
f 1417 1488 1489
f 1417 1489 1418
f 1418 1489 1490
f 1418 1490 1419
f 1419 1490 1491
f 1419 1491 1420
f 1420 1491 1492
f 1420 1492 1421
f 1421 1492 1493
f 1421 1493 1422
f 1422 1493 1494
f 1422 1494 1423
f 1423 1494 1495
f 1423 1495 1424
f 1424 1495 1496
f 1424 1496 1425
f 1425 1496 1497
f 1425 1497 1426
f 1426 1497 1498
f 1426 1498 1427
f 1427 1498 1499
f 1427 1499 1428
f 1428 1499 1500
f 1428 1500 1429
f 1429 1500 1501
f 1429 1501 1430
f 1430 1501 1502
f 1430 1502 1431
f 1431 1502 1503
f 1431 1503 1432
f 1432 1503 1504
f 1432 1504 1433
f 1433 1504 1505
f 1433 1505 1434
f 1434 1505 1506
f 1434 1506 1435
f 1435 1506 1507
f 1435 1507 1436
f 1436 1507 1508
f 1436 1508 1437
f 1437 1508 1509
f 1437 1509 1438
f 1438 1509 1510
f 1438 1510 1439
f 1439 1510 1511
f 1439 1511 1440
f 1440 1511 1512
f 1440 1512 1369
f 1369 1512 1441
f 1441 1513 1442
f 1442 1513 1514
f 1442 1514 1443
f 1443 1514 1515
f 1443 1515 1444
f 1444 1515 1516
f 1444 1516 1445
f 1445 1516 1517
f 1445 1517 1446
f 1446 1517 1518
f 1446 1518 1447
f 1447 1518 1519
f 1447 1519 1448
f 1448 1519 1520
f 1448 1520 1449
f 1449 1520 1521
f 1449 1521 1450
f 1450 1521 1522
f 1450 1522 1451
f 1451 1522 1523
f 1451 1523 1452
f 1452 1523 1524
f 1452 1524 1453
f 1453 1524 1525
f 1453 1525 1454
f 1454 1525 1526
f 1454 1526 1455
f 1455 1526 1527
f 1455 1527 1456
f 1456 1527 1528
f 1456 1528 1457
f 1457 1528 1529
f 1457 1529 1458
f 1458 1529 1530
f 1458 1530 1459
f 1459 1530 1531
f 1459 1531 1460
f 1460 1531 1532
f 1460 1532 1461
f 1461 1532 1533
f 1461 1533 1462
f 1462 1533 1534
f 1462 1534 1463
f 1463 1534 1535
f 1463 1535 1464
f 1464 1535 1536
f 1464 1536 1465
f 1465 1536 1537
f 1465 1537 1466
f 1466 1537 1538
f 1466 1538 1467
f 1467 1538 1539
f 1467 1539 1468
f 1468 1539 1540
f 1468 1540 1469
f 1469 1540 1541
f 1469 1541 1470
f 1470 1541 1542
f 1470 1542 1471
f 1471 1542 1543
f 1471 1543 1472
f 1472 1543 1544
f 1472 1544 1473
f 1473 1544 1545
f 1473 1545 1474
f 1474 1545 1546
f 1474 1546 1475
f 1475 1546 1547
f 1475 1547 1476
f 1476 1547 1548
f 1476 1548 1477
f 1477 1548 1549
f 1477 1549 1478
f 1478 1549 1550
f 1478 1550 1479
f 1479 1550 1551
f 1479 1551 1480
f 1480 1551 1552
f 1480 1552 1481
f 1481 1552 1553
f 1481 1553 1482
f 1482 1553 1554
f 1482 1554 1483
f 1483 1554 1555
f 1483 1555 1484
f 1484 1555 1556
f 1484 1556 1485
f 1485 1556 1557
f 1485 1557 1486
f 1486 1557 1558
f 1486 1558 1487
f 1487 1558 1559
f 1487 1559 1488
f 1488 1559 1560
f 1488 1560 1489
f 1489 1560 1561
f 1489 1561 1490
f 1490 1561 1562
f 1490 1562 1491
f 1491 1562 1563
f 1491 1563 1492
f 1492 1563 1564
f 1492 1564 1493
f 1493 1564 1565
f 1493 1565 1494
f 1494 1565 1566
f 1494 1566 1495
f 1495 1566 1567
f 1495 1567 1496
f 1496 1567 1568
f 1496 1568 1497
f 1497 1568 1569
f 1497 1569 1498
f 1498 1569 1570
f 1498 1570 1499
f 1499 1570 1571
f 1499 1571 1500
f 1500 1571 1572
f 1500 1572 1501
f 1501 1572 1573
f 1501 1573 1502
f 1502 1573 1574
f 1502 1574 1503
f 1503 1574 1575
f 1503 1575 1504
f 1504 1575 1576
f 1504 1576 1505
f 1505 1576 1577
f 1505 1577 1506
f 1506 1577 1578
f 1506 1578 1507
f 1507 1578 1579
f 1507 1579 1508
f 1508 1579 1580
f 1508 1580 1509
f 1509 1580 1581
f 1509 1581 1510
f 1510 1581 1582
f 1510 1582 1511
f 1511 1582 1583
f 1511 1583 1512
f 1512 1583 1584
f 1512 1584 1441
f 1441 1584 1513
f 1513 1585 1514
f 1514 1585 1586
f 1514 1586 1515
f 1515 1586 1587
f 1515 1587 1516
f 1516 1587 1588
f 1516 1588 1517
f 1517 1588 1589
f 1517 1589 1518
f 1518 1589 1590
f 1518 1590 1519
f 1519 1590 1591
f 1519 1591 1520
f 1520 1591 1592
f 1520 1592 1521
f 1521 1592 1593
f 1521 1593 1522
f 1522 1593 1594
f 1522 1594 1523
f 1523 1594 1595
f 1523 1595 1524
f 1524 1595 1596
f 1524 1596 1525
f 1525 1596 1597
f 1525 1597 1526
f 1526 1597 1598
f 1526 1598 1527
f 1527 1598 1599
f 1527 1599 1528
f 1528 1599 1600
f 1528 1600 1529
f 1529 1600 1601
f 1529 1601 1530
f 1530 1601 1602
f 1530 1602 1531
f 1531 1602 1603
f 1531 1603 1532
f 1532 1603 1604
f 1532 1604 1533
f 1533 1604 1605
f 1533 1605 1534
f 1534 1605 1606
f 1534 1606 1535
f 1535 1606 1607
f 1535 1607 1536
f 1536 1607 1608
f 1536 1608 1537
f 1537 1608 1609
f 1537 1609 1538
f 1538 1609 1610
f 1538 1610 1539
f 1539 1610 1611
f 1539 1611 1540
f 1540 1611 1612
f 1540 1612 1541
f 1541 1612 1613
f 1541 1613 1542
f 1542 1613 1614
f 1542 1614 1543
f 1543 1614 1615
f 1543 1615 1544
f 1544 1615 1616
f 1544 1616 1545
f 1545 1616 1617
f 1545 1617 1546
f 1546 1617 1618
f 1546 1618 1547
f 1547 1618 1619
f 1547 1619 1548
f 1548 1619 1620
f 1548 1620 1549
f 1549 1620 1621
f 1549 1621 1550
f 1550 1621 1622
f 1550 1622 1551
f 1551 1622 1623
f 1551 1623 1552
f 1552 1623 1624
f 1552 1624 1553
f 1553 1624 1625
f 1553 1625 1554
f 1554 1625 1626
f 1554 1626 1555
f 1555 1626 1627
f 1555 1627 1556
f 1556 1627 1628
f 1556 1628 1557
f 1557 1628 1629
f 1557 1629 1558
f 1558 1629 1630
f 1558 1630 1559
f 1559 1630 1631
f 1559 1631 1560
f 1560 1631 1632
f 1560 1632 1561
f 1561 1632 1633
f 1561 1633 1562
f 1562 1633 1634
f 1562 1634 1563
f 1563 1634 1635
f 1563 1635 1564
f 1564 1635 1636
f 1564 1636 1565
f 1565 1636 1637
f 1565 1637 1566
f 1566 1637 1638
f 1566 1638 1567
f 1567 1638 1639
f 1567 1639 1568
f 1568 1639 1640
f 1568 1640 1569
f 1569 1640 1641
f 1569 1641 1570
f 1570 1641 1642
f 1570 1642 1571
f 1571 1642 1643
f 1571 1643 1572
f 1572 1643 1644
f 1572 1644 1573
f 1573 1644 1645
f 1573 1645 1574
f 1574 1645 1646
f 1574 1646 1575
f 1575 1646 1647
f 1575 1647 1576
f 1576 1647 1648
f 1576 1648 1577
f 1577 1648 1649
f 1577 1649 1578
f 1578 1649 1650
f 1578 1650 1579
f 1579 1650 1651
f 1579 1651 1580
f 1580 1651 1652
f 1580 1652 1581
f 1581 1652 1653
f 1581 1653 1582
f 1582 1653 1654
f 1582 1654 1583
f 1583 1654 1655
f 1583 1655 1584
f 1584 1655 1656
f 1584 1656 1513
f 1513 1656 1585
f 1585 1657 1586
f 1586 1657 1658
f 1586 1658 1587
f 1587 1658 1659
f 1587 1659 1588
f 1588 1659 1660
f 1588 1660 1589
f 1589 1660 1661
f 1589 1661 1590
f 1590 1661 1662
f 1590 1662 1591
f 1591 1662 1663
f 1591 1663 1592
f 1592 1663 1664
f 1592 1664 1593
f 1593 1664 1665
f 1593 1665 1594
f 1594 1665 1666
f 1594 1666 1595
f 1595 1666 1667
f 1595 1667 1596
f 1596 1667 1668
f 1596 1668 1597
f 1597 1668 1669
f 1597 1669 1598
f 1598 1669 1670
f 1598 1670 1599
f 1599 1670 1671
f 1599 1671 1600
f 1600 1671 1672
f 1600 1672 1601
f 1601 1672 1673
f 1601 1673 1602
f 1602 1673 1674
f 1602 1674 1603
f 1603 1674 1675
f 1603 1675 1604
f 1604 1675 1676
f 1604 1676 1605
f 1605 1676 1677
f 1605 1677 1606
f 1606 1677 1678
f 1606 1678 1607
f 1607 1678 1679
f 1607 1679 1608
f 1608 1679 1680
f 1608 1680 1609
f 1609 1680 1681
f 1609 1681 1610
f 1610 1681 1682
f 1610 1682 1611
f 1611 1682 1683
f 1611 1683 1612
f 1612 1683 1684
f 1612 1684 1613
f 1613 1684 1685
f 1613 1685 1614
f 1614 1685 1686
f 1614 1686 1615
f 1615 1686 1687
f 1615 1687 1616
f 1616 1687 1688
f 1616 1688 1617
f 1617 1688 1689
f 1617 1689 1618
f 1618 1689 1690
f 1618 1690 1619
f 1619 1690 1691
f 1619 1691 1620
f 1620 1691 1692
f 1620 1692 1621
f 1621 1692 1693
f 1621 1693 1622
f 1622 1693 1694
f 1622 1694 1623
f 1623 1694 1695
f 1623 1695 1624
f 1624 1695 1696
f 1624 1696 1625
f 1625 1696 1697
f 1625 1697 1626
f 1626 1697 1698
f 1626 1698 1627
f 1627 1698 1699
f 1627 1699 1628
f 1628 1699 1700
f 1628 1700 1629
f 1629 1700 1701
f 1629 1701 1630
f 1630 1701 1702
f 1630 1702 1631
f 1631 1702 1703
f 1631 1703 1632
f 1632 1703 1704
f 1632 1704 1633
f 1633 1704 1705
f 1633 1705 1634
f 1634 1705 1706
f 1634 1706 1635
f 1635 1706 1707
f 1635 1707 1636
f 1636 1707 1708
f 1636 1708 1637
f 1637 1708 1709
f 1637 1709 1638
f 1638 1709 1710
f 1638 1710 1639
f 1639 1710 1711
f 1639 1711 1640
f 1640 1711 1712
f 1640 1712 1641
f 1641 1712 1713
f 1641 1713 1642
f 1642 1713 1714
f 1642 1714 1643
f 1643 1714 1715
f 1643 1715 1644
f 1644 1715 1716
f 1644 1716 1645
f 1645 1716 1717
f 1645 1717 1646
f 1646 1717 1718
f 1646 1718 1647
f 1647 1718 1719
f 1647 1719 1648
f 1648 1719 1720
f 1648 1720 1649
f 1649 1720 1721
f 1649 1721 1650
f 1650 1721 1722
f 1650 1722 1651
f 1651 1722 1723
f 1651 1723 1652
f 1652 1723 1724
f 1652 1724 1653
f 1653 1724 1725
f 1653 1725 1654
f 1654 1725 1726
f 1654 1726 1655
f 1655 1726 1727
f 1655 1727 1656
f 1656 1727 1728
f 1656 1728 1585
f 1585 1728 1657
f 1657 1729 1658
f 1658 1729 1730
f 1658 1730 1659
f 1659 1730 1731
f 1659 1731 1660
f 1660 1731 1732
f 1660 1732 1661
f 1661 1732 1733
f 1661 1733 1662
f 1662 1733 1734
f 1662 1734 1663
f 1663 1734 1735
f 1663 1735 1664
f 1664 1735 1736
f 1664 1736 1665
f 1665 1736 1737
f 1665 1737 1666
f 1666 1737 1738
f 1666 1738 1667
f 1667 1738 1739
f 1667 1739 1668
f 1668 1739 1740
f 1668 1740 1669
f 1669 1740 1741
f 1669 1741 1670
f 1670 1741 1742
f 1670 1742 1671
f 1671 1742 1743
f 1671 1743 1672
f 1672 1743 1744
f 1672 1744 1673
f 1673 1744 1745
f 1673 1745 1674
f 1674 1745 1746
f 1674 1746 1675
f 1675 1746 1747
f 1675 1747 1676
f 1676 1747 1748
f 1676 1748 1677
f 1677 1748 1749
f 1677 1749 1678
f 1678 1749 1750
f 1678 1750 1679
f 1679 1750 1751
f 1679 1751 1680
f 1680 1751 1752
f 1680 1752 1681
f 1681 1752 1753
f 1681 1753 1682
f 1682 1753 1754
f 1682 1754 1683
f 1683 1754 1755
f 1683 1755 1684
f 1684 1755 1756
f 1684 1756 1685
f 1685 1756 1757
f 1685 1757 1686
f 1686 1757 1758
f 1686 1758 1687
f 1687 1758 1759
f 1687 1759 1688
f 1688 1759 1760
f 1688 1760 1689
f 1689 1760 1761
f 1689 1761 1690
f 1690 1761 1762
f 1690 1762 1691
f 1691 1762 1763
f 1691 1763 1692
f 1692 1763 1764
f 1692 1764 1693
f 1693 1764 1765
f 1693 1765 1694
f 1694 1765 1766
f 1694 1766 1695
f 1695 1766 1767
f 1695 1767 1696
f 1696 1767 1768
f 1696 1768 1697
f 1697 1768 1769
f 1697 1769 1698
f 1698 1769 1770
f 1698 1770 1699
f 1699 1770 1771
f 1699 1771 1700
f 1700 1771 1772
f 1700 1772 1701
f 1701 1772 1773
f 1701 1773 1702
f 1702 1773 1774
f 1702 1774 1703
f 1703 1774 1775
f 1703 1775 1704
f 1704 1775 1776
f 1704 1776 1705
f 1705 1776 1777
f 1705 1777 1706
f 1706 1777 1778
f 1706 1778 1707
f 1707 1778 1779
f 1707 1779 1708
f 1708 1779 1780
f 1708 1780 1709
f 1709 1780 1781
f 1709 1781 1710
f 1710 1781 1782
f 1710 1782 1711
f 1711 1782 1783
f 1711 1783 1712
f 1712 1783 1784
f 1712 1784 1713
f 1713 1784 1785
f 1713 1785 1714
f 1714 1785 1786
f 1714 1786 1715
f 1715 1786 1787
f 1715 1787 1716
f 1716 1787 1788
f 1716 1788 1717
f 1717 1788 1789
f 1717 1789 1718
f 1718 1789 1790
f 1718 1790 1719
f 1719 1790 1791
f 1719 1791 1720
f 1720 1791 1792
f 1720 1792 1721
f 1721 1792 1793
f 1721 1793 1722
f 1722 1793 1794
f 1722 1794 1723
f 1723 1794 1795
f 1723 1795 1724
f 1724 1795 1796
f 1724 1796 1725
f 1725 1796 1797
f 1725 1797 1726
f 1726 1797 1798
f 1726 1798 1727
f 1727 1798 1799
f 1727 1799 1728
f 1728 1799 1800
f 1728 1800 1657
f 1657 1800 1729
f 1729 1801 1730
f 1730 1801 1802
f 1730 1802 1731
f 1731 1802 1803
f 1731 1803 1732
f 1732 1803 1804
f 1732 1804 1733
f 1733 1804 1805
f 1733 1805 1734
f 1734 1805 1806
f 1734 1806 1735
f 1735 1806 1807
f 1735 1807 1736
f 1736 1807 1808
f 1736 1808 1737
f 1737 1808 1809
f 1737 1809 1738
f 1738 1809 1810
f 1738 1810 1739
f 1739 1810 1811
f 1739 1811 1740
f 1740 1811 1812
f 1740 1812 1741
f 1741 1812 1813
f 1741 1813 1742
f 1742 1813 1814
f 1742 1814 1743
f 1743 1814 1815
f 1743 1815 1744
f 1744 1815 1816
f 1744 1816 1745
f 1745 1816 1817
f 1745 1817 1746
f 1746 1817 1818
f 1746 1818 1747
f 1747 1818 1819
f 1747 1819 1748
f 1748 1819 1820
f 1748 1820 1749
f 1749 1820 1821
f 1749 1821 1750
f 1750 1821 1822
f 1750 1822 1751
f 1751 1822 1823
f 1751 1823 1752
f 1752 1823 1824
f 1752 1824 1753
f 1753 1824 1825
f 1753 1825 1754
f 1754 1825 1826
f 1754 1826 1755
f 1755 1826 1827
f 1755 1827 1756
f 1756 1827 1828
f 1756 1828 1757
f 1757 1828 1829
f 1757 1829 1758
f 1758 1829 1830
f 1758 1830 1759
f 1759 1830 1831
f 1759 1831 1760
f 1760 1831 1832
f 1760 1832 1761
f 1761 1832 1833
f 1761 1833 1762
f 1762 1833 1834
f 1762 1834 1763
f 1763 1834 1835
f 1763 1835 1764
f 1764 1835 1836
f 1764 1836 1765
f 1765 1836 1837
f 1765 1837 1766
f 1766 1837 1838
f 1766 1838 1767
f 1767 1838 1839
f 1767 1839 1768
f 1768 1839 1840
f 1768 1840 1769
f 1769 1840 1841
f 1769 1841 1770
f 1770 1841 1842
f 1770 1842 1771
f 1771 1842 1843
f 1771 1843 1772
f 1772 1843 1844
f 1772 1844 1773
f 1773 1844 1845
f 1773 1845 1774
f 1774 1845 1846
f 1774 1846 1775
f 1775 1846 1847
f 1775 1847 1776
f 1776 1847 1848
f 1776 1848 1777
f 1777 1848 1849
f 1777 1849 1778
f 1778 1849 1850
f 1778 1850 1779
f 1779 1850 1851
f 1779 1851 1780
f 1780 1851 1852
f 1780 1852 1781
f 1781 1852 1853
f 1781 1853 1782
f 1782 1853 1854
f 1782 1854 1783
f 1783 1854 1855
f 1783 1855 1784
f 1784 1855 1856
f 1784 1856 1785
f 1785 1856 1857
f 1785 1857 1786
f 1786 1857 1858
f 1786 1858 1787
f 1787 1858 1859
f 1787 1859 1788
f 1788 1859 1860
f 1788 1860 1789
f 1789 1860 1861
f 1789 1861 1790
f 1790 1861 1862
f 1790 1862 1791
f 1791 1862 1863
f 1791 1863 1792
f 1792 1863 1864
f 1792 1864 1793
f 1793 1864 1865
f 1793 1865 1794
f 1794 1865 1866
f 1794 1866 1795
f 1795 1866 1867
f 1795 1867 1796
f 1796 1867 1868
f 1796 1868 1797
f 1797 1868 1869
f 1797 1869 1798
f 1798 1869 1870
f 1798 1870 1799
f 1799 1870 1871
f 1799 1871 1800
f 1800 1871 1872
f 1800 1872 1729
f 1729 1872 1801
f 1801 1873 1802
f 1802 1873 1874
f 1802 1874 1803
f 1803 1874 1875
f 1803 1875 1804
f 1804 1875 1876
f 1804 1876 1805
f 1805 1876 1877
f 1805 1877 1806
f 1806 1877 1878
f 1806 1878 1807
f 1807 1878 1879
f 1807 1879 1808
f 1808 1879 1880
f 1808 1880 1809
f 1809 1880 1881
f 1809 1881 1810
f 1810 1881 1882
f 1810 1882 1811
f 1811 1882 1883
f 1811 1883 1812
f 1812 1883 1884
f 1812 1884 1813
f 1813 1884 1885
f 1813 1885 1814
f 1814 1885 1886
f 1814 1886 1815
f 1815 1886 1887
f 1815 1887 1816
f 1816 1887 1888
f 1816 1888 1817
f 1817 1888 1889
f 1817 1889 1818
f 1818 1889 1890
f 1818 1890 1819
f 1819 1890 1891
f 1819 1891 1820
f 1820 1891 1892
f 1820 1892 1821
f 1821 1892 1893
f 1821 1893 1822
f 1822 1893 1894
f 1822 1894 1823
f 1823 1894 1895
f 1823 1895 1824
f 1824 1895 1896
f 1824 1896 1825
f 1825 1896 1897
f 1825 1897 1826
f 1826 1897 1898
f 1826 1898 1827
f 1827 1898 1899
f 1827 1899 1828
f 1828 1899 1900
f 1828 1900 1829
f 1829 1900 1901
f 1829 1901 1830
f 1830 1901 1902
f 1830 1902 1831
f 1831 1902 1903
f 1831 1903 1832
f 1832 1903 1904
f 1832 1904 1833
f 1833 1904 1905
f 1833 1905 1834
f 1834 1905 1906
f 1834 1906 1835
f 1835 1906 1907
f 1835 1907 1836
f 1836 1907 1908
f 1836 1908 1837
f 1837 1908 1909
f 1837 1909 1838
f 1838 1909 1910
f 1838 1910 1839
f 1839 1910 1911
f 1839 1911 1840
f 1840 1911 1912
f 1840 1912 1841
f 1841 1912 1913
f 1841 1913 1842
f 1842 1913 1914
f 1842 1914 1843
f 1843 1914 1915
f 1843 1915 1844
f 1844 1915 1916
f 1844 1916 1845
f 1845 1916 1917
f 1845 1917 1846
f 1846 1917 1918
f 1846 1918 1847
f 1847 1918 1919
f 1847 1919 1848
f 1848 1919 1920
f 1848 1920 1849
f 1849 1920 1921
f 1849 1921 1850
f 1850 1921 1922
f 1850 1922 1851
f 1851 1922 1923
f 1851 1923 1852
f 1852 1923 1924
f 1852 1924 1853
f 1853 1924 1925
f 1853 1925 1854
f 1854 1925 1926
f 1854 1926 1855
f 1855 1926 1927
f 1855 1927 1856
f 1856 1927 1928
f 1856 1928 1857
f 1857 1928 1929
f 1857 1929 1858
f 1858 1929 1930
f 1858 1930 1859
f 1859 1930 1931
f 1859 1931 1860
f 1860 1931 1932
f 1860 1932 1861
f 1861 1932 1933
f 1861 1933 1862
f 1862 1933 1934
f 1862 1934 1863
f 1863 1934 1935
f 1863 1935 1864
f 1864 1935 1936
f 1864 1936 1865
f 1865 1936 1937
f 1865 1937 1866
f 1866 1937 1938
f 1866 1938 1867
f 1867 1938 1939
f 1867 1939 1868
f 1868 1939 1940
f 1868 1940 1869
f 1869 1940 1941
f 1869 1941 1870
f 1870 1941 1942
f 1870 1942 1871
f 1871 1942 1943
f 1871 1943 1872
f 1872 1943 1944
f 1872 1944 1801
f 1801 1944 1873
f 1873 1945 1874
f 1874 1945 1946
f 1874 1946 1875
f 1875 1946 1947
f 1875 1947 1876
f 1876 1947 1948
f 1876 1948 1877
f 1877 1948 1949
f 1877 1949 1878
f 1878 1949 1950
f 1878 1950 1879
f 1879 1950 1951
f 1879 1951 1880
f 1880 1951 1952
f 1880 1952 1881
f 1881 1952 1953
f 1881 1953 1882
f 1882 1953 1954
f 1882 1954 1883
f 1883 1954 1955
f 1883 1955 1884
f 1884 1955 1956
f 1884 1956 1885
f 1885 1956 1957
f 1885 1957 1886
f 1886 1957 1958
f 1886 1958 1887
f 1887 1958 1959
f 1887 1959 1888
f 1888 1959 1960
f 1888 1960 1889
f 1889 1960 1961
f 1889 1961 1890
f 1890 1961 1962
f 1890 1962 1891
f 1891 1962 1963
f 1891 1963 1892
f 1892 1963 1964
f 1892 1964 1893
f 1893 1964 1965
f 1893 1965 1894
f 1894 1965 1966
f 1894 1966 1895
f 1895 1966 1967
f 1895 1967 1896
f 1896 1967 1968
f 1896 1968 1897
f 1897 1968 1969
f 1897 1969 1898
f 1898 1969 1970
f 1898 1970 1899
f 1899 1970 1971
f 1899 1971 1900
f 1900 1971 1972
f 1900 1972 1901
f 1901 1972 1973
f 1901 1973 1902
f 1902 1973 1974
f 1902 1974 1903
f 1903 1974 1975
f 1903 1975 1904
f 1904 1975 1976
f 1904 1976 1905
f 1905 1976 1977
f 1905 1977 1906
f 1906 1977 1978
f 1906 1978 1907
f 1907 1978 1979
f 1907 1979 1908
f 1908 1979 1980
f 1908 1980 1909
f 1909 1980 1981
f 1909 1981 1910
f 1910 1981 1982
f 1910 1982 1911
f 1911 1982 1983
f 1911 1983 1912
f 1912 1983 1984
f 1912 1984 1913
f 1913 1984 1985
f 1913 1985 1914
f 1914 1985 1986
f 1914 1986 1915
f 1915 1986 1987
f 1915 1987 1916
f 1916 1987 1988
f 1916 1988 1917
f 1917 1988 1989
f 1917 1989 1918
f 1918 1989 1990
f 1918 1990 1919
f 1919 1990 1991
f 1919 1991 1920
f 1920 1991 1992
f 1920 1992 1921
f 1921 1992 1993
f 1921 1993 1922
f 1922 1993 1994
f 1922 1994 1923
f 1923 1994 1995
f 1923 1995 1924
f 1924 1995 1996
f 1924 1996 1925
f 1925 1996 1997
f 1925 1997 1926
f 1926 1997 1998
f 1926 1998 1927
f 1927 1998 1999
f 1927 1999 1928
f 1928 1999 2000
f 1928 2000 1929
f 1929 2000 2001
f 1929 2001 1930
f 1930 2001 2002
f 1930 2002 1931
f 1931 2002 2003
f 1931 2003 1932
f 1932 2003 2004
f 1932 2004 1933
f 1933 2004 2005
f 1933 2005 1934
f 1934 2005 2006
f 1934 2006 1935
f 1935 2006 2007
f 1935 2007 1936
f 1936 2007 2008
f 1936 2008 1937
f 1937 2008 2009
f 1937 2009 1938
f 1938 2009 2010
f 1938 2010 1939
f 1939 2010 2011
f 1939 2011 1940
f 1940 2011 2012
f 1940 2012 1941
f 1941 2012 2013
f 1941 2013 1942
f 1942 2013 2014
f 1942 2014 1943
f 1943 2014 2015
f 1943 2015 1944
f 1944 2015 2016
f 1944 2016 1873
f 1873 2016 1945
f 1945 2017 1946
f 1946 2017 2018
f 1946 2018 1947
f 1947 2018 2019
f 1947 2019 1948
f 1948 2019 2020
f 1948 2020 1949
f 1949 2020 2021
f 1949 2021 1950
f 1950 2021 2022
f 1950 2022 1951
f 1951 2022 2023
f 1951 2023 1952
f 1952 2023 2024
f 1952 2024 1953
f 1953 2024 2025
f 1953 2025 1954
f 1954 2025 2026
f 1954 2026 1955
f 1955 2026 2027
f 1955 2027 1956
f 1956 2027 2028
f 1956 2028 1957
f 1957 2028 2029
f 1957 2029 1958
f 1958 2029 2030
f 1958 2030 1959
f 1959 2030 2031
f 1959 2031 1960
f 1960 2031 2032
f 1960 2032 1961
f 1961 2032 2033
f 1961 2033 1962
f 1962 2033 2034
f 1962 2034 1963
f 1963 2034 2035
f 1963 2035 1964
f 1964 2035 2036
f 1964 2036 1965
f 1965 2036 2037
f 1965 2037 1966
f 1966 2037 2038
f 1966 2038 1967
f 1967 2038 2039
f 1967 2039 1968
f 1968 2039 2040
f 1968 2040 1969
f 1969 2040 2041
f 1969 2041 1970
f 1970 2041 2042
f 1970 2042 1971
f 1971 2042 2043
f 1971 2043 1972
f 1972 2043 2044
f 1972 2044 1973
f 1973 2044 2045
f 1973 2045 1974
f 1974 2045 2046
f 1974 2046 1975
f 1975 2046 2047
f 1975 2047 1976
f 1976 2047 2048
f 1976 2048 1977
f 1977 2048 2049
f 1977 2049 1978
f 1978 2049 2050
f 1978 2050 1979
f 1979 2050 2051
f 1979 2051 1980
f 1980 2051 2052
f 1980 2052 1981
f 1981 2052 2053
f 1981 2053 1982
f 1982 2053 2054
f 1982 2054 1983
f 1983 2054 2055
f 1983 2055 1984
f 1984 2055 2056
f 1984 2056 1985
f 1985 2056 2057
f 1985 2057 1986
f 1986 2057 2058
f 1986 2058 1987
f 1987 2058 2059
f 1987 2059 1988
f 1988 2059 2060
f 1988 2060 1989
f 1989 2060 2061
f 1989 2061 1990
f 1990 2061 2062
f 1990 2062 1991
f 1991 2062 2063
f 1991 2063 1992
f 1992 2063 2064
f 1992 2064 1993
f 1993 2064 2065
f 1993 2065 1994
f 1994 2065 2066
f 1994 2066 1995
f 1995 2066 2067
f 1995 2067 1996
f 1996 2067 2068
f 1996 2068 1997
f 1997 2068 2069
f 1997 2069 1998
f 1998 2069 2070
f 1998 2070 1999
f 1999 2070 2071
f 1999 2071 2000
f 2000 2071 2072
f 2000 2072 2001
f 2001 2072 2073
f 2001 2073 2002
f 2002 2073 2074
f 2002 2074 2003
f 2003 2074 2075
f 2003 2075 2004
f 2004 2075 2076
f 2004 2076 2005
f 2005 2076 2077
f 2005 2077 2006
f 2006 2077 2078
f 2006 2078 2007
f 2007 2078 2079
f 2007 2079 2008
f 2008 2079 2080
f 2008 2080 2009
f 2009 2080 2081
f 2009 2081 2010
f 2010 2081 2082
f 2010 2082 2011
f 2011 2082 2083
f 2011 2083 2012
f 2012 2083 2084
f 2012 2084 2013
f 2013 2084 2085
f 2013 2085 2014
f 2014 2085 2086
f 2014 2086 2015
f 2015 2086 2087
f 2015 2087 2016
f 2016 2087 2088
f 2016 2088 1945
f 1945 2088 2017
f 2017 2089 2018
f 2018 2089 2090
f 2018 2090 2019
f 2019 2090 2091
f 2019 2091 2020
f 2020 2091 2092
f 2020 2092 2021
f 2021 2092 2093
f 2021 2093 2022
f 2022 2093 2094
f 2022 2094 2023
f 2023 2094 2095
f 2023 2095 2024
f 2024 2095 2096
f 2024 2096 2025
f 2025 2096 2097
f 2025 2097 2026
f 2026 2097 2098
f 2026 2098 2027
f 2027 2098 2099
f 2027 2099 2028
f 2028 2099 2100
f 2028 2100 2029
f 2029 2100 2101
f 2029 2101 2030
f 2030 2101 2102
f 2030 2102 2031
f 2031 2102 2103
f 2031 2103 2032
f 2032 2103 2104
f 2032 2104 2033
f 2033 2104 2105
f 2033 2105 2034
f 2034 2105 2106
f 2034 2106 2035
f 2035 2106 2107
f 2035 2107 2036
f 2036 2107 2108
f 2036 2108 2037
f 2037 2108 2109
f 2037 2109 2038
f 2038 2109 2110
f 2038 2110 2039
f 2039 2110 2111
f 2039 2111 2040
f 2040 2111 2112
f 2040 2112 2041
f 2041 2112 2113
f 2041 2113 2042
f 2042 2113 2114
f 2042 2114 2043
f 2043 2114 2115
f 2043 2115 2044
f 2044 2115 2116
f 2044 2116 2045
f 2045 2116 2117
f 2045 2117 2046
f 2046 2117 2118
f 2046 2118 2047
f 2047 2118 2119
f 2047 2119 2048
f 2048 2119 2120
f 2048 2120 2049
f 2049 2120 2121
f 2049 2121 2050
f 2050 2121 2122
f 2050 2122 2051
f 2051 2122 2123
f 2051 2123 2052
f 2052 2123 2124
f 2052 2124 2053
f 2053 2124 2125
f 2053 2125 2054
f 2054 2125 2126
f 2054 2126 2055
f 2055 2126 2127
f 2055 2127 2056
f 2056 2127 2128
f 2056 2128 2057
f 2057 2128 2129
f 2057 2129 2058
f 2058 2129 2130
f 2058 2130 2059
f 2059 2130 2131
f 2059 2131 2060
f 2060 2131 2132
f 2060 2132 2061
f 2061 2132 2133
f 2061 2133 2062
f 2062 2133 2134
f 2062 2134 2063
f 2063 2134 2135
f 2063 2135 2064
f 2064 2135 2136
f 2064 2136 2065
f 2065 2136 2137
f 2065 2137 2066
f 2066 2137 2138
f 2066 2138 2067
f 2067 2138 2139
f 2067 2139 2068
f 2068 2139 2140
f 2068 2140 2069
f 2069 2140 2141
f 2069 2141 2070
f 2070 2141 2142
f 2070 2142 2071
f 2071 2142 2143
f 2071 2143 2072
f 2072 2143 2144
f 2072 2144 2073
f 2073 2144 2145
f 2073 2145 2074
f 2074 2145 2146
f 2074 2146 2075
f 2075 2146 2147
f 2075 2147 2076
f 2076 2147 2148
f 2076 2148 2077
f 2077 2148 2149
f 2077 2149 2078
f 2078 2149 2150
f 2078 2150 2079
f 2079 2150 2151
f 2079 2151 2080
f 2080 2151 2152
f 2080 2152 2081
f 2081 2152 2153
f 2081 2153 2082
f 2082 2153 2154
f 2082 2154 2083
f 2083 2154 2155
f 2083 2155 2084
f 2084 2155 2156
f 2084 2156 2085
f 2085 2156 2157
f 2085 2157 2086
f 2086 2157 2158
f 2086 2158 2087
f 2087 2158 2159
f 2087 2159 2088
f 2088 2159 2160
f 2088 2160 2017
f 2017 2160 2089
f 2089 2161 2090
f 2090 2161 2162
f 2090 2162 2091
f 2091 2162 2163
f 2091 2163 2092
f 2092 2163 2164
f 2092 2164 2093
f 2093 2164 2165
f 2093 2165 2094
f 2094 2165 2166
f 2094 2166 2095
f 2095 2166 2167
f 2095 2167 2096
f 2096 2167 2168
f 2096 2168 2097
f 2097 2168 2169
f 2097 2169 2098
f 2098 2169 2170
f 2098 2170 2099
f 2099 2170 2171
f 2099 2171 2100
f 2100 2171 2172
f 2100 2172 2101
f 2101 2172 2173
f 2101 2173 2102
f 2102 2173 2174
f 2102 2174 2103
f 2103 2174 2175
f 2103 2175 2104
f 2104 2175 2176
f 2104 2176 2105
f 2105 2176 2177
f 2105 2177 2106
f 2106 2177 2178
f 2106 2178 2107
f 2107 2178 2179
f 2107 2179 2108
f 2108 2179 2180
f 2108 2180 2109
f 2109 2180 2181
f 2109 2181 2110
f 2110 2181 2182
f 2110 2182 2111
f 2111 2182 2183
f 2111 2183 2112
f 2112 2183 2184
f 2112 2184 2113
f 2113 2184 2185
f 2113 2185 2114
f 2114 2185 2186
f 2114 2186 2115
f 2115 2186 2187
f 2115 2187 2116
f 2116 2187 2188
f 2116 2188 2117
f 2117 2188 2189
f 2117 2189 2118
f 2118 2189 2190
f 2118 2190 2119
f 2119 2190 2191
f 2119 2191 2120
f 2120 2191 2192
f 2120 2192 2121
f 2121 2192 2193
f 2121 2193 2122
f 2122 2193 2194
f 2122 2194 2123
f 2123 2194 2195
f 2123 2195 2124
f 2124 2195 2196
f 2124 2196 2125
f 2125 2196 2197
f 2125 2197 2126
f 2126 2197 2198
f 2126 2198 2127
f 2127 2198 2199
f 2127 2199 2128
f 2128 2199 2200
f 2128 2200 2129
f 2129 2200 2201
f 2129 2201 2130
f 2130 2201 2202
f 2130 2202 2131
f 2131 2202 2203
f 2131 2203 2132
f 2132 2203 2204
f 2132 2204 2133
f 2133 2204 2205
f 2133 2205 2134
f 2134 2205 2206
f 2134 2206 2135
f 2135 2206 2207
f 2135 2207 2136
f 2136 2207 2208
f 2136 2208 2137
f 2137 2208 2209
f 2137 2209 2138
f 2138 2209 2210
f 2138 2210 2139
f 2139 2210 2211
f 2139 2211 2140
f 2140 2211 2212
f 2140 2212 2141
f 2141 2212 2213
f 2141 2213 2142
f 2142 2213 2214
f 2142 2214 2143
f 2143 2214 2215
f 2143 2215 2144
f 2144 2215 2216
f 2144 2216 2145
f 2145 2216 2217
f 2145 2217 2146
f 2146 2217 2218
f 2146 2218 2147
f 2147 2218 2219
f 2147 2219 2148
f 2148 2219 2220
f 2148 2220 2149
f 2149 2220 2221
f 2149 2221 2150
f 2150 2221 2222
f 2150 2222 2151
f 2151 2222 2223
f 2151 2223 2152
f 2152 2223 2224
f 2152 2224 2153
f 2153 2224 2225
f 2153 2225 2154
f 2154 2225 2226
f 2154 2226 2155
f 2155 2226 2227
f 2155 2227 2156
f 2156 2227 2228
f 2156 2228 2157
f 2157 2228 2229
f 2157 2229 2158
f 2158 2229 2230
f 2158 2230 2159
f 2159 2230 2231
f 2159 2231 2160
f 2160 2231 2232
f 2160 2232 2089
f 2089 2232 2161
f 2161 2233 2162
f 2162 2233 2234
f 2162 2234 2163
f 2163 2234 2235
f 2163 2235 2164
f 2164 2235 2236
f 2164 2236 2165
f 2165 2236 2237
f 2165 2237 2166
f 2166 2237 2238
f 2166 2238 2167
f 2167 2238 2239
f 2167 2239 2168
f 2168 2239 2240
f 2168 2240 2169
f 2169 2240 2241
f 2169 2241 2170
f 2170 2241 2242
f 2170 2242 2171
f 2171 2242 2243
f 2171 2243 2172
f 2172 2243 2244
f 2172 2244 2173
f 2173 2244 2245
f 2173 2245 2174
f 2174 2245 2246
f 2174 2246 2175
f 2175 2246 2247
f 2175 2247 2176
f 2176 2247 2248
f 2176 2248 2177
f 2177 2248 2249
f 2177 2249 2178
f 2178 2249 2250
f 2178 2250 2179
f 2179 2250 2251
f 2179 2251 2180
f 2180 2251 2252
f 2180 2252 2181
f 2181 2252 2253
f 2181 2253 2182
f 2182 2253 2254
f 2182 2254 2183
f 2183 2254 2255
f 2183 2255 2184
f 2184 2255 2256
f 2184 2256 2185
f 2185 2256 2257
f 2185 2257 2186
f 2186 2257 2258
f 2186 2258 2187
f 2187 2258 2259
f 2187 2259 2188
f 2188 2259 2260
f 2188 2260 2189
f 2189 2260 2261
f 2189 2261 2190
f 2190 2261 2262
f 2190 2262 2191
f 2191 2262 2263
f 2191 2263 2192
f 2192 2263 2264
f 2192 2264 2193
f 2193 2264 2265
f 2193 2265 2194
f 2194 2265 2266
f 2194 2266 2195
f 2195 2266 2267
f 2195 2267 2196
f 2196 2267 2268
f 2196 2268 2197
f 2197 2268 2269
f 2197 2269 2198
f 2198 2269 2270
f 2198 2270 2199
f 2199 2270 2271
f 2199 2271 2200
f 2200 2271 2272
f 2200 2272 2201
f 2201 2272 2273
f 2201 2273 2202
f 2202 2273 2274
f 2202 2274 2203
f 2203 2274 2275
f 2203 2275 2204
f 2204 2275 2276
f 2204 2276 2205
f 2205 2276 2277
f 2205 2277 2206
f 2206 2277 2278
f 2206 2278 2207
f 2207 2278 2279
f 2207 2279 2208
f 2208 2279 2280
f 2208 2280 2209
f 2209 2280 2281
f 2209 2281 2210
f 2210 2281 2282
f 2210 2282 2211
f 2211 2282 2283
f 2211 2283 2212
f 2212 2283 2284
f 2212 2284 2213
f 2213 2284 2285
f 2213 2285 2214
f 2214 2285 2286
f 2214 2286 2215
f 2215 2286 2287
f 2215 2287 2216
f 2216 2287 2288
f 2216 2288 2217
f 2217 2288 2289
f 2217 2289 2218
f 2218 2289 2290
f 2218 2290 2219
f 2219 2290 2291
f 2219 2291 2220
f 2220 2291 2292
f 2220 2292 2221
f 2221 2292 2293
f 2221 2293 2222
f 2222 2293 2294
f 2222 2294 2223
f 2223 2294 2295
f 2223 2295 2224
f 2224 2295 2296
f 2224 2296 2225
f 2225 2296 2297
f 2225 2297 2226
f 2226 2297 2298
f 2226 2298 2227
f 2227 2298 2299
f 2227 2299 2228
f 2228 2299 2300
f 2228 2300 2229
f 2229 2300 2301
f 2229 2301 2230
f 2230 2301 2302
f 2230 2302 2231
f 2231 2302 2303
f 2231 2303 2232
f 2232 2303 2304
f 2232 2304 2161
f 2161 2304 2233
f 2233 2305 2234
f 2234 2305 2306
f 2234 2306 2235
f 2235 2306 2307
f 2235 2307 2236
f 2236 2307 2308
f 2236 2308 2237
f 2237 2308 2309
f 2237 2309 2238
f 2238 2309 2310
f 2238 2310 2239
f 2239 2310 2311
f 2239 2311 2240
f 2240 2311 2312
f 2240 2312 2241
f 2241 2312 2313
f 2241 2313 2242
f 2242 2313 2314
f 2242 2314 2243
f 2243 2314 2315
f 2243 2315 2244
f 2244 2315 2316
f 2244 2316 2245
f 2245 2316 2317
f 2245 2317 2246
f 2246 2317 2318
f 2246 2318 2247
f 2247 2318 2319
f 2247 2319 2248
f 2248 2319 2320
f 2248 2320 2249
f 2249 2320 2321
f 2249 2321 2250
f 2250 2321 2322
f 2250 2322 2251
f 2251 2322 2323
f 2251 2323 2252
f 2252 2323 2324
f 2252 2324 2253
f 2253 2324 2325
f 2253 2325 2254
f 2254 2325 2326
f 2254 2326 2255
f 2255 2326 2327
f 2255 2327 2256
f 2256 2327 2328
f 2256 2328 2257
f 2257 2328 2329
f 2257 2329 2258
f 2258 2329 2330
f 2258 2330 2259
f 2259 2330 2331
f 2259 2331 2260
f 2260 2331 2332
f 2260 2332 2261
f 2261 2332 2333
f 2261 2333 2262
f 2262 2333 2334
f 2262 2334 2263
f 2263 2334 2335
f 2263 2335 2264
f 2264 2335 2336
f 2264 2336 2265
f 2265 2336 2337
f 2265 2337 2266
f 2266 2337 2338
f 2266 2338 2267
f 2267 2338 2339
f 2267 2339 2268
f 2268 2339 2340
f 2268 2340 2269
f 2269 2340 2341
f 2269 2341 2270
f 2270 2341 2342
f 2270 2342 2271
f 2271 2342 2343
f 2271 2343 2272
f 2272 2343 2344
f 2272 2344 2273
f 2273 2344 2345
f 2273 2345 2274
f 2274 2345 2346
f 2274 2346 2275
f 2275 2346 2347
f 2275 2347 2276
f 2276 2347 2348
f 2276 2348 2277
f 2277 2348 2349
f 2277 2349 2278
f 2278 2349 2350
f 2278 2350 2279
f 2279 2350 2351
f 2279 2351 2280
f 2280 2351 2352
f 2280 2352 2281
f 2281 2352 2353
f 2281 2353 2282
f 2282 2353 2354
f 2282 2354 2283
f 2283 2354 2355
f 2283 2355 2284
f 2284 2355 2356
f 2284 2356 2285
f 2285 2356 2357
f 2285 2357 2286
f 2286 2357 2358
f 2286 2358 2287
f 2287 2358 2359
f 2287 2359 2288
f 2288 2359 2360
f 2288 2360 2289
f 2289 2360 2361
f 2289 2361 2290
f 2290 2361 2362
f 2290 2362 2291
f 2291 2362 2363
f 2291 2363 2292
f 2292 2363 2364
f 2292 2364 2293
f 2293 2364 2365
f 2293 2365 2294
f 2294 2365 2366
f 2294 2366 2295
f 2295 2366 2367
f 2295 2367 2296
f 2296 2367 2368
f 2296 2368 2297
f 2297 2368 2369
f 2297 2369 2298
f 2298 2369 2370
f 2298 2370 2299
f 2299 2370 2371
f 2299 2371 2300
f 2300 2371 2372
f 2300 2372 2301
f 2301 2372 2373
f 2301 2373 2302
f 2302 2373 2374
f 2302 2374 2303
f 2303 2374 2375
f 2303 2375 2304
f 2304 2375 2376
f 2304 2376 2233
f 2233 2376 2305
f 2305 2377 2306
f 2306 2377 2378
f 2306 2378 2307
f 2307 2378 2379
f 2307 2379 2308
f 2308 2379 2380
f 2308 2380 2309
f 2309 2380 2381
f 2309 2381 2310
f 2310 2381 2382
f 2310 2382 2311
f 2311 2382 2383
f 2311 2383 2312
f 2312 2383 2384
f 2312 2384 2313
f 2313 2384 2385
f 2313 2385 2314
f 2314 2385 2386
f 2314 2386 2315
f 2315 2386 2387
f 2315 2387 2316
f 2316 2387 2388
f 2316 2388 2317
f 2317 2388 2389
f 2317 2389 2318
f 2318 2389 2390
f 2318 2390 2319
f 2319 2390 2391
f 2319 2391 2320
f 2320 2391 2392
f 2320 2392 2321
f 2321 2392 2393
f 2321 2393 2322
f 2322 2393 2394
f 2322 2394 2323
f 2323 2394 2395
f 2323 2395 2324
f 2324 2395 2396
f 2324 2396 2325
f 2325 2396 2397
f 2325 2397 2326
f 2326 2397 2398
f 2326 2398 2327
f 2327 2398 2399
f 2327 2399 2328
f 2328 2399 2400
f 2328 2400 2329
f 2329 2400 2401
f 2329 2401 2330
f 2330 2401 2402
f 2330 2402 2331
f 2331 2402 2403
f 2331 2403 2332
f 2332 2403 2404
f 2332 2404 2333
f 2333 2404 2405
f 2333 2405 2334
f 2334 2405 2406
f 2334 2406 2335
f 2335 2406 2407
f 2335 2407 2336
f 2336 2407 2408
f 2336 2408 2337
f 2337 2408 2409
f 2337 2409 2338
f 2338 2409 2410
f 2338 2410 2339
f 2339 2410 2411
f 2339 2411 2340
f 2340 2411 2412
f 2340 2412 2341
f 2341 2412 2413
f 2341 2413 2342
f 2342 2413 2414
f 2342 2414 2343
f 2343 2414 2415
f 2343 2415 2344
f 2344 2415 2416
f 2344 2416 2345
f 2345 2416 2417
f 2345 2417 2346
f 2346 2417 2418
f 2346 2418 2347
f 2347 2418 2419
f 2347 2419 2348
f 2348 2419 2420
f 2348 2420 2349
f 2349 2420 2421
f 2349 2421 2350
f 2350 2421 2422
f 2350 2422 2351
f 2351 2422 2423
f 2351 2423 2352
f 2352 2423 2424
f 2352 2424 2353
f 2353 2424 2425
f 2353 2425 2354
f 2354 2425 2426
f 2354 2426 2355
f 2355 2426 2427
f 2355 2427 2356
f 2356 2427 2428
f 2356 2428 2357
f 2357 2428 2429
f 2357 2429 2358
f 2358 2429 2430
f 2358 2430 2359
f 2359 2430 2431
f 2359 2431 2360
f 2360 2431 2432
f 2360 2432 2361
f 2361 2432 2433
f 2361 2433 2362
f 2362 2433 2434
f 2362 2434 2363
f 2363 2434 2435
f 2363 2435 2364
f 2364 2435 2436
f 2364 2436 2365
f 2365 2436 2437
f 2365 2437 2366
f 2366 2437 2438
f 2366 2438 2367
f 2367 2438 2439
f 2367 2439 2368
f 2368 2439 2440
f 2368 2440 2369
f 2369 2440 2441
f 2369 2441 2370
f 2370 2441 2442
f 2370 2442 2371
f 2371 2442 2443
f 2371 2443 2372
f 2372 2443 2444
f 2372 2444 2373
f 2373 2444 2445
f 2373 2445 2374
f 2374 2445 2446
f 2374 2446 2375
f 2375 2446 2447
f 2375 2447 2376
f 2376 2447 2448
f 2376 2448 2305
f 2305 2448 2377
f 2377 2449 2378
f 2378 2449 2450
f 2378 2450 2379
f 2379 2450 2451
f 2379 2451 2380
f 2380 2451 2452
f 2380 2452 2381
f 2381 2452 2453
f 2381 2453 2382
f 2382 2453 2454
f 2382 2454 2383
f 2383 2454 2455
f 2383 2455 2384
f 2384 2455 2456
f 2384 2456 2385
f 2385 2456 2457
f 2385 2457 2386
f 2386 2457 2458
f 2386 2458 2387
f 2387 2458 2459
f 2387 2459 2388
f 2388 2459 2460
f 2388 2460 2389
f 2389 2460 2461
f 2389 2461 2390
f 2390 2461 2462
f 2390 2462 2391
f 2391 2462 2463
f 2391 2463 2392
f 2392 2463 2464
f 2392 2464 2393
f 2393 2464 2465
f 2393 2465 2394
f 2394 2465 2466
f 2394 2466 2395
f 2395 2466 2467
f 2395 2467 2396
f 2396 2467 2468
f 2396 2468 2397
f 2397 2468 2469
f 2397 2469 2398
f 2398 2469 2470
f 2398 2470 2399
f 2399 2470 2471
f 2399 2471 2400
f 2400 2471 2472
f 2400 2472 2401
f 2401 2472 2473
f 2401 2473 2402
f 2402 2473 2474
f 2402 2474 2403
f 2403 2474 2475
f 2403 2475 2404
f 2404 2475 2476
f 2404 2476 2405
f 2405 2476 2477
f 2405 2477 2406
f 2406 2477 2478
f 2406 2478 2407
f 2407 2478 2479
f 2407 2479 2408
f 2408 2479 2480
f 2408 2480 2409
f 2409 2480 2481
f 2409 2481 2410
f 2410 2481 2482
f 2410 2482 2411
f 2411 2482 2483
f 2411 2483 2412
f 2412 2483 2484
f 2412 2484 2413
f 2413 2484 2485
f 2413 2485 2414
f 2414 2485 2486
f 2414 2486 2415
f 2415 2486 2487
f 2415 2487 2416
f 2416 2487 2488
f 2416 2488 2417
f 2417 2488 2489
f 2417 2489 2418
f 2418 2489 2490
f 2418 2490 2419
f 2419 2490 2491
f 2419 2491 2420
f 2420 2491 2492
f 2420 2492 2421
f 2421 2492 2493
f 2421 2493 2422
f 2422 2493 2494
f 2422 2494 2423
f 2423 2494 2495
f 2423 2495 2424
f 2424 2495 2496
f 2424 2496 2425
f 2425 2496 2497
f 2425 2497 2426
f 2426 2497 2498
f 2426 2498 2427
f 2427 2498 2499
f 2427 2499 2428
f 2428 2499 2500
f 2428 2500 2429
f 2429 2500 2501
f 2429 2501 2430
f 2430 2501 2502
f 2430 2502 2431
f 2431 2502 2503
f 2431 2503 2432
f 2432 2503 2504
f 2432 2504 2433
f 2433 2504 2505
f 2433 2505 2434
f 2434 2505 2506
f 2434 2506 2435
f 2435 2506 2507
f 2435 2507 2436
f 2436 2507 2508
f 2436 2508 2437
f 2437 2508 2509
f 2437 2509 2438
f 2438 2509 2510
f 2438 2510 2439
f 2439 2510 2511
f 2439 2511 2440
f 2440 2511 2512
f 2440 2512 2441
f 2441 2512 2513
f 2441 2513 2442
f 2442 2513 2514
f 2442 2514 2443
f 2443 2514 2515
f 2443 2515 2444
f 2444 2515 2516
f 2444 2516 2445
f 2445 2516 2517
f 2445 2517 2446
f 2446 2517 2518
f 2446 2518 2447
f 2447 2518 2519
f 2447 2519 2448
f 2448 2519 2520
f 2448 2520 2377
f 2377 2520 2449
f 2449 2521 2450
f 2450 2521 2522
f 2450 2522 2451
f 2451 2522 2523
f 2451 2523 2452
f 2452 2523 2524
f 2452 2524 2453
f 2453 2524 2525
f 2453 2525 2454
f 2454 2525 2526
f 2454 2526 2455
f 2455 2526 2527
f 2455 2527 2456
f 2456 2527 2528
f 2456 2528 2457
f 2457 2528 2529
f 2457 2529 2458
f 2458 2529 2530
f 2458 2530 2459
f 2459 2530 2531
f 2459 2531 2460
f 2460 2531 2532
f 2460 2532 2461
f 2461 2532 2533
f 2461 2533 2462
f 2462 2533 2534
f 2462 2534 2463
f 2463 2534 2535
f 2463 2535 2464
f 2464 2535 2536
f 2464 2536 2465
f 2465 2536 2537
f 2465 2537 2466
f 2466 2537 2538
f 2466 2538 2467
f 2467 2538 2539
f 2467 2539 2468
f 2468 2539 2540
f 2468 2540 2469
f 2469 2540 2541
f 2469 2541 2470
f 2470 2541 2542
f 2470 2542 2471
f 2471 2542 2543
f 2471 2543 2472
f 2472 2543 2544
f 2472 2544 2473
f 2473 2544 2545
f 2473 2545 2474
f 2474 2545 2546
f 2474 2546 2475
f 2475 2546 2547
f 2475 2547 2476
f 2476 2547 2548
f 2476 2548 2477
f 2477 2548 2549
f 2477 2549 2478
f 2478 2549 2550
f 2478 2550 2479
f 2479 2550 2551
f 2479 2551 2480
f 2480 2551 2552
f 2480 2552 2481
f 2481 2552 2553
f 2481 2553 2482
f 2482 2553 2554
f 2482 2554 2483
f 2483 2554 2555
f 2483 2555 2484
f 2484 2555 2556
f 2484 2556 2485
f 2485 2556 2557
f 2485 2557 2486
f 2486 2557 2558
f 2486 2558 2487
f 2487 2558 2559
f 2487 2559 2488
f 2488 2559 2560
f 2488 2560 2489
f 2489 2560 2561
f 2489 2561 2490
f 2490 2561 2562
f 2490 2562 2491
f 2491 2562 2563
f 2491 2563 2492
f 2492 2563 2564
f 2492 2564 2493
f 2493 2564 2565
f 2493 2565 2494
f 2494 2565 2566
f 2494 2566 2495
f 2495 2566 2567
f 2495 2567 2496
f 2496 2567 2568
f 2496 2568 2497
f 2497 2568 2569
f 2497 2569 2498
f 2498 2569 2570
f 2498 2570 2499
f 2499 2570 2571
f 2499 2571 2500
f 2500 2571 2572
f 2500 2572 2501
f 2501 2572 2573
f 2501 2573 2502
f 2502 2573 2574
f 2502 2574 2503
f 2503 2574 2575
f 2503 2575 2504
f 2504 2575 2576
f 2504 2576 2505
f 2505 2576 2577
f 2505 2577 2506
f 2506 2577 2578
f 2506 2578 2507
f 2507 2578 2579
f 2507 2579 2508
f 2508 2579 2580
f 2508 2580 2509
f 2509 2580 2581
f 2509 2581 2510
f 2510 2581 2582
f 2510 2582 2511
f 2511 2582 2583
f 2511 2583 2512
f 2512 2583 2584
f 2512 2584 2513
f 2513 2584 2585
f 2513 2585 2514
f 2514 2585 2586
f 2514 2586 2515
f 2515 2586 2587
f 2515 2587 2516
f 2516 2587 2588
f 2516 2588 2517
f 2517 2588 2589
f 2517 2589 2518
f 2518 2589 2590
f 2518 2590 2519
f 2519 2590 2591
f 2519 2591 2520
f 2520 2591 2592
f 2520 2592 2449
f 2449 2592 2521
f 2521 2593 2522
f 2522 2593 2594
f 2522 2594 2523
f 2523 2594 2595
f 2523 2595 2524
f 2524 2595 2596
f 2524 2596 2525
f 2525 2596 2597
f 2525 2597 2526
f 2526 2597 2598
f 2526 2598 2527
f 2527 2598 2599
f 2527 2599 2528
f 2528 2599 2600
f 2528 2600 2529
f 2529 2600 2601
f 2529 2601 2530
f 2530 2601 2602
f 2530 2602 2531
f 2531 2602 2603
f 2531 2603 2532
f 2532 2603 2604
f 2532 2604 2533
f 2533 2604 2605
f 2533 2605 2534
f 2534 2605 2606
f 2534 2606 2535
f 2535 2606 2607
f 2535 2607 2536
f 2536 2607 2608
f 2536 2608 2537
f 2537 2608 2609
f 2537 2609 2538
f 2538 2609 2610
f 2538 2610 2539
f 2539 2610 2611
f 2539 2611 2540
f 2540 2611 2612
f 2540 2612 2541
f 2541 2612 2613
f 2541 2613 2542
f 2542 2613 2614
f 2542 2614 2543
f 2543 2614 2615
f 2543 2615 2544
f 2544 2615 2616
f 2544 2616 2545
f 2545 2616 2617
f 2545 2617 2546
f 2546 2617 2618
f 2546 2618 2547
f 2547 2618 2619
f 2547 2619 2548
f 2548 2619 2620
f 2548 2620 2549
f 2549 2620 2621
f 2549 2621 2550
f 2550 2621 2622
f 2550 2622 2551
f 2551 2622 2623
f 2551 2623 2552
f 2552 2623 2624
f 2552 2624 2553
f 2553 2624 2625
f 2553 2625 2554
f 2554 2625 2626
f 2554 2626 2555
f 2555 2626 2627
f 2555 2627 2556
f 2556 2627 2628
f 2556 2628 2557
f 2557 2628 2629
f 2557 2629 2558
f 2558 2629 2630
f 2558 2630 2559
f 2559 2630 2631
f 2559 2631 2560
f 2560 2631 2632
f 2560 2632 2561
f 2561 2632 2633
f 2561 2633 2562
f 2562 2633 2634
f 2562 2634 2563
f 2563 2634 2635
f 2563 2635 2564
f 2564 2635 2636
f 2564 2636 2565
f 2565 2636 2637
f 2565 2637 2566
f 2566 2637 2638
f 2566 2638 2567
f 2567 2638 2639
f 2567 2639 2568
f 2568 2639 2640
f 2568 2640 2569
f 2569 2640 2641
f 2569 2641 2570
f 2570 2641 2642
f 2570 2642 2571
f 2571 2642 2643
f 2571 2643 2572
f 2572 2643 2644
f 2572 2644 2573
f 2573 2644 2645
f 2573 2645 2574
f 2574 2645 2646
f 2574 2646 2575
f 2575 2646 2647
f 2575 2647 2576
f 2576 2647 2648
f 2576 2648 2577
f 2577 2648 2649
f 2577 2649 2578
f 2578 2649 2650
f 2578 2650 2579
f 2579 2650 2651
f 2579 2651 2580
f 2580 2651 2652
f 2580 2652 2581
f 2581 2652 2653
f 2581 2653 2582
f 2582 2653 2654
f 2582 2654 2583
f 2583 2654 2655
f 2583 2655 2584
f 2584 2655 2656
f 2584 2656 2585
f 2585 2656 2657
f 2585 2657 2586
f 2586 2657 2658
f 2586 2658 2587
f 2587 2658 2659
f 2587 2659 2588
f 2588 2659 2660
f 2588 2660 2589
f 2589 2660 2661
f 2589 2661 2590
f 2590 2661 2662
f 2590 2662 2591
f 2591 2662 2663
f 2591 2663 2592
f 2592 2663 2664
f 2592 2664 2521
f 2521 2664 2593
f 2593 2665 2594
f 2594 2665 2666
f 2594 2666 2595
f 2595 2666 2667
f 2595 2667 2596
f 2596 2667 2668
f 2596 2668 2597
f 2597 2668 2669
f 2597 2669 2598
f 2598 2669 2670
f 2598 2670 2599
f 2599 2670 2671
f 2599 2671 2600
f 2600 2671 2672
f 2600 2672 2601
f 2601 2672 2673
f 2601 2673 2602
f 2602 2673 2674
f 2602 2674 2603
f 2603 2674 2675
f 2603 2675 2604
f 2604 2675 2676
f 2604 2676 2605
f 2605 2676 2677
f 2605 2677 2606
f 2606 2677 2678
f 2606 2678 2607
f 2607 2678 2679
f 2607 2679 2608
f 2608 2679 2680
f 2608 2680 2609
f 2609 2680 2681
f 2609 2681 2610
f 2610 2681 2682
f 2610 2682 2611
f 2611 2682 2683
f 2611 2683 2612
f 2612 2683 2684
f 2612 2684 2613
f 2613 2684 2685
f 2613 2685 2614
f 2614 2685 2686
f 2614 2686 2615
f 2615 2686 2687
f 2615 2687 2616
f 2616 2687 2688
f 2616 2688 2617
f 2617 2688 2689
f 2617 2689 2618
f 2618 2689 2690
f 2618 2690 2619
f 2619 2690 2691
f 2619 2691 2620
f 2620 2691 2692
f 2620 2692 2621
f 2621 2692 2693
f 2621 2693 2622
f 2622 2693 2694
f 2622 2694 2623
f 2623 2694 2695
f 2623 2695 2624
f 2624 2695 2696
f 2624 2696 2625
f 2625 2696 2697
f 2625 2697 2626
f 2626 2697 2698
f 2626 2698 2627
f 2627 2698 2699
f 2627 2699 2628
f 2628 2699 2700
f 2628 2700 2629
f 2629 2700 2701
f 2629 2701 2630
f 2630 2701 2702
f 2630 2702 2631
f 2631 2702 2703
f 2631 2703 2632
f 2632 2703 2704
f 2632 2704 2633
f 2633 2704 2705
f 2633 2705 2634
f 2634 2705 2706
f 2634 2706 2635
f 2635 2706 2707
f 2635 2707 2636
f 2636 2707 2708
f 2636 2708 2637
f 2637 2708 2709
f 2637 2709 2638
f 2638 2709 2710
f 2638 2710 2639
f 2639 2710 2711
f 2639 2711 2640
f 2640 2711 2712
f 2640 2712 2641
f 2641 2712 2713
f 2641 2713 2642
f 2642 2713 2714
f 2642 2714 2643
f 2643 2714 2715
f 2643 2715 2644
f 2644 2715 2716
f 2644 2716 2645
f 2645 2716 2717
f 2645 2717 2646
f 2646 2717 2718
f 2646 2718 2647
f 2647 2718 2719
f 2647 2719 2648
f 2648 2719 2720
f 2648 2720 2649
f 2649 2720 2721
f 2649 2721 2650
f 2650 2721 2722
f 2650 2722 2651
f 2651 2722 2723
f 2651 2723 2652
f 2652 2723 2724
f 2652 2724 2653
f 2653 2724 2725
f 2653 2725 2654
f 2654 2725 2726
f 2654 2726 2655
f 2655 2726 2727
f 2655 2727 2656
f 2656 2727 2728
f 2656 2728 2657
f 2657 2728 2729
f 2657 2729 2658
f 2658 2729 2730
f 2658 2730 2659
f 2659 2730 2731
f 2659 2731 2660
f 2660 2731 2732
f 2660 2732 2661
f 2661 2732 2733
f 2661 2733 2662
f 2662 2733 2734
f 2662 2734 2663
f 2663 2734 2735
f 2663 2735 2664
f 2664 2735 2736
f 2664 2736 2593
f 2593 2736 2665
f 2665 2737 2666
f 2666 2737 2738
f 2666 2738 2667
f 2667 2738 2739
f 2667 2739 2668
f 2668 2739 2740
f 2668 2740 2669
f 2669 2740 2741
f 2669 2741 2670
f 2670 2741 2742
f 2670 2742 2671
f 2671 2742 2743
f 2671 2743 2672
f 2672 2743 2744
f 2672 2744 2673
f 2673 2744 2745
f 2673 2745 2674
f 2674 2745 2746
f 2674 2746 2675
f 2675 2746 2747
f 2675 2747 2676
f 2676 2747 2748
f 2676 2748 2677
f 2677 2748 2749
f 2677 2749 2678
f 2678 2749 2750
f 2678 2750 2679
f 2679 2750 2751
f 2679 2751 2680
f 2680 2751 2752
f 2680 2752 2681
f 2681 2752 2753
f 2681 2753 2682
f 2682 2753 2754
f 2682 2754 2683
f 2683 2754 2755
f 2683 2755 2684
f 2684 2755 2756
f 2684 2756 2685
f 2685 2756 2757
f 2685 2757 2686
f 2686 2757 2758
f 2686 2758 2687
f 2687 2758 2759
f 2687 2759 2688
f 2688 2759 2760
f 2688 2760 2689
f 2689 2760 2761
f 2689 2761 2690
f 2690 2761 2762
f 2690 2762 2691
f 2691 2762 2763
f 2691 2763 2692
f 2692 2763 2764
f 2692 2764 2693
f 2693 2764 2765
f 2693 2765 2694
f 2694 2765 2766
f 2694 2766 2695
f 2695 2766 2767
f 2695 2767 2696
f 2696 2767 2768
f 2696 2768 2697
f 2697 2768 2769
f 2697 2769 2698
f 2698 2769 2770
f 2698 2770 2699
f 2699 2770 2771
f 2699 2771 2700
f 2700 2771 2772
f 2700 2772 2701
f 2701 2772 2773
f 2701 2773 2702
f 2702 2773 2774
f 2702 2774 2703
f 2703 2774 2775
f 2703 2775 2704
f 2704 2775 2776
f 2704 2776 2705
f 2705 2776 2777
f 2705 2777 2706
f 2706 2777 2778
f 2706 2778 2707
f 2707 2778 2779
f 2707 2779 2708
f 2708 2779 2780
f 2708 2780 2709
f 2709 2780 2781
f 2709 2781 2710
f 2710 2781 2782
f 2710 2782 2711
f 2711 2782 2783
f 2711 2783 2712
f 2712 2783 2784
f 2712 2784 2713
f 2713 2784 2785
f 2713 2785 2714
f 2714 2785 2786
f 2714 2786 2715
f 2715 2786 2787
f 2715 2787 2716
f 2716 2787 2788
f 2716 2788 2717
f 2717 2788 2789
f 2717 2789 2718
f 2718 2789 2790
f 2718 2790 2719
f 2719 2790 2791
f 2719 2791 2720
f 2720 2791 2792
f 2720 2792 2721
f 2721 2792 2793
f 2721 2793 2722
f 2722 2793 2794
f 2722 2794 2723
f 2723 2794 2795
f 2723 2795 2724
f 2724 2795 2796
f 2724 2796 2725
f 2725 2796 2797
f 2725 2797 2726
f 2726 2797 2798
f 2726 2798 2727
f 2727 2798 2799
f 2727 2799 2728
f 2728 2799 2800
f 2728 2800 2729
f 2729 2800 2801
f 2729 2801 2730
f 2730 2801 2802
f 2730 2802 2731
f 2731 2802 2803
f 2731 2803 2732
f 2732 2803 2804
f 2732 2804 2733
f 2733 2804 2805
f 2733 2805 2734
f 2734 2805 2806
f 2734 2806 2735
f 2735 2806 2807
f 2735 2807 2736
f 2736 2807 2808
f 2736 2808 2665
f 2665 2808 2737
f 2737 2809 2738
f 2738 2809 2810
f 2738 2810 2739
f 2739 2810 2811
f 2739 2811 2740
f 2740 2811 2812
f 2740 2812 2741
f 2741 2812 2813
f 2741 2813 2742
f 2742 2813 2814
f 2742 2814 2743
f 2743 2814 2815
f 2743 2815 2744
f 2744 2815 2816
f 2744 2816 2745
f 2745 2816 2817
f 2745 2817 2746
f 2746 2817 2818
f 2746 2818 2747
f 2747 2818 2819
f 2747 2819 2748
f 2748 2819 2820
f 2748 2820 2749
f 2749 2820 2821
f 2749 2821 2750
f 2750 2821 2822
f 2750 2822 2751
f 2751 2822 2823
f 2751 2823 2752
f 2752 2823 2824
f 2752 2824 2753
f 2753 2824 2825
f 2753 2825 2754
f 2754 2825 2826
f 2754 2826 2755
f 2755 2826 2827
f 2755 2827 2756
f 2756 2827 2828
f 2756 2828 2757
f 2757 2828 2829
f 2757 2829 2758
f 2758 2829 2830
f 2758 2830 2759
f 2759 2830 2831
f 2759 2831 2760
f 2760 2831 2832
f 2760 2832 2761
f 2761 2832 2833
f 2761 2833 2762
f 2762 2833 2834
f 2762 2834 2763
f 2763 2834 2835
f 2763 2835 2764
f 2764 2835 2836
f 2764 2836 2765
f 2765 2836 2837
f 2765 2837 2766
f 2766 2837 2838
f 2766 2838 2767
f 2767 2838 2839
f 2767 2839 2768
f 2768 2839 2840
f 2768 2840 2769
f 2769 2840 2841
f 2769 2841 2770
f 2770 2841 2842
f 2770 2842 2771
f 2771 2842 2843
f 2771 2843 2772
f 2772 2843 2844
f 2772 2844 2773
f 2773 2844 2845
f 2773 2845 2774
f 2774 2845 2846
f 2774 2846 2775
f 2775 2846 2847
f 2775 2847 2776
f 2776 2847 2848
f 2776 2848 2777
f 2777 2848 2849
f 2777 2849 2778
f 2778 2849 2850
f 2778 2850 2779
f 2779 2850 2851
f 2779 2851 2780
f 2780 2851 2852
f 2780 2852 2781
f 2781 2852 2853
f 2781 2853 2782
f 2782 2853 2854
f 2782 2854 2783
f 2783 2854 2855
f 2783 2855 2784
f 2784 2855 2856
f 2784 2856 2785
f 2785 2856 2857
f 2785 2857 2786
f 2786 2857 2858
f 2786 2858 2787
f 2787 2858 2859
f 2787 2859 2788
f 2788 2859 2860
f 2788 2860 2789
f 2789 2860 2861
f 2789 2861 2790
f 2790 2861 2862
f 2790 2862 2791
f 2791 2862 2863
f 2791 2863 2792
f 2792 2863 2864
f 2792 2864 2793
f 2793 2864 2865
f 2793 2865 2794
f 2794 2865 2866
f 2794 2866 2795
f 2795 2866 2867
f 2795 2867 2796
f 2796 2867 2868
f 2796 2868 2797
f 2797 2868 2869
f 2797 2869 2798
f 2798 2869 2870
f 2798 2870 2799
f 2799 2870 2871
f 2799 2871 2800
f 2800 2871 2872
f 2800 2872 2801
f 2801 2872 2873
f 2801 2873 2802
f 2802 2873 2874
f 2802 2874 2803
f 2803 2874 2875
f 2803 2875 2804
f 2804 2875 2876
f 2804 2876 2805
f 2805 2876 2877
f 2805 2877 2806
f 2806 2877 2878
f 2806 2878 2807
f 2807 2878 2879
f 2807 2879 2808
f 2808 2879 2880
f 2808 2880 2737
f 2737 2880 2809
f 2809 2881 2810
f 2810 2881 2882
f 2810 2882 2811
f 2811 2882 2883
f 2811 2883 2812
f 2812 2883 2884
f 2812 2884 2813
f 2813 2884 2885
f 2813 2885 2814
f 2814 2885 2886
f 2814 2886 2815
f 2815 2886 2887
f 2815 2887 2816
f 2816 2887 2888
f 2816 2888 2817
f 2817 2888 2889
f 2817 2889 2818
f 2818 2889 2890
f 2818 2890 2819
f 2819 2890 2891
f 2819 2891 2820
f 2820 2891 2892
f 2820 2892 2821
f 2821 2892 2893
f 2821 2893 2822
f 2822 2893 2894
f 2822 2894 2823
f 2823 2894 2895
f 2823 2895 2824
f 2824 2895 2896
f 2824 2896 2825
f 2825 2896 2897
f 2825 2897 2826
f 2826 2897 2898
f 2826 2898 2827
f 2827 2898 2899
f 2827 2899 2828
f 2828 2899 2900
f 2828 2900 2829
f 2829 2900 2901
f 2829 2901 2830
f 2830 2901 2902
f 2830 2902 2831
f 2831 2902 2903
f 2831 2903 2832
f 2832 2903 2904
f 2832 2904 2833
f 2833 2904 2905
f 2833 2905 2834
f 2834 2905 2906
f 2834 2906 2835
f 2835 2906 2907
f 2835 2907 2836
f 2836 2907 2908
f 2836 2908 2837
f 2837 2908 2909
f 2837 2909 2838
f 2838 2909 2910
f 2838 2910 2839
f 2839 2910 2911
f 2839 2911 2840
f 2840 2911 2912
f 2840 2912 2841
f 2841 2912 2913
f 2841 2913 2842
f 2842 2913 2914
f 2842 2914 2843
f 2843 2914 2915
f 2843 2915 2844
f 2844 2915 2916
f 2844 2916 2845
f 2845 2916 2917
f 2845 2917 2846
f 2846 2917 2918
f 2846 2918 2847
f 2847 2918 2919
f 2847 2919 2848
f 2848 2919 2920
f 2848 2920 2849
f 2849 2920 2921
f 2849 2921 2850
f 2850 2921 2922
f 2850 2922 2851
f 2851 2922 2923
f 2851 2923 2852
f 2852 2923 2924
f 2852 2924 2853
f 2853 2924 2925
f 2853 2925 2854
f 2854 2925 2926
f 2854 2926 2855
f 2855 2926 2927
f 2855 2927 2856
f 2856 2927 2928
f 2856 2928 2857
f 2857 2928 2929
f 2857 2929 2858
f 2858 2929 2930
f 2858 2930 2859
f 2859 2930 2931
f 2859 2931 2860
f 2860 2931 2932
f 2860 2932 2861
f 2861 2932 2933
f 2861 2933 2862
f 2862 2933 2934
f 2862 2934 2863
f 2863 2934 2935
f 2863 2935 2864
f 2864 2935 2936
f 2864 2936 2865
f 2865 2936 2937
f 2865 2937 2866
f 2866 2937 2938
f 2866 2938 2867
f 2867 2938 2939
f 2867 2939 2868
f 2868 2939 2940
f 2868 2940 2869
f 2869 2940 2941
f 2869 2941 2870
f 2870 2941 2942
f 2870 2942 2871
f 2871 2942 2943
f 2871 2943 2872
f 2872 2943 2944
f 2872 2944 2873
f 2873 2944 2945
f 2873 2945 2874
f 2874 2945 2946
f 2874 2946 2875
f 2875 2946 2947
f 2875 2947 2876
f 2876 2947 2948
f 2876 2948 2877
f 2877 2948 2949
f 2877 2949 2878
f 2878 2949 2950
f 2878 2950 2879
f 2879 2950 2951
f 2879 2951 2880
f 2880 2951 2952
f 2880 2952 2809
f 2809 2952 2881
f 2881 2953 2882
f 2882 2953 2954
f 2882 2954 2883
f 2883 2954 2955
f 2883 2955 2884
f 2884 2955 2956
f 2884 2956 2885
f 2885 2956 2957
f 2885 2957 2886
f 2886 2957 2958
f 2886 2958 2887
f 2887 2958 2959
f 2887 2959 2888
f 2888 2959 2960
f 2888 2960 2889
f 2889 2960 2961
f 2889 2961 2890
f 2890 2961 2962
f 2890 2962 2891
f 2891 2962 2963
f 2891 2963 2892
f 2892 2963 2964
f 2892 2964 2893
f 2893 2964 2965
f 2893 2965 2894
f 2894 2965 2966
f 2894 2966 2895
f 2895 2966 2967
f 2895 2967 2896
f 2896 2967 2968
f 2896 2968 2897
f 2897 2968 2969
f 2897 2969 2898
f 2898 2969 2970
f 2898 2970 2899
f 2899 2970 2971
f 2899 2971 2900
f 2900 2971 2972
f 2900 2972 2901
f 2901 2972 2973
f 2901 2973 2902
f 2902 2973 2974
f 2902 2974 2903
f 2903 2974 2975
f 2903 2975 2904
f 2904 2975 2976
f 2904 2976 2905
f 2905 2976 2977
f 2905 2977 2906
f 2906 2977 2978
f 2906 2978 2907
f 2907 2978 2979
f 2907 2979 2908
f 2908 2979 2980
f 2908 2980 2909
f 2909 2980 2981
f 2909 2981 2910
f 2910 2981 2982
f 2910 2982 2911
f 2911 2982 2983
f 2911 2983 2912
f 2912 2983 2984
f 2912 2984 2913
f 2913 2984 2985
f 2913 2985 2914
f 2914 2985 2986
f 2914 2986 2915
f 2915 2986 2987
f 2915 2987 2916
f 2916 2987 2988
f 2916 2988 2917
f 2917 2988 2989
f 2917 2989 2918
f 2918 2989 2990
f 2918 2990 2919
f 2919 2990 2991
f 2919 2991 2920
f 2920 2991 2992
f 2920 2992 2921
f 2921 2992 2993
f 2921 2993 2922
f 2922 2993 2994
f 2922 2994 2923
f 2923 2994 2995
f 2923 2995 2924
f 2924 2995 2996
f 2924 2996 2925
f 2925 2996 2997
f 2925 2997 2926
f 2926 2997 2998
f 2926 2998 2927
f 2927 2998 2999
f 2927 2999 2928
f 2928 2999 3000
f 2928 3000 2929
f 2929 3000 3001
f 2929 3001 2930
f 2930 3001 3002
f 2930 3002 2931
f 2931 3002 3003
f 2931 3003 2932
f 2932 3003 3004
f 2932 3004 2933
f 2933 3004 3005
f 2933 3005 2934
f 2934 3005 3006
f 2934 3006 2935
f 2935 3006 3007
f 2935 3007 2936
f 2936 3007 3008
f 2936 3008 2937
f 2937 3008 3009
f 2937 3009 2938
f 2938 3009 3010
f 2938 3010 2939
f 2939 3010 3011
f 2939 3011 2940
f 2940 3011 3012
f 2940 3012 2941
f 2941 3012 3013
f 2941 3013 2942
f 2942 3013 3014
f 2942 3014 2943
f 2943 3014 3015
f 2943 3015 2944
f 2944 3015 3016
f 2944 3016 2945
f 2945 3016 3017
f 2945 3017 2946
f 2946 3017 3018
f 2946 3018 2947
f 2947 3018 3019
f 2947 3019 2948
f 2948 3019 3020
f 2948 3020 2949
f 2949 3020 3021
f 2949 3021 2950
f 2950 3021 3022
f 2950 3022 2951
f 2951 3022 3023
f 2951 3023 2952
f 2952 3023 3024
f 2952 3024 2881
f 2881 3024 2953
f 2953 3025 2954
f 2954 3025 3026
f 2954 3026 2955
f 2955 3026 3027
f 2955 3027 2956
f 2956 3027 3028
f 2956 3028 2957
f 2957 3028 3029
f 2957 3029 2958
f 2958 3029 3030
f 2958 3030 2959
f 2959 3030 3031
f 2959 3031 2960
f 2960 3031 3032
f 2960 3032 2961
f 2961 3032 3033
f 2961 3033 2962
f 2962 3033 3034
f 2962 3034 2963
f 2963 3034 3035
f 2963 3035 2964
f 2964 3035 3036
f 2964 3036 2965
f 2965 3036 3037
f 2965 3037 2966
f 2966 3037 3038
f 2966 3038 2967
f 2967 3038 3039
f 2967 3039 2968
f 2968 3039 3040
f 2968 3040 2969
f 2969 3040 3041
f 2969 3041 2970
f 2970 3041 3042
f 2970 3042 2971
f 2971 3042 3043
f 2971 3043 2972
f 2972 3043 3044
f 2972 3044 2973
f 2973 3044 3045
f 2973 3045 2974
f 2974 3045 3046
f 2974 3046 2975
f 2975 3046 3047
f 2975 3047 2976
f 2976 3047 3048
f 2976 3048 2977
f 2977 3048 3049
f 2977 3049 2978
f 2978 3049 3050
f 2978 3050 2979
f 2979 3050 3051
f 2979 3051 2980
f 2980 3051 3052
f 2980 3052 2981
f 2981 3052 3053
f 2981 3053 2982
f 2982 3053 3054
f 2982 3054 2983
f 2983 3054 3055
f 2983 3055 2984
f 2984 3055 3056
f 2984 3056 2985
f 2985 3056 3057
f 2985 3057 2986
f 2986 3057 3058
f 2986 3058 2987
f 2987 3058 3059
f 2987 3059 2988
f 2988 3059 3060
f 2988 3060 2989
f 2989 3060 3061
f 2989 3061 2990
f 2990 3061 3062
f 2990 3062 2991
f 2991 3062 3063
f 2991 3063 2992
f 2992 3063 3064
f 2992 3064 2993
f 2993 3064 3065
f 2993 3065 2994
f 2994 3065 3066
f 2994 3066 2995
f 2995 3066 3067
f 2995 3067 2996
f 2996 3067 3068
f 2996 3068 2997
f 2997 3068 3069
f 2997 3069 2998
f 2998 3069 3070
f 2998 3070 2999
f 2999 3070 3071
f 2999 3071 3000
f 3000 3071 3072
f 3000 3072 3001
f 3001 3072 3073
f 3001 3073 3002
f 3002 3073 3074
f 3002 3074 3003
f 3003 3074 3075
f 3003 3075 3004
f 3004 3075 3076
f 3004 3076 3005
f 3005 3076 3077
f 3005 3077 3006
f 3006 3077 3078
f 3006 3078 3007
f 3007 3078 3079
f 3007 3079 3008
f 3008 3079 3080
f 3008 3080 3009
f 3009 3080 3081
f 3009 3081 3010
f 3010 3081 3082
f 3010 3082 3011
f 3011 3082 3083
f 3011 3083 3012
f 3012 3083 3084
f 3012 3084 3013
f 3013 3084 3085
f 3013 3085 3014
f 3014 3085 3086
f 3014 3086 3015
f 3015 3086 3087
f 3015 3087 3016
f 3016 3087 3088
f 3016 3088 3017
f 3017 3088 3089
f 3017 3089 3018
f 3018 3089 3090
f 3018 3090 3019
f 3019 3090 3091
f 3019 3091 3020
f 3020 3091 3092
f 3020 3092 3021
f 3021 3092 3093
f 3021 3093 3022
f 3022 3093 3094
f 3022 3094 3023
f 3023 3094 3095
f 3023 3095 3024
f 3024 3095 3096
f 3024 3096 2953
f 2953 3096 3025
f 3025 3097 3026
f 3026 3097 3098
f 3026 3098 3027
f 3027 3098 3099
f 3027 3099 3028
f 3028 3099 3100
f 3028 3100 3029
f 3029 3100 3101
f 3029 3101 3030
f 3030 3101 3102
f 3030 3102 3031
f 3031 3102 3103
f 3031 3103 3032
f 3032 3103 3104
f 3032 3104 3033
f 3033 3104 3105
f 3033 3105 3034
f 3034 3105 3106
f 3034 3106 3035
f 3035 3106 3107
f 3035 3107 3036
f 3036 3107 3108
f 3036 3108 3037
f 3037 3108 3109
f 3037 3109 3038
f 3038 3109 3110
f 3038 3110 3039
f 3039 3110 3111
f 3039 3111 3040
f 3040 3111 3112
f 3040 3112 3041
f 3041 3112 3113
f 3041 3113 3042
f 3042 3113 3114
f 3042 3114 3043
f 3043 3114 3115
f 3043 3115 3044
f 3044 3115 3116
f 3044 3116 3045
f 3045 3116 3117
f 3045 3117 3046
f 3046 3117 3118
f 3046 3118 3047
f 3047 3118 3119
f 3047 3119 3048
f 3048 3119 3120
f 3048 3120 3049
f 3049 3120 3121
f 3049 3121 3050
f 3050 3121 3122
f 3050 3122 3051
f 3051 3122 3123
f 3051 3123 3052
f 3052 3123 3124
f 3052 3124 3053
f 3053 3124 3125
f 3053 3125 3054
f 3054 3125 3126
f 3054 3126 3055
f 3055 3126 3127
f 3055 3127 3056
f 3056 3127 3128
f 3056 3128 3057
f 3057 3128 3129
f 3057 3129 3058
f 3058 3129 3130
f 3058 3130 3059
f 3059 3130 3131
f 3059 3131 3060
f 3060 3131 3132
f 3060 3132 3061
f 3061 3132 3133
f 3061 3133 3062
f 3062 3133 3134
f 3062 3134 3063
f 3063 3134 3135
f 3063 3135 3064
f 3064 3135 3136
f 3064 3136 3065
f 3065 3136 3137
f 3065 3137 3066
f 3066 3137 3138
f 3066 3138 3067
f 3067 3138 3139
f 3067 3139 3068
f 3068 3139 3140
f 3068 3140 3069
f 3069 3140 3141
f 3069 3141 3070
f 3070 3141 3142
f 3070 3142 3071
f 3071 3142 3143
f 3071 3143 3072
f 3072 3143 3144
f 3072 3144 3073
f 3073 3144 3145
f 3073 3145 3074
f 3074 3145 3146
f 3074 3146 3075
f 3075 3146 3147
f 3075 3147 3076
f 3076 3147 3148
f 3076 3148 3077
f 3077 3148 3149
f 3077 3149 3078
f 3078 3149 3150
f 3078 3150 3079
f 3079 3150 3151
f 3079 3151 3080
f 3080 3151 3152
f 3080 3152 3081
f 3081 3152 3153
f 3081 3153 3082
f 3082 3153 3154
f 3082 3154 3083
f 3083 3154 3155
f 3083 3155 3084
f 3084 3155 3156
f 3084 3156 3085
f 3085 3156 3157
f 3085 3157 3086
f 3086 3157 3158
f 3086 3158 3087
f 3087 3158 3159
f 3087 3159 3088
f 3088 3159 3160
f 3088 3160 3089
f 3089 3160 3161
f 3089 3161 3090
f 3090 3161 3162
f 3090 3162 3091
f 3091 3162 3163
f 3091 3163 3092
f 3092 3163 3164
f 3092 3164 3093
f 3093 3164 3165
f 3093 3165 3094
f 3094 3165 3166
f 3094 3166 3095
f 3095 3166 3167
f 3095 3167 3096
f 3096 3167 3168
f 3096 3168 3025
f 3025 3168 3097
f 3097 3169 3098
f 3098 3169 3170
f 3098 3170 3099
f 3099 3170 3171
f 3099 3171 3100
f 3100 3171 3172
f 3100 3172 3101
f 3101 3172 3173
f 3101 3173 3102
f 3102 3173 3174
f 3102 3174 3103
f 3103 3174 3175
f 3103 3175 3104
f 3104 3175 3176
f 3104 3176 3105
f 3105 3176 3177
f 3105 3177 3106
f 3106 3177 3178
f 3106 3178 3107
f 3107 3178 3179
f 3107 3179 3108
f 3108 3179 3180
f 3108 3180 3109
f 3109 3180 3181
f 3109 3181 3110
f 3110 3181 3182
f 3110 3182 3111
f 3111 3182 3183
f 3111 3183 3112
f 3112 3183 3184
f 3112 3184 3113
f 3113 3184 3185
f 3113 3185 3114
f 3114 3185 3186
f 3114 3186 3115
f 3115 3186 3187
f 3115 3187 3116
f 3116 3187 3188
f 3116 3188 3117
f 3117 3188 3189
f 3117 3189 3118
f 3118 3189 3190
f 3118 3190 3119
f 3119 3190 3191
f 3119 3191 3120
f 3120 3191 3192
f 3120 3192 3121
f 3121 3192 3193
f 3121 3193 3122
f 3122 3193 3194
f 3122 3194 3123
f 3123 3194 3195
f 3123 3195 3124
f 3124 3195 3196
f 3124 3196 3125
f 3125 3196 3197
f 3125 3197 3126
f 3126 3197 3198
f 3126 3198 3127
f 3127 3198 3199
f 3127 3199 3128
f 3128 3199 3200
f 3128 3200 3129
f 3129 3200 3201
f 3129 3201 3130
f 3130 3201 3202
f 3130 3202 3131
f 3131 3202 3203
f 3131 3203 3132
f 3132 3203 3204
f 3132 3204 3133
f 3133 3204 3205
f 3133 3205 3134
f 3134 3205 3206
f 3134 3206 3135
f 3135 3206 3207
f 3135 3207 3136
f 3136 3207 3208
f 3136 3208 3137
f 3137 3208 3209
f 3137 3209 3138
f 3138 3209 3210
f 3138 3210 3139
f 3139 3210 3211
f 3139 3211 3140
f 3140 3211 3212
f 3140 3212 3141
f 3141 3212 3213
f 3141 3213 3142
f 3142 3213 3214
f 3142 3214 3143
f 3143 3214 3215
f 3143 3215 3144
f 3144 3215 3216
f 3144 3216 3145
f 3145 3216 3217
f 3145 3217 3146
f 3146 3217 3218
f 3146 3218 3147
f 3147 3218 3219
f 3147 3219 3148
f 3148 3219 3220
f 3148 3220 3149
f 3149 3220 3221
f 3149 3221 3150
f 3150 3221 3222
f 3150 3222 3151
f 3151 3222 3223
f 3151 3223 3152
f 3152 3223 3224
f 3152 3224 3153
f 3153 3224 3225
f 3153 3225 3154
f 3154 3225 3226
f 3154 3226 3155
f 3155 3226 3227
f 3155 3227 3156
f 3156 3227 3228
f 3156 3228 3157
f 3157 3228 3229
f 3157 3229 3158
f 3158 3229 3230
f 3158 3230 3159
f 3159 3230 3231
f 3159 3231 3160
f 3160 3231 3232
f 3160 3232 3161
f 3161 3232 3233
f 3161 3233 3162
f 3162 3233 3234
f 3162 3234 3163
f 3163 3234 3235
f 3163 3235 3164
f 3164 3235 3236
f 3164 3236 3165
f 3165 3236 3237
f 3165 3237 3166
f 3166 3237 3238
f 3166 3238 3167
f 3167 3238 3239
f 3167 3239 3168
f 3168 3239 3240
f 3168 3240 3097
f 3097 3240 3169
f 3169 3241 3170
f 3170 3241 3242
f 3170 3242 3171
f 3171 3242 3243
f 3171 3243 3172
f 3172 3243 3244
f 3172 3244 3173
f 3173 3244 3245
f 3173 3245 3174
f 3174 3245 3246
f 3174 3246 3175
f 3175 3246 3247
f 3175 3247 3176
f 3176 3247 3248
f 3176 3248 3177
f 3177 3248 3249
f 3177 3249 3178
f 3178 3249 3250
f 3178 3250 3179
f 3179 3250 3251
f 3179 3251 3180
f 3180 3251 3252
f 3180 3252 3181
f 3181 3252 3253
f 3181 3253 3182
f 3182 3253 3254
f 3182 3254 3183
f 3183 3254 3255
f 3183 3255 3184
f 3184 3255 3256
f 3184 3256 3185
f 3185 3256 3257
f 3185 3257 3186
f 3186 3257 3258
f 3186 3258 3187
f 3187 3258 3259
f 3187 3259 3188
f 3188 3259 3260
f 3188 3260 3189
f 3189 3260 3261
f 3189 3261 3190
f 3190 3261 3262
f 3190 3262 3191
f 3191 3262 3263
f 3191 3263 3192
f 3192 3263 3264
f 3192 3264 3193
f 3193 3264 3265
f 3193 3265 3194
f 3194 3265 3266
f 3194 3266 3195
f 3195 3266 3267
f 3195 3267 3196
f 3196 3267 3268
f 3196 3268 3197
f 3197 3268 3269
f 3197 3269 3198
f 3198 3269 3270
f 3198 3270 3199
f 3199 3270 3271
f 3199 3271 3200
f 3200 3271 3272
f 3200 3272 3201
f 3201 3272 3273
f 3201 3273 3202
f 3202 3273 3274
f 3202 3274 3203
f 3203 3274 3275
f 3203 3275 3204
f 3204 3275 3276
f 3204 3276 3205
f 3205 3276 3277
f 3205 3277 3206
f 3206 3277 3278
f 3206 3278 3207
f 3207 3278 3279
f 3207 3279 3208
f 3208 3279 3280
f 3208 3280 3209
f 3209 3280 3281
f 3209 3281 3210
f 3210 3281 3282
f 3210 3282 3211
f 3211 3282 3283
f 3211 3283 3212
f 3212 3283 3284
f 3212 3284 3213
f 3213 3284 3285
f 3213 3285 3214
f 3214 3285 3286
f 3214 3286 3215
f 3215 3286 3287
f 3215 3287 3216
f 3216 3287 3288
f 3216 3288 3217
f 3217 3288 3289
f 3217 3289 3218
f 3218 3289 3290
f 3218 3290 3219
f 3219 3290 3291
f 3219 3291 3220
f 3220 3291 3292
f 3220 3292 3221
f 3221 3292 3293
f 3221 3293 3222
f 3222 3293 3294
f 3222 3294 3223
f 3223 3294 3295
f 3223 3295 3224
f 3224 3295 3296
f 3224 3296 3225
f 3225 3296 3297
f 3225 3297 3226
f 3226 3297 3298
f 3226 3298 3227
f 3227 3298 3299
f 3227 3299 3228
f 3228 3299 3300
f 3228 3300 3229
f 3229 3300 3301
f 3229 3301 3230
f 3230 3301 3302
f 3230 3302 3231
f 3231 3302 3303
f 3231 3303 3232
f 3232 3303 3304
f 3232 3304 3233
f 3233 3304 3305
f 3233 3305 3234
f 3234 3305 3306
f 3234 3306 3235
f 3235 3306 3307
f 3235 3307 3236
f 3236 3307 3308
f 3236 3308 3237
f 3237 3308 3309
f 3237 3309 3238
f 3238 3309 3310
f 3238 3310 3239
f 3239 3310 3311
f 3239 3311 3240
f 3240 3311 3312
f 3240 3312 3169
f 3169 3312 3241
f 3241 3313 3242
f 3242 3313 3314
f 3242 3314 3243
f 3243 3314 3315
f 3243 3315 3244
f 3244 3315 3316
f 3244 3316 3245
f 3245 3316 3317
f 3245 3317 3246
f 3246 3317 3318
f 3246 3318 3247
f 3247 3318 3319
f 3247 3319 3248
f 3248 3319 3320
f 3248 3320 3249
f 3249 3320 3321
f 3249 3321 3250
f 3250 3321 3322
f 3250 3322 3251
f 3251 3322 3323
f 3251 3323 3252
f 3252 3323 3324
f 3252 3324 3253
f 3253 3324 3325
f 3253 3325 3254
f 3254 3325 3326
f 3254 3326 3255
f 3255 3326 3327
f 3255 3327 3256
f 3256 3327 3328
f 3256 3328 3257
f 3257 3328 3329
f 3257 3329 3258
f 3258 3329 3330
f 3258 3330 3259
f 3259 3330 3331
f 3259 3331 3260
f 3260 3331 3332
f 3260 3332 3261
f 3261 3332 3333
f 3261 3333 3262
f 3262 3333 3334
f 3262 3334 3263
f 3263 3334 3335
f 3263 3335 3264
f 3264 3335 3336
f 3264 3336 3265
f 3265 3336 3337
f 3265 3337 3266
f 3266 3337 3338
f 3266 3338 3267
f 3267 3338 3339
f 3267 3339 3268
f 3268 3339 3340
f 3268 3340 3269
f 3269 3340 3341
f 3269 3341 3270
f 3270 3341 3342
f 3270 3342 3271
f 3271 3342 3343
f 3271 3343 3272
f 3272 3343 3344
f 3272 3344 3273
f 3273 3344 3345
f 3273 3345 3274
f 3274 3345 3346
f 3274 3346 3275
f 3275 3346 3347
f 3275 3347 3276
f 3276 3347 3348
f 3276 3348 3277
f 3277 3348 3349
f 3277 3349 3278
f 3278 3349 3350
f 3278 3350 3279
f 3279 3350 3351
f 3279 3351 3280
f 3280 3351 3352
f 3280 3352 3281
f 3281 3352 3353
f 3281 3353 3282
f 3282 3353 3354
f 3282 3354 3283
f 3283 3354 3355
f 3283 3355 3284
f 3284 3355 3356
f 3284 3356 3285
f 3285 3356 3357
f 3285 3357 3286
f 3286 3357 3358
f 3286 3358 3287
f 3287 3358 3359
f 3287 3359 3288
f 3288 3359 3360
f 3288 3360 3289
f 3289 3360 3361
f 3289 3361 3290
f 3290 3361 3362
f 3290 3362 3291
f 3291 3362 3363
f 3291 3363 3292
f 3292 3363 3364
f 3292 3364 3293
f 3293 3364 3365
f 3293 3365 3294
f 3294 3365 3366
f 3294 3366 3295
f 3295 3366 3367
f 3295 3367 3296
f 3296 3367 3368
f 3296 3368 3297
f 3297 3368 3369
f 3297 3369 3298
f 3298 3369 3370
f 3298 3370 3299
f 3299 3370 3371
f 3299 3371 3300
f 3300 3371 3372
f 3300 3372 3301
f 3301 3372 3373
f 3301 3373 3302
f 3302 3373 3374
f 3302 3374 3303
f 3303 3374 3375
f 3303 3375 3304
f 3304 3375 3376
f 3304 3376 3305
f 3305 3376 3377
f 3305 3377 3306
f 3306 3377 3378
f 3306 3378 3307
f 3307 3378 3379
f 3307 3379 3308
f 3308 3379 3380
f 3308 3380 3309
f 3309 3380 3381
f 3309 3381 3310
f 3310 3381 3382
f 3310 3382 3311
f 3311 3382 3383
f 3311 3383 3312
f 3312 3383 3384
f 3312 3384 3241
f 3241 3384 3313
f 3313 3385 3314
f 3314 3385 3386
f 3314 3386 3315
f 3315 3386 3387
f 3315 3387 3316
f 3316 3387 3388
f 3316 3388 3317
f 3317 3388 3389
f 3317 3389 3318
f 3318 3389 3390
f 3318 3390 3319
f 3319 3390 3391
f 3319 3391 3320
f 3320 3391 3392
f 3320 3392 3321
f 3321 3392 3393
f 3321 3393 3322
f 3322 3393 3394
f 3322 3394 3323
f 3323 3394 3395
f 3323 3395 3324
f 3324 3395 3396
f 3324 3396 3325
f 3325 3396 3397
f 3325 3397 3326
f 3326 3397 3398
f 3326 3398 3327
f 3327 3398 3399
f 3327 3399 3328
f 3328 3399 3400
f 3328 3400 3329
f 3329 3400 3401
f 3329 3401 3330
f 3330 3401 3402
f 3330 3402 3331
f 3331 3402 3403
f 3331 3403 3332
f 3332 3403 3404
f 3332 3404 3333
f 3333 3404 3405
f 3333 3405 3334
f 3334 3405 3406
f 3334 3406 3335
f 3335 3406 3407
f 3335 3407 3336
f 3336 3407 3408
f 3336 3408 3337
f 3337 3408 3409
f 3337 3409 3338
f 3338 3409 3410
f 3338 3410 3339
f 3339 3410 3411
f 3339 3411 3340
f 3340 3411 3412
f 3340 3412 3341
f 3341 3412 3413
f 3341 3413 3342
f 3342 3413 3414
f 3342 3414 3343
f 3343 3414 3415
f 3343 3415 3344
f 3344 3415 3416
f 3344 3416 3345
f 3345 3416 3417
f 3345 3417 3346
f 3346 3417 3418
f 3346 3418 3347
f 3347 3418 3419
f 3347 3419 3348
f 3348 3419 3420
f 3348 3420 3349
f 3349 3420 3421
f 3349 3421 3350
f 3350 3421 3422
f 3350 3422 3351
f 3351 3422 3423
f 3351 3423 3352
f 3352 3423 3424
f 3352 3424 3353
f 3353 3424 3425
f 3353 3425 3354
f 3354 3425 3426
f 3354 3426 3355
f 3355 3426 3427
f 3355 3427 3356
f 3356 3427 3428
f 3356 3428 3357
f 3357 3428 3429
f 3357 3429 3358
f 3358 3429 3430
f 3358 3430 3359
f 3359 3430 3431
f 3359 3431 3360
f 3360 3431 3432
f 3360 3432 3361
f 3361 3432 3433
f 3361 3433 3362
f 3362 3433 3434
f 3362 3434 3363
f 3363 3434 3435
f 3363 3435 3364
f 3364 3435 3436
f 3364 3436 3365
f 3365 3436 3437
f 3365 3437 3366
f 3366 3437 3438
f 3366 3438 3367
f 3367 3438 3439
f 3367 3439 3368
f 3368 3439 3440
f 3368 3440 3369
f 3369 3440 3441
f 3369 3441 3370
f 3370 3441 3442
f 3370 3442 3371
f 3371 3442 3443
f 3371 3443 3372
f 3372 3443 3444
f 3372 3444 3373
f 3373 3444 3445
f 3373 3445 3374
f 3374 3445 3446
f 3374 3446 3375
f 3375 3446 3447
f 3375 3447 3376
f 3376 3447 3448
f 3376 3448 3377
f 3377 3448 3449
f 3377 3449 3378
f 3378 3449 3450
f 3378 3450 3379
f 3379 3450 3451
f 3379 3451 3380
f 3380 3451 3452
f 3380 3452 3381
f 3381 3452 3453
f 3381 3453 3382
f 3382 3453 3454
f 3382 3454 3383
f 3383 3454 3455
f 3383 3455 3384
f 3384 3455 3456
f 3384 3456 3313
f 3313 3456 3385
f 3385 3457 3386
f 3386 3457 3458
f 3386 3458 3387
f 3387 3458 3459
f 3387 3459 3388
f 3388 3459 3460
f 3388 3460 3389
f 3389 3460 3461
f 3389 3461 3390
f 3390 3461 3462
f 3390 3462 3391
f 3391 3462 3463
f 3391 3463 3392
f 3392 3463 3464
f 3392 3464 3393
f 3393 3464 3465
f 3393 3465 3394
f 3394 3465 3466
f 3394 3466 3395
f 3395 3466 3467
f 3395 3467 3396
f 3396 3467 3468
f 3396 3468 3397
f 3397 3468 3469
f 3397 3469 3398
f 3398 3469 3470
f 3398 3470 3399
f 3399 3470 3471
f 3399 3471 3400
f 3400 3471 3472
f 3400 3472 3401
f 3401 3472 3473
f 3401 3473 3402
f 3402 3473 3474
f 3402 3474 3403
f 3403 3474 3475
f 3403 3475 3404
f 3404 3475 3476
f 3404 3476 3405
f 3405 3476 3477
f 3405 3477 3406
f 3406 3477 3478
f 3406 3478 3407
f 3407 3478 3479
f 3407 3479 3408
f 3408 3479 3480
f 3408 3480 3409
f 3409 3480 3481
f 3409 3481 3410
f 3410 3481 3482
f 3410 3482 3411
f 3411 3482 3483
f 3411 3483 3412
f 3412 3483 3484
f 3412 3484 3413
f 3413 3484 3485
f 3413 3485 3414
f 3414 3485 3486
f 3414 3486 3415
f 3415 3486 3487
f 3415 3487 3416
f 3416 3487 3488
f 3416 3488 3417
f 3417 3488 3489
f 3417 3489 3418
f 3418 3489 3490
f 3418 3490 3419
f 3419 3490 3491
f 3419 3491 3420
f 3420 3491 3492
f 3420 3492 3421
f 3421 3492 3493
f 3421 3493 3422
f 3422 3493 3494
f 3422 3494 3423
f 3423 3494 3495
f 3423 3495 3424
f 3424 3495 3496
f 3424 3496 3425
f 3425 3496 3497
f 3425 3497 3426
f 3426 3497 3498
f 3426 3498 3427
f 3427 3498 3499
f 3427 3499 3428
f 3428 3499 3500
f 3428 3500 3429
f 3429 3500 3501
f 3429 3501 3430
f 3430 3501 3502
f 3430 3502 3431
f 3431 3502 3503
f 3431 3503 3432
f 3432 3503 3504
f 3432 3504 3433
f 3433 3504 3505
f 3433 3505 3434
f 3434 3505 3506
f 3434 3506 3435
f 3435 3506 3507
f 3435 3507 3436
f 3436 3507 3508
f 3436 3508 3437
f 3437 3508 3509
f 3437 3509 3438
f 3438 3509 3510
f 3438 3510 3439
f 3439 3510 3511
f 3439 3511 3440
f 3440 3511 3512
f 3440 3512 3441
f 3441 3512 3513
f 3441 3513 3442
f 3442 3513 3514
f 3442 3514 3443
f 3443 3514 3515
f 3443 3515 3444
f 3444 3515 3516
f 3444 3516 3445
f 3445 3516 3517
f 3445 3517 3446
f 3446 3517 3518
f 3446 3518 3447
f 3447 3518 3519
f 3447 3519 3448
f 3448 3519 3520
f 3448 3520 3449
f 3449 3520 3521
f 3449 3521 3450
f 3450 3521 3522
f 3450 3522 3451
f 3451 3522 3523
f 3451 3523 3452
f 3452 3523 3524
f 3452 3524 3453
f 3453 3524 3525
f 3453 3525 3454
f 3454 3525 3526
f 3454 3526 3455
f 3455 3526 3527
f 3455 3527 3456
f 3456 3527 3528
f 3456 3528 3385
f 3385 3528 3457
f 3457 3529 3458
f 3458 3529 3530
f 3458 3530 3459
f 3459 3530 3531
f 3459 3531 3460
f 3460 3531 3532
f 3460 3532 3461
f 3461 3532 3533
f 3461 3533 3462
f 3462 3533 3534
f 3462 3534 3463
f 3463 3534 3535
f 3463 3535 3464
f 3464 3535 3536
f 3464 3536 3465
f 3465 3536 3537
f 3465 3537 3466
f 3466 3537 3538
f 3466 3538 3467
f 3467 3538 3539
f 3467 3539 3468
f 3468 3539 3540
f 3468 3540 3469
f 3469 3540 3541
f 3469 3541 3470
f 3470 3541 3542
f 3470 3542 3471
f 3471 3542 3543
f 3471 3543 3472
f 3472 3543 3544
f 3472 3544 3473
f 3473 3544 3545
f 3473 3545 3474
f 3474 3545 3546
f 3474 3546 3475
f 3475 3546 3547
f 3475 3547 3476
f 3476 3547 3548
f 3476 3548 3477
f 3477 3548 3549
f 3477 3549 3478
f 3478 3549 3550
f 3478 3550 3479
f 3479 3550 3551
f 3479 3551 3480
f 3480 3551 3552
f 3480 3552 3481
f 3481 3552 3553
f 3481 3553 3482
f 3482 3553 3554
f 3482 3554 3483
f 3483 3554 3555
f 3483 3555 3484
f 3484 3555 3556
f 3484 3556 3485
f 3485 3556 3557
f 3485 3557 3486
f 3486 3557 3558
f 3486 3558 3487
f 3487 3558 3559
f 3487 3559 3488
f 3488 3559 3560
f 3488 3560 3489
f 3489 3560 3561
f 3489 3561 3490
f 3490 3561 3562
f 3490 3562 3491
f 3491 3562 3563
f 3491 3563 3492
f 3492 3563 3564
f 3492 3564 3493
f 3493 3564 3565
f 3493 3565 3494
f 3494 3565 3566
f 3494 3566 3495
f 3495 3566 3567
f 3495 3567 3496
f 3496 3567 3568
f 3496 3568 3497
f 3497 3568 3569
f 3497 3569 3498
f 3498 3569 3570
f 3498 3570 3499
f 3499 3570 3571
f 3499 3571 3500
f 3500 3571 3572
f 3500 3572 3501
f 3501 3572 3573
f 3501 3573 3502
f 3502 3573 3574
f 3502 3574 3503
f 3503 3574 3575
f 3503 3575 3504
f 3504 3575 3576
f 3504 3576 3505
f 3505 3576 3577
f 3505 3577 3506
f 3506 3577 3578
f 3506 3578 3507
f 3507 3578 3579
f 3507 3579 3508
f 3508 3579 3580
f 3508 3580 3509
f 3509 3580 3581
f 3509 3581 3510
f 3510 3581 3582
f 3510 3582 3511
f 3511 3582 3583
f 3511 3583 3512
f 3512 3583 3584
f 3512 3584 3513
f 3513 3584 3585
f 3513 3585 3514
f 3514 3585 3586
f 3514 3586 3515
f 3515 3586 3587
f 3515 3587 3516
f 3516 3587 3588
f 3516 3588 3517
f 3517 3588 3589
f 3517 3589 3518
f 3518 3589 3590
f 3518 3590 3519
f 3519 3590 3591
f 3519 3591 3520
f 3520 3591 3592
f 3520 3592 3521
f 3521 3592 3593
f 3521 3593 3522
f 3522 3593 3594
f 3522 3594 3523
f 3523 3594 3595
f 3523 3595 3524
f 3524 3595 3596
f 3524 3596 3525
f 3525 3596 3597
f 3525 3597 3526
f 3526 3597 3598
f 3526 3598 3527
f 3527 3598 3599
f 3527 3599 3528
f 3528 3599 3600
f 3528 3600 3457
f 3457 3600 3529
f 3529 3601 3530
f 3530 3601 3602
f 3530 3602 3531
f 3531 3602 3603
f 3531 3603 3532
f 3532 3603 3604
f 3532 3604 3533
f 3533 3604 3605
f 3533 3605 3534
f 3534 3605 3606
f 3534 3606 3535
f 3535 3606 3607
f 3535 3607 3536
f 3536 3607 3608
f 3536 3608 3537
f 3537 3608 3609
f 3537 3609 3538
f 3538 3609 3610
f 3538 3610 3539
f 3539 3610 3611
f 3539 3611 3540
f 3540 3611 3612
f 3540 3612 3541
f 3541 3612 3613
f 3541 3613 3542
f 3542 3613 3614
f 3542 3614 3543
f 3543 3614 3615
f 3543 3615 3544
f 3544 3615 3616
f 3544 3616 3545
f 3545 3616 3617
f 3545 3617 3546
f 3546 3617 3618
f 3546 3618 3547
f 3547 3618 3619
f 3547 3619 3548
f 3548 3619 3620
f 3548 3620 3549
f 3549 3620 3621
f 3549 3621 3550
f 3550 3621 3622
f 3550 3622 3551
f 3551 3622 3623
f 3551 3623 3552
f 3552 3623 3624
f 3552 3624 3553
f 3553 3624 3625
f 3553 3625 3554
f 3554 3625 3626
f 3554 3626 3555
f 3555 3626 3627
f 3555 3627 3556
f 3556 3627 3628
f 3556 3628 3557
f 3557 3628 3629
f 3557 3629 3558
f 3558 3629 3630
f 3558 3630 3559
f 3559 3630 3631
f 3559 3631 3560
f 3560 3631 3632
f 3560 3632 3561
f 3561 3632 3633
f 3561 3633 3562
f 3562 3633 3634
f 3562 3634 3563
f 3563 3634 3635
f 3563 3635 3564
f 3564 3635 3636
f 3564 3636 3565
f 3565 3636 3637
f 3565 3637 3566
f 3566 3637 3638
f 3566 3638 3567
f 3567 3638 3639
f 3567 3639 3568
f 3568 3639 3640
f 3568 3640 3569
f 3569 3640 3641
f 3569 3641 3570
f 3570 3641 3642
f 3570 3642 3571
f 3571 3642 3643
f 3571 3643 3572
f 3572 3643 3644
f 3572 3644 3573
f 3573 3644 3645
f 3573 3645 3574
f 3574 3645 3646
f 3574 3646 3575
f 3575 3646 3647
f 3575 3647 3576
f 3576 3647 3648
f 3576 3648 3577
f 3577 3648 3649
f 3577 3649 3578
f 3578 3649 3650
f 3578 3650 3579
f 3579 3650 3651
f 3579 3651 3580
f 3580 3651 3652
f 3580 3652 3581
f 3581 3652 3653
f 3581 3653 3582
f 3582 3653 3654
f 3582 3654 3583
f 3583 3654 3655
f 3583 3655 3584
f 3584 3655 3656
f 3584 3656 3585
f 3585 3656 3657
f 3585 3657 3586
f 3586 3657 3658
f 3586 3658 3587
f 3587 3658 3659
f 3587 3659 3588
f 3588 3659 3660
f 3588 3660 3589
f 3589 3660 3661
f 3589 3661 3590
f 3590 3661 3662
f 3590 3662 3591
f 3591 3662 3663
f 3591 3663 3592
f 3592 3663 3664
f 3592 3664 3593
f 3593 3664 3665
f 3593 3665 3594
f 3594 3665 3666
f 3594 3666 3595
f 3595 3666 3667
f 3595 3667 3596
f 3596 3667 3668
f 3596 3668 3597
f 3597 3668 3669
f 3597 3669 3598
f 3598 3669 3670
f 3598 3670 3599
f 3599 3670 3671
f 3599 3671 3600
f 3600 3671 3672
f 3600 3672 3529
f 3529 3672 3601
f 3601 3673 3602
f 3602 3673 3674
f 3602 3674 3603
f 3603 3674 3675
f 3603 3675 3604
f 3604 3675 3676
f 3604 3676 3605
f 3605 3676 3677
f 3605 3677 3606
f 3606 3677 3678
f 3606 3678 3607
f 3607 3678 3679
f 3607 3679 3608
f 3608 3679 3680
f 3608 3680 3609
f 3609 3680 3681
f 3609 3681 3610
f 3610 3681 3682
f 3610 3682 3611
f 3611 3682 3683
f 3611 3683 3612
f 3612 3683 3684
f 3612 3684 3613
f 3613 3684 3685
f 3613 3685 3614
f 3614 3685 3686
f 3614 3686 3615
f 3615 3686 3687
f 3615 3687 3616
f 3616 3687 3688
f 3616 3688 3617
f 3617 3688 3689
f 3617 3689 3618
f 3618 3689 3690
f 3618 3690 3619
f 3619 3690 3691
f 3619 3691 3620
f 3620 3691 3692
f 3620 3692 3621
f 3621 3692 3693
f 3621 3693 3622
f 3622 3693 3694
f 3622 3694 3623
f 3623 3694 3695
f 3623 3695 3624
f 3624 3695 3696
f 3624 3696 3625
f 3625 3696 3697
f 3625 3697 3626
f 3626 3697 3698
f 3626 3698 3627
f 3627 3698 3699
f 3627 3699 3628
f 3628 3699 3700
f 3628 3700 3629
f 3629 3700 3701
f 3629 3701 3630
f 3630 3701 3702
f 3630 3702 3631
f 3631 3702 3703
f 3631 3703 3632
f 3632 3703 3704
f 3632 3704 3633
f 3633 3704 3705
f 3633 3705 3634
f 3634 3705 3706
f 3634 3706 3635
f 3635 3706 3707
f 3635 3707 3636
f 3636 3707 3708
f 3636 3708 3637
f 3637 3708 3709
f 3637 3709 3638
f 3638 3709 3710
f 3638 3710 3639
f 3639 3710 3711
f 3639 3711 3640
f 3640 3711 3712
f 3640 3712 3641
f 3641 3712 3713
f 3641 3713 3642
f 3642 3713 3714
f 3642 3714 3643
f 3643 3714 3715
f 3643 3715 3644
f 3644 3715 3716
f 3644 3716 3645
f 3645 3716 3717
f 3645 3717 3646
f 3646 3717 3718
f 3646 3718 3647
f 3647 3718 3719
f 3647 3719 3648
f 3648 3719 3720
f 3648 3720 3649
f 3649 3720 3721
f 3649 3721 3650
f 3650 3721 3722
f 3650 3722 3651
f 3651 3722 3723
f 3651 3723 3652
f 3652 3723 3724
f 3652 3724 3653
f 3653 3724 3725
f 3653 3725 3654
f 3654 3725 3726
f 3654 3726 3655
f 3655 3726 3727
f 3655 3727 3656
f 3656 3727 3728
f 3656 3728 3657
f 3657 3728 3729
f 3657 3729 3658
f 3658 3729 3730
f 3658 3730 3659
f 3659 3730 3731
f 3659 3731 3660
f 3660 3731 3732
f 3660 3732 3661
f 3661 3732 3733
f 3661 3733 3662
f 3662 3733 3734
f 3662 3734 3663
f 3663 3734 3735
f 3663 3735 3664
f 3664 3735 3736
f 3664 3736 3665
f 3665 3736 3737
f 3665 3737 3666
f 3666 3737 3738
f 3666 3738 3667
f 3667 3738 3739
f 3667 3739 3668
f 3668 3739 3740
f 3668 3740 3669
f 3669 3740 3741
f 3669 3741 3670
f 3670 3741 3742
f 3670 3742 3671
f 3671 3742 3743
f 3671 3743 3672
f 3672 3743 3744
f 3672 3744 3601
f 3601 3744 3673
f 3673 3745 3674
f 3674 3745 3746
f 3674 3746 3675
f 3675 3746 3747
f 3675 3747 3676
f 3676 3747 3748
f 3676 3748 3677
f 3677 3748 3749
f 3677 3749 3678
f 3678 3749 3750
f 3678 3750 3679
f 3679 3750 3751
f 3679 3751 3680
f 3680 3751 3752
f 3680 3752 3681
f 3681 3752 3753
f 3681 3753 3682
f 3682 3753 3754
f 3682 3754 3683
f 3683 3754 3755
f 3683 3755 3684
f 3684 3755 3756
f 3684 3756 3685
f 3685 3756 3757
f 3685 3757 3686
f 3686 3757 3758
f 3686 3758 3687
f 3687 3758 3759
f 3687 3759 3688
f 3688 3759 3760
f 3688 3760 3689
f 3689 3760 3761
f 3689 3761 3690
f 3690 3761 3762
f 3690 3762 3691
f 3691 3762 3763
f 3691 3763 3692
f 3692 3763 3764
f 3692 3764 3693
f 3693 3764 3765
f 3693 3765 3694
f 3694 3765 3766
f 3694 3766 3695
f 3695 3766 3767
f 3695 3767 3696
f 3696 3767 3768
f 3696 3768 3697
f 3697 3768 3769
f 3697 3769 3698
f 3698 3769 3770
f 3698 3770 3699
f 3699 3770 3771
f 3699 3771 3700
f 3700 3771 3772
f 3700 3772 3701
f 3701 3772 3773
f 3701 3773 3702
f 3702 3773 3774
f 3702 3774 3703
f 3703 3774 3775
f 3703 3775 3704
f 3704 3775 3776
f 3704 3776 3705
f 3705 3776 3777
f 3705 3777 3706
f 3706 3777 3778
f 3706 3778 3707
f 3707 3778 3779
f 3707 3779 3708
f 3708 3779 3780
f 3708 3780 3709
f 3709 3780 3781
f 3709 3781 3710
f 3710 3781 3782
f 3710 3782 3711
f 3711 3782 3783
f 3711 3783 3712
f 3712 3783 3784
f 3712 3784 3713
f 3713 3784 3785
f 3713 3785 3714
f 3714 3785 3786
f 3714 3786 3715
f 3715 3786 3787
f 3715 3787 3716
f 3716 3787 3788
f 3716 3788 3717
f 3717 3788 3789
f 3717 3789 3718
f 3718 3789 3790
f 3718 3790 3719
f 3719 3790 3791
f 3719 3791 3720
f 3720 3791 3792
f 3720 3792 3721
f 3721 3792 3793
f 3721 3793 3722
f 3722 3793 3794
f 3722 3794 3723
f 3723 3794 3795
f 3723 3795 3724
f 3724 3795 3796
f 3724 3796 3725
f 3725 3796 3797
f 3725 3797 3726
f 3726 3797 3798
f 3726 3798 3727
f 3727 3798 3799
f 3727 3799 3728
f 3728 3799 3800
f 3728 3800 3729
f 3729 3800 3801
f 3729 3801 3730
f 3730 3801 3802
f 3730 3802 3731
f 3731 3802 3803
f 3731 3803 3732
f 3732 3803 3804
f 3732 3804 3733
f 3733 3804 3805
f 3733 3805 3734
f 3734 3805 3806
f 3734 3806 3735
f 3735 3806 3807
f 3735 3807 3736
f 3736 3807 3808
f 3736 3808 3737
f 3737 3808 3809
f 3737 3809 3738
f 3738 3809 3810
f 3738 3810 3739
f 3739 3810 3811
f 3739 3811 3740
f 3740 3811 3812
f 3740 3812 3741
f 3741 3812 3813
f 3741 3813 3742
f 3742 3813 3814
f 3742 3814 3743
f 3743 3814 3815
f 3743 3815 3744
f 3744 3815 3816
f 3744 3816 3673
f 3673 3816 3745
f 3745 3817 3746
f 3746 3817 3818
f 3746 3818 3747
f 3747 3818 3819
f 3747 3819 3748
f 3748 3819 3820
f 3748 3820 3749
f 3749 3820 3821
f 3749 3821 3750
f 3750 3821 3822
f 3750 3822 3751
f 3751 3822 3823
f 3751 3823 3752
f 3752 3823 3824
f 3752 3824 3753
f 3753 3824 3825
f 3753 3825 3754
f 3754 3825 3826
f 3754 3826 3755
f 3755 3826 3827
f 3755 3827 3756
f 3756 3827 3828
f 3756 3828 3757
f 3757 3828 3829
f 3757 3829 3758
f 3758 3829 3830
f 3758 3830 3759
f 3759 3830 3831
f 3759 3831 3760
f 3760 3831 3832
f 3760 3832 3761
f 3761 3832 3833
f 3761 3833 3762
f 3762 3833 3834
f 3762 3834 3763
f 3763 3834 3835
f 3763 3835 3764
f 3764 3835 3836
f 3764 3836 3765
f 3765 3836 3837
f 3765 3837 3766
f 3766 3837 3838
f 3766 3838 3767
f 3767 3838 3839
f 3767 3839 3768
f 3768 3839 3840
f 3768 3840 3769
f 3769 3840 3841
f 3769 3841 3770
f 3770 3841 3842
f 3770 3842 3771
f 3771 3842 3843
f 3771 3843 3772
f 3772 3843 3844
f 3772 3844 3773
f 3773 3844 3845
f 3773 3845 3774
f 3774 3845 3846
f 3774 3846 3775
f 3775 3846 3847
f 3775 3847 3776
f 3776 3847 3848
f 3776 3848 3777
f 3777 3848 3849
f 3777 3849 3778
f 3778 3849 3850
f 3778 3850 3779
f 3779 3850 3851
f 3779 3851 3780
f 3780 3851 3852
f 3780 3852 3781
f 3781 3852 3853
f 3781 3853 3782
f 3782 3853 3854
f 3782 3854 3783
f 3783 3854 3855
f 3783 3855 3784
f 3784 3855 3856
f 3784 3856 3785
f 3785 3856 3857
f 3785 3857 3786
f 3786 3857 3858
f 3786 3858 3787
f 3787 3858 3859
f 3787 3859 3788
f 3788 3859 3860
f 3788 3860 3789
f 3789 3860 3861
f 3789 3861 3790
f 3790 3861 3862
f 3790 3862 3791
f 3791 3862 3863
f 3791 3863 3792
f 3792 3863 3864
f 3792 3864 3793
f 3793 3864 3865
f 3793 3865 3794
f 3794 3865 3866
f 3794 3866 3795
f 3795 3866 3867
f 3795 3867 3796
f 3796 3867 3868
f 3796 3868 3797
f 3797 3868 3869
f 3797 3869 3798
f 3798 3869 3870
f 3798 3870 3799
f 3799 3870 3871
f 3799 3871 3800
f 3800 3871 3872
f 3800 3872 3801
f 3801 3872 3873
f 3801 3873 3802
f 3802 3873 3874
f 3802 3874 3803
f 3803 3874 3875
f 3803 3875 3804
f 3804 3875 3876
f 3804 3876 3805
f 3805 3876 3877
f 3805 3877 3806
f 3806 3877 3878
f 3806 3878 3807
f 3807 3878 3879
f 3807 3879 3808
f 3808 3879 3880
f 3808 3880 3809
f 3809 3880 3881
f 3809 3881 3810
f 3810 3881 3882
f 3810 3882 3811
f 3811 3882 3883
f 3811 3883 3812
f 3812 3883 3884
f 3812 3884 3813
f 3813 3884 3885
f 3813 3885 3814
f 3814 3885 3886
f 3814 3886 3815
f 3815 3886 3887
f 3815 3887 3816
f 3816 3887 3888
f 3816 3888 3745
f 3745 3888 3817
f 3817 3889 3818
f 3818 3889 3890
f 3818 3890 3819
f 3819 3890 3891
f 3819 3891 3820
f 3820 3891 3892
f 3820 3892 3821
f 3821 3892 3893
f 3821 3893 3822
f 3822 3893 3894
f 3822 3894 3823
f 3823 3894 3895
f 3823 3895 3824
f 3824 3895 3896
f 3824 3896 3825
f 3825 3896 3897
f 3825 3897 3826
f 3826 3897 3898
f 3826 3898 3827
f 3827 3898 3899
f 3827 3899 3828
f 3828 3899 3900
f 3828 3900 3829
f 3829 3900 3901
f 3829 3901 3830
f 3830 3901 3902
f 3830 3902 3831
f 3831 3902 3903
f 3831 3903 3832
f 3832 3903 3904
f 3832 3904 3833
f 3833 3904 3905
f 3833 3905 3834
f 3834 3905 3906
f 3834 3906 3835
f 3835 3906 3907
f 3835 3907 3836
f 3836 3907 3908
f 3836 3908 3837
f 3837 3908 3909
f 3837 3909 3838
f 3838 3909 3910
f 3838 3910 3839
f 3839 3910 3911
f 3839 3911 3840
f 3840 3911 3912
f 3840 3912 3841
f 3841 3912 3913
f 3841 3913 3842
f 3842 3913 3914
f 3842 3914 3843
f 3843 3914 3915
f 3843 3915 3844
f 3844 3915 3916
f 3844 3916 3845
f 3845 3916 3917
f 3845 3917 3846
f 3846 3917 3918
f 3846 3918 3847
f 3847 3918 3919
f 3847 3919 3848
f 3848 3919 3920
f 3848 3920 3849
f 3849 3920 3921
f 3849 3921 3850
f 3850 3921 3922
f 3850 3922 3851
f 3851 3922 3923
f 3851 3923 3852
f 3852 3923 3924
f 3852 3924 3853
f 3853 3924 3925
f 3853 3925 3854
f 3854 3925 3926
f 3854 3926 3855
f 3855 3926 3927
f 3855 3927 3856
f 3856 3927 3928
f 3856 3928 3857
f 3857 3928 3929
f 3857 3929 3858
f 3858 3929 3930
f 3858 3930 3859
f 3859 3930 3931
f 3859 3931 3860
f 3860 3931 3932
f 3860 3932 3861
f 3861 3932 3933
f 3861 3933 3862
f 3862 3933 3934
f 3862 3934 3863
f 3863 3934 3935
f 3863 3935 3864
f 3864 3935 3936
f 3864 3936 3865
f 3865 3936 3937
f 3865 3937 3866
f 3866 3937 3938
f 3866 3938 3867
f 3867 3938 3939
f 3867 3939 3868
f 3868 3939 3940
f 3868 3940 3869
f 3869 3940 3941
f 3869 3941 3870
f 3870 3941 3942
f 3870 3942 3871
f 3871 3942 3943
f 3871 3943 3872
f 3872 3943 3944
f 3872 3944 3873
f 3873 3944 3945
f 3873 3945 3874
f 3874 3945 3946
f 3874 3946 3875
f 3875 3946 3947
f 3875 3947 3876
f 3876 3947 3948
f 3876 3948 3877
f 3877 3948 3949
f 3877 3949 3878
f 3878 3949 3950
f 3878 3950 3879
f 3879 3950 3951
f 3879 3951 3880
f 3880 3951 3952
f 3880 3952 3881
f 3881 3952 3953
f 3881 3953 3882
f 3882 3953 3954
f 3882 3954 3883
f 3883 3954 3955
f 3883 3955 3884
f 3884 3955 3956
f 3884 3956 3885
f 3885 3956 3957
f 3885 3957 3886
f 3886 3957 3958
f 3886 3958 3887
f 3887 3958 3959
f 3887 3959 3888
f 3888 3959 3960
f 3888 3960 3817
f 3817 3960 3889
f 3889 3961 3890
f 3890 3961 3962
f 3890 3962 3891
f 3891 3962 3963
f 3891 3963 3892
f 3892 3963 3964
f 3892 3964 3893
f 3893 3964 3965
f 3893 3965 3894
f 3894 3965 3966
f 3894 3966 3895
f 3895 3966 3967
f 3895 3967 3896
f 3896 3967 3968
f 3896 3968 3897
f 3897 3968 3969
f 3897 3969 3898
f 3898 3969 3970
f 3898 3970 3899
f 3899 3970 3971
f 3899 3971 3900
f 3900 3971 3972
f 3900 3972 3901
f 3901 3972 3973
f 3901 3973 3902
f 3902 3973 3974
f 3902 3974 3903
f 3903 3974 3975
f 3903 3975 3904
f 3904 3975 3976
f 3904 3976 3905
f 3905 3976 3977
f 3905 3977 3906
f 3906 3977 3978
f 3906 3978 3907
f 3907 3978 3979
f 3907 3979 3908
f 3908 3979 3980
f 3908 3980 3909
f 3909 3980 3981
f 3909 3981 3910
f 3910 3981 3982
f 3910 3982 3911
f 3911 3982 3983
f 3911 3983 3912
f 3912 3983 3984
f 3912 3984 3913
f 3913 3984 3985
f 3913 3985 3914
f 3914 3985 3986
f 3914 3986 3915
f 3915 3986 3987
f 3915 3987 3916
f 3916 3987 3988
f 3916 3988 3917
f 3917 3988 3989
f 3917 3989 3918
f 3918 3989 3990
f 3918 3990 3919
f 3919 3990 3991
f 3919 3991 3920
f 3920 3991 3992
f 3920 3992 3921
f 3921 3992 3993
f 3921 3993 3922
f 3922 3993 3994
f 3922 3994 3923
f 3923 3994 3995
f 3923 3995 3924
f 3924 3995 3996
f 3924 3996 3925
f 3925 3996 3997
f 3925 3997 3926
f 3926 3997 3998
f 3926 3998 3927
f 3927 3998 3999
f 3927 3999 3928
f 3928 3999 4000
f 3928 4000 3929
f 3929 4000 4001
f 3929 4001 3930
f 3930 4001 4002
f 3930 4002 3931
f 3931 4002 4003
f 3931 4003 3932
f 3932 4003 4004
f 3932 4004 3933
f 3933 4004 4005
f 3933 4005 3934
f 3934 4005 4006
f 3934 4006 3935
f 3935 4006 4007
f 3935 4007 3936
f 3936 4007 4008
f 3936 4008 3937
f 3937 4008 4009
f 3937 4009 3938
f 3938 4009 4010
f 3938 4010 3939
f 3939 4010 4011
f 3939 4011 3940
f 3940 4011 4012
f 3940 4012 3941
f 3941 4012 4013
f 3941 4013 3942
f 3942 4013 4014
f 3942 4014 3943
f 3943 4014 4015
f 3943 4015 3944
f 3944 4015 4016
f 3944 4016 3945
f 3945 4016 4017
f 3945 4017 3946
f 3946 4017 4018
f 3946 4018 3947
f 3947 4018 4019
f 3947 4019 3948
f 3948 4019 4020
f 3948 4020 3949
f 3949 4020 4021
f 3949 4021 3950
f 3950 4021 4022
f 3950 4022 3951
f 3951 4022 4023
f 3951 4023 3952
f 3952 4023 4024
f 3952 4024 3953
f 3953 4024 4025
f 3953 4025 3954
f 3954 4025 4026
f 3954 4026 3955
f 3955 4026 4027
f 3955 4027 3956
f 3956 4027 4028
f 3956 4028 3957
f 3957 4028 4029
f 3957 4029 3958
f 3958 4029 4030
f 3958 4030 3959
f 3959 4030 4031
f 3959 4031 3960
f 3960 4031 4032
f 3960 4032 3889
f 3889 4032 3961
f 3961 4033 3962
f 3962 4033 4034
f 3962 4034 3963
f 3963 4034 4035
f 3963 4035 3964
f 3964 4035 4036
f 3964 4036 3965
f 3965 4036 4037
f 3965 4037 3966
f 3966 4037 4038
f 3966 4038 3967
f 3967 4038 4039
f 3967 4039 3968
f 3968 4039 4040
f 3968 4040 3969
f 3969 4040 4041
f 3969 4041 3970
f 3970 4041 4042
f 3970 4042 3971
f 3971 4042 4043
f 3971 4043 3972
f 3972 4043 4044
f 3972 4044 3973
f 3973 4044 4045
f 3973 4045 3974
f 3974 4045 4046
f 3974 4046 3975
f 3975 4046 4047
f 3975 4047 3976
f 3976 4047 4048
f 3976 4048 3977
f 3977 4048 4049
f 3977 4049 3978
f 3978 4049 4050
f 3978 4050 3979
f 3979 4050 4051
f 3979 4051 3980
f 3980 4051 4052
f 3980 4052 3981
f 3981 4052 4053
f 3981 4053 3982
f 3982 4053 4054
f 3982 4054 3983
f 3983 4054 4055
f 3983 4055 3984
f 3984 4055 4056
f 3984 4056 3985
f 3985 4056 4057
f 3985 4057 3986
f 3986 4057 4058
f 3986 4058 3987
f 3987 4058 4059
f 3987 4059 3988
f 3988 4059 4060
f 3988 4060 3989
f 3989 4060 4061
f 3989 4061 3990
f 3990 4061 4062
f 3990 4062 3991
f 3991 4062 4063
f 3991 4063 3992
f 3992 4063 4064
f 3992 4064 3993
f 3993 4064 4065
f 3993 4065 3994
f 3994 4065 4066
f 3994 4066 3995
f 3995 4066 4067
f 3995 4067 3996
f 3996 4067 4068
f 3996 4068 3997
f 3997 4068 4069
f 3997 4069 3998
f 3998 4069 4070
f 3998 4070 3999
f 3999 4070 4071
f 3999 4071 4000
f 4000 4071 4072
f 4000 4072 4001
f 4001 4072 4073
f 4001 4073 4002
f 4002 4073 4074
f 4002 4074 4003
f 4003 4074 4075
f 4003 4075 4004
f 4004 4075 4076
f 4004 4076 4005
f 4005 4076 4077
f 4005 4077 4006
f 4006 4077 4078
f 4006 4078 4007
f 4007 4078 4079
f 4007 4079 4008
f 4008 4079 4080
f 4008 4080 4009
f 4009 4080 4081
f 4009 4081 4010
f 4010 4081 4082
f 4010 4082 4011
f 4011 4082 4083
f 4011 4083 4012
f 4012 4083 4084
f 4012 4084 4013
f 4013 4084 4085
f 4013 4085 4014
f 4014 4085 4086
f 4014 4086 4015
f 4015 4086 4087
f 4015 4087 4016
f 4016 4087 4088
f 4016 4088 4017
f 4017 4088 4089
f 4017 4089 4018
f 4018 4089 4090
f 4018 4090 4019
f 4019 4090 4091
f 4019 4091 4020
f 4020 4091 4092
f 4020 4092 4021
f 4021 4092 4093
f 4021 4093 4022
f 4022 4093 4094
f 4022 4094 4023
f 4023 4094 4095
f 4023 4095 4024
f 4024 4095 4096
f 4024 4096 4025
f 4025 4096 4097
f 4025 4097 4026
f 4026 4097 4098
f 4026 4098 4027
f 4027 4098 4099
f 4027 4099 4028
f 4028 4099 4100
f 4028 4100 4029
f 4029 4100 4101
f 4029 4101 4030
f 4030 4101 4102
f 4030 4102 4031
f 4031 4102 4103
f 4031 4103 4032
f 4032 4103 4104
f 4032 4104 3961
f 3961 4104 4033
f 4033 4105 4034
f 4034 4105 4106
f 4034 4106 4035
f 4035 4106 4107
f 4035 4107 4036
f 4036 4107 4108
f 4036 4108 4037
f 4037 4108 4109
f 4037 4109 4038
f 4038 4109 4110
f 4038 4110 4039
f 4039 4110 4111
f 4039 4111 4040
f 4040 4111 4112
f 4040 4112 4041
f 4041 4112 4113
f 4041 4113 4042
f 4042 4113 4114
f 4042 4114 4043
f 4043 4114 4115
f 4043 4115 4044
f 4044 4115 4116
f 4044 4116 4045
f 4045 4116 4117
f 4045 4117 4046
f 4046 4117 4118
f 4046 4118 4047
f 4047 4118 4119
f 4047 4119 4048
f 4048 4119 4120
f 4048 4120 4049
f 4049 4120 4121
f 4049 4121 4050
f 4050 4121 4122
f 4050 4122 4051
f 4051 4122 4123
f 4051 4123 4052
f 4052 4123 4124
f 4052 4124 4053
f 4053 4124 4125
f 4053 4125 4054
f 4054 4125 4126
f 4054 4126 4055
f 4055 4126 4127
f 4055 4127 4056
f 4056 4127 4128
f 4056 4128 4057
f 4057 4128 4129
f 4057 4129 4058
f 4058 4129 4130
f 4058 4130 4059
f 4059 4130 4131
f 4059 4131 4060
f 4060 4131 4132
f 4060 4132 4061
f 4061 4132 4133
f 4061 4133 4062
f 4062 4133 4134
f 4062 4134 4063
f 4063 4134 4135
f 4063 4135 4064
f 4064 4135 4136
f 4064 4136 4065
f 4065 4136 4137
f 4065 4137 4066
f 4066 4137 4138
f 4066 4138 4067
f 4067 4138 4139
f 4067 4139 4068
f 4068 4139 4140
f 4068 4140 4069
f 4069 4140 4141
f 4069 4141 4070
f 4070 4141 4142
f 4070 4142 4071
f 4071 4142 4143
f 4071 4143 4072
f 4072 4143 4144
f 4072 4144 4073
f 4073 4144 4145
f 4073 4145 4074
f 4074 4145 4146
f 4074 4146 4075
f 4075 4146 4147
f 4075 4147 4076
f 4076 4147 4148
f 4076 4148 4077
f 4077 4148 4149
f 4077 4149 4078
f 4078 4149 4150
f 4078 4150 4079
f 4079 4150 4151
f 4079 4151 4080
f 4080 4151 4152
f 4080 4152 4081
f 4081 4152 4153
f 4081 4153 4082
f 4082 4153 4154
f 4082 4154 4083
f 4083 4154 4155
f 4083 4155 4084
f 4084 4155 4156
f 4084 4156 4085
f 4085 4156 4157
f 4085 4157 4086
f 4086 4157 4158
f 4086 4158 4087
f 4087 4158 4159
f 4087 4159 4088
f 4088 4159 4160
f 4088 4160 4089
f 4089 4160 4161
f 4089 4161 4090
f 4090 4161 4162
f 4090 4162 4091
f 4091 4162 4163
f 4091 4163 4092
f 4092 4163 4164
f 4092 4164 4093
f 4093 4164 4165
f 4093 4165 4094
f 4094 4165 4166
f 4094 4166 4095
f 4095 4166 4167
f 4095 4167 4096
f 4096 4167 4168
f 4096 4168 4097
f 4097 4168 4169
f 4097 4169 4098
f 4098 4169 4170
f 4098 4170 4099
f 4099 4170 4171
f 4099 4171 4100
f 4100 4171 4172
f 4100 4172 4101
f 4101 4172 4173
f 4101 4173 4102
f 4102 4173 4174
f 4102 4174 4103
f 4103 4174 4175
f 4103 4175 4104
f 4104 4175 4176
f 4104 4176 4033
f 4033 4176 4105
f 4105 4177 4106
f 4106 4177 4178
f 4106 4178 4107
f 4107 4178 4179
f 4107 4179 4108
f 4108 4179 4180
f 4108 4180 4109
f 4109 4180 4181
f 4109 4181 4110
f 4110 4181 4182
f 4110 4182 4111
f 4111 4182 4183
f 4111 4183 4112
f 4112 4183 4184
f 4112 4184 4113
f 4113 4184 4185
f 4113 4185 4114
f 4114 4185 4186
f 4114 4186 4115
f 4115 4186 4187
f 4115 4187 4116
f 4116 4187 4188
f 4116 4188 4117
f 4117 4188 4189
f 4117 4189 4118
f 4118 4189 4190
f 4118 4190 4119
f 4119 4190 4191
f 4119 4191 4120
f 4120 4191 4192
f 4120 4192 4121
f 4121 4192 4193
f 4121 4193 4122
f 4122 4193 4194
f 4122 4194 4123
f 4123 4194 4195
f 4123 4195 4124
f 4124 4195 4196
f 4124 4196 4125
f 4125 4196 4197
f 4125 4197 4126
f 4126 4197 4198
f 4126 4198 4127
f 4127 4198 4199
f 4127 4199 4128
f 4128 4199 4200
f 4128 4200 4129
f 4129 4200 4201
f 4129 4201 4130
f 4130 4201 4202
f 4130 4202 4131
f 4131 4202 4203
f 4131 4203 4132
f 4132 4203 4204
f 4132 4204 4133
f 4133 4204 4205
f 4133 4205 4134
f 4134 4205 4206
f 4134 4206 4135
f 4135 4206 4207
f 4135 4207 4136
f 4136 4207 4208
f 4136 4208 4137
f 4137 4208 4209
f 4137 4209 4138
f 4138 4209 4210
f 4138 4210 4139
f 4139 4210 4211
f 4139 4211 4140
f 4140 4211 4212
f 4140 4212 4141
f 4141 4212 4213
f 4141 4213 4142
f 4142 4213 4214
f 4142 4214 4143
f 4143 4214 4215
f 4143 4215 4144
f 4144 4215 4216
f 4144 4216 4145
f 4145 4216 4217
f 4145 4217 4146
f 4146 4217 4218
f 4146 4218 4147
f 4147 4218 4219
f 4147 4219 4148
f 4148 4219 4220
f 4148 4220 4149
f 4149 4220 4221
f 4149 4221 4150
f 4150 4221 4222
f 4150 4222 4151
f 4151 4222 4223
f 4151 4223 4152
f 4152 4223 4224
f 4152 4224 4153
f 4153 4224 4225
f 4153 4225 4154
f 4154 4225 4226
f 4154 4226 4155
f 4155 4226 4227
f 4155 4227 4156
f 4156 4227 4228
f 4156 4228 4157
f 4157 4228 4229
f 4157 4229 4158
f 4158 4229 4230
f 4158 4230 4159
f 4159 4230 4231
f 4159 4231 4160
f 4160 4231 4232
f 4160 4232 4161
f 4161 4232 4233
f 4161 4233 4162
f 4162 4233 4234
f 4162 4234 4163
f 4163 4234 4235
f 4163 4235 4164
f 4164 4235 4236
f 4164 4236 4165
f 4165 4236 4237
f 4165 4237 4166
f 4166 4237 4238
f 4166 4238 4167
f 4167 4238 4239
f 4167 4239 4168
f 4168 4239 4240
f 4168 4240 4169
f 4169 4240 4241
f 4169 4241 4170
f 4170 4241 4242
f 4170 4242 4171
f 4171 4242 4243
f 4171 4243 4172
f 4172 4243 4244
f 4172 4244 4173
f 4173 4244 4245
f 4173 4245 4174
f 4174 4245 4246
f 4174 4246 4175
f 4175 4246 4247
f 4175 4247 4176
f 4176 4247 4248
f 4176 4248 4105
f 4105 4248 4177
f 4177 4249 4178
f 4178 4249 4250
f 4178 4250 4179
f 4179 4250 4251
f 4179 4251 4180
f 4180 4251 4252
f 4180 4252 4181
f 4181 4252 4253
f 4181 4253 4182
f 4182 4253 4254
f 4182 4254 4183
f 4183 4254 4255
f 4183 4255 4184
f 4184 4255 4256
f 4184 4256 4185
f 4185 4256 4257
f 4185 4257 4186
f 4186 4257 4258
f 4186 4258 4187
f 4187 4258 4259
f 4187 4259 4188
f 4188 4259 4260
f 4188 4260 4189
f 4189 4260 4261
f 4189 4261 4190
f 4190 4261 4262
f 4190 4262 4191
f 4191 4262 4263
f 4191 4263 4192
f 4192 4263 4264
f 4192 4264 4193
f 4193 4264 4265
f 4193 4265 4194
f 4194 4265 4266
f 4194 4266 4195
f 4195 4266 4267
f 4195 4267 4196
f 4196 4267 4268
f 4196 4268 4197
f 4197 4268 4269
f 4197 4269 4198
f 4198 4269 4270
f 4198 4270 4199
f 4199 4270 4271
f 4199 4271 4200
f 4200 4271 4272
f 4200 4272 4201
f 4201 4272 4273
f 4201 4273 4202
f 4202 4273 4274
f 4202 4274 4203
f 4203 4274 4275
f 4203 4275 4204
f 4204 4275 4276
f 4204 4276 4205
f 4205 4276 4277
f 4205 4277 4206
f 4206 4277 4278
f 4206 4278 4207
f 4207 4278 4279
f 4207 4279 4208
f 4208 4279 4280
f 4208 4280 4209
f 4209 4280 4281
f 4209 4281 4210
f 4210 4281 4282
f 4210 4282 4211
f 4211 4282 4283
f 4211 4283 4212
f 4212 4283 4284
f 4212 4284 4213
f 4213 4284 4285
f 4213 4285 4214
f 4214 4285 4286
f 4214 4286 4215
f 4215 4286 4287
f 4215 4287 4216
f 4216 4287 4288
f 4216 4288 4217
f 4217 4288 4289
f 4217 4289 4218
f 4218 4289 4290
f 4218 4290 4219
f 4219 4290 4291
f 4219 4291 4220
f 4220 4291 4292
f 4220 4292 4221
f 4221 4292 4293
f 4221 4293 4222
f 4222 4293 4294
f 4222 4294 4223
f 4223 4294 4295
f 4223 4295 4224
f 4224 4295 4296
f 4224 4296 4225
f 4225 4296 4297
f 4225 4297 4226
f 4226 4297 4298
f 4226 4298 4227
f 4227 4298 4299
f 4227 4299 4228
f 4228 4299 4300
f 4228 4300 4229
f 4229 4300 4301
f 4229 4301 4230
f 4230 4301 4302
f 4230 4302 4231
f 4231 4302 4303
f 4231 4303 4232
f 4232 4303 4304
f 4232 4304 4233
f 4233 4304 4305
f 4233 4305 4234
f 4234 4305 4306
f 4234 4306 4235
f 4235 4306 4307
f 4235 4307 4236
f 4236 4307 4308
f 4236 4308 4237
f 4237 4308 4309
f 4237 4309 4238
f 4238 4309 4310
f 4238 4310 4239
f 4239 4310 4311
f 4239 4311 4240
f 4240 4311 4312
f 4240 4312 4241
f 4241 4312 4313
f 4241 4313 4242
f 4242 4313 4314
f 4242 4314 4243
f 4243 4314 4315
f 4243 4315 4244
f 4244 4315 4316
f 4244 4316 4245
f 4245 4316 4317
f 4245 4317 4246
f 4246 4317 4318
f 4246 4318 4247
f 4247 4318 4319
f 4247 4319 4248
f 4248 4319 4320
f 4248 4320 4177
f 4177 4320 4249
f 4249 4321 4250
f 4250 4321 4322
f 4250 4322 4251
f 4251 4322 4323
f 4251 4323 4252
f 4252 4323 4324
f 4252 4324 4253
f 4253 4324 4325
f 4253 4325 4254
f 4254 4325 4326
f 4254 4326 4255
f 4255 4326 4327
f 4255 4327 4256
f 4256 4327 4328
f 4256 4328 4257
f 4257 4328 4329
f 4257 4329 4258
f 4258 4329 4330
f 4258 4330 4259
f 4259 4330 4331
f 4259 4331 4260
f 4260 4331 4332
f 4260 4332 4261
f 4261 4332 4333
f 4261 4333 4262
f 4262 4333 4334
f 4262 4334 4263
f 4263 4334 4335
f 4263 4335 4264
f 4264 4335 4336
f 4264 4336 4265
f 4265 4336 4337
f 4265 4337 4266
f 4266 4337 4338
f 4266 4338 4267
f 4267 4338 4339
f 4267 4339 4268
f 4268 4339 4340
f 4268 4340 4269
f 4269 4340 4341
f 4269 4341 4270
f 4270 4341 4342
f 4270 4342 4271
f 4271 4342 4343
f 4271 4343 4272
f 4272 4343 4344
f 4272 4344 4273
f 4273 4344 4345
f 4273 4345 4274
f 4274 4345 4346
f 4274 4346 4275
f 4275 4346 4347
f 4275 4347 4276
f 4276 4347 4348
f 4276 4348 4277
f 4277 4348 4349
f 4277 4349 4278
f 4278 4349 4350
f 4278 4350 4279
f 4279 4350 4351
f 4279 4351 4280
f 4280 4351 4352
f 4280 4352 4281
f 4281 4352 4353
f 4281 4353 4282
f 4282 4353 4354
f 4282 4354 4283
f 4283 4354 4355
f 4283 4355 4284
f 4284 4355 4356
f 4284 4356 4285
f 4285 4356 4357
f 4285 4357 4286
f 4286 4357 4358
f 4286 4358 4287
f 4287 4358 4359
f 4287 4359 4288
f 4288 4359 4360
f 4288 4360 4289
f 4289 4360 4361
f 4289 4361 4290
f 4290 4361 4362
f 4290 4362 4291
f 4291 4362 4363
f 4291 4363 4292
f 4292 4363 4364
f 4292 4364 4293
f 4293 4364 4365
f 4293 4365 4294
f 4294 4365 4366
f 4294 4366 4295
f 4295 4366 4367
f 4295 4367 4296
f 4296 4367 4368
f 4296 4368 4297
f 4297 4368 4369
f 4297 4369 4298
f 4298 4369 4370
f 4298 4370 4299
f 4299 4370 4371
f 4299 4371 4300
f 4300 4371 4372
f 4300 4372 4301
f 4301 4372 4373
f 4301 4373 4302
f 4302 4373 4374
f 4302 4374 4303
f 4303 4374 4375
f 4303 4375 4304
f 4304 4375 4376
f 4304 4376 4305
f 4305 4376 4377
f 4305 4377 4306
f 4306 4377 4378
f 4306 4378 4307
f 4307 4378 4379
f 4307 4379 4308
f 4308 4379 4380
f 4308 4380 4309
f 4309 4380 4381
f 4309 4381 4310
f 4310 4381 4382
f 4310 4382 4311
f 4311 4382 4383
f 4311 4383 4312
f 4312 4383 4384
f 4312 4384 4313
f 4313 4384 4385
f 4313 4385 4314
f 4314 4385 4386
f 4314 4386 4315
f 4315 4386 4387
f 4315 4387 4316
f 4316 4387 4388
f 4316 4388 4317
f 4317 4388 4389
f 4317 4389 4318
f 4318 4389 4390
f 4318 4390 4319
f 4319 4390 4391
f 4319 4391 4320
f 4320 4391 4392
f 4320 4392 4249
f 4249 4392 4321
f 4321 4393 4322
f 4322 4393 4394
f 4322 4394 4323
f 4323 4394 4395
f 4323 4395 4324
f 4324 4395 4396
f 4324 4396 4325
f 4325 4396 4397
f 4325 4397 4326
f 4326 4397 4398
f 4326 4398 4327
f 4327 4398 4399
f 4327 4399 4328
f 4328 4399 4400
f 4328 4400 4329
f 4329 4400 4401
f 4329 4401 4330
f 4330 4401 4402
f 4330 4402 4331
f 4331 4402 4403
f 4331 4403 4332
f 4332 4403 4404
f 4332 4404 4333
f 4333 4404 4405
f 4333 4405 4334
f 4334 4405 4406
f 4334 4406 4335
f 4335 4406 4407
f 4335 4407 4336
f 4336 4407 4408
f 4336 4408 4337
f 4337 4408 4409
f 4337 4409 4338
f 4338 4409 4410
f 4338 4410 4339
f 4339 4410 4411
f 4339 4411 4340
f 4340 4411 4412
f 4340 4412 4341
f 4341 4412 4413
f 4341 4413 4342
f 4342 4413 4414
f 4342 4414 4343
f 4343 4414 4415
f 4343 4415 4344
f 4344 4415 4416
f 4344 4416 4345
f 4345 4416 4417
f 4345 4417 4346
f 4346 4417 4418
f 4346 4418 4347
f 4347 4418 4419
f 4347 4419 4348
f 4348 4419 4420
f 4348 4420 4349
f 4349 4420 4421
f 4349 4421 4350
f 4350 4421 4422
f 4350 4422 4351
f 4351 4422 4423
f 4351 4423 4352
f 4352 4423 4424
f 4352 4424 4353
f 4353 4424 4425
f 4353 4425 4354
f 4354 4425 4426
f 4354 4426 4355
f 4355 4426 4427
f 4355 4427 4356
f 4356 4427 4428
f 4356 4428 4357
f 4357 4428 4429
f 4357 4429 4358
f 4358 4429 4430
f 4358 4430 4359
f 4359 4430 4431
f 4359 4431 4360
f 4360 4431 4432
f 4360 4432 4361
f 4361 4432 4433
f 4361 4433 4362
f 4362 4433 4434
f 4362 4434 4363
f 4363 4434 4435
f 4363 4435 4364
f 4364 4435 4436
f 4364 4436 4365
f 4365 4436 4437
f 4365 4437 4366
f 4366 4437 4438
f 4366 4438 4367
f 4367 4438 4439
f 4367 4439 4368
f 4368 4439 4440
f 4368 4440 4369
f 4369 4440 4441
f 4369 4441 4370
f 4370 4441 4442
f 4370 4442 4371
f 4371 4442 4443
f 4371 4443 4372
f 4372 4443 4444
f 4372 4444 4373
f 4373 4444 4445
f 4373 4445 4374
f 4374 4445 4446
f 4374 4446 4375
f 4375 4446 4447
f 4375 4447 4376
f 4376 4447 4448
f 4376 4448 4377
f 4377 4448 4449
f 4377 4449 4378
f 4378 4449 4450
f 4378 4450 4379
f 4379 4450 4451
f 4379 4451 4380
f 4380 4451 4452
f 4380 4452 4381
f 4381 4452 4453
f 4381 4453 4382
f 4382 4453 4454
f 4382 4454 4383
f 4383 4454 4455
f 4383 4455 4384
f 4384 4455 4456
f 4384 4456 4385
f 4385 4456 4457
f 4385 4457 4386
f 4386 4457 4458
f 4386 4458 4387
f 4387 4458 4459
f 4387 4459 4388
f 4388 4459 4460
f 4388 4460 4389
f 4389 4460 4461
f 4389 4461 4390
f 4390 4461 4462
f 4390 4462 4391
f 4391 4462 4463
f 4391 4463 4392
f 4392 4463 4464
f 4392 4464 4321
f 4321 4464 4393
f 4393 4465 4394
f 4394 4465 4466
f 4394 4466 4395
f 4395 4466 4467
f 4395 4467 4396
f 4396 4467 4468
f 4396 4468 4397
f 4397 4468 4469
f 4397 4469 4398
f 4398 4469 4470
f 4398 4470 4399
f 4399 4470 4471
f 4399 4471 4400
f 4400 4471 4472
f 4400 4472 4401
f 4401 4472 4473
f 4401 4473 4402
f 4402 4473 4474
f 4402 4474 4403
f 4403 4474 4475
f 4403 4475 4404
f 4404 4475 4476
f 4404 4476 4405
f 4405 4476 4477
f 4405 4477 4406
f 4406 4477 4478
f 4406 4478 4407
f 4407 4478 4479
f 4407 4479 4408
f 4408 4479 4480
f 4408 4480 4409
f 4409 4480 4481
f 4409 4481 4410
f 4410 4481 4482
f 4410 4482 4411
f 4411 4482 4483
f 4411 4483 4412
f 4412 4483 4484
f 4412 4484 4413
f 4413 4484 4485
f 4413 4485 4414
f 4414 4485 4486
f 4414 4486 4415
f 4415 4486 4487
f 4415 4487 4416
f 4416 4487 4488
f 4416 4488 4417
f 4417 4488 4489
f 4417 4489 4418
f 4418 4489 4490
f 4418 4490 4419
f 4419 4490 4491
f 4419 4491 4420
f 4420 4491 4492
f 4420 4492 4421
f 4421 4492 4493
f 4421 4493 4422
f 4422 4493 4494
f 4422 4494 4423
f 4423 4494 4495
f 4423 4495 4424
f 4424 4495 4496
f 4424 4496 4425
f 4425 4496 4497
f 4425 4497 4426
f 4426 4497 4498
f 4426 4498 4427
f 4427 4498 4499
f 4427 4499 4428
f 4428 4499 4500
f 4428 4500 4429
f 4429 4500 4501
f 4429 4501 4430
f 4430 4501 4502
f 4430 4502 4431
f 4431 4502 4503
f 4431 4503 4432
f 4432 4503 4504
f 4432 4504 4433
f 4433 4504 4505
f 4433 4505 4434
f 4434 4505 4506
f 4434 4506 4435
f 4435 4506 4507
f 4435 4507 4436
f 4436 4507 4508
f 4436 4508 4437
f 4437 4508 4509
f 4437 4509 4438
f 4438 4509 4510
f 4438 4510 4439
f 4439 4510 4511
f 4439 4511 4440
f 4440 4511 4512
f 4440 4512 4441
f 4441 4512 4513
f 4441 4513 4442
f 4442 4513 4514
f 4442 4514 4443
f 4443 4514 4515
f 4443 4515 4444
f 4444 4515 4516
f 4444 4516 4445
f 4445 4516 4517
f 4445 4517 4446
f 4446 4517 4518
f 4446 4518 4447
f 4447 4518 4519
f 4447 4519 4448
f 4448 4519 4520
f 4448 4520 4449
f 4449 4520 4521
f 4449 4521 4450
f 4450 4521 4522
f 4450 4522 4451
f 4451 4522 4523
f 4451 4523 4452
f 4452 4523 4524
f 4452 4524 4453
f 4453 4524 4525
f 4453 4525 4454
f 4454 4525 4526
f 4454 4526 4455
f 4455 4526 4527
f 4455 4527 4456
f 4456 4527 4528
f 4456 4528 4457
f 4457 4528 4529
f 4457 4529 4458
f 4458 4529 4530
f 4458 4530 4459
f 4459 4530 4531
f 4459 4531 4460
f 4460 4531 4532
f 4460 4532 4461
f 4461 4532 4533
f 4461 4533 4462
f 4462 4533 4534
f 4462 4534 4463
f 4463 4534 4535
f 4463 4535 4464
f 4464 4535 4536
f 4464 4536 4393
f 4393 4536 4465
f 4465 4537 4466
f 4466 4537 4538
f 4466 4538 4467
f 4467 4538 4539
f 4467 4539 4468
f 4468 4539 4540
f 4468 4540 4469
f 4469 4540 4541
f 4469 4541 4470
f 4470 4541 4542
f 4470 4542 4471
f 4471 4542 4543
f 4471 4543 4472
f 4472 4543 4544
f 4472 4544 4473
f 4473 4544 4545
f 4473 4545 4474
f 4474 4545 4546
f 4474 4546 4475
f 4475 4546 4547
f 4475 4547 4476
f 4476 4547 4548
f 4476 4548 4477
f 4477 4548 4549
f 4477 4549 4478
f 4478 4549 4550
f 4478 4550 4479
f 4479 4550 4551
f 4479 4551 4480
f 4480 4551 4552
f 4480 4552 4481
f 4481 4552 4553
f 4481 4553 4482
f 4482 4553 4554
f 4482 4554 4483
f 4483 4554 4555
f 4483 4555 4484
f 4484 4555 4556
f 4484 4556 4485
f 4485 4556 4557
f 4485 4557 4486
f 4486 4557 4558
f 4486 4558 4487
f 4487 4558 4559
f 4487 4559 4488
f 4488 4559 4560
f 4488 4560 4489
f 4489 4560 4561
f 4489 4561 4490
f 4490 4561 4562
f 4490 4562 4491
f 4491 4562 4563
f 4491 4563 4492
f 4492 4563 4564
f 4492 4564 4493
f 4493 4564 4565
f 4493 4565 4494
f 4494 4565 4566
f 4494 4566 4495
f 4495 4566 4567
f 4495 4567 4496
f 4496 4567 4568
f 4496 4568 4497
f 4497 4568 4569
f 4497 4569 4498
f 4498 4569 4570
f 4498 4570 4499
f 4499 4570 4571
f 4499 4571 4500
f 4500 4571 4572
f 4500 4572 4501
f 4501 4572 4573
f 4501 4573 4502
f 4502 4573 4574
f 4502 4574 4503
f 4503 4574 4575
f 4503 4575 4504
f 4504 4575 4576
f 4504 4576 4505
f 4505 4576 4577
f 4505 4577 4506
f 4506 4577 4578
f 4506 4578 4507
f 4507 4578 4579
f 4507 4579 4508
f 4508 4579 4580
f 4508 4580 4509
f 4509 4580 4581
f 4509 4581 4510
f 4510 4581 4582
f 4510 4582 4511
f 4511 4582 4583
f 4511 4583 4512
f 4512 4583 4584
f 4512 4584 4513
f 4513 4584 4585
f 4513 4585 4514
f 4514 4585 4586
f 4514 4586 4515
f 4515 4586 4587
f 4515 4587 4516
f 4516 4587 4588
f 4516 4588 4517
f 4517 4588 4589
f 4517 4589 4518
f 4518 4589 4590
f 4518 4590 4519
f 4519 4590 4591
f 4519 4591 4520
f 4520 4591 4592
f 4520 4592 4521
f 4521 4592 4593
f 4521 4593 4522
f 4522 4593 4594
f 4522 4594 4523
f 4523 4594 4595
f 4523 4595 4524
f 4524 4595 4596
f 4524 4596 4525
f 4525 4596 4597
f 4525 4597 4526
f 4526 4597 4598
f 4526 4598 4527
f 4527 4598 4599
f 4527 4599 4528
f 4528 4599 4600
f 4528 4600 4529
f 4529 4600 4601
f 4529 4601 4530
f 4530 4601 4602
f 4530 4602 4531
f 4531 4602 4603
f 4531 4603 4532
f 4532 4603 4604
f 4532 4604 4533
f 4533 4604 4605
f 4533 4605 4534
f 4534 4605 4606
f 4534 4606 4535
f 4535 4606 4607
f 4535 4607 4536
f 4536 4607 4608
f 4536 4608 4465
f 4465 4608 4537
f 4537 4609 4538
f 4538 4609 4610
f 4538 4610 4539
f 4539 4610 4611
f 4539 4611 4540
f 4540 4611 4612
f 4540 4612 4541
f 4541 4612 4613
f 4541 4613 4542
f 4542 4613 4614
f 4542 4614 4543
f 4543 4614 4615
f 4543 4615 4544
f 4544 4615 4616
f 4544 4616 4545
f 4545 4616 4617
f 4545 4617 4546
f 4546 4617 4618
f 4546 4618 4547
f 4547 4618 4619
f 4547 4619 4548
f 4548 4619 4620
f 4548 4620 4549
f 4549 4620 4621
f 4549 4621 4550
f 4550 4621 4622
f 4550 4622 4551
f 4551 4622 4623
f 4551 4623 4552
f 4552 4623 4624
f 4552 4624 4553
f 4553 4624 4625
f 4553 4625 4554
f 4554 4625 4626
f 4554 4626 4555
f 4555 4626 4627
f 4555 4627 4556
f 4556 4627 4628
f 4556 4628 4557
f 4557 4628 4629
f 4557 4629 4558
f 4558 4629 4630
f 4558 4630 4559
f 4559 4630 4631
f 4559 4631 4560
f 4560 4631 4632
f 4560 4632 4561
f 4561 4632 4633
f 4561 4633 4562
f 4562 4633 4634
f 4562 4634 4563
f 4563 4634 4635
f 4563 4635 4564
f 4564 4635 4636
f 4564 4636 4565
f 4565 4636 4637
f 4565 4637 4566
f 4566 4637 4638
f 4566 4638 4567
f 4567 4638 4639
f 4567 4639 4568
f 4568 4639 4640
f 4568 4640 4569
f 4569 4640 4641
f 4569 4641 4570
f 4570 4641 4642
f 4570 4642 4571
f 4571 4642 4643
f 4571 4643 4572
f 4572 4643 4644
f 4572 4644 4573
f 4573 4644 4645
f 4573 4645 4574
f 4574 4645 4646
f 4574 4646 4575
f 4575 4646 4647
f 4575 4647 4576
f 4576 4647 4648
f 4576 4648 4577
f 4577 4648 4649
f 4577 4649 4578
f 4578 4649 4650
f 4578 4650 4579
f 4579 4650 4651
f 4579 4651 4580
f 4580 4651 4652
f 4580 4652 4581
f 4581 4652 4653
f 4581 4653 4582
f 4582 4653 4654
f 4582 4654 4583
f 4583 4654 4655
f 4583 4655 4584
f 4584 4655 4656
f 4584 4656 4585
f 4585 4656 4657
f 4585 4657 4586
f 4586 4657 4658
f 4586 4658 4587
f 4587 4658 4659
f 4587 4659 4588
f 4588 4659 4660
f 4588 4660 4589
f 4589 4660 4661
f 4589 4661 4590
f 4590 4661 4662
f 4590 4662 4591
f 4591 4662 4663
f 4591 4663 4592
f 4592 4663 4664
f 4592 4664 4593
f 4593 4664 4665
f 4593 4665 4594
f 4594 4665 4666
f 4594 4666 4595
f 4595 4666 4667
f 4595 4667 4596
f 4596 4667 4668
f 4596 4668 4597
f 4597 4668 4669
f 4597 4669 4598
f 4598 4669 4670
f 4598 4670 4599
f 4599 4670 4671
f 4599 4671 4600
f 4600 4671 4672
f 4600 4672 4601
f 4601 4672 4673
f 4601 4673 4602
f 4602 4673 4674
f 4602 4674 4603
f 4603 4674 4675
f 4603 4675 4604
f 4604 4675 4676
f 4604 4676 4605
f 4605 4676 4677
f 4605 4677 4606
f 4606 4677 4678
f 4606 4678 4607
f 4607 4678 4679
f 4607 4679 4608
f 4608 4679 4680
f 4608 4680 4537
f 4537 4680 4609
f 4609 4681 4610
f 4610 4681 4682
f 4610 4682 4611
f 4611 4682 4683
f 4611 4683 4612
f 4612 4683 4684
f 4612 4684 4613
f 4613 4684 4685
f 4613 4685 4614
f 4614 4685 4686
f 4614 4686 4615
f 4615 4686 4687
f 4615 4687 4616
f 4616 4687 4688
f 4616 4688 4617
f 4617 4688 4689
f 4617 4689 4618
f 4618 4689 4690
f 4618 4690 4619
f 4619 4690 4691
f 4619 4691 4620
f 4620 4691 4692
f 4620 4692 4621
f 4621 4692 4693
f 4621 4693 4622
f 4622 4693 4694
f 4622 4694 4623
f 4623 4694 4695
f 4623 4695 4624
f 4624 4695 4696
f 4624 4696 4625
f 4625 4696 4697
f 4625 4697 4626
f 4626 4697 4698
f 4626 4698 4627
f 4627 4698 4699
f 4627 4699 4628
f 4628 4699 4700
f 4628 4700 4629
f 4629 4700 4701
f 4629 4701 4630
f 4630 4701 4702
f 4630 4702 4631
f 4631 4702 4703
f 4631 4703 4632
f 4632 4703 4704
f 4632 4704 4633
f 4633 4704 4705
f 4633 4705 4634
f 4634 4705 4706
f 4634 4706 4635
f 4635 4706 4707
f 4635 4707 4636
f 4636 4707 4708
f 4636 4708 4637
f 4637 4708 4709
f 4637 4709 4638
f 4638 4709 4710
f 4638 4710 4639
f 4639 4710 4711
f 4639 4711 4640
f 4640 4711 4712
f 4640 4712 4641
f 4641 4712 4713
f 4641 4713 4642
f 4642 4713 4714
f 4642 4714 4643
f 4643 4714 4715
f 4643 4715 4644
f 4644 4715 4716
f 4644 4716 4645
f 4645 4716 4717
f 4645 4717 4646
f 4646 4717 4718
f 4646 4718 4647
f 4647 4718 4719
f 4647 4719 4648
f 4648 4719 4720
f 4648 4720 4649
f 4649 4720 4721
f 4649 4721 4650
f 4650 4721 4722
f 4650 4722 4651
f 4651 4722 4723
f 4651 4723 4652
f 4652 4723 4724
f 4652 4724 4653
f 4653 4724 4725
f 4653 4725 4654
f 4654 4725 4726
f 4654 4726 4655
f 4655 4726 4727
f 4655 4727 4656
f 4656 4727 4728
f 4656 4728 4657
f 4657 4728 4729
f 4657 4729 4658
f 4658 4729 4730
f 4658 4730 4659
f 4659 4730 4731
f 4659 4731 4660
f 4660 4731 4732
f 4660 4732 4661
f 4661 4732 4733
f 4661 4733 4662
f 4662 4733 4734
f 4662 4734 4663
f 4663 4734 4735
f 4663 4735 4664
f 4664 4735 4736
f 4664 4736 4665
f 4665 4736 4737
f 4665 4737 4666
f 4666 4737 4738
f 4666 4738 4667
f 4667 4738 4739
f 4667 4739 4668
f 4668 4739 4740
f 4668 4740 4669
f 4669 4740 4741
f 4669 4741 4670
f 4670 4741 4742
f 4670 4742 4671
f 4671 4742 4743
f 4671 4743 4672
f 4672 4743 4744
f 4672 4744 4673
f 4673 4744 4745
f 4673 4745 4674
f 4674 4745 4746
f 4674 4746 4675
f 4675 4746 4747
f 4675 4747 4676
f 4676 4747 4748
f 4676 4748 4677
f 4677 4748 4749
f 4677 4749 4678
f 4678 4749 4750
f 4678 4750 4679
f 4679 4750 4751
f 4679 4751 4680
f 4680 4751 4752
f 4680 4752 4609
f 4609 4752 4681
f 4681 4753 4682
f 4682 4753 4754
f 4682 4754 4683
f 4683 4754 4755
f 4683 4755 4684
f 4684 4755 4756
f 4684 4756 4685
f 4685 4756 4757
f 4685 4757 4686
f 4686 4757 4758
f 4686 4758 4687
f 4687 4758 4759
f 4687 4759 4688
f 4688 4759 4760
f 4688 4760 4689
f 4689 4760 4761
f 4689 4761 4690
f 4690 4761 4762
f 4690 4762 4691
f 4691 4762 4763
f 4691 4763 4692
f 4692 4763 4764
f 4692 4764 4693
f 4693 4764 4765
f 4693 4765 4694
f 4694 4765 4766
f 4694 4766 4695
f 4695 4766 4767
f 4695 4767 4696
f 4696 4767 4768
f 4696 4768 4697
f 4697 4768 4769
f 4697 4769 4698
f 4698 4769 4770
f 4698 4770 4699
f 4699 4770 4771
f 4699 4771 4700
f 4700 4771 4772
f 4700 4772 4701
f 4701 4772 4773
f 4701 4773 4702
f 4702 4773 4774
f 4702 4774 4703
f 4703 4774 4775
f 4703 4775 4704
f 4704 4775 4776
f 4704 4776 4705
f 4705 4776 4777
f 4705 4777 4706
f 4706 4777 4778
f 4706 4778 4707
f 4707 4778 4779
f 4707 4779 4708
f 4708 4779 4780
f 4708 4780 4709
f 4709 4780 4781
f 4709 4781 4710
f 4710 4781 4782
f 4710 4782 4711
f 4711 4782 4783
f 4711 4783 4712
f 4712 4783 4784
f 4712 4784 4713
f 4713 4784 4785
f 4713 4785 4714
f 4714 4785 4786
f 4714 4786 4715
f 4715 4786 4787
f 4715 4787 4716
f 4716 4787 4788
f 4716 4788 4717
f 4717 4788 4789
f 4717 4789 4718
f 4718 4789 4790
f 4718 4790 4719
f 4719 4790 4791
f 4719 4791 4720
f 4720 4791 4792
f 4720 4792 4721
f 4721 4792 4793
f 4721 4793 4722
f 4722 4793 4794
f 4722 4794 4723
f 4723 4794 4795
f 4723 4795 4724
f 4724 4795 4796
f 4724 4796 4725
f 4725 4796 4797
f 4725 4797 4726
f 4726 4797 4798
f 4726 4798 4727
f 4727 4798 4799
f 4727 4799 4728
f 4728 4799 4800
f 4728 4800 4729
f 4729 4800 4801
f 4729 4801 4730
f 4730 4801 4802
f 4730 4802 4731
f 4731 4802 4803
f 4731 4803 4732
f 4732 4803 4804
f 4732 4804 4733
f 4733 4804 4805
f 4733 4805 4734
f 4734 4805 4806
f 4734 4806 4735
f 4735 4806 4807
f 4735 4807 4736
f 4736 4807 4808
f 4736 4808 4737
f 4737 4808 4809
f 4737 4809 4738
f 4738 4809 4810
f 4738 4810 4739
f 4739 4810 4811
f 4739 4811 4740
f 4740 4811 4812
f 4740 4812 4741
f 4741 4812 4813
f 4741 4813 4742
f 4742 4813 4814
f 4742 4814 4743
f 4743 4814 4815
f 4743 4815 4744
f 4744 4815 4816
f 4744 4816 4745
f 4745 4816 4817
f 4745 4817 4746
f 4746 4817 4818
f 4746 4818 4747
f 4747 4818 4819
f 4747 4819 4748
f 4748 4819 4820
f 4748 4820 4749
f 4749 4820 4821
f 4749 4821 4750
f 4750 4821 4822
f 4750 4822 4751
f 4751 4822 4823
f 4751 4823 4752
f 4752 4823 4824
f 4752 4824 4681
f 4681 4824 4753
f 4753 4825 4754
f 4754 4825 4826
f 4754 4826 4755
f 4755 4826 4827
f 4755 4827 4756
f 4756 4827 4828
f 4756 4828 4757
f 4757 4828 4829
f 4757 4829 4758
f 4758 4829 4830
f 4758 4830 4759
f 4759 4830 4831
f 4759 4831 4760
f 4760 4831 4832
f 4760 4832 4761
f 4761 4832 4833
f 4761 4833 4762
f 4762 4833 4834
f 4762 4834 4763
f 4763 4834 4835
f 4763 4835 4764
f 4764 4835 4836
f 4764 4836 4765
f 4765 4836 4837
f 4765 4837 4766
f 4766 4837 4838
f 4766 4838 4767
f 4767 4838 4839
f 4767 4839 4768
f 4768 4839 4840
f 4768 4840 4769
f 4769 4840 4841
f 4769 4841 4770
f 4770 4841 4842
f 4770 4842 4771
f 4771 4842 4843
f 4771 4843 4772
f 4772 4843 4844
f 4772 4844 4773
f 4773 4844 4845
f 4773 4845 4774
f 4774 4845 4846
f 4774 4846 4775
f 4775 4846 4847
f 4775 4847 4776
f 4776 4847 4848
f 4776 4848 4777
f 4777 4848 4849
f 4777 4849 4778
f 4778 4849 4850
f 4778 4850 4779
f 4779 4850 4851
f 4779 4851 4780
f 4780 4851 4852
f 4780 4852 4781
f 4781 4852 4853
f 4781 4853 4782
f 4782 4853 4854
f 4782 4854 4783
f 4783 4854 4855
f 4783 4855 4784
f 4784 4855 4856
f 4784 4856 4785
f 4785 4856 4857
f 4785 4857 4786
f 4786 4857 4858
f 4786 4858 4787
f 4787 4858 4859
f 4787 4859 4788
f 4788 4859 4860
f 4788 4860 4789
f 4789 4860 4861
f 4789 4861 4790
f 4790 4861 4862
f 4790 4862 4791
f 4791 4862 4863
f 4791 4863 4792
f 4792 4863 4864
f 4792 4864 4793
f 4793 4864 4865
f 4793 4865 4794
f 4794 4865 4866
f 4794 4866 4795
f 4795 4866 4867
f 4795 4867 4796
f 4796 4867 4868
f 4796 4868 4797
f 4797 4868 4869
f 4797 4869 4798
f 4798 4869 4870
f 4798 4870 4799
f 4799 4870 4871
f 4799 4871 4800
f 4800 4871 4872
f 4800 4872 4801
f 4801 4872 4873
f 4801 4873 4802
f 4802 4873 4874
f 4802 4874 4803
f 4803 4874 4875
f 4803 4875 4804
f 4804 4875 4876
f 4804 4876 4805
f 4805 4876 4877
f 4805 4877 4806
f 4806 4877 4878
f 4806 4878 4807
f 4807 4878 4879
f 4807 4879 4808
f 4808 4879 4880
f 4808 4880 4809
f 4809 4880 4881
f 4809 4881 4810
f 4810 4881 4882
f 4810 4882 4811
f 4811 4882 4883
f 4811 4883 4812
f 4812 4883 4884
f 4812 4884 4813
f 4813 4884 4885
f 4813 4885 4814
f 4814 4885 4886
f 4814 4886 4815
f 4815 4886 4887
f 4815 4887 4816
f 4816 4887 4888
f 4816 4888 4817
f 4817 4888 4889
f 4817 4889 4818
f 4818 4889 4890
f 4818 4890 4819
f 4819 4890 4891
f 4819 4891 4820
f 4820 4891 4892
f 4820 4892 4821
f 4821 4892 4893
f 4821 4893 4822
f 4822 4893 4894
f 4822 4894 4823
f 4823 4894 4895
f 4823 4895 4824
f 4824 4895 4896
f 4824 4896 4753
f 4753 4896 4825
f 4825 4897 4826
f 4826 4897 4898
f 4826 4898 4827
f 4827 4898 4899
f 4827 4899 4828
f 4828 4899 4900
f 4828 4900 4829
f 4829 4900 4901
f 4829 4901 4830
f 4830 4901 4902
f 4830 4902 4831
f 4831 4902 4903
f 4831 4903 4832
f 4832 4903 4904
f 4832 4904 4833
f 4833 4904 4905
f 4833 4905 4834
f 4834 4905 4906
f 4834 4906 4835
f 4835 4906 4907
f 4835 4907 4836
f 4836 4907 4908
f 4836 4908 4837
f 4837 4908 4909
f 4837 4909 4838
f 4838 4909 4910
f 4838 4910 4839
f 4839 4910 4911
f 4839 4911 4840
f 4840 4911 4912
f 4840 4912 4841
f 4841 4912 4913
f 4841 4913 4842
f 4842 4913 4914
f 4842 4914 4843
f 4843 4914 4915
f 4843 4915 4844
f 4844 4915 4916
f 4844 4916 4845
f 4845 4916 4917
f 4845 4917 4846
f 4846 4917 4918
f 4846 4918 4847
f 4847 4918 4919
f 4847 4919 4848
f 4848 4919 4920
f 4848 4920 4849
f 4849 4920 4921
f 4849 4921 4850
f 4850 4921 4922
f 4850 4922 4851
f 4851 4922 4923
f 4851 4923 4852
f 4852 4923 4924
f 4852 4924 4853
f 4853 4924 4925
f 4853 4925 4854
f 4854 4925 4926
f 4854 4926 4855
f 4855 4926 4927
f 4855 4927 4856
f 4856 4927 4928
f 4856 4928 4857
f 4857 4928 4929
f 4857 4929 4858
f 4858 4929 4930
f 4858 4930 4859
f 4859 4930 4931
f 4859 4931 4860
f 4860 4931 4932
f 4860 4932 4861
f 4861 4932 4933
f 4861 4933 4862
f 4862 4933 4934
f 4862 4934 4863
f 4863 4934 4935
f 4863 4935 4864
f 4864 4935 4936
f 4864 4936 4865
f 4865 4936 4937
f 4865 4937 4866
f 4866 4937 4938
f 4866 4938 4867
f 4867 4938 4939
f 4867 4939 4868
f 4868 4939 4940
f 4868 4940 4869
f 4869 4940 4941
f 4869 4941 4870
f 4870 4941 4942
f 4870 4942 4871
f 4871 4942 4943
f 4871 4943 4872
f 4872 4943 4944
f 4872 4944 4873
f 4873 4944 4945
f 4873 4945 4874
f 4874 4945 4946
f 4874 4946 4875
f 4875 4946 4947
f 4875 4947 4876
f 4876 4947 4948
f 4876 4948 4877
f 4877 4948 4949
f 4877 4949 4878
f 4878 4949 4950
f 4878 4950 4879
f 4879 4950 4951
f 4879 4951 4880
f 4880 4951 4952
f 4880 4952 4881
f 4881 4952 4953
f 4881 4953 4882
f 4882 4953 4954
f 4882 4954 4883
f 4883 4954 4955
f 4883 4955 4884
f 4884 4955 4956
f 4884 4956 4885
f 4885 4956 4957
f 4885 4957 4886
f 4886 4957 4958
f 4886 4958 4887
f 4887 4958 4959
f 4887 4959 4888
f 4888 4959 4960
f 4888 4960 4889
f 4889 4960 4961
f 4889 4961 4890
f 4890 4961 4962
f 4890 4962 4891
f 4891 4962 4963
f 4891 4963 4892
f 4892 4963 4964
f 4892 4964 4893
f 4893 4964 4965
f 4893 4965 4894
f 4894 4965 4966
f 4894 4966 4895
f 4895 4966 4967
f 4895 4967 4896
f 4896 4967 4968
f 4896 4968 4825
f 4825 4968 4897
f 4897 4969 4898
f 4898 4969 4970
f 4898 4970 4899
f 4899 4970 4971
f 4899 4971 4900
f 4900 4971 4972
f 4900 4972 4901
f 4901 4972 4973
f 4901 4973 4902
f 4902 4973 4974
f 4902 4974 4903
f 4903 4974 4975
f 4903 4975 4904
f 4904 4975 4976
f 4904 4976 4905
f 4905 4976 4977
f 4905 4977 4906
f 4906 4977 4978
f 4906 4978 4907
f 4907 4978 4979
f 4907 4979 4908
f 4908 4979 4980
f 4908 4980 4909
f 4909 4980 4981
f 4909 4981 4910
f 4910 4981 4982
f 4910 4982 4911
f 4911 4982 4983
f 4911 4983 4912
f 4912 4983 4984
f 4912 4984 4913
f 4913 4984 4985
f 4913 4985 4914
f 4914 4985 4986
f 4914 4986 4915
f 4915 4986 4987
f 4915 4987 4916
f 4916 4987 4988
f 4916 4988 4917
f 4917 4988 4989
f 4917 4989 4918
f 4918 4989 4990
f 4918 4990 4919
f 4919 4990 4991
f 4919 4991 4920
f 4920 4991 4992
f 4920 4992 4921
f 4921 4992 4993
f 4921 4993 4922
f 4922 4993 4994
f 4922 4994 4923
f 4923 4994 4995
f 4923 4995 4924
f 4924 4995 4996
f 4924 4996 4925
f 4925 4996 4997
f 4925 4997 4926
f 4926 4997 4998
f 4926 4998 4927
f 4927 4998 4999
f 4927 4999 4928
f 4928 4999 5000
f 4928 5000 4929
f 4929 5000 5001
f 4929 5001 4930
f 4930 5001 5002
f 4930 5002 4931
f 4931 5002 5003
f 4931 5003 4932
f 4932 5003 5004
f 4932 5004 4933
f 4933 5004 5005
f 4933 5005 4934
f 4934 5005 5006
f 4934 5006 4935
f 4935 5006 5007
f 4935 5007 4936
f 4936 5007 5008
f 4936 5008 4937
f 4937 5008 5009
f 4937 5009 4938
f 4938 5009 5010
f 4938 5010 4939
f 4939 5010 5011
f 4939 5011 4940
f 4940 5011 5012
f 4940 5012 4941
f 4941 5012 5013
f 4941 5013 4942
f 4942 5013 5014
f 4942 5014 4943
f 4943 5014 5015
f 4943 5015 4944
f 4944 5015 5016
f 4944 5016 4945
f 4945 5016 5017
f 4945 5017 4946
f 4946 5017 5018
f 4946 5018 4947
f 4947 5018 5019
f 4947 5019 4948
f 4948 5019 5020
f 4948 5020 4949
f 4949 5020 5021
f 4949 5021 4950
f 4950 5021 5022
f 4950 5022 4951
f 4951 5022 5023
f 4951 5023 4952
f 4952 5023 5024
f 4952 5024 4953
f 4953 5024 5025
f 4953 5025 4954
f 4954 5025 5026
f 4954 5026 4955
f 4955 5026 5027
f 4955 5027 4956
f 4956 5027 5028
f 4956 5028 4957
f 4957 5028 5029
f 4957 5029 4958
f 4958 5029 5030
f 4958 5030 4959
f 4959 5030 5031
f 4959 5031 4960
f 4960 5031 5032
f 4960 5032 4961
f 4961 5032 5033
f 4961 5033 4962
f 4962 5033 5034
f 4962 5034 4963
f 4963 5034 5035
f 4963 5035 4964
f 4964 5035 5036
f 4964 5036 4965
f 4965 5036 5037
f 4965 5037 4966
f 4966 5037 5038
f 4966 5038 4967
f 4967 5038 5039
f 4967 5039 4968
f 4968 5039 5040
f 4968 5040 4897
f 4897 5040 4969
f 4969 5041 4970
f 4970 5041 5042
f 4970 5042 4971
f 4971 5042 5043
f 4971 5043 4972
f 4972 5043 5044
f 4972 5044 4973
f 4973 5044 5045
f 4973 5045 4974
f 4974 5045 5046
f 4974 5046 4975
f 4975 5046 5047
f 4975 5047 4976
f 4976 5047 5048
f 4976 5048 4977
f 4977 5048 5049
f 4977 5049 4978
f 4978 5049 5050
f 4978 5050 4979
f 4979 5050 5051
f 4979 5051 4980
f 4980 5051 5052
f 4980 5052 4981
f 4981 5052 5053
f 4981 5053 4982
f 4982 5053 5054
f 4982 5054 4983
f 4983 5054 5055
f 4983 5055 4984
f 4984 5055 5056
f 4984 5056 4985
f 4985 5056 5057
f 4985 5057 4986
f 4986 5057 5058
f 4986 5058 4987
f 4987 5058 5059
f 4987 5059 4988
f 4988 5059 5060
f 4988 5060 4989
f 4989 5060 5061
f 4989 5061 4990
f 4990 5061 5062
f 4990 5062 4991
f 4991 5062 5063
f 4991 5063 4992
f 4992 5063 5064
f 4992 5064 4993
f 4993 5064 5065
f 4993 5065 4994
f 4994 5065 5066
f 4994 5066 4995
f 4995 5066 5067
f 4995 5067 4996
f 4996 5067 5068
f 4996 5068 4997
f 4997 5068 5069
f 4997 5069 4998
f 4998 5069 5070
f 4998 5070 4999
f 4999 5070 5071
f 4999 5071 5000
f 5000 5071 5072
f 5000 5072 5001
f 5001 5072 5073
f 5001 5073 5002
f 5002 5073 5074
f 5002 5074 5003
f 5003 5074 5075
f 5003 5075 5004
f 5004 5075 5076
f 5004 5076 5005
f 5005 5076 5077
f 5005 5077 5006
f 5006 5077 5078
f 5006 5078 5007
f 5007 5078 5079
f 5007 5079 5008
f 5008 5079 5080
f 5008 5080 5009
f 5009 5080 5081
f 5009 5081 5010
f 5010 5081 5082
f 5010 5082 5011
f 5011 5082 5083
f 5011 5083 5012
f 5012 5083 5084
f 5012 5084 5013
f 5013 5084 5085
f 5013 5085 5014
f 5014 5085 5086
f 5014 5086 5015
f 5015 5086 5087
f 5015 5087 5016
f 5016 5087 5088
f 5016 5088 5017
f 5017 5088 5089
f 5017 5089 5018
f 5018 5089 5090
f 5018 5090 5019
f 5019 5090 5091
f 5019 5091 5020
f 5020 5091 5092
f 5020 5092 5021
f 5021 5092 5093
f 5021 5093 5022
f 5022 5093 5094
f 5022 5094 5023
f 5023 5094 5095
f 5023 5095 5024
f 5024 5095 5096
f 5024 5096 5025
f 5025 5096 5097
f 5025 5097 5026
f 5026 5097 5098
f 5026 5098 5027
f 5027 5098 5099
f 5027 5099 5028
f 5028 5099 5100
f 5028 5100 5029
f 5029 5100 5101
f 5029 5101 5030
f 5030 5101 5102
f 5030 5102 5031
f 5031 5102 5103
f 5031 5103 5032
f 5032 5103 5104
f 5032 5104 5033
f 5033 5104 5105
f 5033 5105 5034
f 5034 5105 5106
f 5034 5106 5035
f 5035 5106 5107
f 5035 5107 5036
f 5036 5107 5108
f 5036 5108 5037
f 5037 5108 5109
f 5037 5109 5038
f 5038 5109 5110
f 5038 5110 5039
f 5039 5110 5111
f 5039 5111 5040
f 5040 5111 5112
f 5040 5112 4969
f 4969 5112 5041
f 5041 5113 5042
f 5042 5113 5114
f 5042 5114 5043
f 5043 5114 5115
f 5043 5115 5044
f 5044 5115 5116
f 5044 5116 5045
f 5045 5116 5117
f 5045 5117 5046
f 5046 5117 5118
f 5046 5118 5047
f 5047 5118 5119
f 5047 5119 5048
f 5048 5119 5120
f 5048 5120 5049
f 5049 5120 5121
f 5049 5121 5050
f 5050 5121 5122
f 5050 5122 5051
f 5051 5122 5123
f 5051 5123 5052
f 5052 5123 5124
f 5052 5124 5053
f 5053 5124 5125
f 5053 5125 5054
f 5054 5125 5126
f 5054 5126 5055
f 5055 5126 5127
f 5055 5127 5056
f 5056 5127 5128
f 5056 5128 5057
f 5057 5128 5129
f 5057 5129 5058
f 5058 5129 5130
f 5058 5130 5059
f 5059 5130 5131
f 5059 5131 5060
f 5060 5131 5132
f 5060 5132 5061
f 5061 5132 5133
f 5061 5133 5062
f 5062 5133 5134
f 5062 5134 5063
f 5063 5134 5135
f 5063 5135 5064
f 5064 5135 5136
f 5064 5136 5065
f 5065 5136 5137
f 5065 5137 5066
f 5066 5137 5138
f 5066 5138 5067
f 5067 5138 5139
f 5067 5139 5068
f 5068 5139 5140
f 5068 5140 5069
f 5069 5140 5141
f 5069 5141 5070
f 5070 5141 5142
f 5070 5142 5071
f 5071 5142 5143
f 5071 5143 5072
f 5072 5143 5144
f 5072 5144 5073
f 5073 5144 5145
f 5073 5145 5074
f 5074 5145 5146
f 5074 5146 5075
f 5075 5146 5147
f 5075 5147 5076
f 5076 5147 5148
f 5076 5148 5077
f 5077 5148 5149
f 5077 5149 5078
f 5078 5149 5150
f 5078 5150 5079
f 5079 5150 5151
f 5079 5151 5080
f 5080 5151 5152
f 5080 5152 5081
f 5081 5152 5153
f 5081 5153 5082
f 5082 5153 5154
f 5082 5154 5083
f 5083 5154 5155
f 5083 5155 5084
f 5084 5155 5156
f 5084 5156 5085
f 5085 5156 5157
f 5085 5157 5086
f 5086 5157 5158
f 5086 5158 5087
f 5087 5158 5159
f 5087 5159 5088
f 5088 5159 5160
f 5088 5160 5089
f 5089 5160 5161
f 5089 5161 5090
f 5090 5161 5162
f 5090 5162 5091
f 5091 5162 5163
f 5091 5163 5092
f 5092 5163 5164
f 5092 5164 5093
f 5093 5164 5165
f 5093 5165 5094
f 5094 5165 5166
f 5094 5166 5095
f 5095 5166 5167
f 5095 5167 5096
f 5096 5167 5168
f 5096 5168 5097
f 5097 5168 5169
f 5097 5169 5098
f 5098 5169 5170
f 5098 5170 5099
f 5099 5170 5171
f 5099 5171 5100
f 5100 5171 5172
f 5100 5172 5101
f 5101 5172 5173
f 5101 5173 5102
f 5102 5173 5174
f 5102 5174 5103
f 5103 5174 5175
f 5103 5175 5104
f 5104 5175 5176
f 5104 5176 5105
f 5105 5176 5177
f 5105 5177 5106
f 5106 5177 5178
f 5106 5178 5107
f 5107 5178 5179
f 5107 5179 5108
f 5108 5179 5180
f 5108 5180 5109
f 5109 5180 5181
f 5109 5181 5110
f 5110 5181 5182
f 5110 5182 5111
f 5111 5182 5183
f 5111 5183 5112
f 5112 5183 5184
f 5112 5184 5041
f 5041 5184 5113
f 5113 5185 5114
f 5114 5185 5186
f 5114 5186 5115
f 5115 5186 5187
f 5115 5187 5116
f 5116 5187 5188
f 5116 5188 5117
f 5117 5188 5189
f 5117 5189 5118
f 5118 5189 5190
f 5118 5190 5119
f 5119 5190 5191
f 5119 5191 5120
f 5120 5191 5192
f 5120 5192 5121
f 5121 5192 5193
f 5121 5193 5122
f 5122 5193 5194
f 5122 5194 5123
f 5123 5194 5195
f 5123 5195 5124
f 5124 5195 5196
f 5124 5196 5125
f 5125 5196 5197
f 5125 5197 5126
f 5126 5197 5198
f 5126 5198 5127
f 5127 5198 5199
f 5127 5199 5128
f 5128 5199 5200
f 5128 5200 5129
f 5129 5200 5201
f 5129 5201 5130
f 5130 5201 5202
f 5130 5202 5131
f 5131 5202 5203
f 5131 5203 5132
f 5132 5203 5204
f 5132 5204 5133
f 5133 5204 5205
f 5133 5205 5134
f 5134 5205 5206
f 5134 5206 5135
f 5135 5206 5207
f 5135 5207 5136
f 5136 5207 5208
f 5136 5208 5137
f 5137 5208 5209
f 5137 5209 5138
f 5138 5209 5210
f 5138 5210 5139
f 5139 5210 5211
f 5139 5211 5140
f 5140 5211 5212
f 5140 5212 5141
f 5141 5212 5213
f 5141 5213 5142
f 5142 5213 5214
f 5142 5214 5143
f 5143 5214 5215
f 5143 5215 5144
f 5144 5215 5216
f 5144 5216 5145
f 5145 5216 5217
f 5145 5217 5146
f 5146 5217 5218
f 5146 5218 5147
f 5147 5218 5219
f 5147 5219 5148
f 5148 5219 5220
f 5148 5220 5149
f 5149 5220 5221
f 5149 5221 5150
f 5150 5221 5222
f 5150 5222 5151
f 5151 5222 5223
f 5151 5223 5152
f 5152 5223 5224
f 5152 5224 5153
f 5153 5224 5225
f 5153 5225 5154
f 5154 5225 5226
f 5154 5226 5155
f 5155 5226 5227
f 5155 5227 5156
f 5156 5227 5228
f 5156 5228 5157
f 5157 5228 5229
f 5157 5229 5158
f 5158 5229 5230
f 5158 5230 5159
f 5159 5230 5231
f 5159 5231 5160
f 5160 5231 5232
f 5160 5232 5161
f 5161 5232 5233
f 5161 5233 5162
f 5162 5233 5234
f 5162 5234 5163
f 5163 5234 5235
f 5163 5235 5164
f 5164 5235 5236
f 5164 5236 5165
f 5165 5236 5237
f 5165 5237 5166
f 5166 5237 5238
f 5166 5238 5167
f 5167 5238 5239
f 5167 5239 5168
f 5168 5239 5240
f 5168 5240 5169
f 5169 5240 5241
f 5169 5241 5170
f 5170 5241 5242
f 5170 5242 5171
f 5171 5242 5243
f 5171 5243 5172
f 5172 5243 5244
f 5172 5244 5173
f 5173 5244 5245
f 5173 5245 5174
f 5174 5245 5246
f 5174 5246 5175
f 5175 5246 5247
f 5175 5247 5176
f 5176 5247 5248
f 5176 5248 5177
f 5177 5248 5249
f 5177 5249 5178
f 5178 5249 5250
f 5178 5250 5179
f 5179 5250 5251
f 5179 5251 5180
f 5180 5251 5252
f 5180 5252 5181
f 5181 5252 5253
f 5181 5253 5182
f 5182 5253 5254
f 5182 5254 5183
f 5183 5254 5255
f 5183 5255 5184
f 5184 5255 5256
f 5184 5256 5113
f 5113 5256 5185
f 5185 5257 5186
f 5186 5257 5258
f 5186 5258 5187
f 5187 5258 5259
f 5187 5259 5188
f 5188 5259 5260
f 5188 5260 5189
f 5189 5260 5261
f 5189 5261 5190
f 5190 5261 5262
f 5190 5262 5191
f 5191 5262 5263
f 5191 5263 5192
f 5192 5263 5264
f 5192 5264 5193
f 5193 5264 5265
f 5193 5265 5194
f 5194 5265 5266
f 5194 5266 5195
f 5195 5266 5267
f 5195 5267 5196
f 5196 5267 5268
f 5196 5268 5197
f 5197 5268 5269
f 5197 5269 5198
f 5198 5269 5270
f 5198 5270 5199
f 5199 5270 5271
f 5199 5271 5200
f 5200 5271 5272
f 5200 5272 5201
f 5201 5272 5273
f 5201 5273 5202
f 5202 5273 5274
f 5202 5274 5203
f 5203 5274 5275
f 5203 5275 5204
f 5204 5275 5276
f 5204 5276 5205
f 5205 5276 5277
f 5205 5277 5206
f 5206 5277 5278
f 5206 5278 5207
f 5207 5278 5279
f 5207 5279 5208
f 5208 5279 5280
f 5208 5280 5209
f 5209 5280 5281
f 5209 5281 5210
f 5210 5281 5282
f 5210 5282 5211
f 5211 5282 5283
f 5211 5283 5212
f 5212 5283 5284
f 5212 5284 5213
f 5213 5284 5285
f 5213 5285 5214
f 5214 5285 5286
f 5214 5286 5215
f 5215 5286 5287
f 5215 5287 5216
f 5216 5287 5288
f 5216 5288 5217
f 5217 5288 5289
f 5217 5289 5218
f 5218 5289 5290
f 5218 5290 5219
f 5219 5290 5291
f 5219 5291 5220
f 5220 5291 5292
f 5220 5292 5221
f 5221 5292 5293
f 5221 5293 5222
f 5222 5293 5294
f 5222 5294 5223
f 5223 5294 5295
f 5223 5295 5224
f 5224 5295 5296
f 5224 5296 5225
f 5225 5296 5297
f 5225 5297 5226
f 5226 5297 5298
f 5226 5298 5227
f 5227 5298 5299
f 5227 5299 5228
f 5228 5299 5300
f 5228 5300 5229
f 5229 5300 5301
f 5229 5301 5230
f 5230 5301 5302
f 5230 5302 5231
f 5231 5302 5303
f 5231 5303 5232
f 5232 5303 5304
f 5232 5304 5233
f 5233 5304 5305
f 5233 5305 5234
f 5234 5305 5306
f 5234 5306 5235
f 5235 5306 5307
f 5235 5307 5236
f 5236 5307 5308
f 5236 5308 5237
f 5237 5308 5309
f 5237 5309 5238
f 5238 5309 5310
f 5238 5310 5239
f 5239 5310 5311
f 5239 5311 5240
f 5240 5311 5312
f 5240 5312 5241
f 5241 5312 5313
f 5241 5313 5242
f 5242 5313 5314
f 5242 5314 5243
f 5243 5314 5315
f 5243 5315 5244
f 5244 5315 5316
f 5244 5316 5245
f 5245 5316 5317
f 5245 5317 5246
f 5246 5317 5318
f 5246 5318 5247
f 5247 5318 5319
f 5247 5319 5248
f 5248 5319 5320
f 5248 5320 5249
f 5249 5320 5321
f 5249 5321 5250
f 5250 5321 5322
f 5250 5322 5251
f 5251 5322 5323
f 5251 5323 5252
f 5252 5323 5324
f 5252 5324 5253
f 5253 5324 5325
f 5253 5325 5254
f 5254 5325 5326
f 5254 5326 5255
f 5255 5326 5327
f 5255 5327 5256
f 5256 5327 5328
f 5256 5328 5185
f 5185 5328 5257
f 5257 5329 5258
f 5258 5329 5330
f 5258 5330 5259
f 5259 5330 5331
f 5259 5331 5260
f 5260 5331 5332
f 5260 5332 5261
f 5261 5332 5333
f 5261 5333 5262
f 5262 5333 5334
f 5262 5334 5263
f 5263 5334 5335
f 5263 5335 5264
f 5264 5335 5336
f 5264 5336 5265
f 5265 5336 5337
f 5265 5337 5266
f 5266 5337 5338
f 5266 5338 5267
f 5267 5338 5339
f 5267 5339 5268
f 5268 5339 5340
f 5268 5340 5269
f 5269 5340 5341
f 5269 5341 5270
f 5270 5341 5342
f 5270 5342 5271
f 5271 5342 5343
f 5271 5343 5272
f 5272 5343 5344
f 5272 5344 5273
f 5273 5344 5345
f 5273 5345 5274
f 5274 5345 5346
f 5274 5346 5275
f 5275 5346 5347
f 5275 5347 5276
f 5276 5347 5348
f 5276 5348 5277
f 5277 5348 5349
f 5277 5349 5278
f 5278 5349 5350
f 5278 5350 5279
f 5279 5350 5351
f 5279 5351 5280
f 5280 5351 5352
f 5280 5352 5281
f 5281 5352 5353
f 5281 5353 5282
f 5282 5353 5354
f 5282 5354 5283
f 5283 5354 5355
f 5283 5355 5284
f 5284 5355 5356
f 5284 5356 5285
f 5285 5356 5357
f 5285 5357 5286
f 5286 5357 5358
f 5286 5358 5287
f 5287 5358 5359
f 5287 5359 5288
f 5288 5359 5360
f 5288 5360 5289
f 5289 5360 5361
f 5289 5361 5290
f 5290 5361 5362
f 5290 5362 5291
f 5291 5362 5363
f 5291 5363 5292
f 5292 5363 5364
f 5292 5364 5293
f 5293 5364 5365
f 5293 5365 5294
f 5294 5365 5366
f 5294 5366 5295
f 5295 5366 5367
f 5295 5367 5296
f 5296 5367 5368
f 5296 5368 5297
f 5297 5368 5369
f 5297 5369 5298
f 5298 5369 5370
f 5298 5370 5299
f 5299 5370 5371
f 5299 5371 5300
f 5300 5371 5372
f 5300 5372 5301
f 5301 5372 5373
f 5301 5373 5302
f 5302 5373 5374
f 5302 5374 5303
f 5303 5374 5375
f 5303 5375 5304
f 5304 5375 5376
f 5304 5376 5305
f 5305 5376 5377
f 5305 5377 5306
f 5306 5377 5378
f 5306 5378 5307
f 5307 5378 5379
f 5307 5379 5308
f 5308 5379 5380
f 5308 5380 5309
f 5309 5380 5381
f 5309 5381 5310
f 5310 5381 5382
f 5310 5382 5311
f 5311 5382 5383
f 5311 5383 5312
f 5312 5383 5384
f 5312 5384 5313
f 5313 5384 5385
f 5313 5385 5314
f 5314 5385 5386
f 5314 5386 5315
f 5315 5386 5387
f 5315 5387 5316
f 5316 5387 5388
f 5316 5388 5317
f 5317 5388 5389
f 5317 5389 5318
f 5318 5389 5390
f 5318 5390 5319
f 5319 5390 5391
f 5319 5391 5320
f 5320 5391 5392
f 5320 5392 5321
f 5321 5392 5393
f 5321 5393 5322
f 5322 5393 5394
f 5322 5394 5323
f 5323 5394 5395
f 5323 5395 5324
f 5324 5395 5396
f 5324 5396 5325
f 5325 5396 5397
f 5325 5397 5326
f 5326 5397 5398
f 5326 5398 5327
f 5327 5398 5399
f 5327 5399 5328
f 5328 5399 5400
f 5328 5400 5257
f 5257 5400 5329
f 5329 5401 5330
f 5330 5401 5402
f 5330 5402 5331
f 5331 5402 5403
f 5331 5403 5332
f 5332 5403 5404
f 5332 5404 5333
f 5333 5404 5405
f 5333 5405 5334
f 5334 5405 5406
f 5334 5406 5335
f 5335 5406 5407
f 5335 5407 5336
f 5336 5407 5408
f 5336 5408 5337
f 5337 5408 5409
f 5337 5409 5338
f 5338 5409 5410
f 5338 5410 5339
f 5339 5410 5411
f 5339 5411 5340
f 5340 5411 5412
f 5340 5412 5341
f 5341 5412 5413
f 5341 5413 5342
f 5342 5413 5414
f 5342 5414 5343
f 5343 5414 5415
f 5343 5415 5344
f 5344 5415 5416
f 5344 5416 5345
f 5345 5416 5417
f 5345 5417 5346
f 5346 5417 5418
f 5346 5418 5347
f 5347 5418 5419
f 5347 5419 5348
f 5348 5419 5420
f 5348 5420 5349
f 5349 5420 5421
f 5349 5421 5350
f 5350 5421 5422
f 5350 5422 5351
f 5351 5422 5423
f 5351 5423 5352
f 5352 5423 5424
f 5352 5424 5353
f 5353 5424 5425
f 5353 5425 5354
f 5354 5425 5426
f 5354 5426 5355
f 5355 5426 5427
f 5355 5427 5356
f 5356 5427 5428
f 5356 5428 5357
f 5357 5428 5429
f 5357 5429 5358
f 5358 5429 5430
f 5358 5430 5359
f 5359 5430 5431
f 5359 5431 5360
f 5360 5431 5432
f 5360 5432 5361
f 5361 5432 5433
f 5361 5433 5362
f 5362 5433 5434
f 5362 5434 5363
f 5363 5434 5435
f 5363 5435 5364
f 5364 5435 5436
f 5364 5436 5365
f 5365 5436 5437
f 5365 5437 5366
f 5366 5437 5438
f 5366 5438 5367
f 5367 5438 5439
f 5367 5439 5368
f 5368 5439 5440
f 5368 5440 5369
f 5369 5440 5441
f 5369 5441 5370
f 5370 5441 5442
f 5370 5442 5371
f 5371 5442 5443
f 5371 5443 5372
f 5372 5443 5444
f 5372 5444 5373
f 5373 5444 5445
f 5373 5445 5374
f 5374 5445 5446
f 5374 5446 5375
f 5375 5446 5447
f 5375 5447 5376
f 5376 5447 5448
f 5376 5448 5377
f 5377 5448 5449
f 5377 5449 5378
f 5378 5449 5450
f 5378 5450 5379
f 5379 5450 5451
f 5379 5451 5380
f 5380 5451 5452
f 5380 5452 5381
f 5381 5452 5453
f 5381 5453 5382
f 5382 5453 5454
f 5382 5454 5383
f 5383 5454 5455
f 5383 5455 5384
f 5384 5455 5456
f 5384 5456 5385
f 5385 5456 5457
f 5385 5457 5386
f 5386 5457 5458
f 5386 5458 5387
f 5387 5458 5459
f 5387 5459 5388
f 5388 5459 5460
f 5388 5460 5389
f 5389 5460 5461
f 5389 5461 5390
f 5390 5461 5462
f 5390 5462 5391
f 5391 5462 5463
f 5391 5463 5392
f 5392 5463 5464
f 5392 5464 5393
f 5393 5464 5465
f 5393 5465 5394
f 5394 5465 5466
f 5394 5466 5395
f 5395 5466 5467
f 5395 5467 5396
f 5396 5467 5468
f 5396 5468 5397
f 5397 5468 5469
f 5397 5469 5398
f 5398 5469 5470
f 5398 5470 5399
f 5399 5470 5471
f 5399 5471 5400
f 5400 5471 5472
f 5400 5472 5329
f 5329 5472 5401
f 5401 5473 5402
f 5402 5473 5474
f 5402 5474 5403
f 5403 5474 5475
f 5403 5475 5404
f 5404 5475 5476
f 5404 5476 5405
f 5405 5476 5477
f 5405 5477 5406
f 5406 5477 5478
f 5406 5478 5407
f 5407 5478 5479
f 5407 5479 5408
f 5408 5479 5480
f 5408 5480 5409
f 5409 5480 5481
f 5409 5481 5410
f 5410 5481 5482
f 5410 5482 5411
f 5411 5482 5483
f 5411 5483 5412
f 5412 5483 5484
f 5412 5484 5413
f 5413 5484 5485
f 5413 5485 5414
f 5414 5485 5486
f 5414 5486 5415
f 5415 5486 5487
f 5415 5487 5416
f 5416 5487 5488
f 5416 5488 5417
f 5417 5488 5489
f 5417 5489 5418
f 5418 5489 5490
f 5418 5490 5419
f 5419 5490 5491
f 5419 5491 5420
f 5420 5491 5492
f 5420 5492 5421
f 5421 5492 5493
f 5421 5493 5422
f 5422 5493 5494
f 5422 5494 5423
f 5423 5494 5495
f 5423 5495 5424
f 5424 5495 5496
f 5424 5496 5425
f 5425 5496 5497
f 5425 5497 5426
f 5426 5497 5498
f 5426 5498 5427
f 5427 5498 5499
f 5427 5499 5428
f 5428 5499 5500
f 5428 5500 5429
f 5429 5500 5501
f 5429 5501 5430
f 5430 5501 5502
f 5430 5502 5431
f 5431 5502 5503
f 5431 5503 5432
f 5432 5503 5504
f 5432 5504 5433
f 5433 5504 5505
f 5433 5505 5434
f 5434 5505 5506
f 5434 5506 5435
f 5435 5506 5507
f 5435 5507 5436
f 5436 5507 5508
f 5436 5508 5437
f 5437 5508 5509
f 5437 5509 5438
f 5438 5509 5510
f 5438 5510 5439
f 5439 5510 5511
f 5439 5511 5440
f 5440 5511 5512
f 5440 5512 5441
f 5441 5512 5513
f 5441 5513 5442
f 5442 5513 5514
f 5442 5514 5443
f 5443 5514 5515
f 5443 5515 5444
f 5444 5515 5516
f 5444 5516 5445
f 5445 5516 5517
f 5445 5517 5446
f 5446 5517 5518
f 5446 5518 5447
f 5447 5518 5519
f 5447 5519 5448
f 5448 5519 5520
f 5448 5520 5449
f 5449 5520 5521
f 5449 5521 5450
f 5450 5521 5522
f 5450 5522 5451
f 5451 5522 5523
f 5451 5523 5452
f 5452 5523 5524
f 5452 5524 5453
f 5453 5524 5525
f 5453 5525 5454
f 5454 5525 5526
f 5454 5526 5455
f 5455 5526 5527
f 5455 5527 5456
f 5456 5527 5528
f 5456 5528 5457
f 5457 5528 5529
f 5457 5529 5458
f 5458 5529 5530
f 5458 5530 5459
f 5459 5530 5531
f 5459 5531 5460
f 5460 5531 5532
f 5460 5532 5461
f 5461 5532 5533
f 5461 5533 5462
f 5462 5533 5534
f 5462 5534 5463
f 5463 5534 5535
f 5463 5535 5464
f 5464 5535 5536
f 5464 5536 5465
f 5465 5536 5537
f 5465 5537 5466
f 5466 5537 5538
f 5466 5538 5467
f 5467 5538 5539
f 5467 5539 5468
f 5468 5539 5540
f 5468 5540 5469
f 5469 5540 5541
f 5469 5541 5470
f 5470 5541 5542
f 5470 5542 5471
f 5471 5542 5543
f 5471 5543 5472
f 5472 5543 5544
f 5472 5544 5401
f 5401 5544 5473
f 5473 5545 5474
f 5474 5545 5546
f 5474 5546 5475
f 5475 5546 5547
f 5475 5547 5476
f 5476 5547 5548
f 5476 5548 5477
f 5477 5548 5549
f 5477 5549 5478
f 5478 5549 5550
f 5478 5550 5479
f 5479 5550 5551
f 5479 5551 5480
f 5480 5551 5552
f 5480 5552 5481
f 5481 5552 5553
f 5481 5553 5482
f 5482 5553 5554
f 5482 5554 5483
f 5483 5554 5555
f 5483 5555 5484
f 5484 5555 5556
f 5484 5556 5485
f 5485 5556 5557
f 5485 5557 5486
f 5486 5557 5558
f 5486 5558 5487
f 5487 5558 5559
f 5487 5559 5488
f 5488 5559 5560
f 5488 5560 5489
f 5489 5560 5561
f 5489 5561 5490
f 5490 5561 5562
f 5490 5562 5491
f 5491 5562 5563
f 5491 5563 5492
f 5492 5563 5564
f 5492 5564 5493
f 5493 5564 5565
f 5493 5565 5494
f 5494 5565 5566
f 5494 5566 5495
f 5495 5566 5567
f 5495 5567 5496
f 5496 5567 5568
f 5496 5568 5497
f 5497 5568 5569
f 5497 5569 5498
f 5498 5569 5570
f 5498 5570 5499
f 5499 5570 5571
f 5499 5571 5500
f 5500 5571 5572
f 5500 5572 5501
f 5501 5572 5573
f 5501 5573 5502
f 5502 5573 5574
f 5502 5574 5503
f 5503 5574 5575
f 5503 5575 5504
f 5504 5575 5576
f 5504 5576 5505
f 5505 5576 5577
f 5505 5577 5506
f 5506 5577 5578
f 5506 5578 5507
f 5507 5578 5579
f 5507 5579 5508
f 5508 5579 5580
f 5508 5580 5509
f 5509 5580 5581
f 5509 5581 5510
f 5510 5581 5582
f 5510 5582 5511
f 5511 5582 5583
f 5511 5583 5512
f 5512 5583 5584
f 5512 5584 5513
f 5513 5584 5585
f 5513 5585 5514
f 5514 5585 5586
f 5514 5586 5515
f 5515 5586 5587
f 5515 5587 5516
f 5516 5587 5588
f 5516 5588 5517
f 5517 5588 5589
f 5517 5589 5518
f 5518 5589 5590
f 5518 5590 5519
f 5519 5590 5591
f 5519 5591 5520
f 5520 5591 5592
f 5520 5592 5521
f 5521 5592 5593
f 5521 5593 5522
f 5522 5593 5594
f 5522 5594 5523
f 5523 5594 5595
f 5523 5595 5524
f 5524 5595 5596
f 5524 5596 5525
f 5525 5596 5597
f 5525 5597 5526
f 5526 5597 5598
f 5526 5598 5527
f 5527 5598 5599
f 5527 5599 5528
f 5528 5599 5600
f 5528 5600 5529
f 5529 5600 5601
f 5529 5601 5530
f 5530 5601 5602
f 5530 5602 5531
f 5531 5602 5603
f 5531 5603 5532
f 5532 5603 5604
f 5532 5604 5533
f 5533 5604 5605
f 5533 5605 5534
f 5534 5605 5606
f 5534 5606 5535
f 5535 5606 5607
f 5535 5607 5536
f 5536 5607 5608
f 5536 5608 5537
f 5537 5608 5609
f 5537 5609 5538
f 5538 5609 5610
f 5538 5610 5539
f 5539 5610 5611
f 5539 5611 5540
f 5540 5611 5612
f 5540 5612 5541
f 5541 5612 5613
f 5541 5613 5542
f 5542 5613 5614
f 5542 5614 5543
f 5543 5614 5615
f 5543 5615 5544
f 5544 5615 5616
f 5544 5616 5473
f 5473 5616 5545
f 5545 5617 5546
f 5546 5617 5618
f 5546 5618 5547
f 5547 5618 5619
f 5547 5619 5548
f 5548 5619 5620
f 5548 5620 5549
f 5549 5620 5621
f 5549 5621 5550
f 5550 5621 5622
f 5550 5622 5551
f 5551 5622 5623
f 5551 5623 5552
f 5552 5623 5624
f 5552 5624 5553
f 5553 5624 5625
f 5553 5625 5554
f 5554 5625 5626
f 5554 5626 5555
f 5555 5626 5627
f 5555 5627 5556
f 5556 5627 5628
f 5556 5628 5557
f 5557 5628 5629
f 5557 5629 5558
f 5558 5629 5630
f 5558 5630 5559
f 5559 5630 5631
f 5559 5631 5560
f 5560 5631 5632
f 5560 5632 5561
f 5561 5632 5633
f 5561 5633 5562
f 5562 5633 5634
f 5562 5634 5563
f 5563 5634 5635
f 5563 5635 5564
f 5564 5635 5636
f 5564 5636 5565
f 5565 5636 5637
f 5565 5637 5566
f 5566 5637 5638
f 5566 5638 5567
f 5567 5638 5639
f 5567 5639 5568
f 5568 5639 5640
f 5568 5640 5569
f 5569 5640 5641
f 5569 5641 5570
f 5570 5641 5642
f 5570 5642 5571
f 5571 5642 5643
f 5571 5643 5572
f 5572 5643 5644
f 5572 5644 5573
f 5573 5644 5645
f 5573 5645 5574
f 5574 5645 5646
f 5574 5646 5575
f 5575 5646 5647
f 5575 5647 5576
f 5576 5647 5648
f 5576 5648 5577
f 5577 5648 5649
f 5577 5649 5578
f 5578 5649 5650
f 5578 5650 5579
f 5579 5650 5651
f 5579 5651 5580
f 5580 5651 5652
f 5580 5652 5581
f 5581 5652 5653
f 5581 5653 5582
f 5582 5653 5654
f 5582 5654 5583
f 5583 5654 5655
f 5583 5655 5584
f 5584 5655 5656
f 5584 5656 5585
f 5585 5656 5657
f 5585 5657 5586
f 5586 5657 5658
f 5586 5658 5587
f 5587 5658 5659
f 5587 5659 5588
f 5588 5659 5660
f 5588 5660 5589
f 5589 5660 5661
f 5589 5661 5590
f 5590 5661 5662
f 5590 5662 5591
f 5591 5662 5663
f 5591 5663 5592
f 5592 5663 5664
f 5592 5664 5593
f 5593 5664 5665
f 5593 5665 5594
f 5594 5665 5666
f 5594 5666 5595
f 5595 5666 5667
f 5595 5667 5596
f 5596 5667 5668
f 5596 5668 5597
f 5597 5668 5669
f 5597 5669 5598
f 5598 5669 5670
f 5598 5670 5599
f 5599 5670 5671
f 5599 5671 5600
f 5600 5671 5672
f 5600 5672 5601
f 5601 5672 5673
f 5601 5673 5602
f 5602 5673 5674
f 5602 5674 5603
f 5603 5674 5675
f 5603 5675 5604
f 5604 5675 5676
f 5604 5676 5605
f 5605 5676 5677
f 5605 5677 5606
f 5606 5677 5678
f 5606 5678 5607
f 5607 5678 5679
f 5607 5679 5608
f 5608 5679 5680
f 5608 5680 5609
f 5609 5680 5681
f 5609 5681 5610
f 5610 5681 5682
f 5610 5682 5611
f 5611 5682 5683
f 5611 5683 5612
f 5612 5683 5684
f 5612 5684 5613
f 5613 5684 5685
f 5613 5685 5614
f 5614 5685 5686
f 5614 5686 5615
f 5615 5686 5687
f 5615 5687 5616
f 5616 5687 5688
f 5616 5688 5545
f 5545 5688 5617
f 5617 5689 5618
f 5618 5689 5690
f 5618 5690 5619
f 5619 5690 5691
f 5619 5691 5620
f 5620 5691 5692
f 5620 5692 5621
f 5621 5692 5693
f 5621 5693 5622
f 5622 5693 5694
f 5622 5694 5623
f 5623 5694 5695
f 5623 5695 5624
f 5624 5695 5696
f 5624 5696 5625
f 5625 5696 5697
f 5625 5697 5626
f 5626 5697 5698
f 5626 5698 5627
f 5627 5698 5699
f 5627 5699 5628
f 5628 5699 5700
f 5628 5700 5629
f 5629 5700 5701
f 5629 5701 5630
f 5630 5701 5702
f 5630 5702 5631
f 5631 5702 5703
f 5631 5703 5632
f 5632 5703 5704
f 5632 5704 5633
f 5633 5704 5705
f 5633 5705 5634
f 5634 5705 5706
f 5634 5706 5635
f 5635 5706 5707
f 5635 5707 5636
f 5636 5707 5708
f 5636 5708 5637
f 5637 5708 5709
f 5637 5709 5638
f 5638 5709 5710
f 5638 5710 5639
f 5639 5710 5711
f 5639 5711 5640
f 5640 5711 5712
f 5640 5712 5641
f 5641 5712 5713
f 5641 5713 5642
f 5642 5713 5714
f 5642 5714 5643
f 5643 5714 5715
f 5643 5715 5644
f 5644 5715 5716
f 5644 5716 5645
f 5645 5716 5717
f 5645 5717 5646
f 5646 5717 5718
f 5646 5718 5647
f 5647 5718 5719
f 5647 5719 5648
f 5648 5719 5720
f 5648 5720 5649
f 5649 5720 5721
f 5649 5721 5650
f 5650 5721 5722
f 5650 5722 5651
f 5651 5722 5723
f 5651 5723 5652
f 5652 5723 5724
f 5652 5724 5653
f 5653 5724 5725
f 5653 5725 5654
f 5654 5725 5726
f 5654 5726 5655
f 5655 5726 5727
f 5655 5727 5656
f 5656 5727 5728
f 5656 5728 5657
f 5657 5728 5729
f 5657 5729 5658
f 5658 5729 5730
f 5658 5730 5659
f 5659 5730 5731
f 5659 5731 5660
f 5660 5731 5732
f 5660 5732 5661
f 5661 5732 5733
f 5661 5733 5662
f 5662 5733 5734
f 5662 5734 5663
f 5663 5734 5735
f 5663 5735 5664
f 5664 5735 5736
f 5664 5736 5665
f 5665 5736 5737
f 5665 5737 5666
f 5666 5737 5738
f 5666 5738 5667
f 5667 5738 5739
f 5667 5739 5668
f 5668 5739 5740
f 5668 5740 5669
f 5669 5740 5741
f 5669 5741 5670
f 5670 5741 5742
f 5670 5742 5671
f 5671 5742 5743
f 5671 5743 5672
f 5672 5743 5744
f 5672 5744 5673
f 5673 5744 5745
f 5673 5745 5674
f 5674 5745 5746
f 5674 5746 5675
f 5675 5746 5747
f 5675 5747 5676
f 5676 5747 5748
f 5676 5748 5677
f 5677 5748 5749
f 5677 5749 5678
f 5678 5749 5750
f 5678 5750 5679
f 5679 5750 5751
f 5679 5751 5680
f 5680 5751 5752
f 5680 5752 5681
f 5681 5752 5753
f 5681 5753 5682
f 5682 5753 5754
f 5682 5754 5683
f 5683 5754 5755
f 5683 5755 5684
f 5684 5755 5756
f 5684 5756 5685
f 5685 5756 5757
f 5685 5757 5686
f 5686 5757 5758
f 5686 5758 5687
f 5687 5758 5759
f 5687 5759 5688
f 5688 5759 5760
f 5688 5760 5617
f 5617 5760 5689
f 5689 5761 5690
f 5690 5761 5762
f 5690 5762 5691
f 5691 5762 5763
f 5691 5763 5692
f 5692 5763 5764
f 5692 5764 5693
f 5693 5764 5765
f 5693 5765 5694
f 5694 5765 5766
f 5694 5766 5695
f 5695 5766 5767
f 5695 5767 5696
f 5696 5767 5768
f 5696 5768 5697
f 5697 5768 5769
f 5697 5769 5698
f 5698 5769 5770
f 5698 5770 5699
f 5699 5770 5771
f 5699 5771 5700
f 5700 5771 5772
f 5700 5772 5701
f 5701 5772 5773
f 5701 5773 5702
f 5702 5773 5774
f 5702 5774 5703
f 5703 5774 5775
f 5703 5775 5704
f 5704 5775 5776
f 5704 5776 5705
f 5705 5776 5777
f 5705 5777 5706
f 5706 5777 5778
f 5706 5778 5707
f 5707 5778 5779
f 5707 5779 5708
f 5708 5779 5780
f 5708 5780 5709
f 5709 5780 5781
f 5709 5781 5710
f 5710 5781 5782
f 5710 5782 5711
f 5711 5782 5783
f 5711 5783 5712
f 5712 5783 5784
f 5712 5784 5713
f 5713 5784 5785
f 5713 5785 5714
f 5714 5785 5786
f 5714 5786 5715
f 5715 5786 5787
f 5715 5787 5716
f 5716 5787 5788
f 5716 5788 5717
f 5717 5788 5789
f 5717 5789 5718
f 5718 5789 5790
f 5718 5790 5719
f 5719 5790 5791
f 5719 5791 5720
f 5720 5791 5792
f 5720 5792 5721
f 5721 5792 5793
f 5721 5793 5722
f 5722 5793 5794
f 5722 5794 5723
f 5723 5794 5795
f 5723 5795 5724
f 5724 5795 5796
f 5724 5796 5725
f 5725 5796 5797
f 5725 5797 5726
f 5726 5797 5798
f 5726 5798 5727
f 5727 5798 5799
f 5727 5799 5728
f 5728 5799 5800
f 5728 5800 5729
f 5729 5800 5801
f 5729 5801 5730
f 5730 5801 5802
f 5730 5802 5731
f 5731 5802 5803
f 5731 5803 5732
f 5732 5803 5804
f 5732 5804 5733
f 5733 5804 5805
f 5733 5805 5734
f 5734 5805 5806
f 5734 5806 5735
f 5735 5806 5807
f 5735 5807 5736
f 5736 5807 5808
f 5736 5808 5737
f 5737 5808 5809
f 5737 5809 5738
f 5738 5809 5810
f 5738 5810 5739
f 5739 5810 5811
f 5739 5811 5740
f 5740 5811 5812
f 5740 5812 5741
f 5741 5812 5813
f 5741 5813 5742
f 5742 5813 5814
f 5742 5814 5743
f 5743 5814 5815
f 5743 5815 5744
f 5744 5815 5816
f 5744 5816 5745
f 5745 5816 5817
f 5745 5817 5746
f 5746 5817 5818
f 5746 5818 5747
f 5747 5818 5819
f 5747 5819 5748
f 5748 5819 5820
f 5748 5820 5749
f 5749 5820 5821
f 5749 5821 5750
f 5750 5821 5822
f 5750 5822 5751
f 5751 5822 5823
f 5751 5823 5752
f 5752 5823 5824
f 5752 5824 5753
f 5753 5824 5825
f 5753 5825 5754
f 5754 5825 5826
f 5754 5826 5755
f 5755 5826 5827
f 5755 5827 5756
f 5756 5827 5828
f 5756 5828 5757
f 5757 5828 5829
f 5757 5829 5758
f 5758 5829 5830
f 5758 5830 5759
f 5759 5830 5831
f 5759 5831 5760
f 5760 5831 5832
f 5760 5832 5689
f 5689 5832 5761
f 5761 5833 5762
f 5762 5833 5834
f 5762 5834 5763
f 5763 5834 5835
f 5763 5835 5764
f 5764 5835 5836
f 5764 5836 5765
f 5765 5836 5837
f 5765 5837 5766
f 5766 5837 5838
f 5766 5838 5767
f 5767 5838 5839
f 5767 5839 5768
f 5768 5839 5840
f 5768 5840 5769
f 5769 5840 5841
f 5769 5841 5770
f 5770 5841 5842
f 5770 5842 5771
f 5771 5842 5843
f 5771 5843 5772
f 5772 5843 5844
f 5772 5844 5773
f 5773 5844 5845
f 5773 5845 5774
f 5774 5845 5846
f 5774 5846 5775
f 5775 5846 5847
f 5775 5847 5776
f 5776 5847 5848
f 5776 5848 5777
f 5777 5848 5849
f 5777 5849 5778
f 5778 5849 5850
f 5778 5850 5779
f 5779 5850 5851
f 5779 5851 5780
f 5780 5851 5852
f 5780 5852 5781
f 5781 5852 5853
f 5781 5853 5782
f 5782 5853 5854
f 5782 5854 5783
f 5783 5854 5855
f 5783 5855 5784
f 5784 5855 5856
f 5784 5856 5785
f 5785 5856 5857
f 5785 5857 5786
f 5786 5857 5858
f 5786 5858 5787
f 5787 5858 5859
f 5787 5859 5788
f 5788 5859 5860
f 5788 5860 5789
f 5789 5860 5861
f 5789 5861 5790
f 5790 5861 5862
f 5790 5862 5791
f 5791 5862 5863
f 5791 5863 5792
f 5792 5863 5864
f 5792 5864 5793
f 5793 5864 5865
f 5793 5865 5794
f 5794 5865 5866
f 5794 5866 5795
f 5795 5866 5867
f 5795 5867 5796
f 5796 5867 5868
f 5796 5868 5797
f 5797 5868 5869
f 5797 5869 5798
f 5798 5869 5870
f 5798 5870 5799
f 5799 5870 5871
f 5799 5871 5800
f 5800 5871 5872
f 5800 5872 5801
f 5801 5872 5873
f 5801 5873 5802
f 5802 5873 5874
f 5802 5874 5803
f 5803 5874 5875
f 5803 5875 5804
f 5804 5875 5876
f 5804 5876 5805
f 5805 5876 5877
f 5805 5877 5806
f 5806 5877 5878
f 5806 5878 5807
f 5807 5878 5879
f 5807 5879 5808
f 5808 5879 5880
f 5808 5880 5809
f 5809 5880 5881
f 5809 5881 5810
f 5810 5881 5882
f 5810 5882 5811
f 5811 5882 5883
f 5811 5883 5812
f 5812 5883 5884
f 5812 5884 5813
f 5813 5884 5885
f 5813 5885 5814
f 5814 5885 5886
f 5814 5886 5815
f 5815 5886 5887
f 5815 5887 5816
f 5816 5887 5888
f 5816 5888 5817
f 5817 5888 5889
f 5817 5889 5818
f 5818 5889 5890
f 5818 5890 5819
f 5819 5890 5891
f 5819 5891 5820
f 5820 5891 5892
f 5820 5892 5821
f 5821 5892 5893
f 5821 5893 5822
f 5822 5893 5894
f 5822 5894 5823
f 5823 5894 5895
f 5823 5895 5824
f 5824 5895 5896
f 5824 5896 5825
f 5825 5896 5897
f 5825 5897 5826
f 5826 5897 5898
f 5826 5898 5827
f 5827 5898 5899
f 5827 5899 5828
f 5828 5899 5900
f 5828 5900 5829
f 5829 5900 5901
f 5829 5901 5830
f 5830 5901 5902
f 5830 5902 5831
f 5831 5902 5903
f 5831 5903 5832
f 5832 5903 5904
f 5832 5904 5761
f 5761 5904 5833
f 5833 5905 5834
f 5834 5905 5906
f 5834 5906 5835
f 5835 5906 5907
f 5835 5907 5836
f 5836 5907 5908
f 5836 5908 5837
f 5837 5908 5909
f 5837 5909 5838
f 5838 5909 5910
f 5838 5910 5839
f 5839 5910 5911
f 5839 5911 5840
f 5840 5911 5912
f 5840 5912 5841
f 5841 5912 5913
f 5841 5913 5842
f 5842 5913 5914
f 5842 5914 5843
f 5843 5914 5915
f 5843 5915 5844
f 5844 5915 5916
f 5844 5916 5845
f 5845 5916 5917
f 5845 5917 5846
f 5846 5917 5918
f 5846 5918 5847
f 5847 5918 5919
f 5847 5919 5848
f 5848 5919 5920
f 5848 5920 5849
f 5849 5920 5921
f 5849 5921 5850
f 5850 5921 5922
f 5850 5922 5851
f 5851 5922 5923
f 5851 5923 5852
f 5852 5923 5924
f 5852 5924 5853
f 5853 5924 5925
f 5853 5925 5854
f 5854 5925 5926
f 5854 5926 5855
f 5855 5926 5927
f 5855 5927 5856
f 5856 5927 5928
f 5856 5928 5857
f 5857 5928 5929
f 5857 5929 5858
f 5858 5929 5930
f 5858 5930 5859
f 5859 5930 5931
f 5859 5931 5860
f 5860 5931 5932
f 5860 5932 5861
f 5861 5932 5933
f 5861 5933 5862
f 5862 5933 5934
f 5862 5934 5863
f 5863 5934 5935
f 5863 5935 5864
f 5864 5935 5936
f 5864 5936 5865
f 5865 5936 5937
f 5865 5937 5866
f 5866 5937 5938
f 5866 5938 5867
f 5867 5938 5939
f 5867 5939 5868
f 5868 5939 5940
f 5868 5940 5869
f 5869 5940 5941
f 5869 5941 5870
f 5870 5941 5942
f 5870 5942 5871
f 5871 5942 5943
f 5871 5943 5872
f 5872 5943 5944
f 5872 5944 5873
f 5873 5944 5945
f 5873 5945 5874
f 5874 5945 5946
f 5874 5946 5875
f 5875 5946 5947
f 5875 5947 5876
f 5876 5947 5948
f 5876 5948 5877
f 5877 5948 5949
f 5877 5949 5878
f 5878 5949 5950
f 5878 5950 5879
f 5879 5950 5951
f 5879 5951 5880
f 5880 5951 5952
f 5880 5952 5881
f 5881 5952 5953
f 5881 5953 5882
f 5882 5953 5954
f 5882 5954 5883
f 5883 5954 5955
f 5883 5955 5884
f 5884 5955 5956
f 5884 5956 5885
f 5885 5956 5957
f 5885 5957 5886
f 5886 5957 5958
f 5886 5958 5887
f 5887 5958 5959
f 5887 5959 5888
f 5888 5959 5960
f 5888 5960 5889
f 5889 5960 5961
f 5889 5961 5890
f 5890 5961 5962
f 5890 5962 5891
f 5891 5962 5963
f 5891 5963 5892
f 5892 5963 5964
f 5892 5964 5893
f 5893 5964 5965
f 5893 5965 5894
f 5894 5965 5966
f 5894 5966 5895
f 5895 5966 5967
f 5895 5967 5896
f 5896 5967 5968
f 5896 5968 5897
f 5897 5968 5969
f 5897 5969 5898
f 5898 5969 5970
f 5898 5970 5899
f 5899 5970 5971
f 5899 5971 5900
f 5900 5971 5972
f 5900 5972 5901
f 5901 5972 5973
f 5901 5973 5902
f 5902 5973 5974
f 5902 5974 5903
f 5903 5974 5975
f 5903 5975 5904
f 5904 5975 5976
f 5904 5976 5833
f 5833 5976 5905
f 5905 5977 5906
f 5906 5977 5978
f 5906 5978 5907
f 5907 5978 5979
f 5907 5979 5908
f 5908 5979 5980
f 5908 5980 5909
f 5909 5980 5981
f 5909 5981 5910
f 5910 5981 5982
f 5910 5982 5911
f 5911 5982 5983
f 5911 5983 5912
f 5912 5983 5984
f 5912 5984 5913
f 5913 5984 5985
f 5913 5985 5914
f 5914 5985 5986
f 5914 5986 5915
f 5915 5986 5987
f 5915 5987 5916
f 5916 5987 5988
f 5916 5988 5917
f 5917 5988 5989
f 5917 5989 5918
f 5918 5989 5990
f 5918 5990 5919
f 5919 5990 5991
f 5919 5991 5920
f 5920 5991 5992
f 5920 5992 5921
f 5921 5992 5993
f 5921 5993 5922
f 5922 5993 5994
f 5922 5994 5923
f 5923 5994 5995
f 5923 5995 5924
f 5924 5995 5996
f 5924 5996 5925
f 5925 5996 5997
f 5925 5997 5926
f 5926 5997 5998
f 5926 5998 5927
f 5927 5998 5999
f 5927 5999 5928
f 5928 5999 6000
f 5928 6000 5929
f 5929 6000 6001
f 5929 6001 5930
f 5930 6001 6002
f 5930 6002 5931
f 5931 6002 6003
f 5931 6003 5932
f 5932 6003 6004
f 5932 6004 5933
f 5933 6004 6005
f 5933 6005 5934
f 5934 6005 6006
f 5934 6006 5935
f 5935 6006 6007
f 5935 6007 5936
f 5936 6007 6008
f 5936 6008 5937
f 5937 6008 6009
f 5937 6009 5938
f 5938 6009 6010
f 5938 6010 5939
f 5939 6010 6011
f 5939 6011 5940
f 5940 6011 6012
f 5940 6012 5941
f 5941 6012 6013
f 5941 6013 5942
f 5942 6013 6014
f 5942 6014 5943
f 5943 6014 6015
f 5943 6015 5944
f 5944 6015 6016
f 5944 6016 5945
f 5945 6016 6017
f 5945 6017 5946
f 5946 6017 6018
f 5946 6018 5947
f 5947 6018 6019
f 5947 6019 5948
f 5948 6019 6020
f 5948 6020 5949
f 5949 6020 6021
f 5949 6021 5950
f 5950 6021 6022
f 5950 6022 5951
f 5951 6022 6023
f 5951 6023 5952
f 5952 6023 6024
f 5952 6024 5953
f 5953 6024 6025
f 5953 6025 5954
f 5954 6025 6026
f 5954 6026 5955
f 5955 6026 6027
f 5955 6027 5956
f 5956 6027 6028
f 5956 6028 5957
f 5957 6028 6029
f 5957 6029 5958
f 5958 6029 6030
f 5958 6030 5959
f 5959 6030 6031
f 5959 6031 5960
f 5960 6031 6032
f 5960 6032 5961
f 5961 6032 6033
f 5961 6033 5962
f 5962 6033 6034
f 5962 6034 5963
f 5963 6034 6035
f 5963 6035 5964
f 5964 6035 6036
f 5964 6036 5965
f 5965 6036 6037
f 5965 6037 5966
f 5966 6037 6038
f 5966 6038 5967
f 5967 6038 6039
f 5967 6039 5968
f 5968 6039 6040
f 5968 6040 5969
f 5969 6040 6041
f 5969 6041 5970
f 5970 6041 6042
f 5970 6042 5971
f 5971 6042 6043
f 5971 6043 5972
f 5972 6043 6044
f 5972 6044 5973
f 5973 6044 6045
f 5973 6045 5974
f 5974 6045 6046
f 5974 6046 5975
f 5975 6046 6047
f 5975 6047 5976
f 5976 6047 6048
f 5976 6048 5905
f 5905 6048 5977
f 5977 6049 5978
f 5978 6049 6050
f 5978 6050 5979
f 5979 6050 6051
f 5979 6051 5980
f 5980 6051 6052
f 5980 6052 5981
f 5981 6052 6053
f 5981 6053 5982
f 5982 6053 6054
f 5982 6054 5983
f 5983 6054 6055
f 5983 6055 5984
f 5984 6055 6056
f 5984 6056 5985
f 5985 6056 6057
f 5985 6057 5986
f 5986 6057 6058
f 5986 6058 5987
f 5987 6058 6059
f 5987 6059 5988
f 5988 6059 6060
f 5988 6060 5989
f 5989 6060 6061
f 5989 6061 5990
f 5990 6061 6062
f 5990 6062 5991
f 5991 6062 6063
f 5991 6063 5992
f 5992 6063 6064
f 5992 6064 5993
f 5993 6064 6065
f 5993 6065 5994
f 5994 6065 6066
f 5994 6066 5995
f 5995 6066 6067
f 5995 6067 5996
f 5996 6067 6068
f 5996 6068 5997
f 5997 6068 6069
f 5997 6069 5998
f 5998 6069 6070
f 5998 6070 5999
f 5999 6070 6071
f 5999 6071 6000
f 6000 6071 6072
f 6000 6072 6001
f 6001 6072 6073
f 6001 6073 6002
f 6002 6073 6074
f 6002 6074 6003
f 6003 6074 6075
f 6003 6075 6004
f 6004 6075 6076
f 6004 6076 6005
f 6005 6076 6077
f 6005 6077 6006
f 6006 6077 6078
f 6006 6078 6007
f 6007 6078 6079
f 6007 6079 6008
f 6008 6079 6080
f 6008 6080 6009
f 6009 6080 6081
f 6009 6081 6010
f 6010 6081 6082
f 6010 6082 6011
f 6011 6082 6083
f 6011 6083 6012
f 6012 6083 6084
f 6012 6084 6013
f 6013 6084 6085
f 6013 6085 6014
f 6014 6085 6086
f 6014 6086 6015
f 6015 6086 6087
f 6015 6087 6016
f 6016 6087 6088
f 6016 6088 6017
f 6017 6088 6089
f 6017 6089 6018
f 6018 6089 6090
f 6018 6090 6019
f 6019 6090 6091
f 6019 6091 6020
f 6020 6091 6092
f 6020 6092 6021
f 6021 6092 6093
f 6021 6093 6022
f 6022 6093 6094
f 6022 6094 6023
f 6023 6094 6095
f 6023 6095 6024
f 6024 6095 6096
f 6024 6096 6025
f 6025 6096 6097
f 6025 6097 6026
f 6026 6097 6098
f 6026 6098 6027
f 6027 6098 6099
f 6027 6099 6028
f 6028 6099 6100
f 6028 6100 6029
f 6029 6100 6101
f 6029 6101 6030
f 6030 6101 6102
f 6030 6102 6031
f 6031 6102 6103
f 6031 6103 6032
f 6032 6103 6104
f 6032 6104 6033
f 6033 6104 6105
f 6033 6105 6034
f 6034 6105 6106
f 6034 6106 6035
f 6035 6106 6107
f 6035 6107 6036
f 6036 6107 6108
f 6036 6108 6037
f 6037 6108 6109
f 6037 6109 6038
f 6038 6109 6110
f 6038 6110 6039
f 6039 6110 6111
f 6039 6111 6040
f 6040 6111 6112
f 6040 6112 6041
f 6041 6112 6113
f 6041 6113 6042
f 6042 6113 6114
f 6042 6114 6043
f 6043 6114 6115
f 6043 6115 6044
f 6044 6115 6116
f 6044 6116 6045
f 6045 6116 6117
f 6045 6117 6046
f 6046 6117 6118
f 6046 6118 6047
f 6047 6118 6119
f 6047 6119 6048
f 6048 6119 6120
f 6048 6120 5977
f 5977 6120 6049
f 6049 6121 6050
f 6050 6121 6122
f 6050 6122 6051
f 6051 6122 6123
f 6051 6123 6052
f 6052 6123 6124
f 6052 6124 6053
f 6053 6124 6125
f 6053 6125 6054
f 6054 6125 6126
f 6054 6126 6055
f 6055 6126 6127
f 6055 6127 6056
f 6056 6127 6128
f 6056 6128 6057
f 6057 6128 6129
f 6057 6129 6058
f 6058 6129 6130
f 6058 6130 6059
f 6059 6130 6131
f 6059 6131 6060
f 6060 6131 6132
f 6060 6132 6061
f 6061 6132 6133
f 6061 6133 6062
f 6062 6133 6134
f 6062 6134 6063
f 6063 6134 6135
f 6063 6135 6064
f 6064 6135 6136
f 6064 6136 6065
f 6065 6136 6137
f 6065 6137 6066
f 6066 6137 6138
f 6066 6138 6067
f 6067 6138 6139
f 6067 6139 6068
f 6068 6139 6140
f 6068 6140 6069
f 6069 6140 6141
f 6069 6141 6070
f 6070 6141 6142
f 6070 6142 6071
f 6071 6142 6143
f 6071 6143 6072
f 6072 6143 6144
f 6072 6144 6073
f 6073 6144 6145
f 6073 6145 6074
f 6074 6145 6146
f 6074 6146 6075
f 6075 6146 6147
f 6075 6147 6076
f 6076 6147 6148
f 6076 6148 6077
f 6077 6148 6149
f 6077 6149 6078
f 6078 6149 6150
f 6078 6150 6079
f 6079 6150 6151
f 6079 6151 6080
f 6080 6151 6152
f 6080 6152 6081
f 6081 6152 6153
f 6081 6153 6082
f 6082 6153 6154
f 6082 6154 6083
f 6083 6154 6155
f 6083 6155 6084
f 6084 6155 6156
f 6084 6156 6085
f 6085 6156 6157
f 6085 6157 6086
f 6086 6157 6158
f 6086 6158 6087
f 6087 6158 6159
f 6087 6159 6088
f 6088 6159 6160
f 6088 6160 6089
f 6089 6160 6161
f 6089 6161 6090
f 6090 6161 6162
f 6090 6162 6091
f 6091 6162 6163
f 6091 6163 6092
f 6092 6163 6164
f 6092 6164 6093
f 6093 6164 6165
f 6093 6165 6094
f 6094 6165 6166
f 6094 6166 6095
f 6095 6166 6167
f 6095 6167 6096
f 6096 6167 6168
f 6096 6168 6097
f 6097 6168 6169
f 6097 6169 6098
f 6098 6169 6170
f 6098 6170 6099
f 6099 6170 6171
f 6099 6171 6100
f 6100 6171 6172
f 6100 6172 6101
f 6101 6172 6173
f 6101 6173 6102
f 6102 6173 6174
f 6102 6174 6103
f 6103 6174 6175
f 6103 6175 6104
f 6104 6175 6176
f 6104 6176 6105
f 6105 6176 6177
f 6105 6177 6106
f 6106 6177 6178
f 6106 6178 6107
f 6107 6178 6179
f 6107 6179 6108
f 6108 6179 6180
f 6108 6180 6109
f 6109 6180 6181
f 6109 6181 6110
f 6110 6181 6182
f 6110 6182 6111
f 6111 6182 6183
f 6111 6183 6112
f 6112 6183 6184
f 6112 6184 6113
f 6113 6184 6185
f 6113 6185 6114
f 6114 6185 6186
f 6114 6186 6115
f 6115 6186 6187
f 6115 6187 6116
f 6116 6187 6188
f 6116 6188 6117
f 6117 6188 6189
f 6117 6189 6118
f 6118 6189 6190
f 6118 6190 6119
f 6119 6190 6191
f 6119 6191 6120
f 6120 6191 6192
f 6120 6192 6049
f 6049 6192 6121
f 6121 6193 6122
f 6122 6193 6194
f 6122 6194 6123
f 6123 6194 6195
f 6123 6195 6124
f 6124 6195 6196
f 6124 6196 6125
f 6125 6196 6197
f 6125 6197 6126
f 6126 6197 6198
f 6126 6198 6127
f 6127 6198 6199
f 6127 6199 6128
f 6128 6199 6200
f 6128 6200 6129
f 6129 6200 6201
f 6129 6201 6130
f 6130 6201 6202
f 6130 6202 6131
f 6131 6202 6203
f 6131 6203 6132
f 6132 6203 6204
f 6132 6204 6133
f 6133 6204 6205
f 6133 6205 6134
f 6134 6205 6206
f 6134 6206 6135
f 6135 6206 6207
f 6135 6207 6136
f 6136 6207 6208
f 6136 6208 6137
f 6137 6208 6209
f 6137 6209 6138
f 6138 6209 6210
f 6138 6210 6139
f 6139 6210 6211
f 6139 6211 6140
f 6140 6211 6212
f 6140 6212 6141
f 6141 6212 6213
f 6141 6213 6142
f 6142 6213 6214
f 6142 6214 6143
f 6143 6214 6215
f 6143 6215 6144
f 6144 6215 6216
f 6144 6216 6145
f 6145 6216 6217
f 6145 6217 6146
f 6146 6217 6218
f 6146 6218 6147
f 6147 6218 6219
f 6147 6219 6148
f 6148 6219 6220
f 6148 6220 6149
f 6149 6220 6221
f 6149 6221 6150
f 6150 6221 6222
f 6150 6222 6151
f 6151 6222 6223
f 6151 6223 6152
f 6152 6223 6224
f 6152 6224 6153
f 6153 6224 6225
f 6153 6225 6154
f 6154 6225 6226
f 6154 6226 6155
f 6155 6226 6227
f 6155 6227 6156
f 6156 6227 6228
f 6156 6228 6157
f 6157 6228 6229
f 6157 6229 6158
f 6158 6229 6230
f 6158 6230 6159
f 6159 6230 6231
f 6159 6231 6160
f 6160 6231 6232
f 6160 6232 6161
f 6161 6232 6233
f 6161 6233 6162
f 6162 6233 6234
f 6162 6234 6163
f 6163 6234 6235
f 6163 6235 6164
f 6164 6235 6236
f 6164 6236 6165
f 6165 6236 6237
f 6165 6237 6166
f 6166 6237 6238
f 6166 6238 6167
f 6167 6238 6239
f 6167 6239 6168
f 6168 6239 6240
f 6168 6240 6169
f 6169 6240 6241
f 6169 6241 6170
f 6170 6241 6242
f 6170 6242 6171
f 6171 6242 6243
f 6171 6243 6172
f 6172 6243 6244
f 6172 6244 6173
f 6173 6244 6245
f 6173 6245 6174
f 6174 6245 6246
f 6174 6246 6175
f 6175 6246 6247
f 6175 6247 6176
f 6176 6247 6248
f 6176 6248 6177
f 6177 6248 6249
f 6177 6249 6178
f 6178 6249 6250
f 6178 6250 6179
f 6179 6250 6251
f 6179 6251 6180
f 6180 6251 6252
f 6180 6252 6181
f 6181 6252 6253
f 6181 6253 6182
f 6182 6253 6254
f 6182 6254 6183
f 6183 6254 6255
f 6183 6255 6184
f 6184 6255 6256
f 6184 6256 6185
f 6185 6256 6257
f 6185 6257 6186
f 6186 6257 6258
f 6186 6258 6187
f 6187 6258 6259
f 6187 6259 6188
f 6188 6259 6260
f 6188 6260 6189
f 6189 6260 6261
f 6189 6261 6190
f 6190 6261 6262
f 6190 6262 6191
f 6191 6262 6263
f 6191 6263 6192
f 6192 6263 6264
f 6192 6264 6121
f 6121 6264 6193
f 6193 6265 6194
f 6194 6265 6266
f 6194 6266 6195
f 6195 6266 6267
f 6195 6267 6196
f 6196 6267 6268
f 6196 6268 6197
f 6197 6268 6269
f 6197 6269 6198
f 6198 6269 6270
f 6198 6270 6199
f 6199 6270 6271
f 6199 6271 6200
f 6200 6271 6272
f 6200 6272 6201
f 6201 6272 6273
f 6201 6273 6202
f 6202 6273 6274
f 6202 6274 6203
f 6203 6274 6275
f 6203 6275 6204
f 6204 6275 6276
f 6204 6276 6205
f 6205 6276 6277
f 6205 6277 6206
f 6206 6277 6278
f 6206 6278 6207
f 6207 6278 6279
f 6207 6279 6208
f 6208 6279 6280
f 6208 6280 6209
f 6209 6280 6281
f 6209 6281 6210
f 6210 6281 6282
f 6210 6282 6211
f 6211 6282 6283
f 6211 6283 6212
f 6212 6283 6284
f 6212 6284 6213
f 6213 6284 6285
f 6213 6285 6214
f 6214 6285 6286
f 6214 6286 6215
f 6215 6286 6287
f 6215 6287 6216
f 6216 6287 6288
f 6216 6288 6217
f 6217 6288 6289
f 6217 6289 6218
f 6218 6289 6290
f 6218 6290 6219
f 6219 6290 6291
f 6219 6291 6220
f 6220 6291 6292
f 6220 6292 6221
f 6221 6292 6293
f 6221 6293 6222
f 6222 6293 6294
f 6222 6294 6223
f 6223 6294 6295
f 6223 6295 6224
f 6224 6295 6296
f 6224 6296 6225
f 6225 6296 6297
f 6225 6297 6226
f 6226 6297 6298
f 6226 6298 6227
f 6227 6298 6299
f 6227 6299 6228
f 6228 6299 6300
f 6228 6300 6229
f 6229 6300 6301
f 6229 6301 6230
f 6230 6301 6302
f 6230 6302 6231
f 6231 6302 6303
f 6231 6303 6232
f 6232 6303 6304
f 6232 6304 6233
f 6233 6304 6305
f 6233 6305 6234
f 6234 6305 6306
f 6234 6306 6235
f 6235 6306 6307
f 6235 6307 6236
f 6236 6307 6308
f 6236 6308 6237
f 6237 6308 6309
f 6237 6309 6238
f 6238 6309 6310
f 6238 6310 6239
f 6239 6310 6311
f 6239 6311 6240
f 6240 6311 6312
f 6240 6312 6241
f 6241 6312 6313
f 6241 6313 6242
f 6242 6313 6314
f 6242 6314 6243
f 6243 6314 6315
f 6243 6315 6244
f 6244 6315 6316
f 6244 6316 6245
f 6245 6316 6317
f 6245 6317 6246
f 6246 6317 6318
f 6246 6318 6247
f 6247 6318 6319
f 6247 6319 6248
f 6248 6319 6320
f 6248 6320 6249
f 6249 6320 6321
f 6249 6321 6250
f 6250 6321 6322
f 6250 6322 6251
f 6251 6322 6323
f 6251 6323 6252
f 6252 6323 6324
f 6252 6324 6253
f 6253 6324 6325
f 6253 6325 6254
f 6254 6325 6326
f 6254 6326 6255
f 6255 6326 6327
f 6255 6327 6256
f 6256 6327 6328
f 6256 6328 6257
f 6257 6328 6329
f 6257 6329 6258
f 6258 6329 6330
f 6258 6330 6259
f 6259 6330 6331
f 6259 6331 6260
f 6260 6331 6332
f 6260 6332 6261
f 6261 6332 6333
f 6261 6333 6262
f 6262 6333 6334
f 6262 6334 6263
f 6263 6334 6335
f 6263 6335 6264
f 6264 6335 6336
f 6264 6336 6193
f 6193 6336 6265
f 6265 6337 6266
f 6266 6337 6338
f 6266 6338 6267
f 6267 6338 6339
f 6267 6339 6268
f 6268 6339 6340
f 6268 6340 6269
f 6269 6340 6341
f 6269 6341 6270
f 6270 6341 6342
f 6270 6342 6271
f 6271 6342 6343
f 6271 6343 6272
f 6272 6343 6344
f 6272 6344 6273
f 6273 6344 6345
f 6273 6345 6274
f 6274 6345 6346
f 6274 6346 6275
f 6275 6346 6347
f 6275 6347 6276
f 6276 6347 6348
f 6276 6348 6277
f 6277 6348 6349
f 6277 6349 6278
f 6278 6349 6350
f 6278 6350 6279
f 6279 6350 6351
f 6279 6351 6280
f 6280 6351 6352
f 6280 6352 6281
f 6281 6352 6353
f 6281 6353 6282
f 6282 6353 6354
f 6282 6354 6283
f 6283 6354 6355
f 6283 6355 6284
f 6284 6355 6356
f 6284 6356 6285
f 6285 6356 6357
f 6285 6357 6286
f 6286 6357 6358
f 6286 6358 6287
f 6287 6358 6359
f 6287 6359 6288
f 6288 6359 6360
f 6288 6360 6289
f 6289 6360 6361
f 6289 6361 6290
f 6290 6361 6362
f 6290 6362 6291
f 6291 6362 6363
f 6291 6363 6292
f 6292 6363 6364
f 6292 6364 6293
f 6293 6364 6365
f 6293 6365 6294
f 6294 6365 6366
f 6294 6366 6295
f 6295 6366 6367
f 6295 6367 6296
f 6296 6367 6368
f 6296 6368 6297
f 6297 6368 6369
f 6297 6369 6298
f 6298 6369 6370
f 6298 6370 6299
f 6299 6370 6371
f 6299 6371 6300
f 6300 6371 6372
f 6300 6372 6301
f 6301 6372 6373
f 6301 6373 6302
f 6302 6373 6374
f 6302 6374 6303
f 6303 6374 6375
f 6303 6375 6304
f 6304 6375 6376
f 6304 6376 6305
f 6305 6376 6377
f 6305 6377 6306
f 6306 6377 6378
f 6306 6378 6307
f 6307 6378 6379
f 6307 6379 6308
f 6308 6379 6380
f 6308 6380 6309
f 6309 6380 6381
f 6309 6381 6310
f 6310 6381 6382
f 6310 6382 6311
f 6311 6382 6383
f 6311 6383 6312
f 6312 6383 6384
f 6312 6384 6313
f 6313 6384 6385
f 6313 6385 6314
f 6314 6385 6386
f 6314 6386 6315
f 6315 6386 6387
f 6315 6387 6316
f 6316 6387 6388
f 6316 6388 6317
f 6317 6388 6389
f 6317 6389 6318
f 6318 6389 6390
f 6318 6390 6319
f 6319 6390 6391
f 6319 6391 6320
f 6320 6391 6392
f 6320 6392 6321
f 6321 6392 6393
f 6321 6393 6322
f 6322 6393 6394
f 6322 6394 6323
f 6323 6394 6395
f 6323 6395 6324
f 6324 6395 6396
f 6324 6396 6325
f 6325 6396 6397
f 6325 6397 6326
f 6326 6397 6398
f 6326 6398 6327
f 6327 6398 6399
f 6327 6399 6328
f 6328 6399 6400
f 6328 6400 6329
f 6329 6400 6401
f 6329 6401 6330
f 6330 6401 6402
f 6330 6402 6331
f 6331 6402 6403
f 6331 6403 6332
f 6332 6403 6404
f 6332 6404 6333
f 6333 6404 6405
f 6333 6405 6334
f 6334 6405 6406
f 6334 6406 6335
f 6335 6406 6407
f 6335 6407 6336
f 6336 6407 6408
f 6336 6408 6265
f 6265 6408 6337
f 6337 6409 6338
f 6338 6409 6410
f 6338 6410 6339
f 6339 6410 6411
f 6339 6411 6340
f 6340 6411 6412
f 6340 6412 6341
f 6341 6412 6413
f 6341 6413 6342
f 6342 6413 6414
f 6342 6414 6343
f 6343 6414 6415
f 6343 6415 6344
f 6344 6415 6416
f 6344 6416 6345
f 6345 6416 6417
f 6345 6417 6346
f 6346 6417 6418
f 6346 6418 6347
f 6347 6418 6419
f 6347 6419 6348
f 6348 6419 6420
f 6348 6420 6349
f 6349 6420 6421
f 6349 6421 6350
f 6350 6421 6422
f 6350 6422 6351
f 6351 6422 6423
f 6351 6423 6352
f 6352 6423 6424
f 6352 6424 6353
f 6353 6424 6425
f 6353 6425 6354
f 6354 6425 6426
f 6354 6426 6355
f 6355 6426 6427
f 6355 6427 6356
f 6356 6427 6428
f 6356 6428 6357
f 6357 6428 6429
f 6357 6429 6358
f 6358 6429 6430
f 6358 6430 6359
f 6359 6430 6431
f 6359 6431 6360
f 6360 6431 6432
f 6360 6432 6361
f 6361 6432 6433
f 6361 6433 6362
f 6362 6433 6434
f 6362 6434 6363
f 6363 6434 6435
f 6363 6435 6364
f 6364 6435 6436
f 6364 6436 6365
f 6365 6436 6437
f 6365 6437 6366
f 6366 6437 6438
f 6366 6438 6367
f 6367 6438 6439
f 6367 6439 6368
f 6368 6439 6440
f 6368 6440 6369
f 6369 6440 6441
f 6369 6441 6370
f 6370 6441 6442
f 6370 6442 6371
f 6371 6442 6443
f 6371 6443 6372
f 6372 6443 6444
f 6372 6444 6373
f 6373 6444 6445
f 6373 6445 6374
f 6374 6445 6446
f 6374 6446 6375
f 6375 6446 6447
f 6375 6447 6376
f 6376 6447 6448
f 6376 6448 6377
f 6377 6448 6449
f 6377 6449 6378
f 6378 6449 6450
f 6378 6450 6379
f 6379 6450 6451
f 6379 6451 6380
f 6380 6451 6452
f 6380 6452 6381
f 6381 6452 6453
f 6381 6453 6382
f 6382 6453 6454
f 6382 6454 6383
f 6383 6454 6455
f 6383 6455 6384
f 6384 6455 6456
f 6384 6456 6385
f 6385 6456 6457
f 6385 6457 6386
f 6386 6457 6458
f 6386 6458 6387
f 6387 6458 6459
f 6387 6459 6388
f 6388 6459 6460
f 6388 6460 6389
f 6389 6460 6461
f 6389 6461 6390
f 6390 6461 6462
f 6390 6462 6391
f 6391 6462 6463
f 6391 6463 6392
f 6392 6463 6464
f 6392 6464 6393
f 6393 6464 6465
f 6393 6465 6394
f 6394 6465 6466
f 6394 6466 6395
f 6395 6466 6467
f 6395 6467 6396
f 6396 6467 6468
f 6396 6468 6397
f 6397 6468 6469
f 6397 6469 6398
f 6398 6469 6470
f 6398 6470 6399
f 6399 6470 6471
f 6399 6471 6400
f 6400 6471 6472
f 6400 6472 6401
f 6401 6472 6473
f 6401 6473 6402
f 6402 6473 6474
f 6402 6474 6403
f 6403 6474 6475
f 6403 6475 6404
f 6404 6475 6476
f 6404 6476 6405
f 6405 6476 6477
f 6405 6477 6406
f 6406 6477 6478
f 6406 6478 6407
f 6407 6478 6479
f 6407 6479 6408
f 6408 6479 6480
f 6408 6480 6337
f 6337 6480 6409
f 6409 6481 6410
f 6410 6481 6482
f 6410 6482 6411
f 6411 6482 6483
f 6411 6483 6412
f 6412 6483 6484
f 6412 6484 6413
f 6413 6484 6485
f 6413 6485 6414
f 6414 6485 6486
f 6414 6486 6415
f 6415 6486 6487
f 6415 6487 6416
f 6416 6487 6488
f 6416 6488 6417
f 6417 6488 6489
f 6417 6489 6418
f 6418 6489 6490
f 6418 6490 6419
f 6419 6490 6491
f 6419 6491 6420
f 6420 6491 6492
f 6420 6492 6421
f 6421 6492 6493
f 6421 6493 6422
f 6422 6493 6494
f 6422 6494 6423
f 6423 6494 6495
f 6423 6495 6424
f 6424 6495 6496
f 6424 6496 6425
f 6425 6496 6497
f 6425 6497 6426
f 6426 6497 6498
f 6426 6498 6427
f 6427 6498 6499
f 6427 6499 6428
f 6428 6499 6500
f 6428 6500 6429
f 6429 6500 6501
f 6429 6501 6430
f 6430 6501 6502
f 6430 6502 6431
f 6431 6502 6503
f 6431 6503 6432
f 6432 6503 6504
f 6432 6504 6433
f 6433 6504 6505
f 6433 6505 6434
f 6434 6505 6506
f 6434 6506 6435
f 6435 6506 6507
f 6435 6507 6436
f 6436 6507 6508
f 6436 6508 6437
f 6437 6508 6509
f 6437 6509 6438
f 6438 6509 6510
f 6438 6510 6439
f 6439 6510 6511
f 6439 6511 6440
f 6440 6511 6512
f 6440 6512 6441
f 6441 6512 6513
f 6441 6513 6442
f 6442 6513 6514
f 6442 6514 6443
f 6443 6514 6515
f 6443 6515 6444
f 6444 6515 6516
f 6444 6516 6445
f 6445 6516 6517
f 6445 6517 6446
f 6446 6517 6518
f 6446 6518 6447
f 6447 6518 6519
f 6447 6519 6448
f 6448 6519 6520
f 6448 6520 6449
f 6449 6520 6521
f 6449 6521 6450
f 6450 6521 6522
f 6450 6522 6451
f 6451 6522 6523
f 6451 6523 6452
f 6452 6523 6524
f 6452 6524 6453
f 6453 6524 6525
f 6453 6525 6454
f 6454 6525 6526
f 6454 6526 6455
f 6455 6526 6527
f 6455 6527 6456
f 6456 6527 6528
f 6456 6528 6457
f 6457 6528 6529
f 6457 6529 6458
f 6458 6529 6530
f 6458 6530 6459
f 6459 6530 6531
f 6459 6531 6460
f 6460 6531 6532
f 6460 6532 6461
f 6461 6532 6533
f 6461 6533 6462
f 6462 6533 6534
f 6462 6534 6463
f 6463 6534 6535
f 6463 6535 6464
f 6464 6535 6536
f 6464 6536 6465
f 6465 6536 6537
f 6465 6537 6466
f 6466 6537 6538
f 6466 6538 6467
f 6467 6538 6539
f 6467 6539 6468
f 6468 6539 6540
f 6468 6540 6469
f 6469 6540 6541
f 6469 6541 6470
f 6470 6541 6542
f 6470 6542 6471
f 6471 6542 6543
f 6471 6543 6472
f 6472 6543 6544
f 6472 6544 6473
f 6473 6544 6545
f 6473 6545 6474
f 6474 6545 6546
f 6474 6546 6475
f 6475 6546 6547
f 6475 6547 6476
f 6476 6547 6548
f 6476 6548 6477
f 6477 6548 6549
f 6477 6549 6478
f 6478 6549 6550
f 6478 6550 6479
f 6479 6550 6551
f 6479 6551 6480
f 6480 6551 6552
f 6480 6552 6409
f 6409 6552 6481
f 6481 6553 6482
f 6482 6553 6554
f 6482 6554 6483
f 6483 6554 6555
f 6483 6555 6484
f 6484 6555 6556
f 6484 6556 6485
f 6485 6556 6557
f 6485 6557 6486
f 6486 6557 6558
f 6486 6558 6487
f 6487 6558 6559
f 6487 6559 6488
f 6488 6559 6560
f 6488 6560 6489
f 6489 6560 6561
f 6489 6561 6490
f 6490 6561 6562
f 6490 6562 6491
f 6491 6562 6563
f 6491 6563 6492
f 6492 6563 6564
f 6492 6564 6493
f 6493 6564 6565
f 6493 6565 6494
f 6494 6565 6566
f 6494 6566 6495
f 6495 6566 6567
f 6495 6567 6496
f 6496 6567 6568
f 6496 6568 6497
f 6497 6568 6569
f 6497 6569 6498
f 6498 6569 6570
f 6498 6570 6499
f 6499 6570 6571
f 6499 6571 6500
f 6500 6571 6572
f 6500 6572 6501
f 6501 6572 6573
f 6501 6573 6502
f 6502 6573 6574
f 6502 6574 6503
f 6503 6574 6575
f 6503 6575 6504
f 6504 6575 6576
f 6504 6576 6505
f 6505 6576 6577
f 6505 6577 6506
f 6506 6577 6578
f 6506 6578 6507
f 6507 6578 6579
f 6507 6579 6508
f 6508 6579 6580
f 6508 6580 6509
f 6509 6580 6581
f 6509 6581 6510
f 6510 6581 6582
f 6510 6582 6511
f 6511 6582 6583
f 6511 6583 6512
f 6512 6583 6584
f 6512 6584 6513
f 6513 6584 6585
f 6513 6585 6514
f 6514 6585 6586
f 6514 6586 6515
f 6515 6586 6587
f 6515 6587 6516
f 6516 6587 6588
f 6516 6588 6517
f 6517 6588 6589
f 6517 6589 6518
f 6518 6589 6590
f 6518 6590 6519
f 6519 6590 6591
f 6519 6591 6520
f 6520 6591 6592
f 6520 6592 6521
f 6521 6592 6593
f 6521 6593 6522
f 6522 6593 6594
f 6522 6594 6523
f 6523 6594 6595
f 6523 6595 6524
f 6524 6595 6596
f 6524 6596 6525
f 6525 6596 6597
f 6525 6597 6526
f 6526 6597 6598
f 6526 6598 6527
f 6527 6598 6599
f 6527 6599 6528
f 6528 6599 6600
f 6528 6600 6529
f 6529 6600 6601
f 6529 6601 6530
f 6530 6601 6602
f 6530 6602 6531
f 6531 6602 6603
f 6531 6603 6532
f 6532 6603 6604
f 6532 6604 6533
f 6533 6604 6605
f 6533 6605 6534
f 6534 6605 6606
f 6534 6606 6535
f 6535 6606 6607
f 6535 6607 6536
f 6536 6607 6608
f 6536 6608 6537
f 6537 6608 6609
f 6537 6609 6538
f 6538 6609 6610
f 6538 6610 6539
f 6539 6610 6611
f 6539 6611 6540
f 6540 6611 6612
f 6540 6612 6541
f 6541 6612 6613
f 6541 6613 6542
f 6542 6613 6614
f 6542 6614 6543
f 6543 6614 6615
f 6543 6615 6544
f 6544 6615 6616
f 6544 6616 6545
f 6545 6616 6617
f 6545 6617 6546
f 6546 6617 6618
f 6546 6618 6547
f 6547 6618 6619
f 6547 6619 6548
f 6548 6619 6620
f 6548 6620 6549
f 6549 6620 6621
f 6549 6621 6550
f 6550 6621 6622
f 6550 6622 6551
f 6551 6622 6623
f 6551 6623 6552
f 6552 6623 6624
f 6552 6624 6481
f 6481 6624 6553
f 6553 6625 6554
f 6554 6625 6626
f 6554 6626 6555
f 6555 6626 6627
f 6555 6627 6556
f 6556 6627 6628
f 6556 6628 6557
f 6557 6628 6629
f 6557 6629 6558
f 6558 6629 6630
f 6558 6630 6559
f 6559 6630 6631
f 6559 6631 6560
f 6560 6631 6632
f 6560 6632 6561
f 6561 6632 6633
f 6561 6633 6562
f 6562 6633 6634
f 6562 6634 6563
f 6563 6634 6635
f 6563 6635 6564
f 6564 6635 6636
f 6564 6636 6565
f 6565 6636 6637
f 6565 6637 6566
f 6566 6637 6638
f 6566 6638 6567
f 6567 6638 6639
f 6567 6639 6568
f 6568 6639 6640
f 6568 6640 6569
f 6569 6640 6641
f 6569 6641 6570
f 6570 6641 6642
f 6570 6642 6571
f 6571 6642 6643
f 6571 6643 6572
f 6572 6643 6644
f 6572 6644 6573
f 6573 6644 6645
f 6573 6645 6574
f 6574 6645 6646
f 6574 6646 6575
f 6575 6646 6647
f 6575 6647 6576
f 6576 6647 6648
f 6576 6648 6577
f 6577 6648 6649
f 6577 6649 6578
f 6578 6649 6650
f 6578 6650 6579
f 6579 6650 6651
f 6579 6651 6580
f 6580 6651 6652
f 6580 6652 6581
f 6581 6652 6653
f 6581 6653 6582
f 6582 6653 6654
f 6582 6654 6583
f 6583 6654 6655
f 6583 6655 6584
f 6584 6655 6656
f 6584 6656 6585
f 6585 6656 6657
f 6585 6657 6586
f 6586 6657 6658
f 6586 6658 6587
f 6587 6658 6659
f 6587 6659 6588
f 6588 6659 6660
f 6588 6660 6589
f 6589 6660 6661
f 6589 6661 6590
f 6590 6661 6662
f 6590 6662 6591
f 6591 6662 6663
f 6591 6663 6592
f 6592 6663 6664
f 6592 6664 6593
f 6593 6664 6665
f 6593 6665 6594
f 6594 6665 6666
f 6594 6666 6595
f 6595 6666 6667
f 6595 6667 6596
f 6596 6667 6668
f 6596 6668 6597
f 6597 6668 6669
f 6597 6669 6598
f 6598 6669 6670
f 6598 6670 6599
f 6599 6670 6671
f 6599 6671 6600
f 6600 6671 6672
f 6600 6672 6601
f 6601 6672 6673
f 6601 6673 6602
f 6602 6673 6674
f 6602 6674 6603
f 6603 6674 6675
f 6603 6675 6604
f 6604 6675 6676
f 6604 6676 6605
f 6605 6676 6677
f 6605 6677 6606
f 6606 6677 6678
f 6606 6678 6607
f 6607 6678 6679
f 6607 6679 6608
f 6608 6679 6680
f 6608 6680 6609
f 6609 6680 6681
f 6609 6681 6610
f 6610 6681 6682
f 6610 6682 6611
f 6611 6682 6683
f 6611 6683 6612
f 6612 6683 6684
f 6612 6684 6613
f 6613 6684 6685
f 6613 6685 6614
f 6614 6685 6686
f 6614 6686 6615
f 6615 6686 6687
f 6615 6687 6616
f 6616 6687 6688
f 6616 6688 6617
f 6617 6688 6689
f 6617 6689 6618
f 6618 6689 6690
f 6618 6690 6619
f 6619 6690 6691
f 6619 6691 6620
f 6620 6691 6692
f 6620 6692 6621
f 6621 6692 6693
f 6621 6693 6622
f 6622 6693 6694
f 6622 6694 6623
f 6623 6694 6695
f 6623 6695 6624
f 6624 6695 6696
f 6624 6696 6553
f 6553 6696 6625
f 6625 6697 6626
f 6626 6697 6698
f 6626 6698 6627
f 6627 6698 6699
f 6627 6699 6628
f 6628 6699 6700
f 6628 6700 6629
f 6629 6700 6701
f 6629 6701 6630
f 6630 6701 6702
f 6630 6702 6631
f 6631 6702 6703
f 6631 6703 6632
f 6632 6703 6704
f 6632 6704 6633
f 6633 6704 6705
f 6633 6705 6634
f 6634 6705 6706
f 6634 6706 6635
f 6635 6706 6707
f 6635 6707 6636
f 6636 6707 6708
f 6636 6708 6637
f 6637 6708 6709
f 6637 6709 6638
f 6638 6709 6710
f 6638 6710 6639
f 6639 6710 6711
f 6639 6711 6640
f 6640 6711 6712
f 6640 6712 6641
f 6641 6712 6713
f 6641 6713 6642
f 6642 6713 6714
f 6642 6714 6643
f 6643 6714 6715
f 6643 6715 6644
f 6644 6715 6716
f 6644 6716 6645
f 6645 6716 6717
f 6645 6717 6646
f 6646 6717 6718
f 6646 6718 6647
f 6647 6718 6719
f 6647 6719 6648
f 6648 6719 6720
f 6648 6720 6649
f 6649 6720 6721
f 6649 6721 6650
f 6650 6721 6722
f 6650 6722 6651
f 6651 6722 6723
f 6651 6723 6652
f 6652 6723 6724
f 6652 6724 6653
f 6653 6724 6725
f 6653 6725 6654
f 6654 6725 6726
f 6654 6726 6655
f 6655 6726 6727
f 6655 6727 6656
f 6656 6727 6728
f 6656 6728 6657
f 6657 6728 6729
f 6657 6729 6658
f 6658 6729 6730
f 6658 6730 6659
f 6659 6730 6731
f 6659 6731 6660
f 6660 6731 6732
f 6660 6732 6661
f 6661 6732 6733
f 6661 6733 6662
f 6662 6733 6734
f 6662 6734 6663
f 6663 6734 6735
f 6663 6735 6664
f 6664 6735 6736
f 6664 6736 6665
f 6665 6736 6737
f 6665 6737 6666
f 6666 6737 6738
f 6666 6738 6667
f 6667 6738 6739
f 6667 6739 6668
f 6668 6739 6740
f 6668 6740 6669
f 6669 6740 6741
f 6669 6741 6670
f 6670 6741 6742
f 6670 6742 6671
f 6671 6742 6743
f 6671 6743 6672
f 6672 6743 6744
f 6672 6744 6673
f 6673 6744 6745
f 6673 6745 6674
f 6674 6745 6746
f 6674 6746 6675
f 6675 6746 6747
f 6675 6747 6676
f 6676 6747 6748
f 6676 6748 6677
f 6677 6748 6749
f 6677 6749 6678
f 6678 6749 6750
f 6678 6750 6679
f 6679 6750 6751
f 6679 6751 6680
f 6680 6751 6752
f 6680 6752 6681
f 6681 6752 6753
f 6681 6753 6682
f 6682 6753 6754
f 6682 6754 6683
f 6683 6754 6755
f 6683 6755 6684
f 6684 6755 6756
f 6684 6756 6685
f 6685 6756 6757
f 6685 6757 6686
f 6686 6757 6758
f 6686 6758 6687
f 6687 6758 6759
f 6687 6759 6688
f 6688 6759 6760
f 6688 6760 6689
f 6689 6760 6761
f 6689 6761 6690
f 6690 6761 6762
f 6690 6762 6691
f 6691 6762 6763
f 6691 6763 6692
f 6692 6763 6764
f 6692 6764 6693
f 6693 6764 6765
f 6693 6765 6694
f 6694 6765 6766
f 6694 6766 6695
f 6695 6766 6767
f 6695 6767 6696
f 6696 6767 6768
f 6696 6768 6625
f 6625 6768 6697
f 6697 6769 6698
f 6698 6769 6770
f 6698 6770 6699
f 6699 6770 6771
f 6699 6771 6700
f 6700 6771 6772
f 6700 6772 6701
f 6701 6772 6773
f 6701 6773 6702
f 6702 6773 6774
f 6702 6774 6703
f 6703 6774 6775
f 6703 6775 6704
f 6704 6775 6776
f 6704 6776 6705
f 6705 6776 6777
f 6705 6777 6706
f 6706 6777 6778
f 6706 6778 6707
f 6707 6778 6779
f 6707 6779 6708
f 6708 6779 6780
f 6708 6780 6709
f 6709 6780 6781
f 6709 6781 6710
f 6710 6781 6782
f 6710 6782 6711
f 6711 6782 6783
f 6711 6783 6712
f 6712 6783 6784
f 6712 6784 6713
f 6713 6784 6785
f 6713 6785 6714
f 6714 6785 6786
f 6714 6786 6715
f 6715 6786 6787
f 6715 6787 6716
f 6716 6787 6788
f 6716 6788 6717
f 6717 6788 6789
f 6717 6789 6718
f 6718 6789 6790
f 6718 6790 6719
f 6719 6790 6791
f 6719 6791 6720
f 6720 6791 6792
f 6720 6792 6721
f 6721 6792 6793
f 6721 6793 6722
f 6722 6793 6794
f 6722 6794 6723
f 6723 6794 6795
f 6723 6795 6724
f 6724 6795 6796
f 6724 6796 6725
f 6725 6796 6797
f 6725 6797 6726
f 6726 6797 6798
f 6726 6798 6727
f 6727 6798 6799
f 6727 6799 6728
f 6728 6799 6800
f 6728 6800 6729
f 6729 6800 6801
f 6729 6801 6730
f 6730 6801 6802
f 6730 6802 6731
f 6731 6802 6803
f 6731 6803 6732
f 6732 6803 6804
f 6732 6804 6733
f 6733 6804 6805
f 6733 6805 6734
f 6734 6805 6806
f 6734 6806 6735
f 6735 6806 6807
f 6735 6807 6736
f 6736 6807 6808
f 6736 6808 6737
f 6737 6808 6809
f 6737 6809 6738
f 6738 6809 6810
f 6738 6810 6739
f 6739 6810 6811
f 6739 6811 6740
f 6740 6811 6812
f 6740 6812 6741
f 6741 6812 6813
f 6741 6813 6742
f 6742 6813 6814
f 6742 6814 6743
f 6743 6814 6815
f 6743 6815 6744
f 6744 6815 6816
f 6744 6816 6745
f 6745 6816 6817
f 6745 6817 6746
f 6746 6817 6818
f 6746 6818 6747
f 6747 6818 6819
f 6747 6819 6748
f 6748 6819 6820
f 6748 6820 6749
f 6749 6820 6821
f 6749 6821 6750
f 6750 6821 6822
f 6750 6822 6751
f 6751 6822 6823
f 6751 6823 6752
f 6752 6823 6824
f 6752 6824 6753
f 6753 6824 6825
f 6753 6825 6754
f 6754 6825 6826
f 6754 6826 6755
f 6755 6826 6827
f 6755 6827 6756
f 6756 6827 6828
f 6756 6828 6757
f 6757 6828 6829
f 6757 6829 6758
f 6758 6829 6830
f 6758 6830 6759
f 6759 6830 6831
f 6759 6831 6760
f 6760 6831 6832
f 6760 6832 6761
f 6761 6832 6833
f 6761 6833 6762
f 6762 6833 6834
f 6762 6834 6763
f 6763 6834 6835
f 6763 6835 6764
f 6764 6835 6836
f 6764 6836 6765
f 6765 6836 6837
f 6765 6837 6766
f 6766 6837 6838
f 6766 6838 6767
f 6767 6838 6839
f 6767 6839 6768
f 6768 6839 6840
f 6768 6840 6697
f 6697 6840 6769
f 6769 6841 6770
f 6770 6841 6842
f 6770 6842 6771
f 6771 6842 6843
f 6771 6843 6772
f 6772 6843 6844
f 6772 6844 6773
f 6773 6844 6845
f 6773 6845 6774
f 6774 6845 6846
f 6774 6846 6775
f 6775 6846 6847
f 6775 6847 6776
f 6776 6847 6848
f 6776 6848 6777
f 6777 6848 6849
f 6777 6849 6778
f 6778 6849 6850
f 6778 6850 6779
f 6779 6850 6851
f 6779 6851 6780
f 6780 6851 6852
f 6780 6852 6781
f 6781 6852 6853
f 6781 6853 6782
f 6782 6853 6854
f 6782 6854 6783
f 6783 6854 6855
f 6783 6855 6784
f 6784 6855 6856
f 6784 6856 6785
f 6785 6856 6857
f 6785 6857 6786
f 6786 6857 6858
f 6786 6858 6787
f 6787 6858 6859
f 6787 6859 6788
f 6788 6859 6860
f 6788 6860 6789
f 6789 6860 6861
f 6789 6861 6790
f 6790 6861 6862
f 6790 6862 6791
f 6791 6862 6863
f 6791 6863 6792
f 6792 6863 6864
f 6792 6864 6793
f 6793 6864 6865
f 6793 6865 6794
f 6794 6865 6866
f 6794 6866 6795
f 6795 6866 6867
f 6795 6867 6796
f 6796 6867 6868
f 6796 6868 6797
f 6797 6868 6869
f 6797 6869 6798
f 6798 6869 6870
f 6798 6870 6799
f 6799 6870 6871
f 6799 6871 6800
f 6800 6871 6872
f 6800 6872 6801
f 6801 6872 6873
f 6801 6873 6802
f 6802 6873 6874
f 6802 6874 6803
f 6803 6874 6875
f 6803 6875 6804
f 6804 6875 6876
f 6804 6876 6805
f 6805 6876 6877
f 6805 6877 6806
f 6806 6877 6878
f 6806 6878 6807
f 6807 6878 6879
f 6807 6879 6808
f 6808 6879 6880
f 6808 6880 6809
f 6809 6880 6881
f 6809 6881 6810
f 6810 6881 6882
f 6810 6882 6811
f 6811 6882 6883
f 6811 6883 6812
f 6812 6883 6884
f 6812 6884 6813
f 6813 6884 6885
f 6813 6885 6814
f 6814 6885 6886
f 6814 6886 6815
f 6815 6886 6887
f 6815 6887 6816
f 6816 6887 6888
f 6816 6888 6817
f 6817 6888 6889
f 6817 6889 6818
f 6818 6889 6890
f 6818 6890 6819
f 6819 6890 6891
f 6819 6891 6820
f 6820 6891 6892
f 6820 6892 6821
f 6821 6892 6893
f 6821 6893 6822
f 6822 6893 6894
f 6822 6894 6823
f 6823 6894 6895
f 6823 6895 6824
f 6824 6895 6896
f 6824 6896 6825
f 6825 6896 6897
f 6825 6897 6826
f 6826 6897 6898
f 6826 6898 6827
f 6827 6898 6899
f 6827 6899 6828
f 6828 6899 6900
f 6828 6900 6829
f 6829 6900 6901
f 6829 6901 6830
f 6830 6901 6902
f 6830 6902 6831
f 6831 6902 6903
f 6831 6903 6832
f 6832 6903 6904
f 6832 6904 6833
f 6833 6904 6905
f 6833 6905 6834
f 6834 6905 6906
f 6834 6906 6835
f 6835 6906 6907
f 6835 6907 6836
f 6836 6907 6908
f 6836 6908 6837
f 6837 6908 6909
f 6837 6909 6838
f 6838 6909 6910
f 6838 6910 6839
f 6839 6910 6911
f 6839 6911 6840
f 6840 6911 6912
f 6840 6912 6769
f 6769 6912 6841
f 6841 6913 6842
f 6842 6913 6914
f 6842 6914 6843
f 6843 6914 6915
f 6843 6915 6844
f 6844 6915 6916
f 6844 6916 6845
f 6845 6916 6917
f 6845 6917 6846
f 6846 6917 6918
f 6846 6918 6847
f 6847 6918 6919
f 6847 6919 6848
f 6848 6919 6920
f 6848 6920 6849
f 6849 6920 6921
f 6849 6921 6850
f 6850 6921 6922
f 6850 6922 6851
f 6851 6922 6923
f 6851 6923 6852
f 6852 6923 6924
f 6852 6924 6853
f 6853 6924 6925
f 6853 6925 6854
f 6854 6925 6926
f 6854 6926 6855
f 6855 6926 6927
f 6855 6927 6856
f 6856 6927 6928
f 6856 6928 6857
f 6857 6928 6929
f 6857 6929 6858
f 6858 6929 6930
f 6858 6930 6859
f 6859 6930 6931
f 6859 6931 6860
f 6860 6931 6932
f 6860 6932 6861
f 6861 6932 6933
f 6861 6933 6862
f 6862 6933 6934
f 6862 6934 6863
f 6863 6934 6935
f 6863 6935 6864
f 6864 6935 6936
f 6864 6936 6865
f 6865 6936 6937
f 6865 6937 6866
f 6866 6937 6938
f 6866 6938 6867
f 6867 6938 6939
f 6867 6939 6868
f 6868 6939 6940
f 6868 6940 6869
f 6869 6940 6941
f 6869 6941 6870
f 6870 6941 6942
f 6870 6942 6871
f 6871 6942 6943
f 6871 6943 6872
f 6872 6943 6944
f 6872 6944 6873
f 6873 6944 6945
f 6873 6945 6874
f 6874 6945 6946
f 6874 6946 6875
f 6875 6946 6947
f 6875 6947 6876
f 6876 6947 6948
f 6876 6948 6877
f 6877 6948 6949
f 6877 6949 6878
f 6878 6949 6950
f 6878 6950 6879
f 6879 6950 6951
f 6879 6951 6880
f 6880 6951 6952
f 6880 6952 6881
f 6881 6952 6953
f 6881 6953 6882
f 6882 6953 6954
f 6882 6954 6883
f 6883 6954 6955
f 6883 6955 6884
f 6884 6955 6956
f 6884 6956 6885
f 6885 6956 6957
f 6885 6957 6886
f 6886 6957 6958
f 6886 6958 6887
f 6887 6958 6959
f 6887 6959 6888
f 6888 6959 6960
f 6888 6960 6889
f 6889 6960 6961
f 6889 6961 6890
f 6890 6961 6962
f 6890 6962 6891
f 6891 6962 6963
f 6891 6963 6892
f 6892 6963 6964
f 6892 6964 6893
f 6893 6964 6965
f 6893 6965 6894
f 6894 6965 6966
f 6894 6966 6895
f 6895 6966 6967
f 6895 6967 6896
f 6896 6967 6968
f 6896 6968 6897
f 6897 6968 6969
f 6897 6969 6898
f 6898 6969 6970
f 6898 6970 6899
f 6899 6970 6971
f 6899 6971 6900
f 6900 6971 6972
f 6900 6972 6901
f 6901 6972 6973
f 6901 6973 6902
f 6902 6973 6974
f 6902 6974 6903
f 6903 6974 6975
f 6903 6975 6904
f 6904 6975 6976
f 6904 6976 6905
f 6905 6976 6977
f 6905 6977 6906
f 6906 6977 6978
f 6906 6978 6907
f 6907 6978 6979
f 6907 6979 6908
f 6908 6979 6980
f 6908 6980 6909
f 6909 6980 6981
f 6909 6981 6910
f 6910 6981 6982
f 6910 6982 6911
f 6911 6982 6983
f 6911 6983 6912
f 6912 6983 6984
f 6912 6984 6841
f 6841 6984 6913
f 6985 2 1
f 6985 3 2
f 6985 4 3
f 6985 5 4
f 6985 6 5
f 6985 7 6
f 6985 8 7
f 6985 9 8
f 6985 10 9
f 6985 11 10
f 6985 12 11
f 6985 13 12
f 6985 14 13
f 6985 15 14
f 6985 16 15
f 6985 17 16
f 6985 18 17
f 6985 19 18
f 6985 20 19
f 6985 21 20
f 6985 22 21
f 6985 23 22
f 6985 24 23
f 6985 25 24
f 6985 26 25
f 6985 27 26
f 6985 28 27
f 6985 29 28
f 6985 30 29
f 6985 31 30
f 6985 32 31
f 6985 33 32
f 6985 34 33
f 6985 35 34
f 6985 36 35
f 6985 37 36
f 6985 38 37
f 6985 39 38
f 6985 40 39
f 6985 41 40
f 6985 42 41
f 6985 43 42
f 6985 44 43
f 6985 45 44
f 6985 46 45
f 6985 47 46
f 6985 48 47
f 6985 49 48
f 6985 50 49
f 6985 51 50
f 6985 52 51
f 6985 53 52
f 6985 54 53
f 6985 55 54
f 6985 56 55
f 6985 57 56
f 6985 58 57
f 6985 59 58
f 6985 60 59
f 6985 61 60
f 6985 62 61
f 6985 63 62
f 6985 64 63
f 6985 65 64
f 6985 66 65
f 6985 67 66
f 6985 68 67
f 6985 69 68
f 6985 70 69
f 6985 71 70
f 6985 72 71
f 6985 1 72
