# Generated by vasegen.py
v 22.228462 0.000000 0.000000
v 22.143876 1.937338 0.000000
v 21.890761 3.859932 0.000000
v 21.471045 5.753149 0.000000
v 20.887921 7.602582 0.000000
v 20.145828 9.394154 0.000000
v 19.250413 11.114231 0.000000
v 18.208490 12.749722 0.000000
v 17.027990 14.288180 0.000000
v 15.717896 15.717896 0.000000
v 14.288180 17.027990 0.000000
v 12.749722 18.208490 0.000000
v 11.114231 19.250413 0.000000
v 9.394154 20.145828 0.000000
v 7.602582 20.887921 0.000000
v 5.753149 21.471045 0.000000
v 3.859932 21.890761 0.000000
v 1.937338 22.143876 0.000000
v 0.000000 22.228462 0.000000
v -1.937338 22.143876 0.000000
v -3.859932 21.890761 0.000000
v -5.753149 21.471045 0.000000
v -7.602582 20.887921 0.000000
v -9.394154 20.145828 0.000000
v -11.114231 19.250413 0.000000
v -12.749722 18.208490 0.000000
v -14.288180 17.027990 0.000000
v -15.717896 15.717896 0.000000
v -17.027990 14.288180 0.000000
v -18.208490 12.749722 0.000000
v -19.250413 11.114231 0.000000
v -20.145828 9.394154 0.000000
v -20.887921 7.602582 0.000000
v -21.471045 5.753149 0.000000
v -21.890761 3.859932 0.000000
v -22.143876 1.937338 0.000000
v -22.228462 0.000000 0.000000
v -22.143876 -1.937338 0.000000
v -21.890761 -3.859932 0.000000
v -21.471045 -5.753149 0.000000
v -20.887921 -7.602582 0.000000
v -20.145828 -9.394154 0.000000
v -19.250413 -11.114231 0.000000
v -18.208490 -12.749722 0.000000
v -17.027990 -14.288180 0.000000
v -15.717896 -15.717896 0.000000
v -14.288180 -17.027990 0.000000
v -12.749722 -18.208490 0.000000
v -11.114231 -19.250413 0.000000
v -9.394154 -20.145828 0.000000
v -7.602582 -20.887921 0.000000
v -5.753149 -21.471045 0.000000
v -3.859932 -21.890761 0.000000
v -1.937338 -22.143876 0.000000
v -0.000000 -22.228462 0.000000
v 1.937338 -22.143876 0.000000
v 3.859932 -21.890761 0.000000
v 5.753149 -21.471045 0.000000
v 7.602582 -20.887921 0.000000
v 9.394154 -20.145828 0.000000
v 11.114231 -19.250413 0.000000
v 12.749722 -18.208490 0.000000
v 14.288180 -17.027990 0.000000
v 15.717896 -15.717896 0.000000
v 17.027990 -14.288180 0.000000
v 18.208490 -12.749722 0.000000
v 19.250413 -11.114231 0.000000
v 20.145828 -9.394154 0.000000
v 20.887921 -7.602582 0.000000
v 21.471045 -5.753149 0.000000
v 21.890761 -3.859932 0.000000
v 22.143876 -1.937338 0.000000
v 22.267370 0.000000 1.875000
v 22.182636 1.940729 1.875000
v 21.929079 3.866688 1.875000
v 21.508628 5.763219 1.875000
v 20.924483 7.615889 1.875000
v 20.181091 9.410597 1.875000
v 19.284108 11.133685 1.875000
v 18.240362 12.772039 1.875000
v 17.057795 14.313190 1.875000
v 15.745408 15.745408 1.875000
v 14.313190 17.057795 1.875000
v 12.772039 18.240362 1.875000
v 11.133685 19.284108 1.875000
v 9.410597 20.181091 1.875000
v 7.615889 20.924483 1.875000
v 5.763219 21.508628 1.875000
v 3.866688 21.929079 1.875000
v 1.940729 22.182636 1.875000
v 0.000000 22.267370 1.875000
v -1.940729 22.182636 1.875000
v -3.866688 21.929079 1.875000
v -5.763219 21.508628 1.875000
v -7.615889 20.924483 1.875000
v -9.410597 20.181091 1.875000
v -11.133685 19.284108 1.875000
v -12.772039 18.240362 1.875000
v -14.313190 17.057795 1.875000
v -15.745408 15.745408 1.875000
v -17.057795 14.313190 1.875000
v -18.240362 12.772039 1.875000
v -19.284108 11.133685 1.875000
v -20.181091 9.410597 1.875000
v -20.924483 7.615889 1.875000
v -21.508628 5.763219 1.875000
v -21.929079 3.866688 1.875000
v -22.182636 1.940729 1.875000
v -22.267370 0.000000 1.875000
v -22.182636 -1.940729 1.875000
v -21.929079 -3.866688 1.875000
v -21.508628 -5.763219 1.875000
v -20.924483 -7.615889 1.875000
v -20.181091 -9.410597 1.875000
v -19.284108 -11.133685 1.875000
v -18.240362 -12.772039 1.875000
v -17.057795 -14.313190 1.875000
v -15.745408 -15.745408 1.875000
v -14.313190 -17.057795 1.875000
v -12.772039 -18.240362 1.875000
v -11.133685 -19.284108 1.875000
v -9.410597 -20.181091 1.875000
v -7.615889 -20.924483 1.875000
v -5.763219 -21.508628 1.875000
v -3.866688 -21.929079 1.875000
v -1.940729 -22.182636 1.875000
v -0.000000 -22.267370 1.875000
v 1.940729 -22.182636 1.875000
v 3.866688 -21.929079 1.875000
v 5.763219 -21.508628 1.875000
v 7.615889 -20.924483 1.875000
v 9.410597 -20.181091 1.875000
v 11.133685 -19.284108 1.875000
v 12.772039 -18.240362 1.875000
v 14.313190 -17.057795 1.875000
v 15.745408 -15.745408 1.875000
v 17.057795 -14.313190 1.875000
v 18.240362 -12.772039 1.875000
v 19.284108 -11.133685 1.875000
v 20.181091 -9.410597 1.875000
v 20.924483 -7.615889 1.875000
v 21.508628 -5.763219 1.875000
v 21.929079 -3.866688 1.875000
v 22.182636 -1.940729 1.875000
v 22.308563 0.000000 3.750000
v 22.223673 1.944319 3.750000
v 21.969646 3.873841 3.750000
v 21.548418 5.773881 3.750000
v 20.963192 7.629978 3.750000
v 20.218425 9.428006 3.750000
v 19.319783 11.154282 3.750000
v 18.274105 12.795666 3.750000
v 17.089351 14.339668 3.750000
v 15.774536 15.774536 3.750000
v 14.339668 17.089351 3.750000
v 12.795666 18.274105 3.750000
v 11.154282 19.319783 3.750000
v 9.428006 20.218425 3.750000
v 7.629978 20.963192 3.750000
v 5.773881 21.548418 3.750000
v 3.873841 21.969646 3.750000
v 1.944319 22.223673 3.750000
v 0.000000 22.308563 3.750000
v -1.944319 22.223673 3.750000
v -3.873841 21.969646 3.750000
v -5.773881 21.548418 3.750000
v -7.629978 20.963192 3.750000
v -9.428006 20.218425 3.750000
v -11.154282 19.319783 3.750000
v -12.795666 18.274105 3.750000
v -14.339668 17.089351 3.750000
v -15.774536 15.774536 3.750000
v -17.089351 14.339668 3.750000
v -18.274105 12.795666 3.750000
v -19.319783 11.154282 3.750000
v -20.218425 9.428006 3.750000
v -20.963192 7.629978 3.750000
v -21.548418 5.773881 3.750000
v -21.969646 3.873841 3.750000
v -22.223673 1.944319 3.750000
v -22.308563 0.000000 3.750000
v -22.223673 -1.944319 3.750000
v -21.969646 -3.873841 3.750000
v -21.548418 -5.773881 3.750000
v -20.963192 -7.629978 3.750000
v -20.218425 -9.428006 3.750000
v -19.319783 -11.154282 3.750000
v -18.274105 -12.795666 3.750000
v -17.089351 -14.339668 3.750000
v -15.774536 -15.774536 3.750000
v -14.339668 -17.089351 3.750000
v -12.795666 -18.274105 3.750000
v -11.154282 -19.319783 3.750000
v -9.428006 -20.218425 3.750000
v -7.629978 -20.963192 3.750000
v -5.773881 -21.548418 3.750000
v -3.873841 -21.969646 3.750000
v -1.944319 -22.223673 3.750000
v -0.000000 -22.308563 3.750000
v 1.944319 -22.223673 3.750000
v 3.873841 -21.969646 3.750000
v 5.773881 -21.548418 3.750000
v 7.629978 -20.963192 3.750000
v 9.428006 -20.218425 3.750000
v 11.154282 -19.319783 3.750000
v 12.795666 -18.274105 3.750000
v 14.339668 -17.089351 3.750000
v 15.774536 -15.774536 3.750000
v 17.089351 -14.339668 3.750000
v 18.274105 -12.795666 3.750000
v 19.319783 -11.154282 3.750000
v 20.218425 -9.428006 3.750000
v 20.963192 -7.629978 3.750000
v 21.548418 -5.773881 3.750000
v 21.969646 -3.873841 3.750000
v 22.223673 -1.944319 3.750000
v 22.352804 0.000000 5.625000
v 22.267745 1.948175 5.625000
v 22.013215 3.881524 5.625000
v 21.591151 5.785331 5.625000
v 21.004765 7.645109 5.625000
v 20.258520 9.446703 5.625000
v 19.358096 11.176402 5.625000
v 18.310345 12.821042 5.625000
v 17.123241 14.368106 5.625000
v 15.805819 15.805819 5.625000
v 14.368106 17.123241 5.625000
v 12.821042 18.310345 5.625000
v 11.176402 19.358096 5.625000
v 9.446703 20.258520 5.625000
v 7.645109 21.004765 5.625000
v 5.785331 21.591151 5.625000
v 3.881524 22.013215 5.625000
v 1.948175 22.267745 5.625000
v 0.000000 22.352804 5.625000
v -1.948175 22.267745 5.625000
v -3.881524 22.013215 5.625000
v -5.785331 21.591151 5.625000
v -7.645109 21.004765 5.625000
v -9.446703 20.258520 5.625000
v -11.176402 19.358096 5.625000
v -12.821042 18.310345 5.625000
v -14.368106 17.123241 5.625000
v -15.805819 15.805819 5.625000
v -17.123241 14.368106 5.625000
v -18.310345 12.821042 5.625000
v -19.358096 11.176402 5.625000
v -20.258520 9.446703 5.625000
v -21.004765 7.645109 5.625000
v -21.591151 5.785331 5.625000
v -22.013215 3.881524 5.625000
v -22.267745 1.948175 5.625000
v -22.352804 0.000000 5.625000
v -22.267745 -1.948175 5.625000
v -22.013215 -3.881524 5.625000
v -21.591151 -5.785331 5.625000
v -21.004765 -7.645109 5.625000
v -20.258520 -9.446703 5.625000
v -19.358096 -11.176402 5.625000
v -18.310345 -12.821042 5.625000
v -17.123241 -14.368106 5.625000
v -15.805819 -15.805819 5.625000
v -14.368106 -17.123241 5.625000
v -12.821042 -18.310345 5.625000
v -11.176402 -19.358096 5.625000
v -9.446703 -20.258520 5.625000
v -7.645109 -21.004765 5.625000
v -5.785331 -21.591151 5.625000
v -3.881524 -22.013215 5.625000
v -1.948175 -22.267745 5.625000
v -0.000000 -22.352804 5.625000
v 1.948175 -22.267745 5.625000
v 3.881524 -22.013215 5.625000
v 5.785331 -21.591151 5.625000
v 7.645109 -21.004765 5.625000
v 9.446703 -20.258520 5.625000
v 11.176402 -19.358096 5.625000
v 12.821042 -18.310345 5.625000
v 14.368106 -17.123241 5.625000
v 15.805819 -15.805819 5.625000
v 17.123241 -14.368106 5.625000
v 18.310345 -12.821042 5.625000
v 19.358096 -11.176402 5.625000
v 20.258520 -9.446703 5.625000
v 21.004765 -7.645109 5.625000
v 21.591151 -5.785331 5.625000
v 22.013215 -3.881524 5.625000
v 22.267745 -1.948175 5.625000
v 22.400889 0.000000 7.500000
v 22.315647 1.952366 7.500000
v 22.060569 3.889874 7.500000
v 21.637597 5.797777 7.500000
v 21.049950 7.661555 7.500000
v 20.302100 9.467025 7.500000
v 19.399739 11.200445 7.500000
v 18.349734 12.848622 7.500000
v 17.160077 14.399014 7.500000
v 15.839821 15.839821 7.500000
v 14.399014 17.160077 7.500000
v 12.848622 18.349734 7.500000
v 11.200445 19.399739 7.500000
v 9.467025 20.302100 7.500000
v 7.661555 21.049950 7.500000
v 5.797777 21.637597 7.500000
v 3.889874 22.060569 7.500000
v 1.952366 22.315647 7.500000
v 0.000000 22.400889 7.500000
v -1.952366 22.315647 7.500000
v -3.889874 22.060569 7.500000
v -5.797777 21.637597 7.500000
v -7.661555 21.049950 7.500000
v -9.467025 20.302100 7.500000
v -11.200445 19.399739 7.500000
v -12.848622 18.349734 7.500000
v -14.399014 17.160077 7.500000
v -15.839821 15.839821 7.500000
v -17.160077 14.399014 7.500000
v -18.349734 12.848622 7.500000
v -19.399739 11.200445 7.500000
v -20.302100 9.467025 7.500000
v -21.049950 7.661555 7.500000
v -21.637597 5.797777 7.500000
v -22.060569 3.889874 7.500000
v -22.315647 1.952366 7.500000
v -22.400889 0.000000 7.500000
v -22.315647 -1.952366 7.500000
v -22.060569 -3.889874 7.500000
v -21.637597 -5.797777 7.500000
v -21.049950 -7.661555 7.500000
v -20.302100 -9.467025 7.500000
v -19.399739 -11.200445 7.500000
v -18.349734 -12.848622 7.500000
v -17.160077 -14.399014 7.500000
v -15.839821 -15.839821 7.500000
v -14.399014 -17.160077 7.500000
v -12.848622 -18.349734 7.500000
v -11.200445 -19.399739 7.500000
v -9.467025 -20.302100 7.500000
v -7.661555 -21.049950 7.500000
v -5.797777 -21.637597 7.500000
v -3.889874 -22.060569 7.500000
v -1.952366 -22.315647 7.500000
v -0.000000 -22.400889 7.500000
v 1.952366 -22.315647 7.500000
v 3.889874 -22.060569 7.500000
v 5.797777 -21.637597 7.500000
v 7.661555 -21.049950 7.500000
v 9.467025 -20.302100 7.500000
v 11.200445 -19.399739 7.500000
v 12.848622 -18.349734 7.500000
v 14.399014 -17.160077 7.500000
v 15.839821 -15.839821 7.500000
v 17.160077 -14.399014 7.500000
v 18.349734 -12.848622 7.500000
v 19.399739 -11.200445 7.500000
v 20.302100 -9.467025 7.500000
v 21.049950 -7.661555 7.500000
v 21.637597 -5.797777 7.500000
v 22.060569 -3.889874 7.500000
v 22.315647 -1.952366 7.500000
v 22.453644 0.000000 9.375000
v 22.368201 1.956964 9.375000
v 22.112523 3.899034 9.375000
v 21.688555 5.811431 9.375000
v 21.099524 7.679599 9.375000
v 20.349912 9.489320 9.375000
v 19.445426 11.226822 9.375000
v 18.392948 12.878881 9.375000
v 17.200489 14.432924 9.375000
v 15.877124 15.877124 9.375000
v 14.432924 17.200489 9.375000
v 12.878881 18.392948 9.375000
v 11.226822 19.445426 9.375000
v 9.489320 20.349912 9.375000
v 7.679599 21.099524 9.375000
v 5.811431 21.688555 9.375000
v 3.899034 22.112523 9.375000
v 1.956964 22.368201 9.375000
v 0.000000 22.453644 9.375000
v -1.956964 22.368201 9.375000
v -3.899034 22.112523 9.375000
v -5.811431 21.688555 9.375000
v -7.679599 21.099524 9.375000
v -9.489320 20.349912 9.375000
v -11.226822 19.445426 9.375000
v -12.878881 18.392948 9.375000
v -14.432924 17.200489 9.375000
v -15.877124 15.877124 9.375000
v -17.200489 14.432924 9.375000
v -18.392948 12.878881 9.375000
v -19.445426 11.226822 9.375000
v -20.349912 9.489320 9.375000
v -21.099524 7.679599 9.375000
v -21.688555 5.811431 9.375000
v -22.112523 3.899034 9.375000
v -22.368201 1.956964 9.375000
v -22.453644 0.000000 9.375000
v -22.368201 -1.956964 9.375000
v -22.112523 -3.899034 9.375000
v -21.688555 -5.811431 9.375000
v -21.099524 -7.679599 9.375000
v -20.349912 -9.489320 9.375000
v -19.445426 -11.226822 9.375000
v -18.392948 -12.878881 9.375000
v -17.200489 -14.432924 9.375000
v -15.877124 -15.877124 9.375000
v -14.432924 -17.200489 9.375000
v -12.878881 -18.392948 9.375000
v -11.226822 -19.445426 9.375000
v -9.489320 -20.349912 9.375000
v -7.679599 -21.099524 9.375000
v -5.811431 -21.688555 9.375000
v -3.899034 -22.112523 9.375000
v -1.956964 -22.368201 9.375000
v -0.000000 -22.453644 9.375000
v 1.956964 -22.368201 9.375000
v 3.899034 -22.112523 9.375000
v 5.811431 -21.688555 9.375000
v 7.679599 -21.099524 9.375000
v 9.489320 -20.349912 9.375000
v 11.226822 -19.445426 9.375000
v 12.878881 -18.392948 9.375000
v 14.432924 -17.200489 9.375000
v 15.877124 -15.877124 9.375000
v 17.200489 -14.432924 9.375000
v 18.392948 -12.878881 9.375000
v 19.445426 -11.226822 9.375000
v 20.349912 -9.489320 9.375000
v 21.099524 -7.679599 9.375000
v 21.688555 -5.811431 9.375000
v 22.112523 -3.899034 9.375000
v 22.368201 -1.956964 9.375000
v 22.511914 0.000000 11.250000
v 22.426250 1.962043 11.250000
v 22.169908 3.909153 11.250000
v 21.744840 5.826512 11.250000
v 21.154280 7.699528 11.250000
v 20.402723 9.513946 11.250000
v 19.495890 11.255957 11.250000
v 18.440681 12.912304 11.250000
v 17.245127 14.470380 11.250000
v 15.918327 15.918327 11.250000
v 14.470380 17.245127 11.250000
v 12.912304 18.440681 11.250000
v 11.255957 19.495890 11.250000
v 9.513946 20.402723 11.250000
v 7.699528 21.154280 11.250000
v 5.826512 21.744840 11.250000
v 3.909153 22.169908 11.250000
v 1.962043 22.426250 11.250000
v 0.000000 22.511914 11.250000
v -1.962043 22.426250 11.250000
v -3.909153 22.169908 11.250000
v -5.826512 21.744840 11.250000
v -7.699528 21.154280 11.250000
v -9.513946 20.402723 11.250000
v -11.255957 19.495890 11.250000
v -12.912304 18.440681 11.250000
v -14.470380 17.245127 11.250000
v -15.918327 15.918327 11.250000
v -17.245127 14.470380 11.250000
v -18.440681 12.912304 11.250000
v -19.495890 11.255957 11.250000
v -20.402723 9.513946 11.250000
v -21.154280 7.699528 11.250000
v -21.744840 5.826512 11.250000
v -22.169908 3.909153 11.250000
v -22.426250 1.962043 11.250000
v -22.511914 0.000000 11.250000
v -22.426250 -1.962043 11.250000
v -22.169908 -3.909153 11.250000
v -21.744840 -5.826512 11.250000
v -21.154280 -7.699528 11.250000
v -20.402723 -9.513946 11.250000
v -19.495890 -11.255957 11.250000
v -18.440681 -12.912304 11.250000
v -17.245127 -14.470380 11.250000
v -15.918327 -15.918327 11.250000
v -14.470380 -17.245127 11.250000
v -12.912304 -18.440681 11.250000
v -11.255957 -19.495890 11.250000
v -9.513946 -20.402723 11.250000
v -7.699528 -21.154280 11.250000
v -5.826512 -21.744840 11.250000
v -3.909153 -22.169908 11.250000
v -1.962043 -22.426250 11.250000
v -0.000000 -22.511914 11.250000
v 1.962043 -22.426250 11.250000
v 3.909153 -22.169908 11.250000
v 5.826512 -21.744840 11.250000
v 7.699528 -21.154280 11.250000
v 9.513946 -20.402723 11.250000
v 11.255957 -19.495890 11.250000
v 12.912304 -18.440681 11.250000
v 14.470380 -17.245127 11.250000
v 15.918327 -15.918327 11.250000
v 17.245127 -14.470380 11.250000
v 18.440681 -12.912304 11.250000
v 19.495890 -11.255957 11.250000
v 20.402723 -9.513946 11.250000
v 21.154280 -7.699528 11.250000
v 21.744840 -5.826512 11.250000
v 22.169908 -3.909153 11.250000
v 22.426250 -1.962043 11.250000
v 22.576559 0.000000 13.125000
v 22.490648 1.967677 13.125000
v 22.233570 3.920378 13.125000
v 21.807281 5.843243 13.125000
v 21.215026 7.721638 13.125000
v 20.461311 9.541266 13.125000
v 19.551873 11.288279 13.125000
v 18.493634 12.949382 13.125000
v 17.294647 14.511932 13.125000
v 15.964038 15.964038 13.125000
v 14.511932 17.294647 13.125000
v 12.949382 18.493634 13.125000
v 11.288279 19.551873 13.125000
v 9.541266 20.461311 13.125000
v 7.721638 21.215026 13.125000
v 5.843243 21.807281 13.125000
v 3.920378 22.233570 13.125000
v 1.967677 22.490648 13.125000
v 0.000000 22.576559 13.125000
v -1.967677 22.490648 13.125000
v -3.920378 22.233570 13.125000
v -5.843243 21.807281 13.125000
v -7.721638 21.215026 13.125000
v -9.541266 20.461311 13.125000
v -11.288279 19.551873 13.125000
v -12.949382 18.493634 13.125000
v -14.511932 17.294647 13.125000
v -15.964038 15.964038 13.125000
v -17.294647 14.511932 13.125000
v -18.493634 12.949382 13.125000
v -19.551873 11.288279 13.125000
v -20.461311 9.541266 13.125000
v -21.215026 7.721638 13.125000
v -21.807281 5.843243 13.125000
v -22.233570 3.920378 13.125000
v -22.490648 1.967677 13.125000
v -22.576559 0.000000 13.125000
v -22.490648 -1.967677 13.125000
v -22.233570 -3.920378 13.125000
v -21.807281 -5.843243 13.125000
v -21.215026 -7.721638 13.125000
v -20.461311 -9.541266 13.125000
v -19.551873 -11.288279 13.125000
v -18.493634 -12.949382 13.125000
v -17.294647 -14.511932 13.125000
v -15.964038 -15.964038 13.125000
v -14.511932 -17.294647 13.125000
v -12.949382 -18.493634 13.125000
v -11.288279 -19.551873 13.125000
v -9.541266 -20.461311 13.125000
v -7.721638 -21.215026 13.125000
v -5.843243 -21.807281 13.125000
v -3.920378 -22.233570 13.125000
v -1.967677 -22.490648 13.125000
v -0.000000 -22.576559 13.125000
v 1.967677 -22.490648 13.125000
v 3.920378 -22.233570 13.125000
v 5.843243 -21.807281 13.125000
v 7.721638 -21.215026 13.125000
v 9.541266 -20.461311 13.125000
v 11.288279 -19.551873 13.125000
v 12.949382 -18.493634 13.125000
v 14.511932 -17.294647 13.125000
v 15.964038 -15.964038 13.125000
v 17.294647 -14.511932 13.125000
v 18.493634 -12.949382 13.125000
v 19.551873 -11.288279 13.125000
v 20.461311 -9.541266 13.125000
v 21.215026 -7.721638 13.125000
v 21.807281 -5.843243 13.125000
v 22.233570 -3.920378 13.125000
v 22.490648 -1.967677 13.125000
v 22.648436 0.000000 15.000000
v 22.562252 1.973941 15.000000
v 22.304356 3.932860 15.000000
v 21.876709 5.861847 15.000000
v 21.282568 7.746221 15.000000
v 20.526454 9.571643 15.000000
v 19.614121 11.324218 15.000000
v 18.552513 12.990609 15.000000
v 17.349709 14.558134 15.000000
v 16.014863 16.014863 15.000000
v 14.558134 17.349709 15.000000
v 12.990609 18.552513 15.000000
v 11.324218 19.614121 15.000000
v 9.571643 20.526454 15.000000
v 7.746221 21.282568 15.000000
v 5.861847 21.876709 15.000000
v 3.932860 22.304356 15.000000
v 1.973941 22.562252 15.000000
v 0.000000 22.648436 15.000000
v -1.973941 22.562252 15.000000
v -3.932860 22.304356 15.000000
v -5.861847 21.876709 15.000000
v -7.746221 21.282568 15.000000
v -9.571643 20.526454 15.000000
v -11.324218 19.614121 15.000000
v -12.990609 18.552513 15.000000
v -14.558134 17.349709 15.000000
v -16.014863 16.014863 15.000000
v -17.349709 14.558134 15.000000
v -18.552513 12.990609 15.000000
v -19.614121 11.324218 15.000000
v -20.526454 9.571643 15.000000
v -21.282568 7.746221 15.000000
v -21.876709 5.861847 15.000000
v -22.304356 3.932860 15.000000
v -22.562252 1.973941 15.000000
v -22.648436 0.000000 15.000000
v -22.562252 -1.973941 15.000000
v -22.304356 -3.932860 15.000000
v -21.876709 -5.861847 15.000000
v -21.282568 -7.746221 15.000000
v -20.526454 -9.571643 15.000000
v -19.614121 -11.324218 15.000000
v -18.552513 -12.990609 15.000000
v -17.349709 -14.558134 15.000000
v -16.014863 -16.014863 15.000000
v -14.558134 -17.349709 15.000000
v -12.990609 -18.552513 15.000000
v -11.324218 -19.614121 15.000000
v -9.571643 -20.526454 15.000000
v -7.746221 -21.282568 15.000000
v -5.861847 -21.876709 15.000000
v -3.932860 -22.304356 15.000000
v -1.973941 -22.562252 15.000000
v -0.000000 -22.648436 15.000000
v 1.973941 -22.562252 15.000000
v 3.932860 -22.304356 15.000000
v 5.861847 -21.876709 15.000000
v 7.746221 -21.282568 15.000000
v 9.571643 -20.526454 15.000000
v 11.324218 -19.614121 15.000000
v 12.990609 -18.552513 15.000000
v 14.558134 -17.349709 15.000000
v 16.014863 -16.014863 15.000000
v 17.349709 -14.558134 15.000000
v 18.552513 -12.990609 15.000000
v 19.614121 -11.324218 15.000000
v 20.526454 -9.571643 15.000000
v 21.282568 -7.746221 15.000000
v 21.876709 -5.861847 15.000000
v 22.304356 -3.932860 15.000000
v 22.562252 -1.973941 15.000000
v 22.728395 0.000000 16.875000
v 22.641907 1.980910 16.875000
v 22.383100 3.946744 16.875000
v 21.953944 5.882541 16.875000
v 21.357705 7.773569 16.875000
v 20.598921 9.605435 16.875000
v 19.683367 11.364197 16.875000
v 18.618011 13.036472 16.875000
v 17.410961 14.609531 16.875000
v 16.071402 16.071402 16.875000
v 14.609531 17.410961 16.875000
v 13.036472 18.618011 16.875000
v 11.364197 19.683367 16.875000
v 9.605435 20.598921 16.875000
v 7.773569 21.357705 16.875000
v 5.882541 21.953944 16.875000
v 3.946744 22.383100 16.875000
v 1.980910 22.641907 16.875000
v 0.000000 22.728395 16.875000
v -1.980910 22.641907 16.875000
v -3.946744 22.383100 16.875000
v -5.882541 21.953944 16.875000
v -7.773569 21.357705 16.875000
v -9.605435 20.598921 16.875000
v -11.364197 19.683367 16.875000
v -13.036472 18.618011 16.875000
v -14.609531 17.410961 16.875000
v -16.071402 16.071402 16.875000
v -17.410961 14.609531 16.875000
v -18.618011 13.036472 16.875000
v -19.683367 11.364197 16.875000
v -20.598921 9.605435 16.875000
v -21.357705 7.773569 16.875000
v -21.953944 5.882541 16.875000
v -22.383100 3.946744 16.875000
v -22.641907 1.980910 16.875000
v -22.728395 0.000000 16.875000
v -22.641907 -1.980910 16.875000
v -22.383100 -3.946744 16.875000
v -21.953944 -5.882541 16.875000
v -21.357705 -7.773569 16.875000
v -20.598921 -9.605435 16.875000
v -19.683367 -11.364197 16.875000
v -18.618011 -13.036472 16.875000
v -17.410961 -14.609531 16.875000
v -16.071402 -16.071402 16.875000
v -14.609531 -17.410961 16.875000
v -13.036472 -18.618011 16.875000
v -11.364197 -19.683367 16.875000
v -9.605435 -20.598921 16.875000
v -7.773569 -21.357705 16.875000
v -5.882541 -21.953944 16.875000
v -3.946744 -22.383100 16.875000
v -1.980910 -22.641907 16.875000
v -0.000000 -22.728395 16.875000
v 1.980910 -22.641907 16.875000
v 3.946744 -22.383100 16.875000
v 5.882541 -21.953944 16.875000
v 7.773569 -21.357705 16.875000
v 9.605435 -20.598921 16.875000
v 11.364197 -19.683367 16.875000
v 13.036472 -18.618011 16.875000
v 14.609531 -17.410961 16.875000
v 16.071402 -16.071402 16.875000
v 17.410961 -14.609531 16.875000
v 18.618011 -13.036472 16.875000
v 19.683367 -11.364197 16.875000
v 20.598921 -9.605435 16.875000
v 21.357705 -7.773569 16.875000
v 21.953944 -5.882541 16.875000
v 22.383100 -3.946744 16.875000
v 22.641907 -1.980910 16.875000
v 22.817258 0.000000 18.750000
v 22.730431 1.988655 18.750000
v 22.470612 3.962175 18.750000
v 22.039779 5.905541 18.750000
v 21.441209 7.803962 18.750000
v 20.679458 9.642990 18.750000
v 19.760325 11.408629 18.750000
v 18.690803 13.087441 18.750000
v 17.479034 14.666651 18.750000
v 16.134238 16.134238 18.750000
v 14.666651 17.479034 18.750000
v 13.087441 18.690803 18.750000
v 11.408629 19.760325 18.750000
v 9.642990 20.679458 18.750000
v 7.803962 21.441209 18.750000
v 5.905541 22.039779 18.750000
v 3.962175 22.470612 18.750000
v 1.988655 22.730431 18.750000
v 0.000000 22.817258 18.750000
v -1.988655 22.730431 18.750000
v -3.962175 22.470612 18.750000
v -5.905541 22.039779 18.750000
v -7.803962 21.441209 18.750000
v -9.642990 20.679458 18.750000
v -11.408629 19.760325 18.750000
v -13.087441 18.690803 18.750000
v -14.666651 17.479034 18.750000
v -16.134238 16.134238 18.750000
v -17.479034 14.666651 18.750000
v -18.690803 13.087441 18.750000
v -19.760325 11.408629 18.750000
v -20.679458 9.642990 18.750000
v -21.441209 7.803962 18.750000
v -22.039779 5.905541 18.750000
v -22.470612 3.962175 18.750000
v -22.730431 1.988655 18.750000
v -22.817258 0.000000 18.750000
v -22.730431 -1.988655 18.750000
v -22.470612 -3.962175 18.750000
v -22.039779 -5.905541 18.750000
v -21.441209 -7.803962 18.750000
v -20.679458 -9.642990 18.750000
v -19.760325 -11.408629 18.750000
v -18.690803 -13.087441 18.750000
v -17.479034 -14.666651 18.750000
v -16.134238 -16.134238 18.750000
v -14.666651 -17.479034 18.750000
v -13.087441 -18.690803 18.750000
v -11.408629 -19.760325 18.750000
v -9.642990 -20.679458 18.750000
v -7.803962 -21.441209 18.750000
v -5.905541 -22.039779 18.750000
v -3.962175 -22.470612 18.750000
v -1.988655 -22.730431 18.750000
v -0.000000 -22.817258 18.750000
v 1.988655 -22.730431 18.750000
v 3.962175 -22.470612 18.750000
v 5.905541 -22.039779 18.750000
v 7.803962 -21.441209 18.750000
v 9.642990 -20.679458 18.750000
v 11.408629 -19.760325 18.750000
v 13.087441 -18.690803 18.750000
v 14.666651 -17.479034 18.750000
v 16.134238 -16.134238 18.750000
v 17.479034 -14.666651 18.750000
v 18.690803 -13.087441 18.750000
v 19.760325 -11.408629 18.750000
v 20.679458 -9.642990 18.750000
v 21.441209 -7.803962 18.750000
v 22.039779 -5.905541 18.750000
v 22.470612 -3.962175 18.750000
v 22.730431 -1.988655 18.750000
v 22.915807 0.000000 20.625000
v 22.828606 1.997244 20.625000
v 22.567665 3.979288 20.625000
v 22.134970 5.931047 20.625000
v 21.533815 7.837668 20.625000
v 20.768775 9.684639 20.625000
v 19.845671 11.457904 20.625000
v 18.771530 13.143967 20.625000
v 17.554527 14.729997 20.625000
v 16.203923 16.203923 20.625000
v 14.729997 17.554527 20.625000
v 13.143967 18.771530 20.625000
v 11.457904 19.845671 20.625000
v 9.684639 20.768775 20.625000
v 7.837668 21.533815 20.625000
v 5.931047 22.134970 20.625000
v 3.979288 22.567665 20.625000
v 1.997244 22.828606 20.625000
v 0.000000 22.915807 20.625000
v -1.997244 22.828606 20.625000
v -3.979288 22.567665 20.625000
v -5.931047 22.134970 20.625000
v -7.837668 21.533815 20.625000
v -9.684639 20.768775 20.625000
v -11.457904 19.845671 20.625000
v -13.143967 18.771530 20.625000
v -14.729997 17.554527 20.625000
v -16.203923 16.203923 20.625000
v -17.554527 14.729997 20.625000
v -18.771530 13.143967 20.625000
v -19.845671 11.457904 20.625000
v -20.768775 9.684639 20.625000
v -21.533815 7.837668 20.625000
v -22.134970 5.931047 20.625000
v -22.567665 3.979288 20.625000
v -22.828606 1.997244 20.625000
v -22.915807 0.000000 20.625000
v -22.828606 -1.997244 20.625000
v -22.567665 -3.979288 20.625000
v -22.134970 -5.931047 20.625000
v -21.533815 -7.837668 20.625000
v -20.768775 -9.684639 20.625000
v -19.845671 -11.457904 20.625000
v -18.771530 -13.143967 20.625000
v -17.554527 -14.729997 20.625000
v -16.203923 -16.203923 20.625000
v -14.729997 -17.554527 20.625000
v -13.143967 -18.771530 20.625000
v -11.457904 -19.845671 20.625000
v -9.684639 -20.768775 20.625000
v -7.837668 -21.533815 20.625000
v -5.931047 -22.134970 20.625000
v -3.979288 -22.567665 20.625000
v -1.997244 -22.828606 20.625000
v -0.000000 -22.915807 20.625000
v 1.997244 -22.828606 20.625000
v 3.979288 -22.567665 20.625000
v 5.931047 -22.134970 20.625000
v 7.837668 -21.533815 20.625000
v 9.684639 -20.768775 20.625000
v 11.457904 -19.845671 20.625000
v 13.143967 -18.771530 20.625000
v 14.729997 -17.554527 20.625000
v 16.203923 -16.203923 20.625000
v 17.554527 -14.729997 20.625000
v 18.771530 -13.143967 20.625000
v 19.845671 -11.457904 20.625000
v 20.768775 -9.684639 20.625000
v 21.533815 -7.837668 20.625000
v 22.134970 -5.931047 20.625000
v 22.567665 -3.979288 20.625000
v 22.828606 -1.997244 20.625000
v 23.024768 0.000000 22.500000
v 22.937152 2.006741 22.500000
v 22.674970 3.998209 22.500000
v 22.240218 5.959248 22.500000
v 21.636204 7.874934 22.500000
v 20.867526 9.730687 22.500000
v 19.940034 11.512384 22.500000
v 18.860786 13.206464 22.500000
v 17.637995 14.800035 22.500000
v 16.280969 16.280969 22.500000
v 14.800035 17.637995 22.500000
v 13.206464 18.860786 22.500000
v 11.512384 19.940034 22.500000
v 9.730687 20.867526 22.500000
v 7.874934 21.636204 22.500000
v 5.959248 22.240218 22.500000
v 3.998209 22.674970 22.500000
v 2.006741 22.937152 22.500000
v 0.000000 23.024768 22.500000
v -2.006741 22.937152 22.500000
v -3.998209 22.674970 22.500000
v -5.959248 22.240218 22.500000
v -7.874934 21.636204 22.500000
v -9.730687 20.867526 22.500000
v -11.512384 19.940034 22.500000
v -13.206464 18.860786 22.500000
v -14.800035 17.637995 22.500000
v -16.280969 16.280969 22.500000
v -17.637995 14.800035 22.500000
v -18.860786 13.206464 22.500000
v -19.940034 11.512384 22.500000
v -20.867526 9.730687 22.500000
v -21.636204 7.874934 22.500000
v -22.240218 5.959248 22.500000
v -22.674970 3.998209 22.500000
v -22.937152 2.006741 22.500000
v -23.024768 0.000000 22.500000
v -22.937152 -2.006741 22.500000
v -22.674970 -3.998209 22.500000
v -22.240218 -5.959248 22.500000
v -21.636204 -7.874934 22.500000
v -20.867526 -9.730687 22.500000
v -19.940034 -11.512384 22.500000
v -18.860786 -13.206464 22.500000
v -17.637995 -14.800035 22.500000
v -16.280969 -16.280969 22.500000
v -14.800035 -17.637995 22.500000
v -13.206464 -18.860786 22.500000
v -11.512384 -19.940034 22.500000
v -9.730687 -20.867526 22.500000
v -7.874934 -21.636204 22.500000
v -5.959248 -22.240218 22.500000
v -3.998209 -22.674970 22.500000
v -2.006741 -22.937152 22.500000
v -0.000000 -23.024768 22.500000
v 2.006741 -22.937152 22.500000
v 3.998209 -22.674970 22.500000
v 5.959248 -22.240218 22.500000
v 7.874934 -21.636204 22.500000
v 9.730687 -20.867526 22.500000
v 11.512384 -19.940034 22.500000
v 13.206464 -18.860786 22.500000
v 14.800035 -17.637995 22.500000
v 16.280969 -16.280969 22.500000
v 17.637995 -14.800035 22.500000
v 18.860786 -13.206464 22.500000
v 19.940034 -11.512384 22.500000
v 20.867526 -9.730687 22.500000
v 21.636204 -7.874934 22.500000
v 22.240218 -5.959248 22.500000
v 22.674970 -3.998209 22.500000
v 22.937152 -2.006741 22.500000
v 23.144788 0.000000 24.375000
v 23.056715 2.017201 24.375000
v 22.793167 4.019050 24.375000
v 22.356149 5.990312 24.375000
v 21.748987 7.915984 24.375000
v 20.976302 9.781410 24.375000
v 20.043975 11.572394 24.375000
v 18.959101 13.275305 24.375000
v 17.729936 14.877183 24.375000
v 16.365837 16.365837 24.375000
v 14.877183 17.729936 24.375000
v 13.275305 18.959101 24.375000
v 11.572394 20.043975 24.375000
v 9.781410 20.976302 24.375000
v 7.915984 21.748987 24.375000
v 5.990312 22.356149 24.375000
v 4.019050 22.793167 24.375000
v 2.017201 23.056715 24.375000
v 0.000000 23.144788 24.375000
v -2.017201 23.056715 24.375000
v -4.019050 22.793167 24.375000
v -5.990312 22.356149 24.375000
v -7.915984 21.748987 24.375000
v -9.781410 20.976302 24.375000
v -11.572394 20.043975 24.375000
v -13.275305 18.959101 24.375000
v -14.877183 17.729936 24.375000
v -16.365837 16.365837 24.375000
v -17.729936 14.877183 24.375000
v -18.959101 13.275305 24.375000
v -20.043975 11.572394 24.375000
v -20.976302 9.781410 24.375000
v -21.748987 7.915984 24.375000
v -22.356149 5.990312 24.375000
v -22.793167 4.019050 24.375000
v -23.056715 2.017201 24.375000
v -23.144788 0.000000 24.375000
v -23.056715 -2.017201 24.375000
v -22.793167 -4.019050 24.375000
v -22.356149 -5.990312 24.375000
v -21.748987 -7.915984 24.375000
v -20.976302 -9.781410 24.375000
v -20.043975 -11.572394 24.375000
v -18.959101 -13.275305 24.375000
v -17.729936 -14.877183 24.375000
v -16.365837 -16.365837 24.375000
v -14.877183 -17.729936 24.375000
v -13.275305 -18.959101 24.375000
v -11.572394 -20.043975 24.375000
v -9.781410 -20.976302 24.375000
v -7.915984 -21.748987 24.375000
v -5.990312 -22.356149 24.375000
v -4.019050 -22.793167 24.375000
v -2.017201 -23.056715 24.375000
v -0.000000 -23.144788 24.375000
v 2.017201 -23.056715 24.375000
v 4.019050 -22.793167 24.375000
v 5.990312 -22.356149 24.375000
v 7.915984 -21.748987 24.375000
v 9.781410 -20.976302 24.375000
v 11.572394 -20.043975 24.375000
v 13.275305 -18.959101 24.375000
v 14.877183 -17.729936 24.375000
v 16.365837 -16.365837 24.375000
v 17.729936 -14.877183 24.375000
v 18.959101 -13.275305 24.375000
v 20.043975 -11.572394 24.375000
v 20.976302 -9.781410 24.375000
v 21.748987 -7.915984 24.375000
v 22.356149 -5.990312 24.375000
v 22.793167 -4.019050 24.375000
v 23.056715 -2.017201 24.375000
v 23.276423 0.000000 26.250000
v 23.187849 2.028674 26.250000
v 22.922802 4.041908 26.250000
v 22.483298 6.024382 26.250000
v 21.872683 7.961006 26.250000
v 21.095603 9.837041 26.250000
v 20.157974 11.638212 26.250000
v 19.066930 13.350808 26.250000
v 17.830775 14.961796 26.250000
v 16.458917 16.458917 26.250000
v 14.961796 17.830775 26.250000
v 13.350808 19.066930 26.250000
v 11.638212 20.157974 26.250000
v 9.837041 21.095603 26.250000
v 7.961006 21.872683 26.250000
v 6.024382 22.483298 26.250000
v 4.041908 22.922802 26.250000
v 2.028674 23.187849 26.250000
v 0.000000 23.276423 26.250000
v -2.028674 23.187849 26.250000
v -4.041908 22.922802 26.250000
v -6.024382 22.483298 26.250000
v -7.961006 21.872683 26.250000
v -9.837041 21.095603 26.250000
v -11.638212 20.157974 26.250000
v -13.350808 19.066930 26.250000
v -14.961796 17.830775 26.250000
v -16.458917 16.458917 26.250000
v -17.830775 14.961796 26.250000
v -19.066930 13.350808 26.250000
v -20.157974 11.638212 26.250000
v -21.095603 9.837041 26.250000
v -21.872683 7.961006 26.250000
v -22.483298 6.024382 26.250000
v -22.922802 4.041908 26.250000
v -23.187849 2.028674 26.250000
v -23.276423 0.000000 26.250000
v -23.187849 -2.028674 26.250000
v -22.922802 -4.041908 26.250000
v -22.483298 -6.024382 26.250000
v -21.872683 -7.961006 26.250000
v -21.095603 -9.837041 26.250000
v -20.157974 -11.638212 26.250000
v -19.066930 -13.350808 26.250000
v -17.830775 -14.961796 26.250000
v -16.458917 -16.458917 26.250000
v -14.961796 -17.830775 26.250000
v -13.350808 -19.066930 26.250000
v -11.638212 -20.157974 26.250000
v -9.837041 -21.095603 26.250000
v -7.961006 -21.872683 26.250000
v -6.024382 -22.483298 26.250000
v -4.041908 -22.922802 26.250000
v -2.028674 -23.187849 26.250000
v -0.000000 -23.276423 26.250000
v 2.028674 -23.187849 26.250000
v 4.041908 -22.922802 26.250000
v 6.024382 -22.483298 26.250000
v 7.961006 -21.872683 26.250000
v 9.837041 -21.095603 26.250000
v 11.638212 -20.157974 26.250000
v 13.350808 -19.066930 26.250000
v 14.961796 -17.830775 26.250000
v 16.458917 -16.458917 26.250000
v 17.830775 -14.961796 26.250000
v 19.066930 -13.350808 26.250000
v 20.157974 -11.638212 26.250000
v 21.095603 -9.837041 26.250000
v 21.872683 -7.961006 26.250000
v 22.483298 -6.024382 26.250000
v 22.922802 -4.041908 26.250000
v 23.187849 -2.028674 26.250000
v 23.420112 0.000000 28.125000
v 23.330991 2.041197 28.125000
v 23.064308 4.066860 28.125000
v 22.622091 6.061571 28.125000
v 22.007706 8.010150 28.125000
v 21.225830 9.897767 28.125000
v 20.282412 11.710056 28.125000
v 19.184633 13.433224 28.125000
v 17.940847 15.054158 28.125000
v 16.560520 16.560520 28.125000
v 15.054158 17.940847 28.125000
v 13.433224 19.184633 28.125000
v 11.710056 20.282412 28.125000
v 9.897767 21.225830 28.125000
v 8.010150 22.007706 28.125000
v 6.061571 22.622091 28.125000
v 4.066860 23.064308 28.125000
v 2.041197 23.330991 28.125000
v 0.000000 23.420112 28.125000
v -2.041197 23.330991 28.125000
v -4.066860 23.064308 28.125000
v -6.061571 22.622091 28.125000
v -8.010150 22.007706 28.125000
v -9.897767 21.225830 28.125000
v -11.710056 20.282412 28.125000
v -13.433224 19.184633 28.125000
v -15.054158 17.940847 28.125000
v -16.560520 16.560520 28.125000
v -17.940847 15.054158 28.125000
v -19.184633 13.433224 28.125000
v -20.282412 11.710056 28.125000
v -21.225830 9.897767 28.125000
v -22.007706 8.010150 28.125000
v -22.622091 6.061571 28.125000
v -23.064308 4.066860 28.125000
v -23.330991 2.041197 28.125000
v -23.420112 0.000000 28.125000
v -23.330991 -2.041197 28.125000
v -23.064308 -4.066860 28.125000
v -22.622091 -6.061571 28.125000
v -22.007706 -8.010150 28.125000
v -21.225830 -9.897767 28.125000
v -20.282412 -11.710056 28.125000
v -19.184633 -13.433224 28.125000
v -17.940847 -15.054158 28.125000
v -16.560520 -16.560520 28.125000
v -15.054158 -17.940847 28.125000
v -13.433224 -19.184633 28.125000
v -11.710056 -20.282412 28.125000
v -9.897767 -21.225830 28.125000
v -8.010150 -22.007706 28.125000
v -6.061571 -22.622091 28.125000
v -4.066860 -23.064308 28.125000
v -2.041197 -23.330991 28.125000
v -0.000000 -23.420112 28.125000
v 2.041197 -23.330991 28.125000
v 4.066860 -23.064308 28.125000
v 6.061571 -22.622091 28.125000
v 8.010150 -22.007706 28.125000
v 9.897767 -21.225830 28.125000
v 11.710056 -20.282412 28.125000
v 13.433224 -19.184633 28.125000
v 15.054158 -17.940847 28.125000
v 16.560520 -16.560520 28.125000
v 17.940847 -15.054158 28.125000
v 19.184633 -13.433224 28.125000
v 20.282412 -11.710056 28.125000
v 21.225830 -9.897767 28.125000
v 22.007706 -8.010150 28.125000
v 22.622091 -6.061571 28.125000
v 23.064308 -4.066860 28.125000
v 23.330991 -2.041197 28.125000
v 23.576161 0.000000 30.000000
v 23.486447 2.054798 30.000000
v 23.217987 4.093957 30.000000
v 22.772823 6.101960 30.000000
v 22.154345 8.063522 30.000000
v 21.367259 9.963716 30.000000
v 20.417555 11.788081 30.000000
v 19.312461 13.522731 30.000000
v 18.060387 15.154464 30.000000
v 16.670864 16.670864 30.000000
v 15.154464 18.060387 30.000000
v 13.522731 19.312461 30.000000
v 11.788081 20.417555 30.000000
v 9.963716 21.367259 30.000000
v 8.063522 22.154345 30.000000
v 6.101960 22.772823 30.000000
v 4.093957 23.217987 30.000000
v 2.054798 23.486447 30.000000
v 0.000000 23.576161 30.000000
v -2.054798 23.486447 30.000000
v -4.093957 23.217987 30.000000
v -6.101960 22.772823 30.000000
v -8.063522 22.154345 30.000000
v -9.963716 21.367259 30.000000
v -11.788081 20.417555 30.000000
v -13.522731 19.312461 30.000000
v -15.154464 18.060387 30.000000
v -16.670864 16.670864 30.000000
v -18.060387 15.154464 30.000000
v -19.312461 13.522731 30.000000
v -20.417555 11.788081 30.000000
v -21.367259 9.963716 30.000000
v -22.154345 8.063522 30.000000
v -22.772823 6.101960 30.000000
v -23.217987 4.093957 30.000000
v -23.486447 2.054798 30.000000
v -23.576161 0.000000 30.000000
v -23.486447 -2.054798 30.000000
v -23.217987 -4.093957 30.000000
v -22.772823 -6.101960 30.000000
v -22.154345 -8.063522 30.000000
v -21.367259 -9.963716 30.000000
v -20.417555 -11.788081 30.000000
v -19.312461 -13.522731 30.000000
v -18.060387 -15.154464 30.000000
v -16.670864 -16.670864 30.000000
v -15.154464 -18.060387 30.000000
v -13.522731 -19.312461 30.000000
v -11.788081 -20.417555 30.000000
v -9.963716 -21.367259 30.000000
v -8.063522 -22.154345 30.000000
v -6.101960 -22.772823 30.000000
v -4.093957 -23.217987 30.000000
v -2.054798 -23.486447 30.000000
v -0.000000 -23.576161 30.000000
v 2.054798 -23.486447 30.000000
v 4.093957 -23.217987 30.000000
v 6.101960 -22.772823 30.000000
v 8.063522 -22.154345 30.000000
v 9.963716 -21.367259 30.000000
v 11.788081 -20.417555 30.000000
v 13.522731 -19.312461 30.000000
v 15.154464 -18.060387 30.000000
v 16.670864 -16.670864 30.000000
v 18.060387 -15.154464 30.000000
v 19.312461 -13.522731 30.000000
v 20.417555 -11.788081 30.000000
v 21.367259 -9.963716 30.000000
v 22.154345 -8.063522 30.000000
v 22.772823 -6.101960 30.000000
v 23.217987 -4.093957 30.000000
v 23.486447 -2.054798 30.000000
v 23.744724 0.000000 31.875000
v 23.654368 2.069489 31.875000
v 23.383988 4.123228 31.875000
v 22.935642 6.145587 31.875000
v 22.312742 8.121174 31.875000
v 21.520028 10.034954 31.875000
v 20.563534 11.872362 31.875000
v 19.450539 13.619414 31.875000
v 18.189514 15.262814 31.875000
v 16.790055 16.790055 31.875000
v 15.262814 18.189514 31.875000
v 13.619414 19.450539 31.875000
v 11.872362 20.563534 31.875000
v 10.034954 21.520028 31.875000
v 8.121174 22.312742 31.875000
v 6.145587 22.935642 31.875000
v 4.123228 23.383988 31.875000
v 2.069489 23.654368 31.875000
v 0.000000 23.744724 31.875000
v -2.069489 23.654368 31.875000
v -4.123228 23.383988 31.875000
v -6.145587 22.935642 31.875000
v -8.121174 22.312742 31.875000
v -10.034954 21.520028 31.875000
v -11.872362 20.563534 31.875000
v -13.619414 19.450539 31.875000
v -15.262814 18.189514 31.875000
v -16.790055 16.790055 31.875000
v -18.189514 15.262814 31.875000
v -19.450539 13.619414 31.875000
v -20.563534 11.872362 31.875000
v -21.520028 10.034954 31.875000
v -22.312742 8.121174 31.875000
v -22.935642 6.145587 31.875000
v -23.383988 4.123228 31.875000
v -23.654368 2.069489 31.875000
v -23.744724 0.000000 31.875000
v -23.654368 -2.069489 31.875000
v -23.383988 -4.123228 31.875000
v -22.935642 -6.145587 31.875000
v -22.312742 -8.121174 31.875000
v -21.520028 -10.034954 31.875000
v -20.563534 -11.872362 31.875000
v -19.450539 -13.619414 31.875000
v -18.189514 -15.262814 31.875000
v -16.790055 -16.790055 31.875000
v -15.262814 -18.189514 31.875000
v -13.619414 -19.450539 31.875000
v -11.872362 -20.563534 31.875000
v -10.034954 -21.520028 31.875000
v -8.121174 -22.312742 31.875000
v -6.145587 -22.935642 31.875000
v -4.123228 -23.383988 31.875000
v -2.069489 -23.654368 31.875000
v -0.000000 -23.744724 31.875000
v 2.069489 -23.654368 31.875000
v 4.123228 -23.383988 31.875000
v 6.145587 -22.935642 31.875000
v 8.121174 -22.312742 31.875000
v 10.034954 -21.520028 31.875000
v 11.872362 -20.563534 31.875000
v 13.619414 -19.450539 31.875000
v 15.262814 -18.189514 31.875000
v 16.790055 -16.790055 31.875000
v 18.189514 -15.262814 31.875000
v 19.450539 -13.619414 31.875000
v 20.563534 -11.872362 31.875000
v 21.520028 -10.034954 31.875000
v 22.312742 -8.121174 31.875000
v 22.935642 -6.145587 31.875000
v 23.383988 -4.123228 31.875000
v 23.654368 -2.069489 31.875000
v 23.925781 0.000000 33.750000
v 23.834736 2.085269 33.750000
v 23.562294 4.154668 33.750000
v 23.110530 6.192448 33.750000
v 22.482880 8.183099 33.750000
v 21.684121 10.111472 33.750000
v 20.720334 11.962890 33.750000
v 19.598852 13.723264 33.750000
v 18.328211 15.379195 33.750000
v 16.918082 16.918082 33.750000
v 15.379195 18.328211 33.750000
v 13.723264 19.598852 33.750000
v 11.962890 20.720334 33.750000
v 10.111472 21.684121 33.750000
v 8.183099 22.482880 33.750000
v 6.192448 23.110530 33.750000
v 4.154668 23.562294 33.750000
v 2.085269 23.834736 33.750000
v 0.000000 23.925781 33.750000
v -2.085269 23.834736 33.750000
v -4.154668 23.562294 33.750000
v -6.192448 23.110530 33.750000
v -8.183099 22.482880 33.750000
v -10.111472 21.684121 33.750000
v -11.962890 20.720334 33.750000
v -13.723264 19.598852 33.750000
v -15.379195 18.328211 33.750000
v -16.918082 16.918082 33.750000
v -18.328211 15.379195 33.750000
v -19.598852 13.723264 33.750000
v -20.720334 11.962890 33.750000
v -21.684121 10.111472 33.750000
v -22.482880 8.183099 33.750000
v -23.110530 6.192448 33.750000
v -23.562294 4.154668 33.750000
v -23.834736 2.085269 33.750000
v -23.925781 0.000000 33.750000
v -23.834736 -2.085269 33.750000
v -23.562294 -4.154668 33.750000
v -23.110530 -6.192448 33.750000
v -22.482880 -8.183099 33.750000
v -21.684121 -10.111472 33.750000
v -20.720334 -11.962890 33.750000
v -19.598852 -13.723264 33.750000
v -18.328211 -15.379195 33.750000
v -16.918082 -16.918082 33.750000
v -15.379195 -18.328211 33.750000
v -13.723264 -19.598852 33.750000
v -11.962890 -20.720334 33.750000
v -10.111472 -21.684121 33.750000
v -8.183099 -22.482880 33.750000
v -6.192448 -23.110530 33.750000
v -4.154668 -23.562294 33.750000
v -2.085269 -23.834736 33.750000
v -0.000000 -23.925781 33.750000
v 2.085269 -23.834736 33.750000
v 4.154668 -23.562294 33.750000
v 6.192448 -23.110530 33.750000
v 8.183099 -22.482880 33.750000
v 10.111472 -21.684121 33.750000
v 11.962890 -20.720334 33.750000
v 13.723264 -19.598852 33.750000
v 15.379195 -18.328211 33.750000
v 16.918082 -16.918082 33.750000
v 18.328211 -15.379195 33.750000
v 19.598852 -13.723264 33.750000
v 20.720334 -11.962890 33.750000
v 21.684121 -10.111472 33.750000
v 22.482880 -8.183099 33.750000
v 23.110530 -6.192448 33.750000
v 23.562294 -4.154668 33.750000
v 23.834736 -2.085269 33.750000
v 24.119123 0.000000 35.625000
v 24.027343 2.102120 35.625000
v 23.752700 4.188242 35.625000
v 23.297284 6.242488 35.625000
v 22.664562 8.249226 35.625000
v 21.859349 10.193182 35.625000
v 20.887774 12.059562 35.625000
v 19.757229 13.834161 35.625000
v 18.476320 15.503474 35.625000
v 17.054796 17.054796 35.625000
v 15.503474 18.476320 35.625000
v 13.834161 19.757229 35.625000
v 12.059562 20.887774 35.625000
v 10.193182 21.859349 35.625000
v 8.249226 22.664562 35.625000
v 6.242488 23.297284 35.625000
v 4.188242 23.752700 35.625000
v 2.102120 24.027343 35.625000
v 0.000000 24.119123 35.625000
v -2.102120 24.027343 35.625000
v -4.188242 23.752700 35.625000
v -6.242488 23.297284 35.625000
v -8.249226 22.664562 35.625000
v -10.193182 21.859349 35.625000
v -12.059562 20.887774 35.625000
v -13.834161 19.757229 35.625000
v -15.503474 18.476320 35.625000
v -17.054796 17.054796 35.625000
v -18.476320 15.503474 35.625000
v -19.757229 13.834161 35.625000
v -20.887774 12.059562 35.625000
v -21.859349 10.193182 35.625000
v -22.664562 8.249226 35.625000
v -23.297284 6.242488 35.625000
v -23.752700 4.188242 35.625000
v -24.027343 2.102120 35.625000
v -24.119123 0.000000 35.625000
v -24.027343 -2.102120 35.625000
v -23.752700 -4.188242 35.625000
v -23.297284 -6.242488 35.625000
v -22.664562 -8.249226 35.625000
v -21.859349 -10.193182 35.625000
v -20.887774 -12.059562 35.625000
v -19.757229 -13.834161 35.625000
v -18.476320 -15.503474 35.625000
v -17.054796 -17.054796 35.625000
v -15.503474 -18.476320 35.625000
v -13.834161 -19.757229 35.625000
v -12.059562 -20.887774 35.625000
v -10.193182 -21.859349 35.625000
v -8.249226 -22.664562 35.625000
v -6.242488 -23.297284 35.625000
v -4.188242 -23.752700 35.625000
v -2.102120 -24.027343 35.625000
v -0.000000 -24.119123 35.625000
v 2.102120 -24.027343 35.625000
v 4.188242 -23.752700 35.625000
v 6.242488 -23.297284 35.625000
v 8.249226 -22.664562 35.625000
v 10.193182 -21.859349 35.625000
v 12.059562 -20.887774 35.625000
v 13.834161 -19.757229 35.625000
v 15.503474 -18.476320 35.625000
v 17.054796 -17.054796 35.625000
v 18.476320 -15.503474 35.625000
v 19.757229 -13.834161 35.625000
v 20.887774 -12.059562 35.625000
v 21.859349 -10.193182 35.625000
v 22.664562 -8.249226 35.625000
v 23.297284 -6.242488 35.625000
v 23.752700 -4.188242 35.625000
v 24.027343 -2.102120 35.625000
v 24.324339 0.000000 37.500000
v 24.231778 2.120006 37.500000
v 23.954798 4.223877 37.500000
v 23.495508 6.295602 37.500000
v 22.857402 8.319414 37.500000
v 22.045338 10.279910 37.500000
v 21.065496 12.162170 37.500000
v 19.925332 13.951868 37.500000
v 18.633525 15.635384 37.500000
v 17.199905 17.199905 37.500000
v 15.635384 18.633525 37.500000
v 13.951868 19.925332 37.500000
v 12.162170 21.065496 37.500000
v 10.279910 22.045338 37.500000
v 8.319414 22.857402 37.500000
v 6.295602 23.495508 37.500000
v 4.223877 23.954798 37.500000
v 2.120006 24.231778 37.500000
v 0.000000 24.324339 37.500000
v -2.120006 24.231778 37.500000
v -4.223877 23.954798 37.500000
v -6.295602 23.495508 37.500000
v -8.319414 22.857402 37.500000
v -10.279910 22.045338 37.500000
v -12.162170 21.065496 37.500000
v -13.951868 19.925332 37.500000
v -15.635384 18.633525 37.500000
v -17.199905 17.199905 37.500000
v -18.633525 15.635384 37.500000
v -19.925332 13.951868 37.500000
v -21.065496 12.162170 37.500000
v -22.045338 10.279910 37.500000
v -22.857402 8.319414 37.500000
v -23.495508 6.295602 37.500000
v -23.954798 4.223877 37.500000
v -24.231778 2.120006 37.500000
v -24.324339 0.000000 37.500000
v -24.231778 -2.120006 37.500000
v -23.954798 -4.223877 37.500000
v -23.495508 -6.295602 37.500000
v -22.857402 -8.319414 37.500000
v -22.045338 -10.279910 37.500000
v -21.065496 -12.162170 37.500000
v -19.925332 -13.951868 37.500000
v -18.633525 -15.635384 37.500000
v -17.199905 -17.199905 37.500000
v -15.635384 -18.633525 37.500000
v -13.951868 -19.925332 37.500000
v -12.162170 -21.065496 37.500000
v -10.279910 -22.045338 37.500000
v -8.319414 -22.857402 37.500000
v -6.295602 -23.495508 37.500000
v -4.223877 -23.954798 37.500000
v -2.120006 -24.231778 37.500000
v -0.000000 -24.324339 37.500000
v 2.120006 -24.231778 37.500000
v 4.223877 -23.954798 37.500000
v 6.295602 -23.495508 37.500000
v 8.319414 -22.857402 37.500000
v 10.279910 -22.045338 37.500000
v 12.162170 -21.065496 37.500000
v 13.951868 -19.925332 37.500000
v 15.635384 -18.633525 37.500000
v 17.199905 -17.199905 37.500000
v 18.633525 -15.635384 37.500000
v 19.925332 -13.951868 37.500000
v 21.065496 -12.162170 37.500000
v 22.045338 -10.279910 37.500000
v 22.857402 -8.319414 37.500000
v 23.495508 -6.295602 37.500000
v 23.954798 -4.223877 37.500000
v 24.231778 -2.120006 37.500000
v 24.540799 0.000000 39.375000
v 24.447413 2.138872 39.375000
v 24.167969 4.261465 39.375000
v 23.704591 6.351626 39.375000
v 23.060807 8.393447 39.375000
v 22.241517 10.371390 39.375000
v 21.252955 12.270399 39.375000
v 20.102645 14.076024 39.375000
v 18.799342 15.774521 39.375000
v 17.352965 17.352965 39.375000
v 15.774521 18.799342 39.375000
v 14.076024 20.102645 39.375000
v 12.270399 21.252955 39.375000
v 10.371390 22.241517 39.375000
v 8.393447 23.060807 39.375000
v 6.351626 23.704591 39.375000
v 4.261465 24.167969 39.375000
v 2.138872 24.447413 39.375000
v 0.000000 24.540799 39.375000
v -2.138872 24.447413 39.375000
v -4.261465 24.167969 39.375000
v -6.351626 23.704591 39.375000
v -8.393447 23.060807 39.375000
v -10.371390 22.241517 39.375000
v -12.270399 21.252955 39.375000
v -14.076024 20.102645 39.375000
v -15.774521 18.799342 39.375000
v -17.352965 17.352965 39.375000
v -18.799342 15.774521 39.375000
v -20.102645 14.076024 39.375000
v -21.252955 12.270399 39.375000
v -22.241517 10.371390 39.375000
v -23.060807 8.393447 39.375000
v -23.704591 6.351626 39.375000
v -24.167969 4.261465 39.375000
v -24.447413 2.138872 39.375000
v -24.540799 0.000000 39.375000
v -24.447413 -2.138872 39.375000
v -24.167969 -4.261465 39.375000
v -23.704591 -6.351626 39.375000
v -23.060807 -8.393447 39.375000
v -22.241517 -10.371390 39.375000
v -21.252955 -12.270399 39.375000
v -20.102645 -14.076024 39.375000
v -18.799342 -15.774521 39.375000
v -17.352965 -17.352965 39.375000
v -15.774521 -18.799342 39.375000
v -14.076024 -20.102645 39.375000
v -12.270399 -21.252955 39.375000
v -10.371390 -22.241517 39.375000
v -8.393447 -23.060807 39.375000
v -6.351626 -23.704591 39.375000
v -4.261465 -24.167969 39.375000
v -2.138872 -24.447413 39.375000
v -0.000000 -24.540799 39.375000
v 2.138872 -24.447413 39.375000
v 4.261465 -24.167969 39.375000
v 6.351626 -23.704591 39.375000
v 8.393447 -23.060807 39.375000
v 10.371390 -22.241517 39.375000
v 12.270399 -21.252955 39.375000
v 14.076024 -20.102645 39.375000
v 15.774521 -18.799342 39.375000
v 17.352965 -17.352965 39.375000
v 18.799342 -15.774521 39.375000
v 20.102645 -14.076024 39.375000
v 21.252955 -12.270399 39.375000
v 22.241517 -10.371390 39.375000
v 23.060807 -8.393447 39.375000
v 23.704591 -6.351626 39.375000
v 24.167969 -4.261465 39.375000
v 24.447413 -2.138872 39.375000
v 24.767643 0.000000 41.250000
v 24.673395 2.158642 41.250000
v 24.391367 4.300856 41.250000
v 23.923706 6.410338 41.250000
v 23.273972 8.471033 41.250000
v 22.447108 10.467258 41.250000
v 21.449408 12.383822 41.250000
v 20.288466 14.206137 41.250000
v 18.973116 15.920334 41.250000
v 17.513369 17.513369 41.250000
v 15.920334 18.973116 41.250000
v 14.206137 20.288466 41.250000
v 12.383822 21.449408 41.250000
v 10.467258 22.447108 41.250000
v 8.471033 23.273972 41.250000
v 6.410338 23.923706 41.250000
v 4.300856 24.391367 41.250000
v 2.158642 24.673395 41.250000
v 0.000000 24.767643 41.250000
v -2.158642 24.673395 41.250000
v -4.300856 24.391367 41.250000
v -6.410338 23.923706 41.250000
v -8.471033 23.273972 41.250000
v -10.467258 22.447108 41.250000
v -12.383822 21.449408 41.250000
v -14.206137 20.288466 41.250000
v -15.920334 18.973116 41.250000
v -17.513369 17.513369 41.250000
v -18.973116 15.920334 41.250000
v -20.288466 14.206137 41.250000
v -21.449408 12.383822 41.250000
v -22.447108 10.467258 41.250000
v -23.273972 8.471033 41.250000
v -23.923706 6.410338 41.250000
v -24.391367 4.300856 41.250000
v -24.673395 2.158642 41.250000
v -24.767643 0.000000 41.250000
v -24.673395 -2.158642 41.250000
v -24.391367 -4.300856 41.250000
v -23.923706 -6.410338 41.250000
v -23.273972 -8.471033 41.250000
v -22.447108 -10.467258 41.250000
v -21.449408 -12.383822 41.250000
v -20.288466 -14.206137 41.250000
v -18.973116 -15.920334 41.250000
v -17.513369 -17.513369 41.250000
v -15.920334 -18.973116 41.250000
v -14.206137 -20.288466 41.250000
v -12.383822 -21.449408 41.250000
v -10.467258 -22.447108 41.250000
v -8.471033 -23.273972 41.250000
v -6.410338 -23.923706 41.250000
v -4.300856 -24.391367 41.250000
v -2.158642 -24.673395 41.250000
v -0.000000 -24.767643 41.250000
v 2.158642 -24.673395 41.250000
v 4.300856 -24.391367 41.250000
v 6.410338 -23.923706 41.250000
v 8.471033 -23.273972 41.250000
v 10.467258 -22.447108 41.250000
v 12.383822 -21.449408 41.250000
v 14.206137 -20.288466 41.250000
v 15.920334 -18.973116 41.250000
v 17.513369 -17.513369 41.250000
v 18.973116 -15.920334 41.250000
v 20.288466 -14.206137 41.250000
v 21.449408 -12.383822 41.250000
v 22.447108 -10.467258 41.250000
v 23.273972 -8.471033 41.250000
v 23.923706 -6.410338 41.250000
v 24.391367 -4.300856 41.250000
v 24.673395 -2.158642 41.250000
v 25.003783 0.000000 43.125000
v 24.908636 2.179223 43.125000
v 24.623919 4.341861 43.125000
v 24.151799 6.471455 43.125000
v 23.495870 8.551797 43.125000
v 22.661123 10.567055 43.125000
v 21.653911 12.501891 43.125000
v 20.481900 14.341581 43.125000
v 19.154009 16.072122 43.125000
v 17.680344 17.680344 43.125000
v 16.072122 19.154009 43.125000
v 14.341581 20.481900 43.125000
v 12.501891 21.653911 43.125000
v 10.567055 22.661123 43.125000
v 8.551797 23.495870 43.125000
v 6.471455 24.151799 43.125000
v 4.341861 24.623919 43.125000
v 2.179223 24.908636 43.125000
v 0.000000 25.003783 43.125000
v -2.179223 24.908636 43.125000
v -4.341861 24.623919 43.125000
v -6.471455 24.151799 43.125000
v -8.551797 23.495870 43.125000
v -10.567055 22.661123 43.125000
v -12.501891 21.653911 43.125000
v -14.341581 20.481900 43.125000
v -16.072122 19.154009 43.125000
v -17.680344 17.680344 43.125000
v -19.154009 16.072122 43.125000
v -20.481900 14.341581 43.125000
v -21.653911 12.501891 43.125000
v -22.661123 10.567055 43.125000
v -23.495870 8.551797 43.125000
v -24.151799 6.471455 43.125000
v -24.623919 4.341861 43.125000
v -24.908636 2.179223 43.125000
v -25.003783 0.000000 43.125000
v -24.908636 -2.179223 43.125000
v -24.623919 -4.341861 43.125000
v -24.151799 -6.471455 43.125000
v -23.495870 -8.551797 43.125000
v -22.661123 -10.567055 43.125000
v -21.653911 -12.501891 43.125000
v -20.481900 -14.341581 43.125000
v -19.154009 -16.072122 43.125000
v -17.680344 -17.680344 43.125000
v -16.072122 -19.154009 43.125000
v -14.341581 -20.481900 43.125000
v -12.501891 -21.653911 43.125000
v -10.567055 -22.661123 43.125000
v -8.551797 -23.495870 43.125000
v -6.471455 -24.151799 43.125000
v -4.341861 -24.623919 43.125000
v -2.179223 -24.908636 43.125000
v -0.000000 -25.003783 43.125000
v 2.179223 -24.908636 43.125000
v 4.341861 -24.623919 43.125000
v 6.471455 -24.151799 43.125000
v 8.551797 -23.495870 43.125000
v 10.567055 -22.661123 43.125000
v 12.501891 -21.653911 43.125000
v 14.341581 -20.481900 43.125000
v 16.072122 -19.154009 43.125000
v 17.680344 -17.680344 43.125000
v 19.154009 -16.072122 43.125000
v 20.481900 -14.341581 43.125000
v 21.653911 -12.501891 43.125000
v 22.661123 -10.567055 43.125000
v 23.495870 -8.551797 43.125000
v 24.151799 -6.471455 43.125000
v 24.623919 -4.341861 43.125000
v 24.908636 -2.179223 43.125000
v 25.247889 0.000000 45.000000
v 25.151813 2.200498 45.000000
v 24.864317 4.384250 45.000000
v 24.387588 6.534634 45.000000
v 23.725255 8.635287 45.000000
v 22.882358 10.670219 45.000000
v 21.865313 12.623944 45.000000
v 20.681860 14.481594 45.000000
v 19.341005 16.229030 45.000000
v 17.852953 17.852953 45.000000
v 16.229030 19.341005 45.000000
v 14.481594 20.681860 45.000000
v 12.623944 21.865313 45.000000
v 10.670219 22.882358 45.000000
v 8.635287 23.725255 45.000000
v 6.534634 24.387588 45.000000
v 4.384250 24.864317 45.000000
v 2.200498 25.151813 45.000000
v 0.000000 25.247889 45.000000
v -2.200498 25.151813 45.000000
v -4.384250 24.864317 45.000000
v -6.534634 24.387588 45.000000
v -8.635287 23.725255 45.000000
v -10.670219 22.882358 45.000000
v -12.623944 21.865313 45.000000
v -14.481594 20.681860 45.000000
v -16.229030 19.341005 45.000000
v -17.852953 17.852953 45.000000
v -19.341005 16.229030 45.000000
v -20.681860 14.481594 45.000000
v -21.865313 12.623944 45.000000
v -22.882358 10.670219 45.000000
v -23.725255 8.635287 45.000000
v -24.387588 6.534634 45.000000
v -24.864317 4.384250 45.000000
v -25.151813 2.200498 45.000000
v -25.247889 0.000000 45.000000
v -25.151813 -2.200498 45.000000
v -24.864317 -4.384250 45.000000
v -24.387588 -6.534634 45.000000
v -23.725255 -8.635287 45.000000
v -22.882358 -10.670219 45.000000
v -21.865313 -12.623944 45.000000
v -20.681860 -14.481594 45.000000
v -19.341005 -16.229030 45.000000
v -17.852953 -17.852953 45.000000
v -16.229030 -19.341005 45.000000
v -14.481594 -20.681860 45.000000
v -12.623944 -21.865313 45.000000
v -10.670219 -22.882358 45.000000
v -8.635287 -23.725255 45.000000
v -6.534634 -24.387588 45.000000
v -4.384250 -24.864317 45.000000
v -2.200498 -25.151813 45.000000
v -0.000000 -25.247889 45.000000
v 2.200498 -25.151813 45.000000
v 4.384250 -24.864317 45.000000
v 6.534634 -24.387588 45.000000
v 8.635287 -23.725255 45.000000
v 10.670219 -22.882358 45.000000
v 12.623944 -21.865313 45.000000
v 14.481594 -20.681860 45.000000
v 16.229030 -19.341005 45.000000
v 17.852953 -17.852953 45.000000
v 19.341005 -16.229030 45.000000
v 20.681860 -14.481594 45.000000
v 21.865313 -12.623944 45.000000
v 22.882358 -10.670219 45.000000
v 23.725255 -8.635287 45.000000
v 24.387588 -6.534634 45.000000
v 24.864317 -4.384250 45.000000
v 25.151813 -2.200498 45.000000
v 25.497558 0.000000 46.875000
v 25.397533 2.221996 46.875000
v 25.107770 4.427177 46.875000
v 24.630172 6.599635 46.875000
v 23.964752 8.722456 46.875000
v 23.113331 10.777923 46.875000
v 22.082751 12.749482 46.875000
v 20.884252 14.623311 46.875000
v 19.529824 16.387468 46.875000
v 18.029405 18.029405 46.875000
v 16.391634 19.534788 46.875000
v 14.626902 20.889381 46.875000
v 12.749193 22.082251 46.875000
v 10.774877 23.106799 46.875000
v 8.720105 23.958291 46.875000
v 6.599712 24.630461 46.875000
v 4.428456 25.115023 46.875000
v 2.222642 25.404916 46.875000
v 0.000000 25.497980 46.875000
v -2.221960 25.397119 46.875000
v -4.426986 25.106684 46.875000
v -6.599275 24.628828 46.875000
v -8.722054 23.963646 46.875000
v -10.777696 23.112844 46.875000
v -12.749631 22.083008 46.875000
v -14.623898 20.885091 46.875000
v -16.388355 19.530881 46.875000
v -18.030280 18.030280 46.875000
v -19.535284 16.392049 46.875000
v -20.889236 14.626800 46.875000
v -22.081438 12.748724 46.875000
v -23.105567 10.774303 46.875000
v -23.957080 8.719664 46.875000
v -24.629735 6.599517 46.875000
v -25.115079 4.428466 46.875000
v -25.405758 2.222716 46.875000
v -25.499307 0.000000 46.875000
v -25.398444 -2.222076 46.875000
v -25.107522 -4.427134 46.875000
v -24.628891 -6.599291 46.875000
v -23.962946 -8.721799 46.875000
v -23.111679 -10.777153 46.875000
v -22.081830 -12.748950 46.875000
v -20.884318 -14.623357 46.875000
v -19.530739 -16.388236 46.875000
v -18.030732 -18.030732 46.875000
v -16.392842 -19.536229 46.875000
v -14.627593 -20.890367 46.875000
v -12.749239 -22.082330 46.875000
v -10.774432 -23.105844 46.875000
v -8.719483 -23.956583 46.875000
v -6.599214 -24.628602 46.875000
v -4.428224 -25.113708 46.875000
v -2.222619 -25.404655 46.875000
v -0.000000 -25.498885 46.875000
v 2.222112 -25.398857 46.875000
v 4.427325 -25.108608 46.875000
v 6.599651 -24.630235 46.875000
v 8.722201 -23.964052 46.875000
v 10.777380 -23.112166 46.875000
v 12.748802 -22.081572 46.875000
v 14.622769 -20.883479 46.875000
v 16.387349 -19.529682 46.875000
v 18.029857 -18.029857 46.875000
v 19.535733 -16.392426 46.875000
v 20.890513 -14.627695 46.875000
v 22.083142 -12.749708 46.875000
v 23.107075 -10.775006 46.875000
v 23.957794 -8.719924 46.875000
v 24.629328 -6.599409 46.875000
v 25.113652 -4.428214 46.875000
v 25.403813 -2.222546 46.875000
v 25.749024 0.000000 48.750000
v 25.639288 2.243147 48.750000
v 25.349389 4.469781 48.750000
v 24.879313 6.666392 48.750000
v 24.217458 8.814434 48.750000
v 23.356199 10.891175 48.750000
v 22.304455 12.877483 48.750000
v 21.084360 14.763428 48.750000
v 19.716314 16.543952 48.750000
v 18.208449 18.208449 48.750000
v 16.560743 19.736325 48.750000
v 14.777831 21.104931 48.750000
v 12.876149 22.302144 48.750000
v 10.878714 23.329478 48.750000
v 8.804875 24.191195 48.750000
v 6.666749 24.880647 48.750000
v 4.475027 25.379141 48.750000
v 2.245799 25.669600 48.750000
v 0.000000 25.750977 48.750000
v -2.243021 25.637844 48.750000
v -4.469030 25.345126 48.750000
v -6.664932 24.873864 48.750000
v -8.812753 24.212840 48.750000
v -10.890156 23.354016 48.750000
v -12.877966 22.305292 48.750000
v -14.765718 21.087631 48.750000
v -16.547535 19.720584 48.750000
v -18.212084 18.212084 48.750000
v -19.738506 16.562573 48.750000
v -21.104540 14.777558 48.750000
v -22.299002 12.874335 48.750000
v -23.324524 10.876404 48.750000
v -24.186188 8.803052 48.750000
v -24.877495 6.665905 48.750000
v -25.379124 4.475024 48.750000
v -25.672823 2.246081 48.750000
v -25.756294 0.000000 48.750000
v -25.643299 -2.243498 48.750000
v -25.348725 -4.469664 48.750000
v -24.874357 -6.665064 48.750000
v -24.210193 -8.811790 48.750000
v -23.349370 -10.887990 48.750000
v -22.300459 -12.875176 48.750000
v -21.084340 -14.763414 48.750000
v -19.719818 -16.546892 48.750000
v -18.213765 -18.213765 48.750000
v -16.565721 -19.742257 48.750000
v -14.780795 -21.109164 48.750000
v -12.876510 -22.302770 48.750000
v -10.877031 -23.325867 48.750000
v -8.802395 -24.184382 48.750000
v -6.664706 -24.873023 48.750000
v -4.474041 -25.373546 48.750000
v -2.245676 -25.668191 48.750000
v -0.000000 -25.754340 48.750000
v 2.243624 -25.644743 48.750000
v 4.470416 -25.352987 48.750000
v 6.666524 -24.879806 48.750000
v 8.813470 -24.214810 48.750000
v 10.889008 -23.351553 48.750000
v 12.874692 -22.299622 48.750000
v 14.761124 -21.081069 48.750000
v 16.543308 -19.715547 48.750000
v 18.210130 -18.210130 48.750000
v 19.740076 -16.563891 48.750000
v 21.109554 -14.781069 48.750000
v 22.305911 -12.878324 48.750000
v 23.330822 -10.879341 48.750000
v 24.189389 -8.804218 48.750000
v 24.876175 -6.665551 48.750000
v 25.373563 -4.474044 48.750000
v 25.664969 -2.245394 48.750000
v 25.998541 0.000000 50.625000
v 25.873887 2.263672 50.625000
v 25.587562 4.511778 50.625000
v 25.134425 6.734749 50.625000
v 24.482361 8.910851 50.625000
v 23.608721 11.008927 50.625000
v 22.527569 13.006298 50.625000
v 21.280004 14.900419 50.625000
v 19.899560 16.697713 50.625000
v 18.389786 18.389786 50.625000
v 16.735574 19.944681 50.625000
v 14.932722 21.326137 50.625000
v 13.002891 22.521667 50.625000
v 10.980408 23.547561 50.625000
v 8.889111 24.422632 50.625000
v 6.735662 25.137832 50.625000
v 4.523819 25.655850 50.625000
v 2.269764 25.943516 50.625000
v 0.000000 26.003530 50.625000
v -2.263431 25.871137 50.625000
v -4.510126 25.578196 50.625000
v -6.731431 25.122041 50.625000
v -8.906919 24.471560 50.625000
v -11.006387 23.603274 50.625000
v -13.007122 22.528996 50.625000
v -14.905415 21.287139 50.625000
v -16.705826 19.909229 50.625000
v -18.398249 18.398249 50.625000
v -19.950032 16.740064 50.625000
v -21.325708 14.932422 50.625000
v -22.514875 12.998969 50.625000
v -23.536390 10.975199 50.625000
v -24.411026 8.884887 50.625000
v -25.130194 6.733615 50.625000
v -25.655254 4.523713 50.625000
v -25.950406 2.270366 50.625000
v -26.015466 0.000000 50.625000
v -25.883728 -2.264533 50.625000
v -25.586833 -4.511649 50.625000
v -25.123711 -6.731878 50.625000
v -24.465981 -8.904889 50.625000
v -23.592891 -11.001546 50.625000
v -22.517884 -13.000706 50.625000
v -21.279303 -14.899929 50.625000
v -19.907053 -16.704001 50.625000
v -18.401723 -18.401723 50.625000
v -16.747064 -19.958373 50.625000
v -14.939836 -21.336297 50.625000
v -13.004113 -22.523785 50.625000
v -10.976859 -23.539951 50.625000
v -8.883570 -24.407407 50.625000
v -6.730965 -25.120304 50.625000
v -4.521469 -25.642527 50.625000
v -2.269414 -25.939515 50.625000
v -0.000000 -26.010478 50.625000
v 2.264773 -25.886478 50.625000
v 4.513301 -25.596199 50.625000
v 6.735196 -25.136095 50.625000
v 8.908820 -24.476782 50.625000
v 11.004086 -23.598338 50.625000
v 12.999882 -22.516456 50.625000
v 14.894933 -21.272169 50.625000
v 16.695888 -19.897384 50.625000
v 18.393260 -18.393260 50.625000
v 19.953022 -16.742573 50.625000
v 21.336726 -14.940136 50.625000
v 22.530577 -13.008035 50.625000
v 23.551122 -10.982069 50.625000
v 24.419013 -8.887794 50.625000
v 25.127942 -6.733012 50.625000
v 25.643123 -4.521574 50.625000
v 25.932625 -2.268811 50.625000
v 26.242150 0.000000 52.500000
v 26.098159 2.283293 52.500000
v 25.820720 4.552890 52.500000
v 25.394742 6.804501 52.500000
v 24.758027 9.011185 52.500000
v 23.868208 11.129928 52.500000
v 22.749010 13.134147 52.500000
v 21.469023 15.032772 52.500000
v 20.078718 16.848045 52.500000
v 18.573040 18.573040 52.500000
v 16.915103 20.158635 52.500000
v 15.089663 21.550273 52.500000
v 13.127371 22.737273 52.500000
v 11.078627 23.758193 52.500000
v 8.972334 24.651284 52.500000
v 6.806316 25.401518 52.500000
v 4.574611 25.943906 52.500000
v 2.294291 26.223866 52.500000
v 0.000000 26.252070 52.500000
v -2.282947 26.094201 52.500000
v -4.550037 25.804540 52.500000
v -6.798563 25.372581 52.500000
v -9.003948 24.738144 52.500000
v -11.124975 23.857585 52.500000
v -13.135125 22.750703 52.500000
v -15.041333 21.481250 52.500000
v -16.862506 20.095952 52.500000
v -18.588548 18.588548 52.500000
v -20.168925 16.923738 52.500000
v -21.550335 15.089707 52.500000
v -22.725748 13.120717 52.500000
v -23.738364 11.069381 52.500000
v -24.630107 8.964626 52.500000
v -25.386989 6.802423 52.500000
v -25.941830 4.574245 52.500000
v -26.235411 2.295301 52.500000
v -26.273165 0.000000 52.500000
v -26.117083 -2.284949 52.500000
v -25.820826 -4.552908 52.500000
v -25.376563 -6.799630 52.500000
v -24.728951 -9.000602 52.500000
v -23.839323 -11.116459 52.500000
v -22.730587 -13.123510 52.500000
v -21.466582 -15.031062 52.500000
v -20.091274 -16.858580 52.500000
v -18.594135 -18.594135 52.500000
v -16.935983 -20.183519 52.500000
v -15.103078 -21.569430 52.500000
v -13.130286 -22.742323 52.500000
v -11.072780 -23.745654 52.500000
v -8.962587 -24.624506 52.500000
v -6.797814 -25.369787 52.500000
v -4.570213 -25.918968 52.500000
v -2.293538 -26.215262 52.500000
v -0.000000 -26.263244 52.500000
v 2.285295 -26.121041 52.500000
v 4.555761 -25.837006 52.500000
v 6.805568 -25.398725 52.500000
v 9.007839 -24.748834 52.500000
v 11.121413 -23.849947 52.500000
v 13.122532 -22.728893 52.500000
v 15.022502 -21.454356 52.500000
v 16.844120 -20.074040 52.500000
v 18.578627 -18.578627 52.500000
v 20.173229 -16.927349 52.500000
v 21.569368 -15.103034 52.500000
v 22.753848 -13.136940 52.500000
v 23.765483 -11.082027 52.500000
v 24.645683 -8.970295 52.500000
v 25.384317 -6.801707 52.500000
v 25.921043 -4.570579 52.500000
v 26.203717 -2.292528 52.500000
v 26.475744 0.000000 54.375000
v 26.309011 2.301740 54.375000
v 26.047349 4.592850 54.375000
v 25.659300 6.875389 54.375000
v 25.042585 9.114755 54.375000
v 24.131558 11.252730 54.375000
v 22.965521 13.259150 54.375000
v 21.649314 15.159013 54.375000
v 20.253020 16.994302 54.375000
v 18.757744 18.757744 54.375000
v 17.098064 20.376679 54.375000
v 15.246515 21.774281 54.375000
v 13.247450 22.945256 54.375000
v 11.172056 23.958550 54.375000
v 9.054070 24.875853 54.375000
v 6.878524 25.671000 54.375000
v 4.627107 26.241628 54.375000
v 2.319100 26.507431 54.375000
v 0.000000 26.492874 54.375000
v -2.301332 26.304342 54.375000
v -4.588542 26.022917 54.375000
v -6.866082 25.624568 54.375000
v -9.103092 25.010541 54.375000
v -11.244316 24.113514 54.375000
v -13.259891 22.966805 54.375000
v -15.171826 21.667613 54.375000
v -17.016873 20.279920 54.375000
v -18.782627 18.782627 54.375000
v -20.393944 17.112551 54.375000
v -21.775700 15.247509 54.375000
v -22.928196 13.237600 54.375000
v -23.927731 11.157684 54.375000
v -24.842014 9.041753 54.375000
v -25.646859 6.872055 54.375000
v -26.236769 4.626250 54.375000
v -26.524275 2.320573 54.375000
v -26.525510 0.000000 54.375000
v -26.340762 -2.304518 54.375000
v -26.049762 -4.593276 54.375000
v -25.632392 -6.868179 54.375000
v -24.997395 -9.098308 54.375000
v -24.085401 -11.231207 54.375000
v -22.934911 -13.241477 54.375000
v -21.643597 -15.155010 54.375000
v -20.271338 -17.009672 54.375000
v -18.790380 -18.790380 54.375000
v -17.131298 -20.416286 54.375000
v -15.268627 -21.805859 54.375000
v -13.253177 -22.955176 54.375000
v -11.163694 -23.940620 54.375000
v -9.039067 -24.834632 54.375000
v -6.865044 -25.620692 54.375000
v -4.619907 -26.200797 54.375000
v -2.317719 -26.491648 54.375000
v -0.000000 -26.508380 54.375000
v 2.304927 -26.345431 54.375000
v 4.597584 -26.074194 54.375000
v 6.877485 -25.667124 54.375000
v 9.109971 -25.029439 54.375000
v 11.239621 -24.103445 54.375000
v 13.240735 -22.933626 54.375000
v 15.142197 -21.625299 54.375000
v 16.987101 -20.244439 54.375000
v 18.765497 -18.765497 54.375000
v 20.399022 -17.116811 54.375000
v 21.804440 -15.267633 54.375000
v 22.972235 -13.263026 54.375000
v 23.971438 -11.178065 54.375000
v 24.868471 -9.051383 54.375000
v 25.644833 -6.871512 54.375000
v 26.205657 -4.620764 54.375000
v 26.474804 -2.316245 54.375000
v 26.695155 0.000000 56.250000
v 26.503496 2.318755 56.250000
v 26.266008 4.631406 56.250000
v 25.926917 6.947096 56.250000
v 25.333727 9.220723 56.250000
v 24.395281 11.375706 56.250000
v 23.173732 13.379360 56.250000
v 21.818872 15.277739 56.250000
v 20.421777 17.135905 56.250000
v 18.943323 18.943323 56.250000
v 17.282949 20.597017 56.250000
v 15.400939 21.994821 56.250000
v 13.360936 23.141820 56.250000
v 11.259418 24.145901 56.250000
v 9.133861 25.095078 56.250000
v 6.952033 25.945341 56.250000
v 4.680933 26.546888 56.250000
v 2.343874 26.790607 56.250000
v 0.000000 26.722129 56.250000
v -2.318364 26.499027 56.250000
v -4.625445 26.232205 56.250000
v -6.933703 25.876932 56.250000
v -9.203466 25.286316 56.250000
v -11.362643 24.367266 56.250000
v -13.379266 23.173569 56.250000
v -15.295292 21.843941 56.250000
v -17.168254 20.460328 56.250000
v -18.979983 18.979983 56.250000
v -20.623531 17.305197 56.250000
v -21.998802 15.403727 56.250000
v -23.118742 13.347612 56.250000
v -24.101927 11.238913 56.250000
v -25.045424 9.115789 56.250000
v -25.908587 6.942185 56.250000
v -26.537536 4.679284 56.250000
v -26.813014 2.345835 56.250000
v -26.768475 0.000000 56.250000
v -26.552259 -2.323022 56.250000
v -26.272778 -4.632600 56.250000
v -25.890514 -6.937342 56.250000
v -25.269248 -9.197254 56.250000
v -24.327554 -11.344125 56.250000
v -23.127130 -13.352454 56.250000
v -21.807871 -15.270036 56.250000
v -20.446143 -17.156351 56.250000
v -18.989669 -18.989669 56.250000
v -17.331524 -20.654906 56.250000
v -15.434358 -22.042547 56.250000
v -13.370878 -23.159041 56.250000
v -11.248562 -24.122620 56.250000
v -9.112667 -25.036847 56.250000
v -6.932406 -25.872090 56.250000
v -4.670119 -26.485562 56.250000
v -2.341592 -26.764520 56.250000
v -0.000000 -26.741500 56.250000
v 2.323413 -26.556729 56.250000
v 4.638560 -26.306581 56.250000
v 6.950735 -25.940498 56.250000
v 9.214510 -25.316659 56.250000
v 11.357188 -24.355568 56.250000
v 13.352548 -23.127292 56.250000
v 15.252482 -21.782802 56.250000
v 17.124003 -20.407592 56.250000
v 18.953009 -18.953009 56.250000
v 20.628392 -17.309276 56.250000
v 22.038566 -15.431570 56.250000
v 23.182119 -13.384203 56.250000
v 24.166594 -11.269068 56.250000
v 25.086502 -9.130740 56.250000
v 25.908843 -6.942254 56.250000
v 26.494914 -4.671768 56.250000
v 26.742114 -2.339632 56.250000
v 26.896236 0.000000 58.125000
v 26.678873 2.334099 58.125000
v 26.475339 4.668317 58.125000
v 26.196178 7.019245 58.125000
v 25.628712 9.328088 58.125000
v 24.655557 11.497075 58.125000
v 23.370219 13.492802 58.125000
v 21.975834 15.387645 58.125000
v 20.584379 17.272345 58.125000
v 19.129083 19.129083 58.125000
v 17.468014 20.817568 58.125000
v 15.550432 22.208318 58.125000
v 13.465632 23.323159 58.125000
v 11.339508 24.317654 58.125000
v 9.211262 25.307735 58.125000
v 7.026525 26.223348 58.125000
v 4.735633 26.857109 58.125000
v 2.368271 27.069457 58.125000
v 0.000000 26.936015 58.125000
v -2.333842 26.675939 58.125000
v -4.660571 26.431412 58.125000
v -7.001094 26.128438 58.125000
v -9.304048 25.562661 58.125000
v -11.478046 24.614749 58.125000
v -13.491063 23.367207 58.125000
v -15.410203 22.008051 58.125000
v -17.315998 20.636402 58.125000
v -19.179945 19.179945 58.125000
v -20.855818 17.500109 58.125000
v -22.216405 15.556095 58.125000
v -23.293926 13.448754 58.125000
v -24.258584 11.311964 58.125000
v -25.239116 9.186287 58.125000
v -26.170747 7.012431 58.125000
v -26.841161 4.732821 58.125000
v -27.097277 2.370705 58.125000
v -26.997960 0.000000 58.125000
v -26.749218 -2.340253 58.125000
v -26.489090 -4.670741 58.125000
v -26.150066 -7.006889 58.125000
v -25.542098 -9.296563 58.125000
v -24.561964 -11.453432 58.125000
v -23.303524 -13.454296 58.125000
v -21.957074 -15.374509 58.125000
v -20.614633 -17.297731 58.125000
v -19.191028 -19.191028 58.125000
v -17.534882 -20.897258 58.125000
v -15.597939 -22.276165 58.125000
v -13.481465 -23.350583 58.125000
v -11.326429 -24.289606 58.125000
v -9.183091 -25.230335 58.125000
v -6.999609 -26.122897 58.125000
v -4.720350 -26.770438 58.125000
v -2.364768 -27.029420 58.125000
v -0.000000 -26.958181 58.125000
v 2.340510 -26.752152 58.125000
v 4.678487 -26.533016 58.125000
v 7.025040 -26.217807 58.125000
v 9.320604 -25.608149 58.125000
v 11.472461 -24.602772 58.125000
v 13.456034 -23.306535 58.125000
v 15.351950 -21.924857 58.125000
v 17.254078 -20.562609 58.125000
v 19.140166 -19.140166 58.125000
v 20.859008 -17.502786 58.125000
v 22.268077 -15.592276 58.125000
v 23.379817 -13.498344 58.125000
v 24.348676 -11.353974 58.125000
v 25.298953 -9.208066 58.125000
v 26.175498 -7.013703 58.125000
v 26.786386 -4.723163 58.125000
v 27.001601 -2.362334 58.125000
v 27.074951 0.000000 60.000000
v 26.832666 2.347554 60.000000
v 26.674079 4.703360 60.000000
v 26.465431 7.091391 60.000000
v 25.924384 9.435704 60.000000
v 24.908290 11.614926 60.000000
v 23.551580 13.597511 60.000000
v 22.118512 15.487549 60.000000
v 20.740297 17.403176 60.000000
v 19.314196 19.314196 60.000000
v 17.651291 21.035989 60.000000
v 15.692369 22.411025 60.000000
v 13.559380 23.485535 60.000000
v 11.411210 24.471419 60.000000
v 9.285843 25.512643 60.000000
v 7.101608 26.503562 60.000000
v 4.790677 27.169279 60.000000
v 2.391920 27.339766 60.000000
v 0.000000 27.130779 60.000000
v -2.347586 26.833026 60.000000
v -4.693768 26.619683 60.000000
v -7.067876 26.377673 60.000000
v -9.403687 25.836418 60.000000
v -11.588509 24.851637 60.000000
v -13.593112 23.543960 60.000000
v -15.515135 22.157909 60.000000
v -17.459479 20.807397 60.000000
v -19.381660 19.381660 60.000000
v -21.088628 17.695460 60.000000
v -22.425089 15.702216 60.000000
v -23.450384 13.539086 60.000000
v -24.395593 11.375852 60.000000
v -25.421982 9.252845 60.000000
v -26.431699 7.082352 60.000000
v -27.144258 4.786265 60.000000
v -27.372415 2.394776 60.000000
v -27.209879 0.000000 60.000000
v -26.929474 -2.356024 60.000000
v -26.697989 -4.707576 60.000000
v -26.409986 -7.076534 60.000000
v -25.813200 -9.395236 60.000000
v -24.784631 -11.557263 60.000000
v -23.460461 -13.544904 60.000000
v -22.089079 -15.466939 60.000000
v -20.775802 -17.432968 60.000000
v -19.393296 -19.393296 60.000000
v -17.739301 -21.140875 60.000000
v -15.756868 -22.503140 60.000000
v -13.583035 -23.526506 60.000000
v -11.396442 -24.439750 60.000000
v -9.250082 -25.414392 60.000000
v -7.066317 -26.371855 60.000000
v -4.770042 -27.052253 60.000000
v -2.386836 -27.281660 60.000000
v -0.000000 -27.154051 60.000000
v 2.355992 -26.929114 60.000000
v 4.717167 -26.752386 60.000000
v 7.100049 -26.497744 60.000000
v 9.427253 -25.901166 60.000000
v 11.583681 -24.841284 60.000000
v 13.549303 -23.468081 60.000000
v 15.439353 -22.049682 60.000000
v 17.376664 -20.708702 60.000000
v 19.325832 -19.325832 60.000000
v 21.088236 -17.695131 60.000000
v 22.489076 -15.747021 60.000000
v 23.561657 -13.603329 60.000000
v 24.515575 -11.431801 60.000000
v 25.505053 -9.283080 60.000000
v 26.443718 -7.085573 60.000000
v 27.077275 -4.774454 60.000000
v 27.249012 -2.383980 60.000000
v 27.227471 0.000000 61.875000
v 26.962723 2.358933 61.875000
v 26.861064 4.736330 61.875000
v 26.732773 7.163025 61.875000
v 26.217199 9.542280 61.875000
v 25.149177 11.727254 61.875000
v 23.714504 13.691576 61.875000
v 22.245432 15.576419 61.875000
v 20.889073 17.528013 61.875000
v 19.497692 19.497692 61.875000
v 17.830610 21.249693 61.875000
v 15.824056 22.599094 61.875000
v 13.640110 23.625363 61.875000
v 11.473524 24.605052 61.875000
v 9.357191 25.708670 61.875000
v 7.176815 26.784239 61.875000
v 4.845460 27.479972 61.875000
v 2.414435 27.597121 61.875000
v 0.000000 27.302822 61.875000
v -2.359442 26.968547 61.875000
v -4.724909 26.796290 61.875000
v -7.133623 26.623042 61.875000
v -9.501121 26.104115 61.875000
v -11.691942 25.073450 61.875000
v -13.683303 23.700175 61.875000
v -15.608796 22.291671 61.875000
v -17.598093 20.972590 61.875000
v -19.584078 19.584078 61.875000
v -21.319497 17.889182 61.875000
v -22.621309 15.839611 61.875000
v -23.584926 13.616764 61.875000
v -24.511144 11.429734 61.875000
v -25.593030 9.315101 61.875000
v -26.689581 7.151452 61.875000
v -27.443054 4.838951 61.875000
v -27.633564 2.417624 61.875000
v -27.400242 0.000000 61.875000
v -27.091100 -2.370164 61.875000
v -26.898834 -4.742990 61.875000
v -26.668990 -7.145934 61.875000
v -26.079501 -9.492162 61.875000
v -24.991446 -11.653703 61.875000
v -23.594483 -13.622281 61.875000
v -22.202004 -15.546011 61.875000
v -20.928704 -17.561268 61.875000
v -19.595112 -19.595112 61.875000
v -17.942440 -21.382968 61.875000
v -15.908519 -22.719719 61.875000
v -13.673746 -23.683624 61.875000
v -11.457869 -24.571480 61.875000
v -9.313426 -25.588427 61.875000
v -7.132144 -26.617525 61.875000
v -4.818579 -27.327520 61.875000
v -2.407374 -27.516410 61.875000
v -0.000000 -27.324891 61.875000
v 2.369655 -27.085276 61.875000
v 4.754412 -26.963608 61.875000
v 7.175337 -26.778722 61.875000
v 9.533322 -26.192586 61.875000
v 11.689014 -25.067172 61.875000
v 13.630554 -23.608812 61.875000
v 15.513634 -22.155765 61.875000
v 17.491188 -20.845187 61.875000
v 19.508727 -19.508727 61.875000
v 21.313164 -17.883868 61.875000
v 22.697504 -15.892964 61.875000
v 23.724060 -13.697093 61.875000
v 24.665388 -11.501660 61.875000
v 25.704068 -9.355516 61.875000
v 26.712183 -7.157508 61.875000
v 27.364438 -4.825089 61.875000
v 27.479967 -2.404186 61.875000
v 27.350265 0.000000 63.750000
v 27.067263 2.368079 63.750000
v 27.035231 4.767041 63.750000
v 26.996056 7.233571 63.750000
v 26.503271 9.646402 63.750000
v 25.373791 11.831993 63.750000
v 23.855847 13.773180 63.750000
v 22.355359 15.653391 63.750000
v 21.030310 17.646526 63.750000
v 19.678449 19.678449 63.750000
v 18.003622 21.455881 63.750000
v 15.942780 22.768649 63.750000
v 13.705891 23.739300 63.750000
v 11.525590 24.716707 63.750000
v 9.424910 25.894727 63.750000
v 7.251601 27.063344 63.750000
v 4.899313 27.785385 63.750000
v 2.435421 27.836986 63.750000
v 0.000000 27.448782 63.750000
v -2.369290 27.081109 63.750000
v -4.753887 26.960634 63.750000
v -7.197855 26.862762 63.750000
v -9.594985 26.362006 63.750000
v -11.786226 25.275644 63.750000
v -13.759637 23.832390 63.750000
v -15.690053 22.407718 63.750000
v -17.731247 21.131278 63.750000
v -19.785941 19.785941 63.750000
v -21.545695 18.078985 63.750000
v -22.801470 15.965761 63.750000
v -23.694610 13.680089 63.750000
v -24.603773 11.472928 63.750000
v -25.751383 9.372737 63.750000
v -26.942310 7.219170 63.750000
v -27.733444 4.890154 63.750000
v -27.875735 2.438811 63.750000
v -27.565248 0.000000 63.750000
v -27.232441 -2.382530 63.750000
v -27.091032 -4.776880 63.750000
v -26.925563 -7.214683 63.750000
v -26.337675 -9.586130 63.750000
v -25.178274 -11.740822 63.750000
v -23.702382 -13.684576 63.750000
v -22.294260 -15.610609 63.750000
v -21.072448 -17.681884 63.750000
v -19.794915 -19.794915 63.750000
v -18.141714 -21.620453 63.750000
v -16.050185 -22.922040 63.750000
v -13.751865 -23.818929 63.750000
v -11.510115 -24.683520 63.750000
v -9.372944 -25.751952 63.750000
v -7.196653 -26.858275 63.750000
v -4.865299 -27.592482 63.750000
v -2.425955 -27.728793 63.750000
v -0.000000 -27.466731 63.750000
v 2.381319 -27.218596 63.750000
v 4.790033 -27.165629 63.750000
v 7.250399 -27.058857 63.750000
v 9.637546 -26.478940 63.750000
v 11.786588 -25.276421 63.750000
v 13.698119 -23.725838 63.750000
v 15.573946 -22.241901 63.750000
v 17.597162 -20.971481 63.750000
v 19.687424 -19.687424 63.750000
v 21.530638 -18.066351 63.750000
v 22.889219 -16.027204 63.750000
v 23.863619 -13.777667 63.750000
v 24.796455 -11.562777 63.750000
v 25.895296 -9.425117 63.750000
v 26.979309 -7.229084 63.750000
v 27.644423 -4.874458 63.750000
v 27.690045 -2.422565 63.750000
v 27.440188 0.000000 65.625000
v 27.144915 2.374872 65.625000
v 27.195616 4.795321 65.625000
v 27.252887 7.302389 65.625000
v 26.778420 9.746548 65.625000
v 25.577671 11.927064 65.625000
v 23.972702 13.840646 65.625000
v 22.447324 15.717785 65.625000
v 21.163660 17.758420 65.625000
v 19.855189 19.855189 65.625000
v 18.167835 21.651583 65.625000
v 16.045869 22.915876 65.625000
v 13.754979 23.824323 65.625000
v 11.566700 24.804869 65.625000
v 9.488618 26.069764 65.625000
v 7.325343 27.338554 65.625000
v 4.951506 28.081387 65.625000
v 2.454477 28.054799 65.625000
v 0.000000 27.565613 65.625000
v -2.377040 27.169694 65.625000
v -4.780617 27.112229 65.625000
v -7.260047 27.094866 65.625000
v -9.683840 26.606132 65.625000
v -11.869258 25.453706 65.625000
v -13.820275 23.937419 65.625000
v -15.757954 22.504691 65.625000
v -17.858358 21.282762 65.625000
v -19.985781 19.985781 65.625000
v -21.764263 18.262385 65.625000
v -22.961994 16.078161 65.625000
v -23.776814 13.727550 65.625000
v -24.672390 11.504924 65.625000
v -25.896279 9.425475 65.625000
v -27.187591 7.284893 65.625000
v -28.011044 4.939103 65.625000
v -28.093916 2.457899 65.625000
v -27.701372 0.000000 65.625000
v -27.352145 -2.393003 65.625000
v -27.274026 -4.809147 65.625000
v -27.177949 -7.282310 65.625000
v -26.584166 -9.675845 65.625000
v -25.341042 -11.816722 65.625000
v -23.781289 -13.730134 65.625000
v -22.364577 -15.659845 65.625000
v -21.206200 -17.794114 65.625000
v -19.990948 -19.990948 65.625000
v -18.334324 -21.849996 65.625000
v -16.179137 -23.106202 65.625000
v -13.815800 -23.929668 65.625000
v -11.552729 -24.774907 65.625000
v -9.428490 -25.904564 65.625000
v -7.259355 -27.092283 65.625000
v -4.909501 -27.843164 65.625000
v -2.442158 -27.913993 65.625000
v -0.000000 -27.575947 65.625000
v 2.390835 -27.327366 65.625000
v 4.823850 -27.357413 65.625000
v 7.324651 -27.335970 65.625000
v 9.738553 -26.756454 65.625000
v 11.874528 -25.465007 65.625000
v 13.750504 -23.816572 65.625000
v 15.619676 -22.307210 65.625000
v 17.694176 -21.087098 65.625000
v 19.860357 -19.860357 65.625000
v 21.737316 -18.239774 65.625000
v 23.060085 -16.146845 65.625000
v 23.977177 -13.843230 65.625000
v 24.907386 -11.614505 65.625000
v 26.078049 -9.491634 65.625000
v 27.243245 -7.299806 65.625000
v 27.913508 -4.921905 65.625000
v 27.874876 -2.438736 65.625000
v 27.494568 0.000000 67.500000
v 27.194747 2.379232 67.500000
v 27.341348 4.821017 67.500000
v 27.500649 7.368777 67.500000
v 27.038245 9.841116 67.500000
v 25.756414 12.010413 67.500000
v 24.062474 13.892476 67.500000
v 22.520632 15.769116 67.500000
v 21.288805 17.863429 67.500000
v 20.026477 20.026477 67.500000
v 18.320655 21.833706 67.500000
v 16.130755 23.037105 67.500000
v 13.785861 23.877812 67.500000
v 11.596319 24.868386 67.500000
v 9.547946 26.232765 67.500000
v 7.397344 27.607264 67.500000
v 5.001265 28.363581 67.500000
v 2.471210 28.246063 67.500000
v 0.000000 27.650663 67.500000
v -2.382638 27.233681 67.500000
v -4.805030 27.250681 67.500000
v -7.319624 27.317207 67.500000
v -9.766190 26.832386 67.500000
v -11.938994 25.603256 67.500000
v -13.863582 24.012428 67.500000
v -15.811743 22.581509 67.500000
v -17.978836 21.426342 67.500000
v -20.181918 20.181918 67.500000
v -21.972055 18.436743 67.500000
v -23.099405 16.174377 67.500000
v -23.829313 13.757860 67.500000
v -24.716305 11.525402 67.500000
v -26.027057 9.473074 67.500000
v -27.422929 7.347952 67.500000
v -28.271265 4.984987 67.500000
v -28.283184 2.474458 67.500000
v -27.805450 0.000000 67.500000
v -27.449184 -2.401492 67.500000
v -27.447270 -4.839694 67.500000
v -27.424148 -7.348278 67.500000
v -26.815248 -9.759952 67.500000
v -25.475835 -11.879577 67.500000
v -23.828747 -13.757533 67.500000
v -22.412038 -15.693078 67.500000
v -21.329174 -17.897302 67.500000
v -20.181265 -20.181265 67.500000
v -18.517304 -22.068063 67.500000
v -16.292679 -23.268357 67.500000
v -13.864148 -24.013408 67.500000
v -11.585418 -24.845009 67.500000
v -9.479942 -26.045926 67.500000
v -7.319711 -27.317534 67.500000
v -4.950459 -28.075446 67.500000
v -2.455576 -28.067361 67.500000
v -0.000000 -27.649356 67.500000
v 2.398086 -27.410251 67.500000
v 4.855681 -27.537936 67.500000
v 7.397432 -27.607590 67.500000
v 9.834879 -27.021107 67.500000
v 11.950996 -25.628993 67.500000
v 13.786427 -23.878793 67.500000
v 15.650452 -22.351162 67.500000
v 17.781895 -21.191637 67.500000
v 20.025824 -20.025824 67.500000
v 21.929715 -18.401216 67.500000
v 23.206058 -16.249057 67.500000
v 24.061908 -13.892149 67.500000
v 24.997090 -11.656335 67.500000
v 26.251633 -9.554813 67.500000
v 27.501868 -7.369103 67.500000
v 28.167762 -4.966736 67.500000
v 28.030240 -2.452328 67.500000
v 27.511278 0.000000 69.375000
v 27.216285 2.381116 69.375000
v 27.471635 4.843990 69.375000
v 27.736516 7.431977 69.375000
v 27.278199 9.928452 69.375000
v 25.905780 12.080063 69.375000
v 24.122940 13.927386 69.375000
v 22.574875 15.807098 69.375000
v 21.405438 17.961295 69.375000
v 20.190726 20.190726 69.375000
v 18.459428 21.999090 69.375000
v 16.195032 23.128903 69.375000
v 13.797297 23.897620 69.375000
v 11.614088 24.906492 69.375000
v 9.602531 26.382738 69.375000
v 7.466834 27.866605 69.375000
v 5.047779 28.627378 69.375000
v 2.485243 28.406455 69.375000
v 0.000000 27.701740 69.375000
v -2.386065 27.272847 69.375000
v -4.827070 27.375673 69.375000
v -7.375964 27.527472 69.375000
v -9.840513 27.036588 69.375000
v -11.993504 25.720152 69.375000
v -13.888168 24.055012 69.375000
v -15.850870 22.637389 69.375000
v -18.092079 21.561300 69.375000
v -20.372467 20.372467 69.375000
v -22.165792 18.599308 69.375000
v -23.210406 16.252101 69.375000
v -23.850329 13.769994 69.375000
v -24.735236 11.534230 69.375000
v -26.143147 9.515327 69.375000
v -27.645646 7.407629 69.375000
v -28.509397 5.026976 69.375000
v -28.438815 2.488074 69.375000
v -27.874759 0.000000 69.375000
v -27.522865 -2.407939 69.375000
v -27.610207 -4.868424 69.375000
v -27.661921 -7.411989 69.375000
v -27.027084 -9.837054 69.375000
v -25.578985 -11.927677 69.375000
v -23.842775 -13.765633 69.375000
v -22.436092 -15.709921 69.375000
v -21.440629 -17.990824 69.375000
v -20.363745 -20.363745 69.375000
v -18.687573 -22.270982 69.375000
v -16.388212 -23.404792 69.375000
v -13.895721 -24.068095 69.375000
v -11.608044 -24.893530 69.375000
v -9.527191 -26.175743 69.375000
v -7.377132 -27.531833 69.375000
v -4.987432 -28.285130 69.375000
v -2.465827 -28.184529 69.375000
v -0.000000 -27.684297 69.375000
v 2.402990 -27.466303 69.375000
v 4.885345 -27.706169 69.375000
v 7.468003 -27.870966 69.375000
v 9.924993 -27.268695 69.375000
v 12.014236 -25.764612 69.375000
v 13.804851 -23.910703 69.375000
v 15.666148 -22.373578 69.375000
v 17.860040 -21.284767 69.375000
v 20.182004 -20.182004 69.375000
v 22.104281 -18.547694 69.375000
v 23.323289 -16.331143 69.375000
v 24.115386 -13.923025 69.375000
v 25.064786 -11.687902 69.375000
v 26.415334 -9.614395 69.375000
v 27.752792 -7.436338 69.375000
v 28.403111 -5.008235 69.375000
v 28.152169 -2.462996 69.375000
v 27.488794 0.000000 71.250000
v 27.209510 2.380524 71.250000
v 27.585755 4.864113 71.250000
v 27.957489 7.491187 71.250000
v 27.493677 10.006880 71.250000
v 26.021789 12.134159 71.250000
v 24.152307 13.944341 71.250000
v 22.609924 15.831639 71.250000
v 21.513239 18.051751 71.250000
v 20.346206 20.346206 71.250000
v 18.581499 22.144568 71.250000
v 16.236523 23.188159 71.250000
v 13.788355 23.882131 71.250000
v 11.619833 24.918813 71.250000
v 9.652020 26.518706 71.250000
v 7.532983 28.113474 71.250000
v 5.090222 28.868082 71.250000
v 2.496220 28.531922 71.250000
v 0.000000 27.717173 71.250000
v -2.387335 27.287361 71.250000
v -4.846687 27.486930 71.250000
v -7.428410 27.723203 71.250000
v -9.905293 27.214568 71.250000
v -12.031014 25.800593 71.250000
v -13.892928 24.063257 71.250000
v -15.875002 22.671853 71.250000
v -18.197461 21.686889 71.250000
v -20.555352 20.555352 71.250000
v -22.342121 18.747265 71.250000
v -23.291963 16.309208 71.250000
v -23.838588 13.763215 71.250000
v -24.729310 11.531466 71.250000
v -26.244052 9.552054 71.250000
v -27.852916 7.463166 71.250000
v -28.720704 5.064235 71.250000
v -28.556403 2.498362 71.250000
v -27.907085 0.000000 71.250000
v -27.572830 -2.412310 71.250000
v -27.762243 -4.895233 71.250000
v -27.888806 -7.472783 71.250000
v -27.215807 -9.905744 71.250000
v -25.647169 -11.959471 71.250000
v -23.821932 -13.753599 71.250000
v -22.436558 -15.710247 71.250000
v -21.539861 -18.074089 71.250000
v -20.536119 -20.536119 71.250000
v -18.841993 -22.455012 71.250000
v -16.463291 -23.512016 71.250000
v -13.909584 -24.092107 71.250000
v -11.620621 -24.920502 71.250000
v -9.570138 -26.293739 71.250000
v -7.430987 -27.732820 71.250000
v -5.019682 -28.468032 71.250000
v -2.472563 -28.261523 71.250000
v -0.000000 -27.678706 71.250000
v 2.405499 -27.494980 71.250000
v 4.912658 -27.861068 71.250000
v 7.535560 -28.123091 71.250000
v 10.007331 -27.494916 71.250000
v 12.062616 -25.868364 71.250000
v 13.805012 -23.910981 71.250000
v 15.666884 -22.374629 71.250000
v 17.928379 -21.366211 71.250000
v 20.326973 -20.326973 71.250000
v 22.257459 -18.676226 71.250000
v 23.408212 -16.390607 71.250000
v 24.135650 -13.934724 71.250000
v 25.110006 -11.708988 71.250000
v 26.568393 -9.670104 71.250000
v 27.993379 -7.500803 71.250000
v 28.615411 -5.045669 71.250000
v 28.237042 -2.470421 71.250000
v 27.426245 0.000000 73.125000
v 27.174856 2.377492 73.125000
v 27.683040 4.881267 73.125000
v 28.160430 7.545564 73.125000
v 27.680119 10.074739 73.125000
v 26.100825 12.171015 73.125000
v 24.149258 13.942580 73.125000
v 22.625918 15.842838 73.125000
v 21.611858 18.134502 73.125000
v 20.491063 20.491063 73.125000
v 18.684260 22.267033 73.125000
v 16.253335 23.212168 73.125000
v 13.758437 23.830313 73.125000
v 11.613563 24.905366 73.125000
v 9.696057 26.639697 73.125000
v 7.594905 28.344573 73.125000
v 5.127764 29.080992 73.125000
v 2.503820 28.618789 73.125000
v 0.000000 27.695850 73.125000
v -2.386495 27.277766 73.125000
v -4.863839 27.584203 73.125000
v -7.476272 27.901826 73.125000
v -9.959049 27.362262 73.125000
v -12.049960 25.841223 73.125000
v -13.877071 24.035792 73.125000
v -15.884016 22.684725 73.125000
v -18.294321 21.802322 73.125000
v -20.728331 20.728331 73.125000
v -22.497685 18.877799 73.125000
v -23.341378 16.343809 73.125000
v -23.793357 13.737101 73.125000
v -24.699046 11.517354 73.125000
v -26.329332 9.583093 73.125000
v -28.041796 7.513777 73.125000
v -28.900522 5.095942 73.125000
v -28.631969 2.504973 73.125000
v -27.900780 0.000000 73.125000
v -27.599047 -2.414604 73.125000
v -27.902725 -4.920003 73.125000
v -28.102137 -7.529945 73.125000
v -27.377591 -9.964628 73.125000
v -25.677496 -11.973613 73.125000
v -23.765352 -13.720932 73.125000
v -22.413626 -15.694190 73.125000
v -21.626192 -18.146529 73.125000
v -20.695994 -20.695994 73.125000
v -18.977432 -22.616423 73.125000
v -16.515693 -23.586853 73.125000
v -13.905075 -24.084297 73.125000
v -11.623312 -24.926273 73.125000
v -9.608677 -26.399622 73.125000
v -7.480604 -27.917994 73.125000
v -5.046490 -28.620066 73.125000
v -2.475480 -28.294866 73.125000
v -0.000000 -27.631176 73.125000
v 2.405600 -27.496137 73.125000
v 4.937431 -28.001562 73.125000
v 7.599238 -28.360741 73.125000
v 10.080318 -27.695447 73.125000
v 12.094667 -25.937098 73.125000
v 13.786442 -23.878818 73.125000
v 15.653012 -22.354818 73.125000
v 17.986711 -21.435727 73.125000
v 20.458727 -20.458727 73.125000
v 22.385771 -18.783892 73.125000
v 23.457643 -16.425218 73.125000
v 24.121253 -13.926412 73.125000
v 25.132593 -11.719521 73.125000
v 26.709988 -9.721641 73.125000
v 28.220771 -7.561733 73.125000
v 28.800537 -5.078312 73.125000
v 28.281686 -2.474327 73.125000
v 27.323442 0.000000 75.000000
v 27.113176 2.372096 75.000000
v 27.762861 4.895342 75.000000
v 28.342116 7.594247 75.000000
v 27.833106 10.130422 75.000000
v 26.139732 12.189157 75.000000
v 24.112986 13.921639 75.000000
v 22.623247 15.840968 75.000000
v 21.700893 18.209211 75.000000
v 20.623340 20.623340 75.000000
v 18.765216 22.363514 75.000000
v 16.243911 23.198709 75.000000
v 13.707302 23.741744 75.000000
v 11.595460 24.866544 75.000000
v 9.734287 26.744735 75.000000
v 7.651679 28.556453 75.000000
v 5.159592 29.261499 75.000000
v 2.507762 28.663847 75.000000
v 0.000000 27.637253 75.000000
v -2.383624 27.244947 75.000000
v -4.878479 27.667231 75.000000
v -7.518837 28.060682 75.000000
v -10.000374 27.475802 75.000000
v -12.049026 25.839220 75.000000
v -13.840144 23.971832 75.000000
v -15.877993 22.676124 75.000000
v -18.381956 21.906762 75.000000
v -20.889023 20.889023 75.000000
v -22.629194 18.988149 75.000000
v -23.356368 16.354305 75.000000
v -23.714461 13.691550 75.000000
v -24.645334 11.492308 75.000000
v -26.398579 9.608297 75.000000
v -28.209275 7.558652 75.000000
v -29.044371 5.121306 75.000000
v -28.662071 2.507606 75.000000
v -27.854809 0.000000 75.000000
v -27.601790 -2.414844 75.000000
v -28.030915 -4.942607 75.000000
v -28.299082 -7.582716 75.000000
v -27.508744 -10.012364 75.000000
v -25.667586 -11.968992 75.000000
v -23.672781 -13.667487 75.000000
v -22.367834 -15.662126 75.000000
v -21.698961 -18.207590 75.000000
v -20.840895 -20.840895 75.000000
v -19.090839 -22.751576 75.000000
v -16.543468 -23.626520 75.000000
v -13.881823 -24.044024 75.000000
v -11.616412 -24.911476 75.000000
v -9.642688 -26.493066 75.000000
v -7.525285 -28.084745 75.000000
v -5.067169 -28.737342 75.000000
v -2.474326 -28.281680 75.000000
v -0.000000 -27.540998 75.000000
v 2.403315 -27.470019 75.000000
v 4.959469 -28.126545 75.000000
v 7.658127 -28.580517 75.000000
v 10.142412 -27.866048 75.000000
v 12.109123 -25.968098 75.000000
v 13.748982 -23.813935 75.000000
v 15.625101 -22.314957 75.000000
v 18.034845 -21.493091 75.000000
v 20.575212 -20.575212 75.000000
v 22.485895 -18.867906 75.000000
v 23.468861 -16.433073 75.000000
v 24.071306 -13.897575 75.000000
v 25.132686 -11.719564 75.000000
v 26.839222 -9.768678 75.000000
v 28.431924 -7.618311 75.000000
v 28.954470 -5.105454 75.000000
v 28.283457 -2.474482 75.000000
v 27.180883 0.000000 76.875000
v 27.025713 2.364444 76.875000
v 27.824613 4.906230 76.875000
v 28.499296 7.636363 76.875000
v 27.948473 10.172412 76.875000
v 26.135895 12.187368 76.875000
v 24.043215 13.881357 76.875000
v 22.602522 15.826456 76.875000
v 21.779870 18.275481 76.875000
v 20.741005 20.741005 76.875000
v 18.822043 22.431237 76.875000
v 16.207081 23.146110 76.875000
v 13.635070 23.616634 76.875000
v 11.565873 24.803094 76.875000
v 9.766352 26.832832 76.875000
v 7.702356 28.745582 76.875000
v 5.184929 29.405195 76.875000
v 2.507814 28.664450 76.875000
v 0.000000 27.541472 76.875000
v -2.378824 27.190088 76.875000
v -4.890556 27.735720 76.875000
v -7.555383 28.197074 76.875000
v -10.027966 27.551610 76.875000
v -12.027185 25.792380 76.875000
v -13.782042 23.871198 76.875000
v -15.857207 22.646439 76.875000
v -18.459615 21.999313 76.875000
v -21.034950 21.034950 76.875000
v -22.733504 19.075674 76.875000
v -23.335124 16.339429 76.875000
v -23.602298 13.626793 76.875000
v -24.569391 11.456895 76.875000
v -26.451407 9.627525 76.875000
v -28.352323 7.596982 76.875000
v -29.148061 5.139590 76.875000
v -28.643897 2.506016 76.875000
v -27.768772 0.000000 76.875000
v -27.581611 -2.413078 76.875000
v -28.145975 -4.962895 76.875000
v -28.476683 -7.630304 76.875000
v -27.605792 -10.047687 76.875000
v -25.615643 -11.944770 76.875000
v -23.544583 -13.593471 76.875000
v -22.300047 -15.614661 76.875000
v -21.757519 -18.256726 76.875000
v -20.968306 -20.968306 76.875000
v -19.179312 -22.857014 76.875000
v -16.544997 -23.628704 76.875000
v -13.839758 -23.971164 76.875000
v -11.600334 -24.876997 76.875000
v -9.672029 -26.573681 76.875000
v -7.564312 -28.230396 76.875000
v -5.081084 -28.816258 76.875000
v -2.468910 -28.219766 76.875000
v -0.000000 -27.408184 76.875000
v 2.398697 -27.417236 76.875000
v 4.978569 -28.234868 76.875000
v 7.711284 -28.778904 76.875000
v 10.192133 -28.002655 76.875000
v 12.104954 -25.959158 76.875000
v 13.692785 -23.716600 76.875000
v 15.583910 -22.256130 76.875000
v 18.072591 -21.538075 76.875000
v 20.674361 -20.674361 76.875000
v 22.554748 -18.925681 76.875000
v 23.439691 -16.412648 76.875000
v 23.985500 -13.848035 76.875000
v 25.110700 -11.709312 76.875000
v 26.955106 -9.810856 76.875000
v 28.623655 -7.669685 76.875000
v 29.073393 -5.126424 76.875000
v 28.240319 -2.470708 76.875000
v 26.999748 0.000000 78.750000
v 26.914046 2.354674 78.750000
v 27.867702 4.913828 78.750000
v 28.628749 7.671050 78.750000
v 28.022411 10.199324 78.750000
v 26.087325 12.164719 78.750000
v 23.940205 13.821884 78.750000
v 22.564538 15.799860 78.750000
v 21.848232 18.332844 78.750000
v 20.841992 20.841992 78.750000
v 18.852646 22.467708 78.750000
v 16.142095 23.053301 78.750000
v 13.542225 23.455822 78.750000
v 11.525298 24.716081 78.750000
v 9.791888 26.902990 78.750000
v 7.745984 28.908407 78.750000
v 5.203055 29.507989 78.750000
v 2.503801 28.618581 78.750000
v 0.000000 27.409196 78.750000
v -2.372222 27.114621 78.750000
v -4.900007 27.789321 78.750000
v -7.585191 28.308318 78.750000
v -10.040664 27.586496 78.750000
v -11.983729 25.699189 78.750000
v -13.703019 23.734325 78.750000
v -15.822107 22.596310 78.750000
v -18.526499 22.079022 78.750000
v -21.163579 21.163579 78.750000
v -22.807689 19.137923 78.750000
v -23.276364 16.298286 78.750000
v -23.457825 13.543381 78.750000
v -24.472718 11.411816 78.750000
v -26.487428 9.640635 78.750000
v -28.467955 7.627966 78.750000
v -29.207803 5.150124 78.750000
v -28.575353 2.500019 78.750000
v -27.642921 0.000000 78.750000
v -27.539305 -2.409377 78.750000
v -28.246955 -4.980700 78.750000
v -28.631907 -7.671896 78.750000
v -27.665566 -10.069443 78.750000
v -25.520510 -11.900409 78.750000
v -23.381734 -13.499451 78.750000
v -22.211421 -15.552605 78.750000
v -21.801222 -18.293397 78.750000
v -21.075717 -21.075717 78.750000
v -19.240174 -22.929547 78.750000
v -16.519036 -23.591629 78.750000
v -13.779109 -23.866117 78.750000
v -11.575589 -24.823930 78.750000
v -9.696528 -26.640992 78.750000
v -7.596962 -28.352249 78.750000
v -5.087668 -28.853598 78.750000
v -2.459103 -28.107680 78.750000
v -0.000000 -27.233473 78.750000
v 2.391829 -27.338730 78.750000
v 4.994521 -28.325336 78.750000
v 7.757755 -28.952338 78.750000
v 10.228103 -28.101481 78.750000
v 12.081400 -25.908646 78.750000
v 13.618316 -23.587615 78.750000
v 15.530358 -22.179649 78.750000
v 18.099742 -21.570433 78.750000
v 20.754131 -20.754131 78.750000
v 22.589566 -18.954897 78.750000
v 23.368566 -16.362846 78.750000
v 23.864114 -13.777953 78.750000
v 25.067293 -11.689071 78.750000
v 27.056554 -9.847780 78.750000
v 28.792700 -7.714981 78.750000
v 29.153783 -5.140599 78.750000
v 28.150908 -2.462885 78.750000
v 26.781866 0.000000 80.625000
v 26.780036 2.342950 80.625000
v 27.891539 4.918031 80.625000
v 28.727361 7.697473 80.625000
v 28.051573 10.209938 80.625000
v 25.992709 12.120599 80.625000
v 23.804743 13.743675 80.625000
v 22.510243 15.761842 80.625000
v 21.905333 18.380757 80.625000
v 20.924238 20.924238 80.625000
v 18.855217 22.470772 80.625000
v 16.048655 22.919854 80.625000
v 13.429604 23.260756 80.625000
v 11.474360 24.606845 80.625000
v 9.810525 26.954197 80.625000
v 7.781628 29.041432 80.625000
v 5.213320 29.566204 80.625000
v 2.495607 28.524919 80.625000
v 0.000000 27.241699 80.625000
v -2.363959 27.020171 80.625000
v -4.906758 27.827610 80.625000
v -7.607558 28.391795 80.625000
v -10.037478 27.577745 80.625000
v -11.918296 25.558868 80.625000
v -13.603673 23.562253 80.625000
v -15.773291 22.526593 80.625000
v -18.581759 22.144878 80.625000
v -21.272377 21.272377 80.625000
v -22.849125 19.172693 80.625000
v -23.179381 16.230377 80.625000
v -23.282534 13.442177 80.625000
v -24.357045 11.357876 80.625000
v -26.506242 9.647483 80.625000
v -28.553291 7.650831 80.625000
v -29.220309 5.152329 80.625000
v -28.455122 2.489501 80.625000
v -27.478145 0.000000 80.625000
v -27.475865 -2.403827 80.625000
v -28.332788 -4.995835 80.625000
v -28.761713 -7.706678 80.625000
v -27.685289 -10.076621 80.625000
v -25.381712 -11.835687 80.625000
v -23.185805 -13.386331 80.625000
v -22.103357 -15.476937 80.625000
v -21.829430 -18.317066 80.625000
v -21.160685 -21.160685 80.625000
v -19.271043 -22.966334 80.625000
v -16.464756 -23.514108 80.625000
v -13.700402 -23.729793 80.625000
v -11.542761 -24.753532 80.625000
v -9.715978 -26.694432 80.625000
v -7.622522 -28.447641 80.625000
v -5.086436 -28.846614 80.625000
v -2.444851 -27.944778 80.625000
v -0.000000 -27.018313 80.625000
v 2.382818 -27.235730 80.625000
v 5.007107 -28.396717 80.625000
v 7.796592 -29.097278 80.625000
v 10.249080 -28.159117 80.625000
v 12.037990 -25.815553 80.625000
v 13.526332 -23.428295 80.625000
v 15.465489 -22.087007 80.625000
v 18.116064 -21.589885 80.625000
v 20.812545 -20.812545 80.625000
v 22.587981 -18.953567 80.625000
v 23.254582 -16.283034 80.625000
v 23.708014 -13.687829 80.625000
v 25.003332 -11.659245 80.625000
v 27.142386 -9.879021 80.625000
v 28.935782 -7.753320 80.625000
v 29.192510 -5.147427 80.625000
v 28.014575 -2.450958 80.625000
v 26.529672 0.000000 82.500000
v 26.625760 2.329452 82.500000
v 27.895535 4.918736 82.500000
v 28.792195 7.714845 82.500000
v 28.033165 10.203238 82.500000
v 25.851463 12.054735 82.500000
v 23.638124 13.647477 82.500000
v 22.440691 15.713141 82.500000
v 21.950430 18.418598 82.500000
v 20.985731 20.985731 82.500000
v 18.828287 22.438679 82.500000
v 15.926924 22.746004 82.500000
v 13.298371 23.033454 82.500000
v 11.413791 24.476953 82.500000
v 9.821896 26.985436 82.500000
v 7.808388 29.141302 82.500000
v 5.215168 29.576689 82.500000
v 2.483180 28.382879 82.500000
v 0.000000 27.040799 82.500000
v -2.354188 26.908492 82.500000
v -4.910721 27.850081 82.500000
v -7.621818 28.445013 82.500000
v -10.017623 27.523194 82.500000
v -11.830884 25.371413 82.500000
v -13.484941 23.356603 82.500000
v -15.711483 22.438323 82.500000
v -18.624506 22.195822 82.500000
v -21.358871 21.358871 82.500000
v -22.855558 19.178090 82.500000
v -23.044060 16.135625 82.500000
v -23.078414 13.324329 82.500000
v -24.224269 11.295962 82.500000
v -26.507430 9.647915 82.500000
v -28.605625 7.664854 82.500000
v -29.182888 5.145731 82.500000
v -28.282717 2.474417 82.500000
v -27.275953 0.000000 82.500000
v -27.392440 -2.396528 82.500000
v -28.402292 -5.008090 82.500000
v -28.863113 -7.733848 82.500000
v -27.662653 -10.068382 82.500000
v -25.199477 -11.750709 82.500000
v -22.958914 -13.255335 82.500000
v -21.977453 -15.388778 82.500000
v -21.841505 -18.327199 82.500000
v -21.220884 -21.220884 82.500000
v -19.269896 -22.964967 82.500000
v -16.381765 -23.395585 82.500000
v -13.604441 -23.563584 82.500000
v -11.502490 -24.667170 82.500000
v -9.730135 -26.733325 82.500000
v -7.640305 -28.514006 82.500000
v -5.077003 -28.793114 82.500000
v -2.426170 -27.731254 82.500000
v -0.000000 -26.764825 82.500000
v 2.371792 -27.109708 82.500000
v 5.016105 -28.447746 82.500000
v 7.826875 -29.210295 82.500000
v 10.253996 -28.172623 82.500000
v 11.974560 -25.679527 82.500000
v 13.417871 -23.240435 82.500000
v 15.390436 -21.979821 82.500000
v 18.121290 -21.596113 82.500000
v 20.847744 -20.847744 82.500000
v 22.548089 -18.920093 82.500000
v 23.097529 -16.173064 82.500000
v 23.518624 -13.578484 82.500000
v 24.919854 -11.620319 82.500000
v 27.211332 -9.904115 82.500000
v 29.049683 -7.783839 82.500000
v 29.186914 -5.146440 82.500000
v 27.831416 -2.434933 82.500000
v 26.246138 0.000000 84.375000
v 26.453444 2.314376 84.375000
v 27.879102 4.915838 84.375000
v 28.820569 7.722448 84.375000
v 27.965031 10.178439 84.375000
v 25.663754 11.967205 84.375000
v 23.442109 13.534308 84.375000
v 22.357000 15.654540 84.375000
v 21.982696 18.445672 84.375000
v 21.024560 21.024560 84.375000
v 18.770774 22.370137 84.375000
v 15.777535 22.532654 84.375000
v 13.149994 22.776459 84.375000
v 11.344401 24.328146 84.375000
v 9.825631 26.995700 84.375000
v 7.825425 29.204883 84.375000
v 5.208153 29.536901 84.375000
v 2.466536 28.192640 84.375000
v 0.000000 26.808812 84.375000
v -2.343070 26.781408 84.375000
v -4.911789 27.856139 84.375000
v -7.627354 28.465671 84.375000
v -9.980538 27.421302 84.375000
v -11.721856 25.137601 84.375000
v -13.348066 23.119528 84.375000
v -15.637506 22.332672 84.375000
v -18.653826 22.230764 84.375000
v -21.420702 21.420702 84.375000
v -22.825165 19.152588 84.375000
v -22.870897 16.014375 84.375000
v -22.847895 13.191239 84.375000
v -24.076395 11.227007 84.375000
v -26.490548 9.641771 84.375000
v -28.622498 7.669375 84.375000
v -29.093532 5.129975 84.375000
v -28.058502 2.454801 84.375000
v -27.038423 0.000000 84.375000
v -27.290286 -2.387591 84.375000
v -28.454185 -5.017241 84.375000
v -28.933250 -7.752641 84.375000
v -27.595886 -10.044081 84.375000
v -24.974741 -11.645913 84.375000
v -22.703675 -13.107973 84.375000
v -21.835452 -15.289348 84.375000
v -21.836822 -18.323270 84.375000
v -21.254171 -21.254171 84.375000
v -19.235132 -22.923537 84.375000
v -16.270129 -23.236152 84.375000
v -13.492286 -23.369325 84.375000
v -11.455441 -24.566273 84.375000
v -9.738714 -26.756897 84.375000
v -7.649665 -28.548937 84.375000
v -5.059090 -28.691524 84.375000
v -2.403151 -27.468142 84.375000
v -0.000000 -26.475749 84.375000
v 2.358898 -26.962323 84.375000
v 5.021290 -28.477148 84.375000
v 7.847736 -29.288149 84.375000
v 10.241982 -28.139615 84.375000
v 11.891262 -25.500893 84.375000
v 13.294215 -23.026256 84.375000
v 15.306383 -21.859780 84.375000
v 18.115116 -21.588754 84.375000
v 20.858028 -20.858028 84.375000
v 22.468509 -18.853318 84.375000
v 22.897910 -16.033289 84.375000
v 23.297888 -13.451042 84.375000
v 24.818025 -11.572835 84.375000
v 27.262049 -9.922574 84.375000
v 29.131322 -7.805714 84.375000
v 29.134893 -5.137268 84.375000
v 27.602280 -2.414887 84.375000
v 25.934697 0.000000 86.250000
v 26.265395 2.297924 86.250000
v 27.841659 4.909236 86.250000
v 28.810126 7.719650 86.250000
v 27.845723 10.135014 86.250000
v 25.430501 11.858437 86.250000
v 23.218879 13.405426 86.250000
v 22.260315 15.586840 86.250000
v 22.001227 18.461221 86.250000
v 21.038965 21.038965 86.250000
v 18.682013 22.264356 86.250000
v 15.601577 22.281361 86.250000
v 12.986203 22.492763 86.250000
v 11.267058 24.162284 86.250000
v 9.821375 26.984005 86.250000
v 7.831981 29.229350 86.250000
v 5.191946 29.444990 86.250000
v 2.445758 27.955145 86.250000
v 0.000000 26.548482 86.250000
v -2.330763 26.640746 86.250000
v -4.909844 27.845108 86.250000
v -7.623616 28.451722 86.250000
v -9.925907 27.271205 86.250000
v -11.591936 24.858987 86.250000
v -13.194568 22.853662 86.250000
v -15.552251 22.210916 86.250000
v -18.668789 22.248597 86.250000
v -21.455694 21.455694 86.250000
v -22.756621 19.095072 86.250000
v -22.660989 15.867396 86.250000
v -22.593785 13.044528 86.250000
v -23.915467 11.151965 86.250000
v -26.455134 9.628881 86.250000
v -28.601762 7.663819 86.250000
v -28.950974 5.104838 86.250000
v -27.783693 2.430758 86.250000
v -26.768155 0.000000 86.250000
v -27.170720 -2.377130 86.250000
v -28.487106 -5.023045 86.250000
v -28.969473 -7.762347 86.250000
v -27.483814 -10.003290 86.250000
v -24.709136 -11.522059 86.250000
v -22.423130 -12.946000 86.250000
v -21.679191 -15.179933 86.250000
v -21.814775 -18.304769 86.250000
v -21.258638 -21.258638 86.250000
v -19.165620 -22.840696 86.250000
v -16.130374 -23.036561 86.250000
v -13.365223 -23.149246 86.250000
v -11.402284 -24.452277 86.250000
v -9.741400 -26.764277 86.250000
v -7.650016 -28.550250 86.250000
v -5.032539 -28.540947 86.250000
v -2.375956 -27.157303 86.250000
v -0.000000 -26.154370 86.250000
v 2.344291 -26.795369 86.250000
v 5.022437 -28.483658 86.250000
v 7.858381 -29.327878 86.250000
v 10.212398 -28.058333 86.250000
v 11.788561 -25.280650 86.250000
v 13.156859 -22.788347 86.250000
v 15.214523 -21.728590 86.250000
v 18.097201 -21.567405 86.250000
v 20.841909 -20.841909 86.250000
v 22.348431 -18.752561 86.250000
v 22.656933 -15.864555 86.250000
v 23.048224 -13.306898 86.250000
v 24.699093 -11.517376 86.250000
v 27.293149 -9.933894 86.250000
v 29.177838 -7.818178 86.250000
v 29.034963 -5.119647 86.250000
v 27.328755 -2.390956 86.250000
v 25.599149 0.000000 88.125000
v 26.063932 2.280299 88.125000
v 27.782648 4.898830 88.125000
v 28.758907 7.705926 88.125000
v 27.674552 10.072713 88.125000
v 25.153366 11.729207 88.125000
v 22.970977 13.262300 88.125000
v 22.151768 15.510835 88.125000
v 22.005064 18.464441 88.125000
v 21.027388 21.027388 88.125000
v 18.561788 22.121077 88.125000
v 15.400577 21.994304 88.125000
v 12.808942 22.185739 88.125000
v 11.182658 23.981288 88.125000
v 9.808785 26.949415 88.125000
v 7.827403 29.212265 88.125000
v 5.166355 29.299855 88.125000
v 2.420994 27.672089 88.125000
v 0.000000 26.262911 88.125000
v -2.317425 26.488285 88.125000
v -4.904754 27.816245 88.125000
v -7.610141 28.401434 88.125000
v -9.853675 27.072749 88.125000
v -11.442196 24.537868 88.125000
v -13.026204 22.562047 88.125000
v -15.456651 22.074386 88.125000
v -18.668479 22.248227 88.125000
v -21.461911 21.461911 88.125000
v -22.649131 19.004877 88.125000
v -22.416015 15.695863 88.125000
v -22.319192 12.885992 88.125000
v -23.743514 11.071782 88.125000
v -26.400715 9.609074 88.125000
v -28.541646 7.647711 88.125000
v -28.754745 5.070237 88.125000
v -27.460340 2.402468 88.125000
v -26.468196 0.000000 88.125000
v -27.035074 -2.365262 88.125000
v -28.499645 -5.025256 88.125000
v -28.969410 -7.762330 88.125000
v -27.325903 -9.945815 88.125000
v -24.404955 -11.380218 88.125000
v -22.120666 -12.771373 88.125000
v -21.510540 -15.061842 88.125000
v -21.774789 -18.271217 88.125000
v -21.232673 -21.232673 88.125000
v -19.060739 -22.715704 88.125000
v -15.963476 -22.798206 88.125000
v -13.224730 -22.905904 88.125000
v -11.343671 -24.326581 88.125000
v -9.737850 -26.754524 88.125000
v -7.640853 -28.516053 88.125000
v -4.997318 -28.341200 88.125000
v -2.344818 -26.801389 88.125000
v -0.000000 -25.804434 88.125000
v 2.328136 -26.610720 88.125000
v 5.019332 -28.466049 88.125000
v 7.858115 -29.326884 88.125000
v 10.164853 -27.927705 88.125000
v 11.667229 -25.020453 88.125000
v 13.007468 -22.529596 88.125000
v 15.116026 -21.587922 88.125000
v 18.067179 -21.531626 88.125000
v 20.798150 -20.798150 88.125000
v 22.187651 -18.617650 88.125000
v 22.376495 -15.668190 88.125000
v 22.772451 -13.147681 88.125000
v 24.564355 -11.454547 88.125000
v 27.303225 -9.937561 88.125000
v 29.186671 -7.820545 88.125000
v 28.886310 -5.093436 88.125000
v 27.013138 -2.363343 88.125000
v 25.243569 0.000000 90.000000
v 25.851323 2.261698 90.000000
v 27.701549 4.884531 90.000000
v 28.665413 7.680874 90.000000
v 27.451619 9.991572 90.000000
v 24.834717 11.580619 90.000000
v 22.701238 13.106566 90.000000
v 22.032444 15.427283 90.000000
v 21.993219 18.454502 90.000000
v 20.988523 20.988523 90.000000
v 18.410348 21.940598 90.000000
v 15.176463 21.674235 90.000000
v 12.620326 21.859046 90.000000
v 11.092103 23.787092 90.000000
v 9.787549 26.891070 90.000000
v 7.811162 29.151653 90.000000
v 5.131325 29.101191 90.000000
v 2.392455 27.345880 90.000000
v 0.000000 25.955473 90.000000
v -2.303201 26.325706 90.000000
v -4.896382 27.768760 90.000000
v -7.586565 28.313445 90.000000
v -9.764054 26.826517 90.000000
v -11.274031 24.177237 90.000000
v -12.844923 22.248060 90.000000
v -15.351656 21.924437 90.000000
v -18.652012 22.228603 90.000000
v -21.437717 21.437717 90.000000
v -22.502470 18.881814 90.000000
v -22.138197 15.501333 90.000000
v -22.027447 12.717552 90.000000
v -23.562490 10.987370 90.000000
v -26.326824 9.582180 90.000000
v -28.440816 7.620694 90.000000
v -28.505195 5.026235 90.000000
v -27.091280 2.370180 90.000000
v -26.141957 0.000000 90.000000
v -26.884661 -2.352103 90.000000
v -28.490381 -5.023623 90.000000
v -28.931040 -7.752049 90.000000
v -27.122284 -9.871704 90.000000
v -24.065102 -11.221741 90.000000
v -21.799933 -12.586197 90.000000
v -21.331357 -14.936377 90.000000
v -21.716344 -18.222176 90.000000
v -21.175007 -21.175007 90.000000
v -18.920401 -22.548456 90.000000
v -15.770842 -22.523097 90.000000
v -13.072437 -22.642125 90.000000
v -11.280220 -24.190509 90.000000
v -9.727703 -26.726645 90.000000
v -7.621761 -28.444800 90.000000
v -4.953524 -28.092833 90.000000
v -2.310032 -26.403785 90.000000
v -0.000000 -25.430053 90.000000
v 2.310600 -26.410278 90.000000
v 5.011772 -28.423170 90.000000
v 7.846358 -29.283008 90.000000
v 10.099223 -27.747386 90.000000
v 11.528329 -24.722581 90.000000
v 12.847840 -22.253111 90.000000
v 15.012004 -21.439364 90.000000
v 18.024665 -21.480960 90.000000
v 20.725812 -20.725812 90.000000
v 21.986584 -18.448934 90.000000
v 22.059135 -15.445973 90.000000
v 22.473724 -12.975211 90.000000
v 24.415112 -11.384953 90.000000
v 27.290892 -9.933072 90.000000
v 29.155637 -7.812229 90.000000
v 28.688829 -5.058615 90.000000
v 26.658385 -2.332307 90.000000
v 24.872196 0.000000 91.875000
v 25.629731 2.242311 91.875000
v 27.597904 4.866255 91.875000
v 28.528657 7.644231 91.875000
v 27.177830 9.891921 91.875000
v 24.477570 11.414078 91.875000
v 22.412720 12.939990 91.875000
v 21.903355 15.336894 91.875000
v 21.964705 18.430576 91.875000
v 20.921356 20.921356 91.875000
v 18.228406 21.723768 91.875000
v 14.931519 21.324419 91.875000
v 12.422581 21.516541 91.875000
v 10.996279 23.581597 91.875000
v 9.757392 26.808215 91.875000
v 7.782870 29.046066 91.875000
v 5.086947 28.849508 91.875000
v 2.360408 26.979586 91.875000
v 0.000000 25.629735 91.875000
v -2.288226 26.154543 91.875000
v -4.884583 27.701848 91.875000
v -7.552635 28.186817 91.875000
v -9.657521 26.533820 91.875000
v -11.089128 23.780711 91.875000
v -12.652816 21.915320 91.875000
v -15.238205 21.762412 91.875000
v -18.618568 22.188746 91.875000
v -21.381826 21.381826 91.875000
v -22.316997 18.726184 91.875000
v -21.830252 15.285707 91.875000
v -21.722015 12.541211 91.875000
v -23.374231 10.899583 91.875000
v -26.233020 9.548039 91.875000
v -28.298422 7.582539 91.875000
v -28.203506 4.973039 91.875000
v -26.680073 2.334204 91.875000
v -25.793136 0.000000 91.875000
v -26.720738 -2.337762 91.875000
v -28.457925 -5.017900 91.875000
v -28.852761 -7.731074 91.875000
v -26.873768 -9.781251 91.875000
v -23.693022 -11.048237 91.875000
v -21.464745 -12.392676 91.875000
v -21.143445 -14.804799 91.875000
v -21.638989 -18.157268 91.875000
v -21.084757 -21.084757 91.875000
v -18.745064 -22.339498 91.875000
v -15.554279 -22.213813 91.875000
v -12.910085 -22.360924 91.875000
v -11.212496 -24.045275 91.875000
v -9.710593 -26.679634 91.875000
v -7.592435 -28.335352 91.875000
v -4.901385 -27.797134 91.875000
v -2.271952 -25.968528 91.875000
v -0.000000 -25.035597 91.875000
v 2.291846 -26.195925 91.875000
v 4.999572 -28.353981 91.875000
v 7.822670 -29.194601 91.875000
v 10.015652 -27.517777 91.875000
v 11.373188 -24.389880 91.875000
v 12.679850 -21.962145 91.875000
v 14.903488 -21.284387 91.875000
v 17.969275 -21.414949 91.875000
v 20.624287 -20.624287 91.875000
v 21.746269 -18.247286 91.875000
v 21.707980 -15.200091 91.875000
v 22.155450 -12.791455 91.875000
v 24.252641 -11.309192 91.875000
v 27.254829 -9.919946 91.875000
v 29.082996 -7.792765 91.875000
v 28.443137 -5.015292 91.875000
v 26.268041 -2.298156 91.875000
v 24.489338 0.000000 93.750000
v 25.401168 2.222314 93.750000
v 27.471343 4.843939 93.750000
v 28.348210 7.595880 93.750000
v 26.854880 9.774377 93.750000
v 24.085523 11.231264 93.750000
v 22.108625 12.764421 93.750000
v 21.765419 15.240310 93.750000
v 21.918575 18.391868 93.750000
v 20.825209 20.825209 93.750000
v 18.017134 21.471984 93.750000
v 14.668335 20.948553 93.750000
v 12.217993 21.162185 93.750000
v 10.896035 23.366622 93.750000
v 9.718089 26.700231 93.750000
v 7.742295 28.894637 93.750000
v 5.033453 28.546131 93.750000
v 2.325174 26.576860 93.750000
v 0.000000 25.289363 93.750000
v -2.272620 25.976161 93.750000
v -4.869220 27.614719 93.750000
v -7.508225 28.021076 93.750000
v -9.534813 26.196683 93.750000
v -10.889426 23.352450 93.750000
v -12.452063 21.567607 93.750000
v -15.117212 21.589616 93.750000
v -18.567419 22.127788 93.750000
v -21.293349 21.293349 93.750000
v -22.093654 18.538777 93.750000
v -21.495325 15.051189 93.750000
v -21.406415 12.359000 93.750000
v -23.180409 10.809202 93.750000
v -26.118915 9.506508 93.750000
v -28.114140 7.533161 93.750000
v -27.851668 4.911001 93.750000
v -26.230919 2.294908 93.750000
v -25.425618 0.000000 93.750000
v -26.544480 -2.322341 93.750000
v -28.400969 -5.007857 93.750000
v -28.733446 -7.699104 93.750000
v -26.581834 -9.674996 93.750000
v -23.292625 -10.861529 93.750000
v -21.118994 -12.193057 93.750000
v -20.948504 -14.668300 93.750000
v -21.542369 -18.076194 93.750000
v -20.961464 -20.961464 93.750000
v -18.535731 -22.090024 93.750000
v -15.315948 -21.873441 93.750000
v -12.739485 -22.065434 93.750000
v -11.141002 -23.891956 93.750000
v -9.686161 -26.612509 93.750000
v -7.552689 -28.187019 93.750000
v -4.841253 -27.456108 93.750000
v -2.230980 -25.500216 93.750000
v -0.000000 -24.625593 93.750000
v 2.272036 -25.969486 93.750000
v 4.982576 -28.257594 93.750000
v 7.786759 -29.060580 93.750000
v 9.914560 -27.240031 93.750000
v 11.203367 -24.025698 93.750000
v 12.505414 -21.660013 93.750000
v 14.791399 -21.124307 93.750000
v 17.900643 -21.333156 93.750000
v 20.493324 -20.493324 93.750000
v 21.468355 -18.014089 93.750000
v 21.326669 -14.933094 93.750000
v 21.821204 -12.598478 93.750000
v 24.078169 -11.227835 93.750000
v 27.193825 -9.897743 93.750000
v 28.967516 -7.761823 93.750000
v 28.150570 -4.963705 93.750000
v 25.846156 -2.261246 93.750000
v 24.099267 0.000000 95.625000
v 25.167456 2.201867 95.625000
v 27.321613 4.817538 95.625000
v 28.124226 7.535864 95.625000
v 26.485228 9.639835 95.625000
v 23.662669 11.034084 95.625000
v 21.792230 12.581750 95.625000
v 21.619448 15.138101 95.625000
v 21.853955 18.337645 95.625000
v 20.699764 20.699764 95.625000
v 17.778142 21.187165 95.625000
v 14.389744 20.550684 95.625000
v 12.008858 20.799952 95.625000
v 10.792168 23.143878 95.625000
v 9.669477 26.566671 95.625000
v 7.689370 28.697118 95.625000
v 4.971218 28.193178 95.625000
v 2.287116 26.141861 95.625000
v 0.000000 24.938039 95.625000
v -2.256484 25.791728 95.625000
v -4.850163 27.506640 95.625000
v -7.453339 27.816241 95.625000
v -9.396914 25.817808 95.625000
v -10.677072 22.897055 95.625000
v -12.244888 21.208768 95.625000
v -14.989543 21.407286 95.625000
v -18.497956 22.045006 95.625000
v -21.171824 21.171824 95.625000
v -21.833953 18.320862 95.625000
v -21.136921 14.800231 95.625000
v -21.084140 12.172934 95.625000
v -22.982509 10.716920 95.625000
v -25.984199 9.457475 95.625000
v -27.888196 7.472619 95.625000
v -27.452449 4.840607 95.625000
v -25.748560 2.252707 95.625000
v -25.043388 0.000000 95.625000
v -26.356965 -2.305936 95.625000
v -28.318338 -4.993287 95.625000
v -28.572489 -7.655975 95.625000
v -26.248610 -9.553713 95.625000
v -22.868194 -10.663614 95.625000
v -20.766558 -11.989578 95.625000
v -20.748108 -14.527982 95.625000
v -21.426244 -17.978754 95.625000
v -20.805112 -20.805112 95.625000
v -18.293928 -21.801854 95.625000
v -15.058317 -21.505505 95.625000
v -12.562470 -21.758836 95.625000
v -11.066171 -23.731480 95.625000
v -9.654075 -26.524352 95.625000
v -7.502469 -27.999597 95.625000
v -4.773601 -27.072439 95.625000
v -2.187558 -25.003897 95.625000
v -0.000000 -24.204616 95.625000
v 2.251319 -25.732693 95.625000
v 4.960662 -28.133311 95.625000
v 7.738500 -28.880474 95.625000
v 9.796634 -26.916030 95.625000
v 11.020626 -23.633808 95.625000
v 12.326440 -21.350020 95.625000
v 14.676539 -20.960270 95.625000
v 17.818443 -21.235193 95.625000
v 20.333052 -20.333052 95.625000
v 21.155065 -17.751207 95.625000
v 20.919268 -14.647829 95.625000
v 21.474649 -12.398394 95.625000
v 23.892850 -11.141419 95.625000
v 27.106825 -9.866077 95.625000
v 28.808519 -7.719219 95.625000
v 27.813168 -4.904212 95.625000
v 25.397198 -2.221967 95.625000
v 23.706129 0.000000 97.500000
v 24.930201 2.181110 97.500000
v 27.148603 4.787031 97.500000
v 27.857456 7.464383 97.500000
v 26.072042 9.489447 97.500000
v 23.213503 10.824634 97.500000
v 21.466807 12.393867 97.500000
v 21.466139 15.030753 97.500000
v 21.770082 18.267267 97.500000
v 20.545087 20.545087 97.500000
v 17.513443 20.871709 97.500000
v 14.098758 20.135113 97.500000
v 11.797424 20.433737 97.500000
v 10.685412 22.914940 97.500000
v 9.611466 26.407286 97.500000
v 7.624199 28.453899 97.500000
v 4.900747 27.793520 97.500000
v 2.246635 25.679151 97.500000
v 0.000000 24.579383 97.500000
v -2.239903 25.602204 97.500000
v -4.827300 27.376976 97.500000
v -7.388121 27.572843 97.500000
v -9.245030 25.400512 97.500000
v -10.454368 22.419465 97.500000
v -12.033502 20.842637 97.500000
v -14.856012 21.216584 97.500000
v -18.409721 21.939851 97.500000
v -21.017243 21.017243 97.500000
v -21.539950 18.074164 97.500000
v -20.758820 14.535482 97.500000
v -20.758573 11.984967 97.500000
v -22.781805 10.623330 97.500000
v -25.828669 9.400867 97.500000
v -27.621377 7.401126 97.500000
v -27.009331 4.762474 97.500000
v -25.238167 2.208053 97.500000
v -24.650443 0.000000 97.500000
v -26.159162 -2.288630 97.500000
v -28.209034 -4.974014 97.500000
v -28.369834 -7.601674 97.500000
v -25.876825 -9.418394 97.500000
v -22.424286 -10.456616 97.500000
v -20.411212 -11.784419 97.500000
v -20.543677 -14.384838 97.500000
v -21.290516 -17.864864 97.500000
v -20.616146 -20.616146 97.500000
v -18.021674 -21.477395 97.500000
v -14.784101 -21.113885 97.500000
v -12.380862 -21.444282 97.500000
v -10.988361 -23.564617 97.500000
v -9.614039 -26.414356 97.500000
v -7.441858 -27.773391 97.500000
v -4.699015 -26.649439 97.500000
v -2.142156 -24.484958 97.500000
v -0.000000 -23.777189 97.500000
v 2.229838 -25.487160 97.500000
v 4.933745 -27.980661 97.500000
v 7.677936 -28.654447 97.500000
v 9.662811 -26.548355 97.500000
v 10.826882 -23.218324 97.500000
v 12.144784 -21.035383 97.500000
v 14.559578 -20.793233 97.500000
v 17.722410 -21.120746 97.500000
v 20.143990 -20.143990 97.500000
v 20.809155 -17.460954 97.500000
v 20.490178 -14.347377 97.500000
v 21.119447 -12.193319 97.500000
v 23.697752 -11.050443 97.500000
v 26.992973 -9.824639 97.500000
v 28.605913 -7.664931 97.500000
v 27.433628 -4.837289 97.500000
v 24.925943 -2.180737 97.500000
v 23.313858 0.000000 99.375000
v 24.690781 2.160163 99.375000
v 26.952373 4.752431 99.375000
v 27.549246 7.381798 99.375000
v 25.619131 9.324601 99.375000
v 22.742814 10.605148 99.375000
v 21.135562 12.202622 99.375000
v 21.306079 14.918677 99.375000
v 21.666344 18.180221 99.375000
v 20.361639 20.361639 99.375000
v 17.225415 20.528450 99.375000
v 13.798501 19.706302 99.375000
v 11.585850 20.067281 99.375000
v 10.576429 22.681226 99.375000
v 9.544048 26.222057 99.375000
v 7.547062 28.166018 99.375000
v 4.822669 27.350714 99.375000
v 2.204154 25.193596 99.375000
v 0.000000 24.216875 99.375000
v -2.222942 25.408345 99.375000
v -4.800542 27.225225 99.375000
v -7.312850 27.291929 99.375000
v -9.080571 24.948664 99.375000
v -10.223723 21.924845 99.375000
v -11.820061 20.472947 99.375000
v -14.717367 21.018579 99.375000
v -18.302429 21.811986 99.375000
v -20.830062 20.830062 99.375000
v -21.214192 17.800821 99.375000
v -20.364994 14.259723 99.375000
v -20.432927 11.796956 99.375000
v -22.579354 10.528926 99.375000
v -25.652262 9.336660 99.375000
v -27.315034 7.319041 99.375000
v -26.526441 4.677327 99.375000
v -24.705222 2.161427 99.375000
v -24.250704 0.000000 99.375000
v -25.951930 -2.270500 99.375000
v -28.072287 -4.949902 99.375000
v -28.125998 -7.536338 99.375000
v -25.469755 -9.270233 99.375000
v -21.965631 -10.242742 99.375000
v -20.056557 -11.579659 99.375000
v -20.336464 -14.239745 99.375000
v -21.135243 -17.734575 99.375000
v -20.395468 -20.395468 99.375000
v -17.721442 -21.119592 99.375000
v -14.496203 -20.702723 99.375000
v -12.196431 -21.124838 99.375000
v -10.907859 -23.391979 99.375000
v -9.565816 -26.281862 99.375000
v -7.371075 -27.509226 99.375000
v -4.618176 -26.190977 99.375000
v -2.095266 -23.948999 99.375000
v -0.000000 -23.347687 99.375000
v 2.207721 -25.234365 99.375000
v 4.901790 -27.799435 99.375000
v 7.605286 -28.383315 99.375000
v 9.514263 -26.140222 99.375000
v 10.624168 -22.783601 99.375000
v 11.962219 -20.719172 99.375000
v 14.441055 -20.623964 99.375000
v 17.612367 -20.989601 99.375000
v 19.927045 -19.927045 99.375000
v 20.433849 -17.146036 99.375000
v 20.044031 -14.034982 99.375000
v 20.759192 -11.985325 99.375000
v 23.493851 -10.955363 99.375000
v 26.851657 -9.773204 99.375000
v 28.360210 -7.599095 99.375000
v 27.015250 -4.763517 99.375000
v 24.437372 -2.137993 99.375000
v 22.926102 0.000000 101.250000
v 24.450339 2.139127 101.250000
v 26.733176 4.713780 101.250000
v 27.201518 7.288625 101.250000
v 25.130860 9.146885 101.250000
v 22.255585 10.377950 101.250000
v 20.801567 12.009790 101.250000
v 21.139744 14.802208 101.250000
v 21.542309 18.076144 101.250000
v 20.150275 20.150275 101.250000
v 16.916746 20.160593 101.250000
v 13.492142 19.268775 101.250000
v 11.376164 19.704093 101.250000
v 10.465806 22.443993 101.250000
v 9.467306 26.011211 101.250000
v 7.458405 27.835145 101.250000
v 4.737716 26.868925 101.250000
v 2.160117 24.690254 101.250000
v 0.000000 23.853796 101.250000
v -2.205651 25.210712 101.250000
v -4.769832 27.051059 101.250000
v -7.227944 26.975053 101.250000
v -8.905113 24.466596 101.250000
v -9.987597 21.418471 101.250000
v -11.606625 20.103264 101.250000
v -14.574291 20.814244 101.250000
v -18.175989 21.661300 101.250000
v -20.611197 20.611197 101.250000
v -20.859673 17.503344 101.250000
v -19.959524 13.975809 101.250000
v -20.110184 11.610620 101.250000
v -22.375996 10.434098 101.250000
v -25.455073 9.264889 101.250000
v -26.971057 7.226873 101.250000
v -26.008451 4.585992 101.250000
v -24.155401 2.113324 101.250000
v -23.847947 0.000000 101.250000
v -25.736017 -2.251610 101.250000
v -27.907592 -4.920861 101.250000
v -27.842065 -7.460259 101.250000
v -25.031155 -9.110595 101.250000
v -21.497030 -10.024230 101.250000
v -19.705948 -11.377234 101.250000
v -20.127546 -14.093459 101.250000
v -20.960663 -17.588085 101.250000
v -20.144425 -20.144425 101.250000
v -17.396093 -20.731856 101.250000
v -14.197645 -20.276339 101.250000
v -12.010861 -20.803421 101.250000
v -10.824882 -23.214035 101.250000
v -9.509233 -26.126404 101.250000
v -7.290479 -27.208439 101.250000
v -4.531849 -25.701395 101.250000
v -2.047385 -23.401713 101.250000
v -0.000000 -22.920253 101.250000
v 2.185086 -24.975644 101.250000
v 4.864810 -27.589709 101.250000
v 7.520940 -28.068531 101.250000
v 9.352368 -25.695419 101.250000
v 10.414583 -22.334145 101.250000
v 11.780400 -20.404251 101.250000
v 14.321377 -20.453046 101.250000
v 17.488240 -20.841673 101.250000
v 19.683503 -19.683503 101.250000
v 20.032776 -16.809495 101.250000
v 19.585590 -13.713978 101.250000
v 20.397331 -11.776404 101.250000
v 23.282032 -10.856590 101.250000
v 26.682541 -9.711651 101.250000
v 28.072527 -7.522011 101.250000
v 26.561868 -4.683574 101.250000
v 23.936565 -2.094178 101.250000
v 22.546171 0.000000 103.125000
v 24.209786 2.118082 103.125000
v 26.491477 4.671162 103.125000
v 26.816740 7.185524 103.125000
v 24.612052 8.958054 103.125000
v 21.756882 10.145401 103.125000
v 20.467716 11.817041 103.125000
v 20.967521 14.681617 103.125000
v 21.397755 17.954849 103.125000
v 19.912231 19.912231 103.125000
v 16.590381 19.771646 103.125000
v 13.182826 18.827027 103.125000
v 11.170227 19.347400 103.125000
v 10.354049 22.204329 103.125000
v 9.381421 25.775242 103.125000
v 7.358837 27.463555 103.125000
v 4.646716 26.352835 103.125000
v 2.114975 24.174272 103.125000
v 0.000000 23.493173 103.125000
v -2.188064 25.009680 103.125000
v -4.735147 26.854354 103.125000
v -7.133947 26.624254 103.125000
v -8.720367 23.959012 103.125000
v -9.748451 20.905620 103.125000
v -11.395117 19.736921 103.125000
v -14.427397 20.604459 103.125000
v -18.030520 21.487937 103.125000
v -20.362011 20.362011 103.125000
v -20.479759 17.184558 103.125000
v -19.546509 13.686613 103.125000
v -19.793046 11.427520 103.125000
v -22.172360 10.339141 103.125000
v -25.237382 9.185656 103.125000
v -26.591850 7.125265 103.125000
v -25.460484 4.489370 103.125000
v -23.594447 2.064247 103.125000
v -23.445730 0.000000 103.125000
v -25.512077 -2.232018 103.125000
v -27.714746 -4.886857 103.125000
v -27.519679 -7.373876 103.125000
v -24.565174 -8.940992 103.125000
v -21.023257 -9.803306 103.125000
v -19.362439 -11.178909 103.125000
v -19.917825 -13.946611 103.125000
v -20.767201 -17.425751 103.125000
v -19.864789 -19.864789 103.125000
v -17.048823 -20.317996 103.125000
v -13.891508 -19.839129 103.125000
v -11.825724 -20.482754 103.125000
v -10.739586 -23.031116 103.125000
v -9.444203 -25.947734 103.125000
v -7.200563 -26.872865 103.125000
v -4.440868 -25.185415 103.125000
v -1.999008 -22.848768 103.125000
v -0.000000 -22.498729 103.125000
v 2.162036 -24.712182 103.125000
v 4.822872 -27.351869 103.125000
v 7.425452 -27.712166 103.125000
v 9.178679 -25.218214 103.125000
v 10.200256 -21.874519 103.125000
v 11.600834 -20.093234 103.125000
v 14.200830 -20.280888 103.125000
v 17.350080 -20.677020 103.125000
v 19.415009 -19.415009 103.125000
v 19.609883 -16.454645 103.125000
v 19.119647 -13.387721 103.125000
v 20.037109 -11.568430 103.125000
v 23.063086 -10.754494 103.125000
v 26.485594 -9.639968 103.125000
v 27.744569 -7.434135 103.125000
v 26.077766 -4.598214 103.125000
v 23.428594 -2.049736 103.125000
v 22.176983 0.000000 105.000000
v 23.969819 2.097087 105.000000
v 26.227967 4.624698 105.000000
v 26.397874 7.073289 105.000000
v 24.067884 8.759993 105.000000
v 21.251749 9.909853 105.000000
v 20.136672 11.625913 105.000000
v 20.789716 14.557116 105.000000
v 21.232689 17.816342 105.000000
v 19.649106 19.649106 105.000000
v 16.249455 19.365346 105.000000
v 12.873618 18.385432 105.000000
v 10.969708 19.000092 105.000000
v 10.241592 21.963165 105.000000
v 9.286671 25.514919 105.000000
v 7.249118 27.054079 105.000000
v 4.550565 25.807538 105.000000
v 2.069175 23.650781 105.000000
v 0.000000 23.137734 105.000000
v -2.170198 24.805472 105.000000
v -4.696508 26.635218 105.000000
v -7.031528 26.242020 105.000000
v -8.528146 23.430888 105.000000
v -9.508697 20.391466 105.000000
v -11.187299 19.376970 105.000000
v -14.277238 20.390010 105.000000
v -17.866361 21.292300 105.000000
v -20.084287 20.084287 105.000000
v -20.078119 16.847542 105.000000
v -19.129989 13.394962 105.000000
v -19.483901 11.249036 105.000000
v -21.968884 10.244259 105.000000
v -24.999670 9.099136 105.000000
v -26.180283 7.014986 105.000000
v -24.887998 4.388426 105.000000
v -23.028053 2.014694 105.000000
v -23.047345 0.000000 105.000000
v -25.280679 -2.211773 105.000000
v -27.493868 -4.847911 105.000000
v -27.161010 -7.277771 105.000000
v -24.076269 -8.763045 105.000000
v -20.548964 -9.582139 105.000000
v -19.028744 -10.986251 105.000000
v -19.708036 -13.799716 105.000000
v -20.555480 -17.248096 105.000000
v -19.558717 -19.558717 105.000000
v -16.683086 -19.882127 105.000000
v -13.580865 -19.395485 105.000000
v -11.642456 -20.165325 105.000000
v -10.652074 -22.843447 105.000000
v -9.370726 -25.745859 105.000000
v -7.101941 -26.504805 105.000000
v -4.346115 -24.648041 105.000000
v -1.950621 -22.295695 105.000000
v -0.000000 -22.086594 105.000000
v 2.138663 -24.445025 105.000000
v 4.776101 -27.086616 105.000000
v 7.319532 -27.316863 105.000000
v 8.994893 -24.713265 105.000000
v 9.983296 -21.409247 105.000000
v 11.424865 -19.788447 105.000000
v 14.079593 -20.107742 105.000000
v 17.198076 -20.495869 105.000000
v 19.123537 -19.123537 105.000000
v 19.169355 -16.084998 105.000000
v 18.650928 -13.059520 105.000000
v 19.681516 -11.363128 105.000000
v 22.837728 -10.649407 105.000000
v 26.261109 -9.558262 105.000000
v 27.378600 -7.336074 105.000000
v 25.567581 -4.508254 105.000000
v 22.918422 -2.005102 105.000000
v 21.821041 0.000000 106.875000
v 23.730936 2.076188 106.875000
v 25.943564 4.574550 106.875000
v 25.948318 6.952831 106.875000
v 23.503776 8.554675 106.875000
v 20.745115 9.673606 106.875000
v 19.810841 11.437794 106.875000
v 20.606570 14.428876 106.875000
v 21.047361 17.660833 106.875000
v 19.362830 19.362830 106.875000
v 15.897232 18.945584 106.875000
v 12.567443 17.948169 106.875000
v 10.776064 18.664690 106.875000
v 10.128798 21.721278 106.875000
v 9.183436 25.231283 106.875000
v 7.130141 26.610049 106.875000
v 4.450216 25.238427 106.875000
v 2.023157 23.124793 106.875000
v 0.000000 22.789882 106.875000
v -2.152062 24.598178 106.875000
v -4.653976 26.394007 106.875000
v -6.921460 25.831240 106.875000
v -8.330321 22.887369 106.875000
v -9.270654 19.880982 106.875000
v -10.984745 19.026136 106.875000
v -14.124306 20.171600 106.875000
v -17.684075 21.075060 106.875000
v -19.780192 19.780192 106.875000
v -19.658643 16.495560 106.875000
v -18.713870 13.103593 106.875000
v -19.184798 11.076348 106.875000
v -21.765838 10.149577 106.875000
v -24.742624 9.005579 106.875000
v -25.739637 6.896915 106.875000
v -24.296672 4.284159 106.875000
v -22.461760 1.965149 106.875000
v -22.655765 0.000000 106.875000
v -25.042324 -2.190919 106.875000
v -27.245415 -4.804102 106.875000
v -26.768710 -7.172654 106.875000
v -23.569114 -8.578456 106.875000
v -20.078599 -9.362804 106.875000
v -18.707203 -10.800609 106.875000
v -19.498758 -13.653178 106.875000
v -20.326320 -17.055808 106.875000
v -19.228713 -19.228713 106.875000
v -16.302521 -19.428588 106.875000
v -13.268725 -18.949703 106.875000
v -11.462339 -19.853354 106.875000
v -10.562408 -22.651158 106.875000
v -9.288903 -25.521050 106.875000
v -6.995344 -26.106979 106.875000
v -4.248503 -24.094457 106.875000
v -1.902685 -21.747785 106.875000
v -0.000000 -21.686924 106.875000
v 2.115046 -24.175083 106.875000
v 4.724677 -26.794972 106.875000
v 7.204025 -26.885788 106.875000
v 8.802810 -24.185521 106.875000
v 9.765756 -20.942732 106.875000
v 11.253658 -19.491908 106.875000
v 13.957747 -19.933729 106.875000
v 17.032565 -20.298621 106.875000
v 18.811351 -18.811351 106.875000
v 18.715528 -15.704193 106.875000
v 18.184002 -12.732575 106.875000
v 19.333246 -11.162055 106.875000
v 22.606599 -10.541630 106.875000
v 26.009709 -9.466760 106.875000
v 26.977391 -7.228570 106.875000
v 25.036212 -4.414560 106.875000
v 22.410819 -1.960693 106.875000
v 21.480411 0.000000 108.750000
v 23.493464 2.055412 108.750000
v 25.639418 4.520921 108.750000
v 25.471841 6.825159 108.750000
v 22.925281 8.344120 108.750000
v 20.241705 9.438862 108.750000
v 19.492340 11.253908 108.750000
v 20.418285 14.297037 108.750000
v 20.842270 17.488741 108.750000
v 19.055621 19.055621 108.750000
v 15.537041 18.516325 108.750000
v 12.267040 17.519148 108.750000
v 10.590523 18.343325 108.750000
v 10.015965 21.479306 108.750000
v 9.072193 24.925644 108.750000
v 7.002913 26.135226 108.750000
v 4.346652 24.651087 108.750000
v 1.977342 22.601121 108.750000
v 0.000000 22.451673 108.750000
v -2.133655 24.387785 108.750000
v -4.607659 26.131334 108.750000
v -6.804610 25.395149 108.750000
v -8.128790 22.333667 108.750000
v -9.036509 19.378856 108.750000
v -10.788826 18.686796 108.750000
v -13.969042 19.949860 108.750000
v -17.484443 20.837147 108.750000
v -19.452227 19.452227 108.750000
v -19.225367 16.131998 108.750000
v -18.301856 12.815098 108.750000
v -18.897431 10.910437 108.750000
v -21.563341 10.055151 108.750000
v -24.467149 8.905314 108.750000
v -25.273538 6.772024 108.750000
v -23.692293 4.177591 108.750000
v -21.900852 1.916076 108.750000
v -22.273623 0.000000 108.750000
v -24.797463 -2.169497 108.750000
v -26.970185 -4.755571 108.750000
v -26.345862 -7.059352 108.750000
v -23.048501 -8.388968 108.750000
v -19.616331 -9.147245 108.750000
v -18.399764 -10.623109 108.750000
v -19.290430 -13.507305 108.750000
v -20.080736 -16.849738 108.750000
v -18.877570 -18.877570 108.750000
v -15.910877 -18.961845 108.750000
v -12.957978 -18.505911 108.750000
v -11.286493 -19.548780 108.750000
v -10.470620 -22.454318 108.750000
v -9.198931 -25.273855 108.750000
v -6.881599 -25.682477 108.750000
v -4.148960 -23.529920 108.750000
v -1.855635 -21.210005 108.750000
v -0.000000 -21.302361 108.750000
v 2.091254 -23.903142 108.750000
v 4.668833 -26.478269 108.750000
v 7.079902 -26.422554 108.750000
v 8.604298 -23.640114 108.750000
v 9.549598 -20.479180 108.750000
v 11.088191 -19.205309 108.750000
v 13.835300 -19.758856 108.750000
v 16.854037 -20.085859 108.750000
v 18.480964 -18.480964 108.750000
v 18.252803 -15.315920 108.750000
v 17.723203 -12.409920 108.750000
v 18.994673 -10.966580 108.750000
v 22.370284 -10.431435 108.750000
v 25.732350 -9.365810 108.750000
v 26.544165 -7.112487 108.750000
v 24.488714 -4.318021 108.750000
v 21.910273 -1.916901 108.750000
v 21.156722 0.000000 110.625000
v 23.257580 2.034775 110.625000
v 25.316897 4.464052 110.625000
v 24.972503 6.691362 110.625000
v 22.337972 8.130357 110.625000
v 19.745961 9.207693 110.625000
v 19.182990 11.075304 110.625000
v 20.225035 14.161722 110.625000
v 20.618162 17.300692 110.625000
v 18.729946 18.729946 110.625000
v 15.172208 18.081534 110.625000
v 11.974918 17.101955 110.625000
v 10.414087 18.037728 110.625000
v 9.903334 21.237768 110.625000
v 8.953508 24.599562 110.625000
v 6.868535 25.633720 110.625000
v 4.240872 24.051178 110.625000
v 1.932125 22.084290 110.625000
v 0.000000 22.124811 110.625000
v -2.114970 24.174212 110.625000
v -4.557712 25.848071 110.625000
v -6.681919 24.937263 110.625000
v -7.925439 21.774965 110.625000
v -8.808281 18.889419 110.625000
v -10.600702 18.360955 110.625000
v -13.811843 19.725356 110.625000
v -17.268453 20.579741 110.625000
v -19.103176 19.103176 110.625000
v -18.782385 15.760293 110.625000
v -17.897394 12.531890 110.625000
v -18.623144 10.752077 110.625000
v -21.361397 9.960983 110.625000
v -24.174353 8.798745 110.625000
v -24.785888 6.641359 110.625000
v -23.080642 4.069740 110.625000
v -21.350273 1.867907 110.625000
v -21.903183 0.000000 110.625000
v -24.546516 -2.147542 110.625000
v -26.669308 -4.702518 110.625000
v -25.895910 -6.938788 110.625000
v -22.519252 -8.196337 110.625000
v -19.165988 -8.937247 110.625000
v -18.107981 -10.454648 110.625000
v -19.083368 -13.362318 110.625000
v -19.819927 -16.630893 110.625000
v -18.508317 -18.508317 110.625000
v -15.511940 -18.486410 110.625000
v -12.651348 -18.067998 110.625000
v -11.115865 -19.253243 110.625000
v -10.376722 -22.252952 110.625000
v -9.101111 -25.005097 110.625000
v -6.761615 -25.234692 110.625000
v -4.048408 -22.959665 110.625000
v -1.809871 -20.686916 110.625000
v -0.000000 -20.935093 110.625000
v 2.067347 -23.629884 110.625000
v 4.608858 -26.138133 110.625000
v 6.948231 -25.931150 110.625000
v 8.401255 -23.082259 110.625000
v 9.336659 -20.022530 110.625000
v 10.929250 -18.930016 110.625000
v 13.712197 -19.583047 110.625000
v 16.663132 -19.858347 110.625000
v 18.135087 -18.135087 110.625000
v 17.785559 -14.923856 110.625000
v 17.272559 -12.094376 110.625000
v 18.667827 -10.777875 110.625000
v 22.129322 -10.319072 110.625000
v 25.430307 -9.255875 110.625000
v 26.082525 -6.988791 110.625000
v 23.930201 -4.219540 110.625000
v 21.420933 -1.874089 110.625000
v 20.851169 0.000000 112.500000
v 23.023342 2.014281 112.500000
v 24.977571 4.404220 112.500000
v 24.454575 6.552584 112.500000
v 21.747347 7.915387 112.500000
v 19.261979 8.982008 112.500000
v 18.884302 10.902857 112.500000
v 20.026985 14.023046 112.500000
v 20.376016 17.097507 112.500000
v 18.388464 18.388464 112.500000
v 14.806000 17.645104 112.500000
v 11.693330 16.699805 112.500000
v 10.247524 17.749231 112.500000
v 9.791096 20.997074 112.500000
v 8.828035 24.254826 112.500000
v 6.728180 25.109909 112.500000
v 4.133868 23.444329 112.500000
v 1.887873 21.578483 112.500000
v 0.000000 21.810644 112.500000
v -2.095995 23.957331 112.500000
v -4.504333 25.545341 112.500000
v -6.554388 24.461310 112.500000
v -7.722109 21.216321 112.500000
v -8.587795 18.416586 112.500000
v -10.421315 18.050247 112.500000
v -13.653068 19.498602 112.500000
v -17.037289 20.304251 112.500000
v -18.736047 18.736047 112.500000
v -18.333779 15.383867 112.500000
v -17.503624 12.256169 112.500000
v -18.362928 10.601841 112.500000
v -21.159919 9.867032 112.500000
v -23.865543 8.686347 112.500000
v -24.280784 6.506016 112.500000
v -22.467390 3.961607 112.500000
v -20.814560 1.821038 112.500000
v -21.546335 0.000000 112.500000
v -24.289883 -2.125089 112.500000
v -26.344229 -4.645198 112.500000
v -25.422589 -6.811962 112.500000
v -21.986127 -8.002296 112.500000
v -18.731009 -8.734413 112.500000
v -17.833014 -10.295895 112.500000
v -18.877785 -13.218367 112.500000
v -19.545258 -16.400419 112.500000
v -18.124155 -18.124155 112.500000
v -15.109458 -18.006751 112.500000
v -12.351352 -17.639559 112.500000
v -10.951229 -18.968084 112.500000
v -10.280716 -22.047067 112.500000
v -8.995840 -24.715866 112.500000
v -6.636366 -24.767256 112.500000
v -3.947752 -22.388812 112.500000
v -1.765750 -20.182620 112.500000
v -0.000000 -20.586861 112.500000
v 2.043376 -23.355894 112.500000
v 4.545085 -25.776459 112.500000
v 6.810158 -25.415854 112.500000
v 8.195573 -22.517153 112.500000
v 9.128626 -19.576401 112.500000
v 10.777437 -18.667069 112.500000
v 13.588345 -19.406168 112.500000
v 16.460637 -19.617023 112.500000
v 17.776572 -17.776572 112.500000
v 17.318076 -14.531591 112.500000
v 16.835740 -11.788512 112.500000
v 18.354388 -10.596911 112.500000
v 21.884222 -10.204780 112.500000
v 25.105149 -9.137527 112.500000
v 25.596381 -6.858530 112.500000
v 23.365751 -4.120012 112.500000
v 20.946543 -1.832585 112.500000
v 20.564536 0.000000 114.375000
v 22.790714 1.993929 114.375000
v 24.623194 4.341733 114.375000
v 23.922460 6.410004 114.375000
v 21.158726 7.701146 114.375000
v 18.793456 8.763532 114.375000
v 18.597483 10.737262 114.375000
v 19.824302 13.881126 114.375000
v 20.117030 16.880193 114.375000
v 18.033978 18.033978 114.375000
v 14.441569 17.210791 114.375000
v 11.424242 16.315509 114.375000
v 10.091378 17.478780 114.375000
v 9.679404 20.757549 114.375000
v 8.696495 23.893423 114.375000
v 6.583068 24.568344 114.375000
v 4.026610 22.836042 114.375000
v 1.844915 21.087479 114.375000
v 0.000000 21.510176 114.375000
v -2.076718 23.736996 114.375000
v -4.447760 25.224498 114.375000
v -6.423053 23.971162 114.375000
v -7.520567 20.662589 114.375000
v -8.376664 17.963814 114.375000
v -10.251393 17.755933 114.375000
v -13.493047 19.270068 114.375000
v -16.792304 20.012289 114.375000
v -18.354007 18.354007 114.375000
v -17.883539 15.006071 114.375000
v -17.123344 11.989895 114.375000
v -18.117439 10.460109 114.375000
v -20.958750 9.773226 114.375000
v -23.542207 8.568663 114.375000
v -23.762446 6.367128 114.375000
v -21.858004 3.854156 114.375000
v -20.297781 1.775826 114.375000
v -21.204595 0.000000 114.375000
v -24.027964 -2.102174 114.375000
v -25.996682 -4.583916 114.375000
v -24.929851 -6.679933 114.375000
v -21.453748 -7.808526 114.375000
v -18.314407 -8.540148 114.375000
v -17.575645 -10.147303 114.375000
v -18.673810 -13.075543 114.375000
v -19.258243 -16.159585 114.375000
v -17.728396 -17.728396 114.375000
v -14.707080 -17.527216 114.375000
v -12.060269 -17.223849 114.375000
v -10.793187 -18.694349 114.375000
v -10.182605 -21.836667 114.375000
v -8.883604 -24.407500 114.375000
v -6.506869 -24.283967 114.375000
v -3.847857 -21.822279 114.375000
v -1.723589 -19.700713 114.375000
v -0.000000 -20.258955 114.375000
v 2.019385 -23.081682 114.375000
v 4.477890 -25.395378 114.375000
v 6.666884 -24.881150 114.375000
v 7.989105 -21.949885 114.375000
v 8.927016 -19.144048 114.375000
v 10.633173 -18.417195 114.375000
v 13.463622 -19.228044 114.375000
v 16.247473 -19.362985 114.375000
v 17.408367 -17.408367 114.375000
v 16.854468 -14.142578 114.375000
v 16.416014 -11.494617 114.375000
v 18.055689 -10.424457 114.375000
v 21.635466 -10.088784 114.375000
v 24.758717 -9.011436 114.375000
v 25.089866 -6.722809 114.375000
v 22.800317 -4.020311 114.375000
v 20.490411 -1.792679 114.375000
v 20.297213 0.000000 116.250000
v 22.559592 1.973709 116.250000
v 24.255671 4.276929 116.250000
v 23.380611 6.264816 116.250000
v 20.577175 7.489479 116.250000
v 18.343655 8.553787 116.250000
v 18.323444 10.579046 116.250000
v 19.617173 13.736092 116.250000
v 19.842597 16.649916 116.250000
v 17.669376 17.669376 116.250000
v 14.081903 16.782159 116.250000
v 11.169326 15.951451 116.250000
v 9.945982 17.226946 116.250000
v 9.568375 20.519445 116.250000
v 8.559673 23.517508 116.250000
v 6.434445 24.013674 116.250000
v 3.920030 22.231596 116.250000
v 1.803545 20.614619 116.250000
v 0.000000 21.224083 116.250000
v -2.057127 23.513064 116.250000
v -4.388268 24.887106 116.250000
v -6.288970 23.470757 116.250000
v -7.322478 20.118343 116.250000
v -8.176272 17.534072 116.250000
v -10.091456 17.478915 116.250000
v -13.332086 19.040192 116.250000
v -16.534997 19.705642 116.250000
v -17.960324 17.960324 116.250000
v -17.435506 14.630127 116.250000
v -16.758988 11.734769 116.250000
v -17.887022 10.327077 116.250000
v -20.757693 9.679471 116.250000
v -23.205984 8.446288 116.250000
v -23.235136 6.225836 116.250000
v -21.257661 3.748299 116.250000
v -19.803502 1.732582 116.250000
v -20.879110 0.000000 116.250000
v -23.761162 -2.078832 116.250000
v -25.628651 -4.519023 116.250000
v -24.421781 -6.543796 116.250000
v -20.926520 -7.616630 116.250000
v -17.918746 -8.355649 116.250000
v -17.336298 -10.009116 116.250000
v -18.471507 -12.933888 116.250000
v -18.960517 -15.909763 116.250000
v -17.324404 -17.324404 116.250000
v -14.308296 -17.051963 116.250000
v -11.780117 -16.823750 116.250000
v -10.642180 -18.432796 116.250000
v -10.082399 -21.621775 116.250000
v -8.764971 -24.081559 116.250000
v -6.374168 -23.788717 116.250000
v -3.749543 -21.264712 116.250000
v -1.683655 -19.244259 116.250000
v -0.000000 -19.952241 116.250000
v 1.995414 -22.807690 116.250000
v 4.407684 -24.997216 116.250000
v 6.519642 -24.331635 116.250000
v 7.783632 -21.385352 116.250000
v 8.733163 -18.728329 116.250000
v 10.496706 -18.180827 116.250000
v 13.337894 -19.048487 116.250000
v 16.024682 -19.097472 116.250000
v 17.033455 -17.033455 116.250000
v 16.398616 -13.760072 116.250000
v 16.016214 -11.214674 116.250000
v 17.772721 -10.261085 116.250000
v 21.383527 -9.971302 116.250000
v 24.393082 -8.878356 116.250000
v 24.567255 -6.582776 116.250000
v 22.238647 -3.921274 116.250000
v 20.055376 -1.754618 116.250000
v 20.049234 0.000000 118.125000
v 22.329824 1.953606 118.125000
v 23.877030 4.210165 118.125000
v 22.833452 6.118205 118.125000
v 20.007431 7.282110 118.125000
v 17.915378 8.354078 118.125000
v 18.062810 10.428568 118.125000
v 19.405802 13.588089 118.125000
v 19.554273 16.407983 118.125000
v 17.297581 17.297581 118.125000
v 13.729790 16.362526 118.125000
v 10.929946 15.609581 118.125000
v 9.811468 16.993961 118.125000
v 9.458098 20.282957 118.125000
v 8.418399 23.129360 118.125000
v 6.283557 23.450553 118.125000
v 3.815007 21.635978 118.125000
v 1.764015 20.162780 118.125000
v 0.000000 20.952731 118.125000
v -2.037210 23.285412 118.125000
v -4.326166 24.534907 118.125000
v -6.153195 22.964037 118.125000
v -7.129383 19.587820 118.125000
v -7.987769 17.129825 118.125000
v -9.941829 17.219754 118.125000
v -13.170473 18.809385 118.125000
v -16.266983 19.386236 118.125000
v -17.558304 17.558304 118.125000
v -16.993309 14.259080 118.125000
v -16.412603 11.492228 118.125000
v -17.671726 10.202776 118.125000
v -20.556529 9.585667 118.125000
v -22.858645 8.319866 118.125000
v -22.703091 6.083275 118.125000
v -20.671182 3.644887 118.125000
v -19.334759 1.691572 118.125000
v -20.570679 0.000000 118.125000
v -23.489897 -2.055100 118.125000
v -25.242335 -4.450905 118.125000
v -23.902525 -6.404662 118.125000
v -20.408572 -7.428113 118.125000
v -17.546131 -8.181895 118.125000
v -17.115066 -9.881388 118.125000
v -18.270887 -12.793413 118.125000
v -18.653810 -15.652405 118.125000
v -16.915529 -16.915529 118.125000
v -13.916385 -16.584902 118.125000
v -11.512635 -16.441747 118.125000
v -10.498489 -18.183916 118.125000
v -9.980121 -21.402438 118.125000
v -8.640578 -23.739793 118.125000
v -6.239311 -23.285425 118.125000
v -3.653569 -20.720419 118.125000
v -1.646167 -18.815775 118.125000
v -0.000000 -19.667182 118.125000
v 1.971497 -22.534309 118.125000
v 4.334903 -24.584458 118.125000
v 6.369672 -23.771940 118.125000
v 7.580839 -20.828183 118.125000
v 8.548205 -18.331684 118.125000
v 10.368127 -17.958123 118.125000
v 13.211029 -18.867304 118.125000
v 15.793405 -18.821847 118.125000
v 16.654806 -16.654806 118.125000
v 15.954118 -13.387095 118.125000
v 15.638725 -10.950353 118.125000
v 17.506151 -10.107181 118.125000
v 21.128866 -9.852552 118.125000
v 24.010507 -8.739110 118.125000
v 24.032886 -6.439592 118.125000
v 21.685215 -3.823688 118.125000
v 19.643796 -1.718609 118.125000
v 19.820302 0.000000 120.000000
v 22.101230 1.933607 120.000000
v 23.489388 4.141813 120.000000
v 22.285315 5.971332 120.000000
v 19.453848 7.080622 120.000000
v 17.510955 8.165492 120.000000
v 17.815938 10.286037 120.000000
v 19.190425 13.437281 120.000000
v 19.253748 16.155813 120.000000
v 16.921499 16.921499 120.000000
v 13.387775 15.954929 120.000000
v 10.707163 15.291413 120.000000
v 9.687785 16.779735 120.000000
v 9.348645 20.048233 120.000000
v 8.273535 22.731350 120.000000
v 6.131633 22.883567 120.000000
v 3.712355 21.053809 120.000000
v 1.726533 19.734358 120.000000
v 0.000000 20.696204 120.000000
v -2.016959 23.053946 120.000000
v -4.261786 24.169790 120.000000
v -6.016767 22.454881 120.000000
v -6.942685 19.074871 120.000000
v -7.812068 16.753033 120.000000
v -9.802651 16.978689 120.000000
v -13.008479 18.578034 120.000000
v -15.989966 19.056100 120.000000
v -17.151232 17.151232 120.000000
v -16.560320 13.895758 120.000000
v -16.085852 11.263435 120.000000
v -17.471340 10.087083 120.000000
v -20.355030 9.491706 120.000000
v -22.502056 8.190079 120.000000
v -22.170449 5.940554 120.000000
v -20.102969 3.544696 120.000000
v -18.894046 1.653015 120.000000
v -20.279767 0.000000 120.000000
v -23.214604 -2.031015 120.000000
v -24.840098 -4.379980 120.000000
v -23.376218 -6.263639 120.000000
v -19.903706 -7.244357 120.000000
v -17.198205 -8.019655 120.000000
v -16.911740 -9.763998 120.000000
v -18.071926 -12.654099 120.000000
v -18.339918 -15.389019 120.000000
v -16.505062 -16.505062 120.000000
v -13.534377 -16.129643 120.000000
v -11.259278 -16.079915 120.000000
v -10.362250 -17.947944 120.000000
v -9.875809 -21.178740 120.000000
v -8.511119 -23.384108 120.000000
v -6.103337 -22.777965 120.000000
v -3.560627 -20.193322 120.000000
v -1.611299 -18.417229 120.000000
v -0.000000 -19.403865 120.000000
v 1.947663 -22.261887 120.000000
v 4.260006 -24.159696 120.000000
v 6.218204 -23.206652 120.000000
v 7.382293 -20.282684 120.000000
v 8.373079 -17.956126 120.000000
v 10.247384 -17.748989 120.000000
v 13.082900 -18.684318 120.000000
v 15.554865 -18.537567 120.000000
v 16.275330 -16.275330 120.000000
v 15.524252 -13.026394 120.000000
v 15.285476 -10.703006 120.000000
v 17.256339 -9.962952 120.000000
v 20.871944 -9.732747 120.000000
v 23.613403 -8.594576 120.000000
v 23.491084 -6.294417 120.000000
v 21.144162 -3.728286 120.000000
v 19.257541 -1.684817 120.000000
v 19.609835 0.000000 121.875000
v 21.873614 1.913693 121.875000
v 23.094912 4.072256 121.875000
v 21.740369 5.825314 121.875000
v 18.920349 6.886444 121.875000
v 17.132241 7.988895 121.875000
v 17.582940 10.151515 121.875000
v 18.971305 13.283851 121.875000
v 18.942813 15.894907 121.875000
v 16.543975 16.543975 121.875000
v 13.058146 15.562092 121.875000
v 10.501737 14.998035 121.875000
v 9.574717 16.583896 121.875000
v 9.240067 19.815387 121.875000
v 8.125963 22.325899 121.875000
v 5.979867 22.317168 121.875000
v 3.612817 20.489303 121.875000
v 1.691267 19.331272 121.875000
v 0.000000 20.454327 121.875000
v -1.996370 22.818614 121.875000
v -4.195481 23.793753 121.875000
v -5.880693 21.947044 121.875000
v -6.763631 18.582922 121.875000
v -7.649850 16.405155 121.875000
v -9.673892 16.755672 121.875000
v -12.846363 18.346508 121.875000
v -15.705705 18.717331 121.875000
v -16.742324 16.742324 121.875000
v -16.139616 13.542745 121.875000
v -15.780010 11.049282 121.875000
v -17.285417 9.979740 121.875000
v -20.152975 9.397487 121.875000
v -22.138149 8.057627 121.875000
v -21.641195 5.798741 121.875000
v -19.556969 3.448421 121.875000
v -18.483320 1.617081 121.875000
v -20.006533 0.000000 121.875000
v -22.935736 -2.006617 121.875000
v -24.424431 -4.306686 121.875000
v -22.846913 -6.121812 121.875000
v -19.415357 -7.066612 121.875000
v -16.876156 -7.869481 121.875000
v -16.725841 -9.656669 121.875000
v -17.874575 -12.515912 121.875000
v -18.020674 -15.121141 121.875000
v -16.096181 -16.096181 121.875000
v -13.165021 -15.689461 121.875000
v -11.021210 -15.739920 121.875000
v -10.233467 -17.724885 121.875000
v -9.769520 -20.950803 121.875000
v -8.377332 -23.016531 121.875000
v -5.967259 -22.270115 121.875000
v -3.471335 -19.686920 121.875000
v -1.579175 -18.050052 121.875000
v -0.000000 -19.162042 121.875000
v 1.923940 -21.990736 121.875000
v 4.183462 -23.725591 121.875000
v 6.066434 -22.640239 121.875000
v 7.189425 -19.752783 121.875000
v 8.208526 -17.603242 121.875000
v 10.134293 -17.553110 121.875000
v 12.953400 -18.499372 121.875000
v 15.310343 -18.246157 121.875000
v 15.897832 -15.897832 121.875000
v 15.111938 -12.680422 121.875000
v 14.957945 -10.473666 121.875000
v 17.023365 -9.828444 121.875000
v 20.613215 -9.612100 121.875000
v 23.204280 -8.445667 121.875000
v 22.946088 -6.148386 121.875000
v 20.619254 -3.635731 121.875000
v 18.898004 -1.653361 121.875000
v 19.416996 0.000000 123.750000
v 21.646778 1.893848 123.750000
v 22.695793 4.001881 123.750000
v 21.202573 5.681212 123.750000
v 18.410398 6.700837 123.750000
v 16.780625 7.824934 123.750000
v 17.363702 10.024938 123.750000
v 18.748732 13.128003 123.750000
v 18.623325 15.626825 123.750000
v 16.167747 16.167747 123.750000
v 12.742907 15.186405 123.750000
v 10.314144 14.730124 123.750000
v 9.471904 16.405819 123.750000
v 9.132405 19.584505 123.750000
v 7.976567 21.915438 123.750000
v 5.829397 21.755607 123.750000
v 3.517057 19.946223 123.750000
v 1.658344 18.954963 123.750000
v 0.000000 20.226693 123.750000
v -1.975442 22.579410 123.750000
v -4.127615 23.408866 123.750000
v -5.745932 21.444110 123.750000
v -6.593305 18.114956 123.750000
v -7.501570 16.087168 123.750000
v -9.555369 16.550385 123.750000
v -12.684372 18.115161 123.750000
v -15.415987 18.372058 123.750000
v -16.334677 16.334677 123.750000
v -15.733949 13.202351 123.750000
v -15.495976 10.850399 123.750000
v -17.113306 9.880372 123.750000
v -19.950161 9.302913 123.750000
v -21.768891 7.923228 123.750000
v -21.119108 5.658848 123.750000
v -19.036642 3.356674 123.750000
v -18.104007 1.583895 123.750000
v -19.750857 0.000000 123.750000
v -22.653766 -1.981948 123.750000
v -23.997900 -4.231477 123.750000
v -22.318527 -5.980231 123.750000
v -18.946561 -6.895984 123.750000
v -16.580740 -7.731726 123.750000
v -16.556653 -9.558988 123.750000
v -17.678767 -12.378806 123.750000
v -17.697920 -14.850319 123.750000
v -15.691910 -15.691910 123.750000
v -12.810758 -15.267267 123.750000
v -10.799315 -15.423021 123.750000
v -10.112022 -17.514536 123.750000
v -9.661330 -20.718790 123.750000
v -8.239982 -22.639165 123.750000
v -5.832046 -21.765494 123.750000
v -3.386230 -19.204263 123.750000
v -1.549875 -17.715156 123.750000
v -0.000000 -18.941159 123.750000
v 1.900353 -21.721135 123.750000
v 4.105743 -23.284827 123.750000
v 5.915512 -22.076990 123.750000
v 7.003516 -19.242003 123.750000
v 8.055090 -17.274196 123.750000
v 10.028557 -17.369970 123.750000
v 12.822437 -18.312338 123.750000
v 15.061156 -17.949187 123.750000
v 15.524980 -15.524980 123.750000
v 14.719723 -12.351314 123.750000
v 14.657169 -10.263060 123.750000
v 16.807049 -9.703554 123.750000
v 20.353134 -9.490822 123.750000
v 22.785712 -8.293321 123.750000
v 22.401993 -6.002596 123.750000
v 20.113844 -3.546613 123.750000
v 18.566111 -1.624324 123.750000
v 19.240729 0.000000 125.625000
v 21.420530 1.874054 125.625000
v 22.294206 3.931070 125.625000
v 20.675626 5.540017 125.625000
v 17.926982 6.524888 125.625000
v 16.457046 7.674046 125.625000
v 17.157906 9.906122 125.625000
v 18.523022 12.969960 125.625000
v 18.297176 15.353154 125.625000
v 15.795415 15.795415 125.625000
v 12.443772 14.829910 125.625000
v 10.144584 14.487967 125.625000
v 9.378858 16.244659 125.625000
v 9.025688 19.355651 125.625000
v 7.826225 21.502377 125.625000
v 5.681297 21.202889 125.625000
v 3.425656 19.427859 125.625000
v 1.627850 18.606415 125.625000
v 0.000000 20.012696 125.625000
v -1.954179 22.336368 125.625000
v -4.058560 23.017238 125.625000
v -5.613388 20.949449 125.625000
v -6.432626 17.673495 125.625000
v -7.367469 15.799589 125.625000
v -9.446768 16.362281 125.625000
v -12.522742 17.884329 125.625000
v -15.122599 18.022412 125.625000
v -15.931234 15.931234 125.625000
v -15.345732 12.876598 125.625000
v -15.234287 10.667163 125.625000
v -16.954179 9.788500 125.625000
v -19.746402 9.207898 125.625000
v -21.396252 7.787599 125.625000
v -20.607717 5.521821 125.625000
v -18.544944 3.269974 125.625000
v -17.757030 1.553539 125.625000
v -19.512365 0.000000 125.625000
v -22.369178 -1.957050 125.625000
v -23.563105 -4.154811 125.625000
v -21.794787 -5.839896 125.625000
v -18.499942 -6.733428 125.625000
v -16.312295 -7.606548 125.625000
v -16.403258 -9.470425 125.625000
v -17.484426 -12.242727 125.625000
v -17.373480 -14.578081 125.625000
v -15.295085 -15.295085 125.625000
v -12.473712 -14.865591 125.625000
v -10.594200 -15.130086 125.625000
v -9.997689 -17.316505 125.625000
v -9.551333 -20.482900 125.625000
v -8.099852 -22.254161 125.625000
v -5.698616 -21.267524 125.625000
v -3.305768 -18.747941 125.625000
v -1.523437 -17.412964 125.625000
v -0.000000 -18.740398 125.625000
v 1.876924 -21.453340 125.625000
v 4.027321 -22.840074 125.625000
v 5.766525 -21.520964 125.625000
v 6.825690 -18.753429 125.625000
v 7.913125 -16.969751 125.625000
v 9.929780 -17.198883 125.625000
v 12.689945 -18.123120 125.625000
v 14.808635 -17.648244 125.625000
v 15.159267 -15.159267 125.625000
v 14.349769 -12.040886 125.625000
v 14.383766 -10.071621 125.625000
v 16.606985 -9.588047 125.625000
v 20.092150 -9.369123 125.625000
v 22.360285 -8.138478 125.625000
v 21.862696 -5.858092 125.625000
v 19.630856 -3.461450 125.625000
v 18.262348 -1.597748 125.625000
v 19.079798 0.000000 127.500000
v 21.194689 1.854295 127.500000
v 21.892287 3.860201 127.500000
v 20.162938 5.402643 127.500000
v 17.472603 6.359507 127.500000
v 16.162016 7.536472 127.500000
v 16.965059 9.794782 127.500000
v 18.294516 12.809958 127.500000
v 17.966265 15.075486 127.500000
v 15.429415 15.429415 127.500000
v 12.162162 14.494300 127.500000
v 9.993006 14.271491 127.500000
v 9.294984 16.099385 127.500000
v 8.919940 19.128874 127.500000
v 7.675794 21.089071 127.500000
v 5.536563 20.662736 127.500000
v 3.339107 18.937017 127.500000
v 1.599833 18.286175 127.500000
v 0.000000 19.811552 127.500000
v -1.932587 22.089572 127.500000
v -3.988690 22.620982 127.500000
v -5.483897 20.466181 127.500000
v -6.282345 17.260601 127.500000
v -7.247589 15.542505 127.500000
v -9.347651 16.190606 127.500000
v -12.361697 17.654333 127.500000
v -14.827304 17.670493 127.500000
v -15.534749 15.534749 127.500000
v -14.977024 12.567215 127.500000
v -14.995143 10.499712 127.500000
v -16.807059 9.703560 127.500000
v -19.541541 9.112370 127.500000
v -21.022178 7.651447 127.500000
v -20.110272 5.388531 127.500000
v -18.084324 3.188754 127.500000
v -17.442830 1.526050 127.500000
v -19.290465 0.000000 127.500000
v -22.082467 -1.931965 127.500000
v -23.122645 -4.077146 127.500000
v -21.279189 -5.701742 127.500000
v -18.077700 -6.579745 127.500000
v -16.070775 -7.493926 127.500000
v -16.264563 -9.390350 127.500000
v -17.291470 -12.107618 127.500000
v -17.049136 -14.305924 127.500000
v -14.908328 -14.908328 127.500000
v -12.155678 -14.486573 127.500000
v -10.406212 -14.861610 127.500000
v -9.890147 -17.130237 127.500000
v -9.439640 -20.243373 127.500000
v -7.957728 -21.863677 127.500000
v -5.567821 -20.779392 127.500000
v -3.230323 -18.320075 127.500000
v -1.499857 -17.143439 127.500000
v -0.000000 -18.558710 127.500000
v 1.853673 -21.187583 127.500000
v 3.948658 -22.393950 127.500000
v 5.620488 -20.975946 127.500000
v 6.656907 -18.289702 127.500000
v 7.782808 -16.690286 127.500000
v 9.837480 -17.039016 127.500000
v 12.555879 -17.931653 127.500000
v 14.554106 -17.344908 127.500000
v 14.802994 -14.802994 127.500000
v 14.003849 -11.750624 127.500000
v 14.137959 -9.899505 127.500000
v 16.422563 -9.481571 127.500000
v 19.830705 -9.247210 127.500000
v 21.930570 -7.982075 127.500000
v 21.331856 -5.715854 127.500000
v 19.172767 -3.380676 127.500000
v 17.986785 -1.573640 127.500000
v 18.932817 0.000000 129.375000
v 20.969090 1.834558 129.375000
v 21.492104 3.789638 129.375000
v 19.667602 5.269918 129.375000
v 17.049280 6.205430 129.375000
v 15.895647 7.412262 129.375000
v 16.784512 9.690543 129.375000
v 18.063569 12.648247 129.375000
v 17.632469 14.795399 129.375000
v 15.071990 15.071990 129.375000
v 11.899202 14.180917 129.375000
v 9.859124 14.080288 129.375000
v 9.219596 15.968808 129.375000
v 8.815177 18.904208 129.375000
v 7.526103 20.677798 129.375000
v 5.396108 20.138549 129.375000
v 3.257820 18.476015 129.375000
v 1.574305 17.994383 129.375000
v 0.000000 19.622332 129.375000
v -1.910678 21.839147 129.375000
v -3.918372 22.222190 129.375000
v -5.358221 19.997151 129.375000
v -6.143045 16.877878 129.375000
v -7.141785 15.315607 129.375000
v -9.257483 16.034431 129.375000
v -12.201453 17.425481 129.375000
v -14.531818 17.318346 129.375000
v -15.147765 15.147765 129.375000
v -14.629530 12.275633 129.375000
v -14.778423 10.347963 129.375000
v -16.670850 9.624920 129.375000
v -19.335450 9.016268 129.375000
v -20.648567 7.515464 129.375000
v -19.629715 5.259766 129.375000
v -17.656728 3.113358 129.375000
v -17.161401 1.501428 129.375000
v -19.084367 0.000000 129.375000
v -21.794133 -1.906740 129.375000
v -22.679079 -3.998933 129.375000
v -20.774968 -5.566636 129.375000
v -17.681612 -6.435580 129.375000
v -15.855777 -7.393670 129.375000
v -16.139336 -9.318050 129.375000
v -17.099820 -11.973423 129.375000
v -16.726611 -14.035293 129.375000
v -14.534026 -14.534026 129.375000
v -11.858127 -14.131965 129.375000
v -10.235450 -14.617738 129.375000
v -9.788997 -16.955040 129.375000
v -9.326376 -20.000478 129.375000
v -7.814388 -21.469854 129.375000
v -5.440446 -20.304021 129.375000
v -3.160189 -17.922324 129.375000
v -1.479094 -16.906123 129.375000
v -0.000000 -18.394853 129.375000
v 1.830619 -20.924076 129.375000
v 3.870200 -21.948992 129.375000
v 5.478334 -20.445419 129.375000
v 6.497966 -17.853014 129.375000
v 7.664148 -16.435818 129.375000
v 9.751109 -16.889417 129.375000
v 12.420217 -17.737908 129.375000
v 14.298874 -17.040734 129.375000
v 14.458251 -14.458251 129.375000
v 13.683352 -11.481696 129.375000
v 13.919603 -9.746611 129.375000
v 16.252998 -9.383673 129.375000
v 19.569236 -9.125285 129.375000
v 21.499085 -7.825027 129.375000
v 20.812856 -5.576788 129.375000
v 18.741612 -3.304652 129.375000
v 17.739105 -1.551971 129.375000
v 18.798286 0.000000 131.250000
v 20.743588 1.814829 131.250000
v 21.095641 3.719731 131.250000
v 19.192379 5.142582 131.250000
v 16.658559 6.063220 131.250000
v 15.657682 7.301297 131.250000
v 16.615485 9.592955 131.250000
v 17.830558 12.485091 131.250000
v 17.297627 14.514432 131.250000
v 14.725181 14.725181 131.250000
v 11.655734 13.890762 131.250000
v 9.742440 13.913646 131.250000
v 9.151935 15.851616 131.250000
v 8.711412 18.681683 131.250000
v 7.377943 20.270733 131.250000
v 5.260753 19.633399 131.250000
v 3.182119 18.046693 131.250000
v 1.551244 17.730797 131.250000
v 0.000000 19.443983 131.250000
v -1.888465 21.585259 131.250000
v -3.847967 21.822903 131.250000
v -5.237044 19.544915 131.250000
v -6.015150 16.526488 131.250000
v -7.049742 15.118220 131.250000
v -9.175644 15.892682 131.250000
v -12.042214 17.198064 131.250000
v -14.237797 16.967946 131.250000
v -14.772600 14.772600 131.250000
v -14.304604 12.002988 131.250000
v -14.583717 10.211629 131.250000
v -16.544357 9.551889 131.250000
v -19.128030 8.919547 131.250000
v -20.277252 7.380316 131.250000
v -19.168670 5.136230 131.250000
v -17.263610 3.044040 131.250000
v -16.912327 1.479637 131.250000
v -18.893122 0.000000 131.250000
v -21.504685 -1.881416 131.250000
v -22.234900 -3.920613 131.250000
v -20.285074 -5.435369 131.250000
v -17.313040 -6.301431 131.250000
v -15.666573 -7.305443 131.250000
v -16.026232 -9.252749 131.250000
v -16.909397 -11.840087 131.250000
v -16.407550 -13.767569 131.250000
v -14.174320 -14.174320 131.250000
v -11.582209 -13.803139 131.250000
v -10.081790 -14.398289 131.250000
v -9.693769 -16.790101 131.250000
v -9.211682 -19.754516 131.250000
v -7.670595 -21.074788 131.250000
v -5.317198 -19.844054 131.250000
v -3.095579 -17.555900 131.250000
v -1.461076 -16.700174 131.250000
v -0.000000 -18.247424 131.250000
v 1.807779 -20.663014 131.250000
v 3.792377 -21.507637 131.250000
v 5.340908 -19.932538 131.250000
v 6.349501 -17.445111 131.250000
v 7.556998 -16.206035 131.250000
v 9.670060 -16.749035 131.250000
v 12.282965 -17.541891 131.250000
v 14.044205 -16.737231 131.250000
v 14.126902 -14.126902 131.250000
v 13.389297 -11.234954 131.250000
v 13.728218 -9.612602 131.250000
v 16.097360 -9.293815 131.250000
v 19.308170 -9.003548 131.250000
v 21.068269 -7.668223 131.250000
v 20.308783 -5.441722 131.250000
v 18.338983 -3.233657 131.250000
v 17.518643 -1.532683 131.250000
v 18.674613 0.000000 133.125000
v 20.518064 1.795098 133.125000
v 20.704779 3.650811 133.125000
v 18.739687 5.021284 133.125000
v 16.301532 5.933273 133.125000
v 15.447525 7.203299 133.125000
v 16.457091 9.501506 133.125000
v 17.595872 12.320762 133.125000
v 16.963515 14.234079 133.125000
v 14.390814 14.390814 133.125000
v 11.432320 13.624508 133.125000
v 9.642268 13.770586 133.125000
v 9.091187 15.746398 133.125000
v 8.608656 18.461323 133.125000
v 7.232065 19.869936 133.125000
v 5.131229 19.150006 133.125000
v 3.112246 17.650423 133.125000
v 1.530599 17.494830 133.125000
v 0.000000 19.275362 133.125000
v -1.865968 21.328115 133.125000
v -3.777823 21.425098 133.125000
v -5.120971 19.111724 133.125000
v -5.898927 16.207168 133.125000
v -6.970995 14.949346 133.125000
v -9.101445 15.764165 133.125000
v -11.884177 16.972363 133.125000
v -13.946821 16.621174 133.125000
v -14.411329 14.411329 133.125000
v -14.003262 11.750132 133.125000
v -14.410352 10.090237 133.125000
v -16.426318 9.483739 133.125000
v -18.919216 8.822175 133.125000
v -19.909980 7.246640 133.125000
v -18.729429 5.018535 133.125000
v -16.905954 2.980976 133.125000
v -16.694817 1.460607 133.125000
v -18.715644 0.000000 133.125000
v -21.214630 -1.856040 133.125000
v -21.792514 -3.842608 133.125000
v -19.812159 -5.308652 133.125000
v -16.972944 -6.177647 133.125000
v -15.502145 -7.228769 133.125000
v -15.923821 -9.193623 133.125000
v -16.720133 -11.707563 133.125000
v -16.093510 -13.504058 133.125000
v -13.831096 -13.831096 133.125000
v -11.328763 -13.501094 133.125000
v -9.944899 -14.202787 133.125000
v -9.603941 -16.634515 133.125000
v -9.095713 -19.505819 133.125000
v -7.527090 -20.680509 133.125000
v -5.198707 -19.401840 133.125000
v -3.036629 -17.221579 133.125000
v -1.445698 -16.524405 133.125000
v -0.000000 -18.114896 133.125000
v 1.785169 -20.404579 133.125000
v 3.715597 -21.072195 133.125000
v 5.208965 -19.440123 133.125000
v 6.211992 -17.067309 133.125000
v 7.461074 -16.000324 133.125000
v 9.593684 -16.616748 133.125000
v 12.144149 -17.343642 133.125000
v 13.791317 -16.435852 133.125000
v 13.810581 -13.810581 133.125000
v 13.122340 -11.010951 133.125000
v 13.563022 -9.496930 133.125000
v 15.954595 -9.211390 133.125000
v 19.047926 -8.882194 133.125000
v 20.640464 -7.512515 133.125000
v 19.822417 -5.311401 133.125000
v 17.966048 -3.167899 133.125000
v 17.324418 -1.515690 133.125000
v 18.560153 0.000000 135.000000
v 20.292429 1.775357 135.000000
v 20.321289 3.583192 135.000000
v 18.311604 4.906580 135.000000
v 15.978856 5.815828 135.000000
v 15.264281 7.117851 135.000000
v 16.308361 9.415636 135.000000
v 17.359916 12.155544 135.000000
v 16.631844 13.955774 135.000000
v 14.070496 14.070496 135.000000
v 11.229261 13.382512 135.000000
v 9.557752 13.649884 135.000000
v 9.036497 15.651672 135.000000
v 8.506922 18.243154 135.000000
v 7.089172 19.477340 135.000000
v 5.008170 18.690744 135.000000
v 3.048364 17.288129 135.000000
v 1.512293 17.285587 135.000000
v 0.000000 19.115251 135.000000
v -1.843208 21.067967 135.000000
v -3.708274 21.030668 135.000000
v -5.010523 18.699526 135.000000
v -5.794497 15.920248 135.000000
v -6.904942 14.807696 135.000000
v -9.034144 15.647596 135.000000
v -11.727532 16.748652 135.000000
v -13.660385 16.279813 135.000000
v -14.065789 14.065789 135.000000
v -13.726189 11.517640 135.000000
v -14.257419 9.983152 135.000000
v -16.315421 9.419713 135.000000
v -18.708981 8.724141 135.000000
v -19.548409 7.115039 135.000000
v -18.313958 4.907210 135.000000
v -16.584291 2.924258 135.000000
v -16.507747 1.444241 135.000000
v -18.550740 0.000000 135.000000
v -20.924485 -1.830655 135.000000
v -21.354224 -3.765326 135.000000
v -19.358568 -5.187113 135.000000
v -16.661902 -6.064436 135.000000
v -15.361218 -7.163054 135.000000
v -15.830615 -9.139810 135.000000
v -16.531972 -11.575812 135.000000
v -15.785951 -13.245986 135.000000
v -13.505984 -13.505984 135.000000
v -11.098333 -13.226478 135.000000
v -9.824256 -14.030492 135.000000
v -9.518949 -16.487304 135.000000
v -8.978636 -19.254747 135.000000
v -7.384582 -20.288973 135.000000
v -5.085523 -18.979429 135.000000
v -2.983405 -16.919729 135.000000
v -1.432830 -16.377325 135.000000
v -0.000000 -17.995642 135.000000
v 1.762804 -20.148947 135.000000
v 3.640243 -20.644846 135.000000
v 5.083169 -18.970646 135.000000
v 6.085768 -16.720510 135.000000
v 7.375963 -15.817803 135.000000
v 9.521303 -16.491380 135.000000
v 12.003823 -17.143236 135.000000
v 13.541374 -16.137982 135.000000
v 13.510691 -13.510691 135.000000
v 12.882800 -10.809953 135.000000
v 13.422957 -9.398856 135.000000
v 15.823555 -9.135734 135.000000
v 18.788920 -8.761417 135.000000
v 20.217903 -7.358715 135.000000
v 19.356215 -5.186482 135.000000
v 17.623567 -3.107510 135.000000
v 17.155166 -1.500883 135.000000
v 18.452841 0.000000 136.875000
v 20.068467 1.755763 136.875000
v 19.948788 3.517510 136.875000
v 17.909607 4.798865 136.875000
v 15.688231 5.710049 136.875000
v 15.104294 7.043248 136.875000
v 16.168175 9.334700 136.875000
v 17.125451 11.991370 136.875000
v 16.306812 13.683040 136.875000
v 13.766290 13.766290 136.875000
v 11.045284 13.163257 136.875000
v 9.486219 13.547725 136.875000
v 8.986473 15.565029 136.875000
v 8.406866 18.028582 136.875000
v 6.950630 19.096700 136.875000
v 4.892172 18.257833 136.875000
v 2.990211 16.958329 136.875000
v 1.496040 17.099816 136.875000
v 0.000000 18.962680 136.875000
v -1.820457 20.807924 136.875000
v -3.640148 20.644303 136.875000
v -4.906213 18.310235 136.875000
v -5.700904 15.663104 136.875000
v -6.849449 14.688690 136.875000
v -8.972432 15.540709 136.875000
v -11.573553 16.528747 136.875000
v -13.381655 15.947635 136.875000
v -13.738208 13.738208 136.875000
v -13.472592 11.304847 136.875000
v -14.122175 9.888454 136.875000
v -16.210298 9.359020 136.875000
v -18.499331 8.626380 136.875000
v -19.196181 6.986838 136.875000
v -17.923648 4.802627 136.875000
v -16.295872 2.873402 136.875000
v -16.346619 1.430144 136.875000
v -18.396677 0.000000 136.875000
v -20.637365 -1.805535 136.875000
v -20.925473 -3.689725 136.875000
v -18.927422 -5.071587 136.875000
v -16.378493 -5.961284 136.875000
v -15.239983 -7.106521 136.875000
v -15.744444 -9.090059 136.875000
v -16.346185 -11.445722 136.875000
v -15.487719 -12.995739 136.875000
v -13.200287 -13.200287 136.875000
v -10.889647 -12.977776 136.875000
v -9.717811 -13.878473 136.875000
v -9.438286 -16.347590 136.875000
v -8.861875 -19.004352 136.875000
v -7.244851 -19.905065 136.875000
v -4.978280 -18.579196 136.875000
v -2.935480 -16.647935 136.875000
v -1.422039 -16.253983 136.875000
v -0.000000 -17.886838 136.875000
v 1.740841 -19.897908 136.875000
v 3.567087 -20.229958 136.875000
v 4.964239 -18.526794 136.875000
v 5.970430 -16.403620 136.875000
v 7.300320 -15.655587 136.875000
v 9.452327 -16.371910 136.875000
v 11.863538 -16.942888 136.875000
v 13.297124 -15.846895 136.875000
v 13.228369 -13.228369 136.875000
v 12.668441 -10.630084 136.875000
v 13.304022 -9.315577 136.875000
v 15.702321 -9.065739 136.875000
v 18.533603 -8.642361 136.875000
v 19.805585 -7.208643 136.875000
v 18.913381 -5.067825 136.875000
v 17.310392 -3.052289 136.875000
v 17.007180 -1.487935 136.875000
v 18.351459 0.000000 138.750000
v 19.848339 1.736505 138.750000
v 19.590351 3.454307 138.750000
v 17.534178 4.698269 138.750000
v 15.426760 5.614882 138.750000
v 14.964067 6.977859 138.750000
v 16.035887 9.258324 138.750000
v 16.895311 11.830224 138.750000
v 15.992074 13.418944 138.750000
v 13.479544 13.479544 138.750000
v 10.878829 12.964884 138.750000
v 9.425266 13.460674 138.750000
v 8.940143 15.484782 138.750000
v 8.309260 17.819265 138.750000
v 6.817568 18.731114 138.750000
v 4.783525 17.852359 138.750000
v 2.937400 16.658821 138.750000
v 1.481571 16.934433 138.750000
v 0.000000 18.817308 138.750000
v -1.798009 20.551338 138.750000
v -3.574173 20.270140 138.750000
v -4.808318 17.944888 138.750000
v -5.617046 15.432706 138.750000
v -6.802543 14.588101 138.750000
v -8.915350 15.441839 138.750000
v -11.423582 16.314565 138.750000
v -13.113270 15.627786 138.750000
v -13.429958 13.429958 138.750000
v -13.241163 11.110655 138.750000
v -14.002127 9.804395 138.750000
v -16.110267 9.301267 138.750000
v -18.292603 8.529981 138.750000
v -18.856459 6.863190 138.750000
v -17.558971 4.704912 138.750000
v -16.037403 2.827827 138.750000
v -16.207172 1.417944 138.750000
v -18.252287 0.000000 138.750000
v -20.356444 -1.780958 138.750000
v -20.510932 -3.616631 138.750000
v -18.520787 -4.962630 138.750000
v -16.120819 -5.867498 138.750000
v -15.135034 -7.057582 138.750000
v -15.663886 -9.043549 138.750000
v -16.164321 -11.318380 138.750000
v -15.201186 -12.755310 138.750000
v -12.914522 -12.914522 138.750000
v -10.700986 -12.752939 138.750000
v -9.623599 -13.743924 138.750000
v -9.361730 -16.214992 138.750000
v -8.746920 -18.757830 138.750000
v -7.109461 -19.533085 138.750000
v -4.877374 -18.202606 138.750000
v -2.892357 -16.403374 138.750000
v -1.412931 -16.149873 138.750000
v -0.000000 -17.786438 138.750000
v 1.719454 -19.653445 138.750000
v 3.496765 -19.831142 138.750000
v 4.852580 -18.110077 138.750000
v 5.865334 -16.114873 138.750000
v 7.232898 -15.510999 138.750000
v 9.386523 -16.257935 138.750000
v 11.725022 -16.745067 138.750000
v 13.060983 -15.565474 138.750000
v 12.964108 -12.964108 138.750000
v 12.476659 -10.469160 138.750000
v 13.202472 -9.244470 138.750000
v 15.589507 -9.000606 138.750000
v 18.284493 -8.526199 138.750000
v 19.407740 -7.063840 138.750000
v 18.495994 -4.955987 138.750000
v 17.024792 -3.001930 138.750000
v 16.877134 -1.476558 138.750000
v 18.255538 0.000000 140.625000
v 19.632443 1.717616 140.625000
v 19.246705 3.393713 140.625000
v 17.185498 4.604840 140.625000
v 15.193777 5.530083 140.625000
v 14.842661 6.921246 140.625000
v 15.911127 9.186293 140.625000
v 16.669939 11.672417 140.625000
v 15.688340 13.164080 140.625000
v 13.210508 13.210508 140.625000
v 10.729496 12.786915 140.625000
v 9.374284 13.387866 140.625000
v 8.897228 15.410450 140.625000
v 8.214254 17.615524 140.625000
v 6.690241 18.381286 140.625000
v 4.682295 17.474563 140.625000
v 2.889822 16.388997 140.625000
v 1.468803 16.788497 140.625000
v 0.000000 18.678759 140.625000
v -1.775910 20.298741 140.625000
v -3.510500 19.909035 140.625000
v -4.716907 17.603738 140.625000
v -5.542679 15.228384 140.625000
v -6.763754 14.504918 140.625000
v -8.862615 15.350500 140.625000
v -11.277849 16.106438 140.625000
v -12.855770 15.320910 140.625000
v -13.141284 13.141284 140.625000
v -13.031481 10.934711 140.625000
v -13.896511 9.730442 140.625000
v -16.014963 9.246243 140.625000
v -18.089203 8.435134 140.625000
v -18.529967 6.744357 140.625000
v -17.220110 4.614115 140.625000
v -15.808157 2.787405 140.625000
v -16.088329 1.407546 140.625000
v -18.117089 0.000000 140.625000
v -20.082225 -1.756967 140.625000
v -20.111507 -3.546201 140.625000
v -18.139026 -4.860337 140.625000
v -15.888336 -5.782881 140.625000
v -15.045457 -7.015812 140.625000
v -15.588492 -9.000020 140.625000
v -15.986681 -11.193994 140.625000
v -14.926915 -12.525169 140.625000
v -12.648838 -12.648838 140.625000
v -10.531922 -12.551456 140.625000
v -9.541055 -13.626039 140.625000
v -9.289086 -16.089169 140.625000
v -8.634003 -18.515678 140.625000
v -6.978723 -19.173883 140.625000
v -4.782883 -17.849961 140.625000
v -2.853920 -16.185385 140.625000
v -1.405409 -16.063900 140.625000
v -0.000000 -17.693868 140.625000
v 1.698673 -19.415927 140.625000
v 3.429415 -19.449178 140.625000
v 4.748270 -17.720786 140.625000
v 5.770285 -15.853729 140.625000
v 7.173304 -15.383200 140.625000
v 9.323698 -16.149119 140.625000
v 11.588562 -16.550181 140.625000
v 12.833479 -15.294344 140.625000
v 12.718062 -12.718062 140.625000
v 12.306890 -10.326706 140.625000
v 13.117394 -9.184898 140.625000
v 15.484656 -8.940070 140.625000
v 18.042000 -8.413123 140.625000
v 19.025202 -6.924607 140.625000
v 18.104414 -4.851063 140.625000
v 16.766225 -2.956338 140.625000
v 16.764069 -1.466666 140.625000
v 18.164527 0.000000 142.500000
v 19.421052 1.699122 142.500000
v 18.918404 3.335825 142.500000
v 16.863563 4.518578 142.500000
v 14.988477 5.455360 142.500000
v 14.739053 6.872933 142.500000
v 15.793443 9.118348 142.500000
v 16.449658 11.518175 142.500000
v 15.396168 12.918919 142.500000
v 12.959290 12.959290 142.500000
v 10.596788 12.628760 142.500000
v 9.332618 13.328360 142.500000
v 8.857412 15.341488 142.500000
v 8.121946 17.417569 142.500000
v 6.568845 18.047753 142.500000
v 4.588496 17.124499 142.500000
v 2.847346 16.148100 142.500000
v 1.457646 16.660967 142.500000
v 0.000000 18.546564 142.500000
v -1.754194 20.050528 142.500000
v -3.449248 19.561655 142.500000
v -4.631997 17.286849 142.500000
v -5.477509 15.049332 142.500000
v -6.732573 14.438049 142.500000
v -8.813911 15.266141 142.500000
v -11.136516 15.904592 142.500000
v -12.609574 15.027505 142.500000
v -12.872287 12.872287 142.500000
v -12.843005 10.776561 142.500000
v -13.804482 9.666003 142.500000
v -15.923948 9.193695 142.500000
v -17.889421 8.341974 142.500000
v -18.217260 6.630540 142.500000
v -16.907065 4.530234 142.500000
v -15.607268 2.751982 142.500000
v -15.988923 1.398849 142.500000
v -17.990520 0.000000 142.500000
v -19.815070 -1.733594 142.500000
v -19.727910 -3.478563 142.500000
v -17.782306 -4.764754 142.500000
v -15.680357 -5.707183 142.500000
v -14.970255 -6.980745 142.500000
v -15.517747 -8.959175 142.500000
v -15.813463 -11.072706 142.500000
v -14.665327 -12.305671 142.500000
v -12.403246 -12.403246 142.500000
v -10.381930 -12.372703 142.500000
v -9.469558 -13.523930 142.500000
v -9.220111 -15.969701 142.500000
v -8.523296 -18.278268 142.500000
v -6.852879 -18.828131 142.500000
v -4.694837 -17.521370 142.500000
v -2.820026 -15.993161 142.500000
v -1.399371 -15.994887 142.500000
v -0.000000 -17.608483 142.500000
v 1.678522 -19.185595 142.500000
v 3.365140 -19.084659 142.500000
v 4.651335 -17.359019 142.500000
v 5.685034 -15.619502 142.500000
v 7.121105 -15.271259 142.500000
v 9.263613 -16.045048 142.500000
v 11.454365 -16.358528 142.500000
v 12.615016 -15.033991 142.500000
v 12.490250 -12.490250 142.500000
v 12.158458 -10.202157 142.500000
v 13.047808 -9.136174 142.500000
v 15.387242 -8.883828 142.500000
v 17.806416 -8.303268 142.500000
v 18.658624 -6.791184 142.500000
v 17.738804 -4.753098 142.500000
v 16.533993 -2.915389 142.500000
v 16.666931 -1.458168 142.500000
v 18.077803 0.000000 144.375000
v 19.214333 1.681036 144.375000
v 18.605847 3.280713 144.375000
v 16.568215 4.439440 144.375000
v 14.809941 5.390378 144.375000
v 14.652149 6.832409 144.375000
v 15.682320 9.054192 144.375000
v 16.234697 11.367657 144.375000
v 15.115989 12.683820 144.375000
v 12.725873 12.725873 144.375000
v 10.480127 12.489729 144.375000
v 9.299567 13.281158 144.375000
v 8.820349 15.277292 144.375000
v 8.032388 17.225513 144.375000
v 6.453520 17.730902 144.375000
v 4.502098 16.802059 144.375000
v 2.809814 15.935245 144.375000
v 1.448000 16.550716 144.375000
v 0.000000 18.420174 144.375000
v -1.732886 19.806974 144.375000
v -3.390504 19.228506 144.375000
v -4.553563 16.994128 144.375000
v -5.421202 14.894630 144.375000
v -6.708461 14.386341 144.375000
v -8.768884 15.188152 144.375000
v -10.999675 15.709165 144.375000
v -12.374994 14.747943 144.375000
v -12.622944 12.622944 144.375000
v -12.675089 10.635663 144.375000
v -13.725126 9.610437 144.375000
v -15.836715 9.143332 144.375000
v -17.693443 8.250588 144.375000
v -17.918743 6.521889 144.375000
v -16.619680 4.453230 144.375000
v -15.433752 2.721387 144.375000
v -15.907713 1.391745 144.375000
v -17.871944 0.000000 144.375000
v -19.555228 -1.710861 144.375000
v -19.360684 -3.413811 144.375000
v -17.450621 -4.675880 144.375000
v -15.496071 -5.640109 144.375000
v -14.908360 -6.951882 144.375000
v -15.451074 -8.920682 144.375000
v -15.644778 -10.954592 144.375000
v -14.416730 -12.097073 144.375000
v -12.177644 -12.177644 144.375000
v -10.250406 -12.215958 144.375000
v -9.408439 -13.436643 144.375000
v -9.154525 -15.856102 144.375000
v -8.414923 -18.045860 144.375000
v -6.732117 -18.496341 144.375000
v -4.613222 -17.216778 144.375000
v -2.790511 -15.825775 144.375000
v -1.394708 -15.941582 144.375000
v -0.000000 -17.529573 144.375000
v 1.659011 -18.962586 144.375000
v 3.304019 -18.738025 144.375000
v 4.561757 -17.024709 144.375000
v 5.609284 -15.411382 144.375000
v 7.075830 -15.174167 144.375000
v 9.205990 -15.945242 144.375000
v 11.322574 -16.170311 144.375000
v 12.405899 -14.784775 144.375000
v 12.280573 -12.280573 144.375000
v 12.030598 -10.094871 144.375000
v 12.992675 -9.097569 144.375000
v 15.296679 -8.831542 144.375000
v 17.577930 -8.196723 144.375000
v 18.308499 -6.663749 144.375000
v 17.399157 -4.662090 144.375000
v 16.327267 -2.878938 144.375000
v 16.584585 -1.450963 144.375000
v 17.994682 0.000000 146.250000
v 19.012357 1.663366 146.250000
v 18.309304 3.228424 146.250000
v 16.299167 4.367349 146.250000
v 14.657156 5.334769 146.250000
v 14.580797 6.799137 146.250000
v 15.577189 8.993494 146.250000
v 16.025199 11.220965 146.250000
v 14.848120 12.459052 146.250000
v 12.510140 12.510140 146.250000
v 10.378866 12.369051 146.250000
v 9.274393 13.245206 146.250000
v 8.785661 15.217210 146.250000
v 7.945597 17.039389 146.250000
v 6.344364 17.430998 146.250000
v 4.423037 16.507000 146.250000
v 2.777051 15.749439 146.250000
v 1.439761 16.456545 146.250000
v 0.000000 18.298971 146.250000
v -1.712000 19.568254 146.250000
v -3.334335 18.909956 146.250000
v -4.481542 16.725343 146.250000
v -5.373389 14.763265 146.250000
v -6.690856 14.348587 146.250000
v -8.727156 15.115877 146.250000
v -10.867371 15.520215 146.250000
v -12.152255 14.482494 146.250000
v -12.393130 12.393130 146.250000
v -12.527002 10.511403 146.250000
v -13.657468 9.563062 146.250000
v -15.752703 9.094827 146.250000
v -17.501370 8.161023 146.250000
v -17.634700 6.418506 146.250000
v -16.357672 4.383025 146.250000
v -15.286529 2.695428 146.250000
v -15.843397 1.386118 146.250000
v -17.760662 0.000000 146.250000
v -19.302844 -1.688780 146.250000
v -19.010235 -3.352017 146.250000
v -17.143826 -4.593674 146.250000
v -15.334562 -5.581324 146.250000
v -14.858640 -6.928698 146.250000
v -15.387848 -8.884178 146.250000
v -15.480665 -10.839679 146.250000
v -14.181329 -11.899548 146.250000
v -11.971831 -11.971831 146.250000
v -10.136677 -12.080421 146.250000
v -9.356990 -13.363167 146.250000
v -9.092011 -15.747826 146.250000
v -8.308960 -17.818621 146.250000
v -6.616576 -18.178892 146.250000
v -4.537986 -16.935993 146.250000
v -2.765194 -15.682197 146.250000
v -1.391304 -15.902673 146.250000
v -0.000000 -17.456373 146.250000
v 1.640145 -18.746947 146.250000
v 3.246106 -18.409584 146.250000
v 4.479481 -16.717650 146.250000
v 5.542704 -15.228453 146.250000
v 7.036979 -15.090850 146.250000
v 9.150516 -15.849159 146.250000
v 11.193272 -15.985649 146.250000
v 12.206345 -14.546955 146.250000
v 12.088840 -12.088840 146.250000
v 11.922471 -10.004141 146.250000
v 12.950905 -9.068321 146.250000
v 15.212333 -8.782845 146.250000
v 17.356640 -8.093534 146.250000
v 17.975190 -6.542434 146.250000
v 17.085322 -4.577998 146.250000
v 16.145107 -2.846818 146.250000
v 16.515821 -1.444947 146.250000
v 17.914426 0.000000 148.125000
v 18.815120 1.646110 148.125000
v 18.028944 3.178989 148.125000
v 16.056025 4.302199 148.125000
v 14.529033 5.288136 148.125000
v 14.523799 6.772559 148.125000
v 15.477434 8.935901 148.125000
v 15.821240 11.078151 148.125000
v 14.592793 12.244808 148.125000
v 12.311884 12.311884 148.125000
v 10.292300 12.265886 148.125000
v 9.256328 13.219407 148.125000
v 8.752949 15.160553 148.125000
v 7.861557 16.859164 148.125000
v 6.241438 17.148210 148.125000
v 4.351221 16.238977 148.125000
v 2.748869 15.589609 148.125000
v 1.432820 16.377203 148.125000
v 0.000000 18.182285 148.125000
v -1.691546 19.334457 148.125000
v -3.280786 18.606261 148.125000
v -4.415844 16.480154 148.125000
v -5.333672 14.654144 148.125000
v -6.679174 14.323536 148.125000
v -8.688326 15.048622 148.125000
v -10.739604 15.337743 148.125000
v -11.941513 14.231341 148.125000
v -12.182638 12.182638 148.125000
v -12.397944 10.403111 148.125000
v -13.600484 9.523162 148.125000
v -15.671304 9.047831 148.125000
v -17.313228 8.073291 148.125000
v -17.365309 6.320456 148.125000
v -16.120648 4.319515 148.125000
v -15.164439 2.673900 148.125000
v -15.794628 1.381851 148.125000
v -17.655933 0.000000 148.125000
v -19.057989 -1.667358 148.125000
v -18.676855 -3.293233 148.125000
v -16.861658 -4.518068 148.125000
v -15.194830 -5.530466 148.125000
v -14.819916 -6.910640 148.125000
v -15.327400 -8.849278 148.125000
v -15.321101 -10.727950 148.125000
v -13.959249 -11.713201 148.125000
v -11.785532 -11.785532 148.125000
v -10.040020 -11.965229 148.125000
v -9.314475 -13.302448 148.125000
v -9.032230 -15.644281 148.125000
v -8.205450 -17.596644 148.125000
v -6.506352 -17.876056 148.125000
v -4.469046 -16.678707 148.125000
v -2.743879 -15.561312 148.125000
v -1.389040 -15.876799 148.125000
v -0.000000 -17.388073 148.125000
v 1.621922 -18.538651 148.125000
v 3.191437 -18.099538 148.125000
v 4.404423 -16.437530 148.125000
v 5.484929 -15.069719 148.125000
v 7.004025 -15.020179 148.125000
v 9.096853 -15.756212 148.125000
v 11.066498 -15.804597 148.125000
v 12.016496 -14.320702 148.125000
v 11.914778 -11.914778 148.125000
v 11.833171 -9.929209 148.125000
v 12.921371 -9.047641 148.125000
v 15.133530 -8.737348 148.125000
v 17.142580 -7.993716 148.125000
v 17.658956 -6.427334 148.125000
v 16.797035 -4.500752 148.125000
v 15.986482 -2.818848 148.125000
v 16.459374 -1.440009 148.125000
v 17.836259 0.000000 150.000000
v 18.622559 1.629263 150.000000
v 17.764851 3.132422 150.000000
v 15.838314 4.243863 150.000000
v 14.424424 5.250061 150.000000
v 14.479923 6.752099 150.000000
v 15.382413 8.881040 150.000000
v 15.622846 10.939235 150.000000
v 14.350171 12.041223 150.000000
v 12.130837 12.130837 150.000000
v 10.219678 12.179338 150.000000
v 9.244582 13.202632 150.000000
v 8.721799 15.106598 150.000000
v 7.780229 16.684756 150.000000
v 6.144774 16.882627 150.000000
v 4.286532 15.997555 150.000000
v 2.725065 15.454613 150.000000
v 1.427062 16.311394 150.000000
v 0.000000 18.069405 150.000000
v -1.671524 19.105612 150.000000
v -3.229885 18.317587 150.000000
v -4.356352 16.258127 150.000000
v -5.301631 14.566112 150.000000
v -6.672817 14.309902 150.000000
v -8.651978 14.985666 150.000000
v -10.616341 15.161706 150.000000
v -11.742869 13.994606 150.000000
v -11.991197 11.991197 150.000000
v -12.287061 10.310068 150.000000
v -13.553116 9.489994 150.000000
v -15.591873 9.001972 150.000000
v -17.128988 7.987378 150.000000
v -17.110670 6.227775 150.000000
v -15.908134 4.262572 150.000000
v -15.066259 2.656588 150.000000
v -15.760018 1.378823 150.000000
v -17.556979 0.000000 150.000000
v -18.820672 -1.646595 150.000000
v -18.360747 -3.237495 150.000000
v -16.603762 -4.448965 150.000000
v -15.075805 -5.487144 150.000000
v -14.790967 -6.897141 150.000000
v -15.269031 -8.815579 150.000000
v -15.166014 -10.619357 150.000000
v -13.750556 -11.538086 150.000000
v -11.618411 -11.618411 150.000000
v -9.959667 -11.869469 150.000000
v -9.280132 -13.253402 150.000000
v -8.974821 -15.544845 150.000000
v -8.104410 -17.379963 150.000000
v -6.401514 -17.588016 150.000000
v -4.406296 -16.444520 150.000000
v -2.726357 -15.461937 150.000000
v -1.387794 -15.862560 150.000000
v -0.000000 -17.323833 150.000000
v 1.604334 -18.337620 150.000000
v 3.140033 -17.808010 150.000000
v 4.336476 -16.183948 150.000000
v 5.435574 -14.934117 150.000000
v 6.976423 -14.960988 150.000000
v 9.044641 -15.665777 150.000000
v 10.942251 -15.627154 150.000000
v 11.836440 -14.106120 150.000000
v 11.758051 -11.758051 150.000000
v 11.761747 -9.869277 150.000000
v 12.902917 -9.034720 150.000000
v 15.059570 -8.694647 150.000000
v 16.935730 -7.897261 150.000000
v 17.359974 -6.318514 150.000000
v 16.533942 -4.430256 150.000000
v 15.850292 -2.794834 150.000000
v 16.413936 -1.436033 150.000000
v 17.759381 0.000000 151.875000
v 18.434572 1.612816 151.875000
v 17.517048 3.088728 151.875000
v 15.645494 4.192197 151.875000
v 14.342136 5.220111 151.875000
v 14.447915 6.737174 151.875000
v 15.291461 8.828529 151.875000
v 15.430012 10.804210 151.875000
v 14.120362 11.848391 151.875000
v 11.966673 11.966673 151.875000
v 10.160213 12.108470 151.875000
v 9.238345 13.193725 151.875000
v 8.691782 15.054607 151.875000
v 7.701560 16.516049 151.875000
v 6.054386 16.634287 151.875000
v 4.228839 15.782241 151.875000
v 2.705431 15.343263 151.875000
v 1.422373 16.257794 151.875000
v 0.000000 17.959594 151.875000
v -1.651935 18.881700 151.875000
v -3.181650 18.044036 151.875000
v -4.302933 16.058765 151.875000
v -5.276828 14.497965 151.875000
v -6.671173 14.306377 151.875000
v -8.617687 14.926273 151.875000
v -10.497533 14.992030 151.875000
v -11.556386 13.772365 151.875000
v -11.818485 11.818485 151.875000
v -12.193454 10.231523 151.875000
v -13.514277 9.462798 151.875000
v -15.513744 8.956864 151.875000
v -16.948584 7.903255 151.875000
v -16.870822 6.140477 151.875000
v -15.719588 4.212051 151.875000
v -14.990720 2.643268 151.875000
v -15.738160 1.376911 151.875000
v -17.463005 0.000000 151.875000
v -18.590866 -1.626490 151.875000
v -18.062053 -3.184827 151.875000
v -16.369713 -4.386251 151.875000
v -14.976366 -5.450951 151.875000
v -14.770542 -6.887617 151.875000
v -15.212020 -8.782664 151.875000
v -15.015305 -10.513830 151.875000
v -13.555266 -11.374218 151.875000
v -11.470084 -11.470084 151.875000
v -9.894823 -11.792191 151.875000
v -9.253185 -13.214918 151.875000
v -8.919411 -15.448874 151.875000
v -8.005837 -17.168574 151.875000
v -6.302107 -17.314896 151.875000
v -4.349610 -16.232965 151.875000
v -2.712409 -15.382835 151.875000
v -1.387441 -15.858527 151.875000
v -0.000000 -17.262792 151.875000
v 1.587371 -18.143738 151.875000
v 3.091905 -17.535065 151.875000
v 4.275516 -15.956442 151.875000
v 5.394234 -14.820537 151.875000
v 6.953617 -14.912080 151.875000
v 8.993506 -15.577209 151.875000
v 10.820508 -15.453286 151.875000
v 11.666223 -13.903263 151.875000
v 11.618273 -11.618273 151.875000
v 11.707207 -9.823513 151.875000
v 12.894366 -9.028732 151.875000
v 14.989737 -8.654329 151.875000
v 16.736038 -7.804143 151.875000
v 17.078361 -6.216015 151.875000
v 16.295619 -4.366398 151.875000
v 15.735378 -2.774572 151.875000
v 16.378162 -1.432903 151.875000
v 17.682975 0.000000 153.750000
v 18.251029 1.596758 153.750000
v 17.285519 3.047903 153.750000
v 15.476980 4.147044 153.750000
v 14.280945 5.197839 153.750000
v 14.426509 6.727192 153.750000
v 15.203912 8.777982 153.750000
v 15.242711 10.673061 153.750000
v 13.903445 11.666375 153.750000
v 11.819032 11.819032 153.750000
v 10.113090 12.052311 153.750000
v 9.236796 13.191512 153.750000
v 8.662466 15.003831 153.750000
v 7.625487 16.352910 153.750000
v 5.970273 16.403190 153.750000
v 4.177997 15.592497 153.750000
v 2.689751 15.254335 153.750000
v 1.418634 16.215062 153.750000
v 0.000000 17.852103 153.750000
v -1.632773 18.662680 153.750000
v -3.136092 17.785662 153.750000
v -4.255438 15.881513 153.750000
v -5.258810 14.448461 153.750000
v -6.673626 14.311638 153.750000
v -8.585024 14.869698 153.750000
v -10.383117 14.828628 153.750000
v -11.382103 13.564662 153.750000
v -11.664149 11.664149 153.750000
v -12.116199 10.166698 153.750000
v -13.482861 9.440801 153.750000
v -15.436236 8.912115 153.750000
v -16.771924 7.820877 153.750000
v -16.645763 6.058562 153.750000
v -15.554422 4.167795 153.750000
v -14.936518 2.633711 153.750000
v -15.727629 1.375989 153.750000
v -17.373209 0.000000 153.750000
v -18.368525 -1.607038 153.750000
v -17.780873 -3.135248 153.750000
v -16.159035 -4.329800 153.750000
v -14.895349 -5.421464 153.750000
v -14.757371 -6.881475 153.750000
v -15.155634 -8.750109 153.750000
v -14.868854 -10.411284 153.750000
v -13.373367 -11.221587 153.750000
v -11.340138 -11.340138 153.750000
v -9.844670 -11.732421 153.750000
v -9.232852 -13.185879 153.750000
v -8.865626 -15.355715 153.750000
v -7.909721 -16.962451 153.750000
v -6.208157 -17.056772 153.750000
v -4.298848 -16.043518 153.750000
v -2.701810 -15.322728 153.750000
v -1.387855 -15.863252 153.750000
v -0.000000 -17.204081 153.750000
v 1.571023 -17.956873 153.750000
v 3.047059 -17.280730 153.750000
v 4.221406 -15.754503 153.750000
v 5.360492 -14.727832 153.750000
v 6.935040 -14.872242 153.750000
v 8.943068 -15.489848 153.750000
v 10.701228 -15.282937 153.750000
v 11.505860 -13.712150 153.750000
v 11.495021 -11.495021 153.750000
v 11.668533 -9.791062 153.750000
v 12.894530 -9.028847 153.750000
v 14.923310 -8.615977 153.750000
v 16.543437 -7.714331 153.750000
v 16.814199 -6.119868 153.750000
v 16.081593 -4.309050 153.750000
v 15.640545 -2.757850 153.750000
v 16.350685 -1.430500 153.750000
v 17.652296 0.000000 155.625000
v 18.119086 1.585215 155.625000
v 17.114898 3.017818 155.625000
v 15.372286 4.118992 155.625000
v 14.276874 5.196357 155.625000
v 14.452158 6.739152 155.625000
v 15.158666 8.751860 155.625000
v 15.100331 10.573365 155.625000
v 13.735328 11.525309 155.625000
v 11.718113 11.718113 155.625000
v 10.103851 12.041300 155.625000
v 9.263286 13.229343 155.625000
v 8.656012 14.992653 155.625000
v 7.571710 16.237584 155.625000
v 5.907851 16.231687 155.625000
v 4.144674 15.468133 155.625000
v 2.684813 15.226330 155.625000
v 1.419434 16.224201 155.625000
v 0.000000 17.792626 155.625000
v -1.618258 18.496779 155.625000
v -3.101310 17.588402 155.625000
v -4.224739 15.766939 155.625000
v -5.260849 14.454064 155.625000
v -6.697037 14.361841 155.625000
v -8.575948 14.853977 155.625000
v -10.299917 14.709806 155.625000
v -11.249409 13.406523 155.625000
v -11.557983 11.557983 155.625000
v -12.085898 10.141272 155.625000
v -13.492976 9.447883 155.625000
v -15.398861 8.890536 155.625000
v -16.642347 7.760454 155.625000
v -16.478478 5.997675 155.625000
v -15.452351 4.140445 155.625000
v -14.941328 2.634559 155.625000
v -15.768160 1.379535 155.625000
v -17.332037 0.000000 155.625000
v -18.201106 -1.592390 155.625000
v -17.563129 -3.096853 155.625000
v -16.013017 -4.290675 155.625000
v -14.870380 -5.412376 155.625000
v -14.788773 -6.896118 155.625000
v -15.138655 -8.740306 155.625000
v -14.765075 -10.338617 155.625000
v -13.239388 -11.109166 155.625000
v -11.257523 -11.257523 155.625000
v -9.834045 -11.719759 155.625000
v -9.242469 -13.199613 155.625000
v -8.836154 -15.304667 155.625000
v -7.836499 -16.805427 155.625000
v -6.135701 -16.857701 155.625000
v -4.264993 -15.917169 155.625000
v -2.701382 -15.320299 155.625000
v -1.392542 -15.916823 155.625000
v -0.000000 -17.191706 155.625000
v 1.559347 -17.823413 155.625000
v 3.013362 -17.089624 155.625000
v 4.184928 -15.618363 155.625000
v 5.347884 -14.693190 155.625000
v 6.938234 -14.879090 155.625000
v 8.916219 -15.443344 155.625000
v 10.612065 -15.155600 155.625000
v 11.385066 -13.568193 155.625000
v 11.417653 -11.417653 155.625000
v 11.675161 -9.796624 155.625000
v 12.935980 -9.057871 155.625000
v 14.898460 -8.601630 155.625000
v 16.400664 -7.647755 155.625000
v 16.610910 -6.045877 155.625000
v 15.932952 -4.269222 155.625000
v 15.605301 -2.751636 155.625000
v 16.372865 -1.432440 155.625000
v 17.997917 0.000000 157.500000
v 18.376213 1.607710 157.500000
v 17.323125 3.054534 157.500000
v 15.617925 4.184810 157.500000
v 14.597773 5.313155 157.500000
v 14.796513 6.899727 157.500000
v 15.439225 8.913841 157.500000
v 15.283391 10.701545 157.500000
v 13.870426 11.638669 157.500000
v 11.881783 11.881783 157.500000
v 10.321857 12.301110 157.500000
v 9.492122 13.556156 157.500000
v 8.834734 15.302209 157.500000
v 7.681302 16.472606 157.500000
v 5.976802 16.421127 157.500000
v 4.206007 15.697031 157.500000
v 2.740891 15.544364 157.500000
v 1.451410 16.589693 157.500000
v 0.000000 18.113737 157.500000
v -1.638467 18.727766 157.500000
v -3.134817 17.778433 157.500000
v -4.289514 16.008684 157.500000
v -5.381707 14.786119 157.500000
v -6.867536 14.727477 157.500000
v -8.751227 15.157570 157.500000
v -10.439623 14.909326 157.500000
v -11.366833 13.546464 157.500000
v -11.714769 11.714769 157.500000
v -12.328645 10.344961 157.500000
v -13.797873 9.661375 157.500000
v -15.689746 9.058479 157.500000
v -16.869607 7.866427 157.500000
v -16.674991 6.069200 157.500000
v -15.701432 4.207186 157.500000
v -15.285662 2.695275 157.500000
v -16.156423 1.413504 157.500000
v -17.663888 0.000000 157.500000
v -18.426853 -1.612141 157.500000
v -17.734094 -3.126999 157.500000
v -16.229207 -4.348603 157.500000
v -15.179898 -5.525031 157.500000
v -15.142775 -7.061192 157.500000
v -15.444805 -8.917062 157.500000
v -14.979074 -10.488460 157.500000
v -13.399249 -11.243305 157.500000
v -11.431935 -11.431935 157.500000
v -10.047270 -11.973870 157.500000
v -9.455602 -13.503999 157.500000
v -8.996168 -15.581821 157.500000
v -7.931758 -17.009709 157.500000
v -6.198443 -17.030082 157.500000
v -4.327406 -16.150101 157.500000
v -2.761800 -15.662949 157.500000
v -1.427723 -16.318951 157.500000
v -0.000000 -17.548069 157.500000
v 1.581384 -18.075300 157.500000
v 3.046716 -17.278786 157.500000
v 4.243899 -15.838448 157.500000
v 5.456479 -14.991552 157.500000
v 7.093384 -15.211811 157.500000
v 9.079676 -15.726459 157.500000
v 10.750383 -15.353138 157.500000
v 11.515142 -13.723211 157.500000
v 11.598950 -11.598950 157.500000
v 11.946335 -10.024165 157.500000
v 13.262282 -9.286350 157.500000
v 15.194283 -8.772424 157.500000
v 16.612708 -7.746633 157.500000
v 16.776218 -6.106044 157.500000
v 16.145700 -4.326227 157.500000
v 15.921650 -2.807416 157.500000
v 16.752221 -1.465629 157.500000
v 18.726813 0.000000 159.375000
v 19.024423 1.664421 159.375000
v 17.910848 3.158166 159.375000
v 16.218249 4.345667 159.375000
v 15.252741 5.551544 159.375000
v 15.469266 7.213437 159.375000
v 16.050820 9.266945 159.375000
v 15.791810 11.057544 159.375000
v 14.307295 12.005246 159.375000
v 12.311783 12.311783 159.375000
v 10.772813 12.838538 159.375000
v 9.929854 14.181302 159.375000
v 9.202648 15.939454 159.375000
v 7.955297 17.060189 159.375000
v 6.177222 16.971779 159.375000
v 4.362895 16.282547 159.375000
v 2.859438 16.216676 159.375000
v 1.515398 17.321074 159.375000
v 0.000000 18.820951 159.375000
v -1.693413 19.355804 159.375000
v -3.236453 18.354838 159.375000
v -4.450738 16.610381 159.375000
v -5.624823 15.454074 159.375000
v -7.190214 15.419463 159.375000
v -9.114805 15.787305 159.375000
v -10.803133 15.428472 159.375000
v -11.733736 13.983722 159.375000
v -12.136097 12.136097 159.375000
v -12.850294 10.782677 159.375000
v -14.405420 10.086784 159.375000
v -16.314349 9.419094 159.375000
v -17.454985 8.139393 159.375000
v -17.235615 6.273251 159.375000
v -16.306092 4.369204 159.375000
v -15.979501 2.817617 159.375000
v -16.903733 1.478885 159.375000
v -18.375441 0.000000 159.375000
v -19.046043 -1.666313 159.375000
v -18.291896 -3.225355 159.375000
v -16.809590 -4.504116 159.375000
v -15.831634 -5.762243 159.375000
v -15.829131 -7.381245 159.375000
v -16.080675 -9.284182 159.375000
v -15.512814 -10.862189 159.375000
v -13.853441 -11.624417 159.375000
v -11.866274 -11.866274 159.375000
v -10.490152 -12.501676 159.375000
v -9.878011 -14.107262 159.375000
v -9.348479 -16.192041 159.375000
v -8.195436 -17.575169 159.375000
v -6.395859 -17.572478 159.375000
v -4.486888 -16.745293 159.375000
v -2.884723 -16.360075 159.375000
v -1.494435 -17.081474 159.375000
v -0.000000 -18.281303 159.375000
v 1.637321 -18.714662 159.375000
v 3.147067 -17.847907 159.375000
v 4.399045 -16.417459 159.375000
v 5.688964 -15.630301 159.375000
v 7.404468 -15.878934 159.375000
v 9.436322 -16.344189 159.375000
v 11.116601 -15.876152 159.375000
v 11.895927 -14.177014 159.375000
v 12.041959 -12.041959 159.375000
v 12.489921 -10.480288 159.375000
v 13.883143 -9.721082 159.375000
v 15.817146 -9.132033 159.375000
v 17.180373 -8.011339 159.375000
v 17.308641 -6.299830 159.375000
v 16.721747 -4.480579 159.375000
v 16.597250 -2.926543 159.375000
v 17.498815 -1.530948 159.375000
v 19.765388 0.000000 161.250000
v 19.984904 1.748453 161.250000
v 18.804242 3.315695 161.250000
v 17.110985 4.584875 161.250000
v 16.187504 5.891770 161.250000
v 16.414451 7.654184 161.250000
v 16.930075 9.774583 161.250000
v 16.558753 11.594564 161.250000
v 14.985086 12.573980 161.250000
v 12.959098 12.959098 161.250000
v 11.417364 13.606684 161.250000
v 10.540582 15.053511 161.250000
v 9.724210 16.842825 161.250000
v 8.361016 17.930258 161.250000
v 6.483622 17.813605 161.250000
v 4.598372 17.161359 161.250000
v 3.030040 17.184212 161.250000
v 1.605793 18.354298 161.250000
v 0.000000 19.839140 161.250000
v -1.775929 20.298966 161.250000
v -3.392577 19.240258 161.250000
v -4.691013 17.507097 161.250000
v -5.970127 16.402790 161.250000
v -7.639500 16.382960 161.250000
v -9.631569 16.682368 161.250000
v -11.345716 16.203362 161.250000
v -12.300952 14.659704 161.250000
v -12.773818 12.773818 161.250000
v -13.603220 11.414456 161.250000
v -15.262081 10.686624 161.250000
v -17.207995 9.935041 161.250000
v -18.325584 8.545360 161.250000
v -18.088895 6.583819 161.250000
v -17.203626 4.609698 161.250000
v -16.966305 2.991617 161.250000
v -17.949582 1.570385 161.250000
v -19.394827 0.000000 161.250000
v -19.978532 -1.747895 161.250000
v -19.158854 -3.378223 161.250000
v -17.686987 -4.739214 161.250000
v -16.767175 -6.102752 161.250000
v -16.789937 -7.829276 161.250000
v -16.983667 -9.805525 161.250000
v -16.302424 -11.415080 161.250000
v -14.544961 -12.204672 161.250000
v -12.514785 -12.514785 161.250000
v -11.124964 -13.258216 161.250000
v -10.473532 -14.957753 161.250000
v -9.855898 -17.070916 161.250000
v -8.592776 -18.427268 161.250000
v -6.700823 -18.410360 161.250000
v -4.725716 -17.636613 161.250000
v -3.059738 -17.352639 161.250000
v -1.587331 -18.143276 161.250000
v -0.000000 -19.321075 161.250000
v 1.720418 -19.664471 161.250000
v 3.301342 -18.722838 161.250000
v 4.633076 -17.290875 161.250000
v 6.024395 -16.551889 161.250000
v 7.843961 -16.821429 161.250000
v 9.948538 -17.231374 161.250000
v 11.663928 -16.657816 161.250000
v 12.477700 -14.870343 161.250000
v 12.700066 -12.700066 161.250000
v 13.261681 -11.127872 161.250000
v 14.749183 -10.327489 161.250000
v 16.705746 -9.645067 161.250000
v 18.031941 -8.408432 161.250000
v 18.135070 -6.600626 161.250000
v 17.594346 -4.714391 161.250000
v 17.570545 -3.098161 161.250000
v 18.547992 -1.622739 161.250000
v 21.038142 0.000000 163.125000
v 21.179177 1.852938 163.125000
v 19.931447 3.514452 163.125000
v 18.235213 4.886111 163.125000
v 17.347081 6.313821 163.125000
v 17.574148 8.194960 163.125000
v 18.012544 10.399547 163.125000
v 17.518382 12.266503 163.125000
v 15.845064 13.295587 163.125000
v 13.775973 13.775973 163.125000
v 12.215572 14.557952 163.125000
v 11.286811 16.119236 163.125000
v 10.362826 17.948941 163.125000
v 8.865960 19.013113 163.125000
v 6.871303 18.878750 163.125000
v 4.895950 18.271934 163.125000
v 3.242226 18.387578 163.125000
v 1.716825 19.623403 163.125000
v 0.000000 21.091905 163.125000
v -1.878928 21.476241 163.125000
v -3.589950 20.359619 163.125000
v -4.993287 18.635202 163.125000
v -6.397151 17.576029 163.125000
v -8.188647 17.560609 163.125000
v -10.265489 17.780348 163.125000
v -12.023125 17.170802 163.125000
v -13.021089 15.517929 163.125000
v -13.581298 13.581298 163.125000
v -14.539568 12.200146 163.125000
v -16.312551 11.422171 163.125000
v -18.304555 10.568140 163.125000
v -19.408934 9.050534 163.125000
v -19.165248 6.975580 163.125000
v -18.332551 4.912192 163.125000
v -18.188574 3.207136 163.125000
v -19.231088 1.682502 163.125000
v -20.648794 0.000000 163.125000
v -21.145366 -1.849980 163.125000
v -20.260121 -3.572406 163.125000
v -18.796141 -5.036411 163.125000
v -17.927476 -6.525068 163.125000
v -17.964923 -8.377181 163.125000
v -18.089402 -10.443921 163.125000
v -17.284289 -12.102589 163.125000
v -15.418426 -12.937596 163.125000
v -13.332861 -13.332861 163.125000
v -11.913645 -14.198130 163.125000
v -11.204858 -16.002195 163.125000
v -10.480642 -18.153004 163.125000
v -9.089491 -19.492476 163.125000
v -7.087082 -19.471599 163.125000
v -5.026572 -18.759420 163.125000
v -3.276248 -18.580528 163.125000
v -1.700815 -19.440407 163.125000
v -0.000000 -20.595030 163.125000
v 1.823990 -20.848302 163.125000
v 3.496908 -19.831950 163.125000
v 4.929234 -18.396153 163.125000
v 6.441737 -17.698527 163.125000
v 8.383495 -17.978463 163.125000
v 10.577979 -18.321597 163.125000
v 12.345967 -17.631869 163.125000
v 13.212094 -15.745561 163.125000
v 13.527535 -13.527535 163.125000
v 14.216514 -11.929072 163.125000
v 15.808881 -11.069497 163.125000
v 17.797390 -10.275328 163.125000
v 19.096655 -8.904916 163.125000
v 19.185100 -6.982806 163.125000
v 18.698804 -5.010329 163.125000
v 18.779532 -3.311338 163.125000
v 19.832722 -1.735138 163.125000
v 22.468180 0.000000 165.000000
v 22.529524 1.971078 165.000000
v 21.222516 3.742102 165.000000
v 19.530916 5.233293 165.000000
v 18.675369 6.797279 165.000000
v 18.888481 8.807843 165.000000
v 19.233059 11.104212 165.000000
v 18.606159 13.028173 165.000000
v 16.830593 14.122545 165.000000
v 14.715646 14.715646 165.000000
v 13.126728 15.643825 165.000000
v 12.129522 17.322753 165.000000
v 11.081083 19.192998 165.000000
v 9.437953 20.239755 165.000000
v 7.316320 20.101423 165.000000
v 5.239491 19.554045 165.000000
v 3.485390 19.766629 165.000000
v 1.842559 21.060549 165.000000
v 0.000000 22.502043 165.000000
v -1.995439 22.807977 165.000000
v -3.815741 21.640144 165.000000
v -5.340765 19.932007 165.000000
v -6.884911 18.916136 165.000000
v -8.809755 18.892581 165.000000
v -10.979808 19.017585 165.000000
v -12.791776 18.268549 165.000000
v -13.848452 16.503942 165.000000
v -14.513096 14.513096 165.000000
v -15.610979 13.099167 165.000000
v -17.499857 12.253531 165.000000
v -19.536883 11.279625 165.000000
v -20.633401 9.621513 165.000000
v -20.396954 7.423884 165.000000
v -19.632191 5.260430 165.000000
v -19.587439 3.453794 165.000000
v -20.682991 1.809527 165.000000
v -22.063081 0.000000 165.000000
v -22.469118 -1.965793 165.000000
v -21.523628 -3.795196 165.000000
v -20.073342 -5.378636 165.000000
v -19.252575 -7.007364 165.000000
v -19.291577 -8.995810 165.000000
v -19.332144 -11.161418 165.000000
v -18.395373 -12.880579 165.000000
v -16.420004 -13.778019 165.000000
v -14.276684 -14.276684 165.000000
v -12.817515 -15.275319 165.000000
v -12.033551 -17.185692 165.000000
v -11.184547 -19.372204 165.000000
v -9.651938 -20.698648 165.000000
v -7.529260 -20.686473 165.000000
v -5.372439 -20.050214 165.000000
v -3.523411 -19.982256 165.000000
v -1.829054 -20.906178 165.000000
v -0.000000 -22.029218 165.000000
v 1.941432 -22.190665 165.000000
v 3.721557 -21.106000 165.000000
v 5.271164 -19.672251 165.000000
v 6.919732 -19.011809 165.000000
v 8.993898 -19.287477 165.000000
v 11.285822 -19.547617 165.000000
v 13.116976 -18.732983 165.000000
v 14.052112 -16.746655 165.000000
v 14.479233 -14.479233 165.000000
v 15.308164 -12.845075 165.000000
v 17.008589 -11.909542 165.000000
v 19.028320 -10.986005 165.000000
v 20.305002 -9.468378 165.000000
v 20.390942 -7.421696 165.000000
v 19.972068 -5.351499 165.000000
v 20.161446 -3.555007 165.000000
v 21.283736 -1.862086 165.000000
v 23.977727 0.000000 166.875000
v 23.959345 2.096171 166.875000
v 22.609298 3.986629 166.875000
v 20.938528 5.610462 166.875000
v 20.114816 7.321194 166.875000
v 20.295685 9.464033 166.875000
v 20.526069 11.850732 166.875000
v 19.759083 13.835459 166.875000
v 17.887047 15.009014 166.875000
v 15.732082 15.732082 166.875000
v 14.109194 16.814683 166.875000
v 13.028287 18.606322 166.875000
v 11.840984 20.509185 166.875000
v 10.045269 21.542148 166.875000
v 7.795417 21.417733 166.875000
v 5.613074 20.948276 166.875000
v 3.748731 21.260110 166.875000
v 1.976906 22.596135 166.875000
v 0.000000 23.991999 166.875000
v -2.118646 24.216233 166.875000
v -4.057512 23.011292 166.875000
v -5.716805 21.335408 166.875000
v -7.411813 20.363788 166.875000
v -9.473833 20.316701 166.875000
v -11.737252 20.329517 166.875000
v -13.608886 19.435504 166.875000
v -14.738915 17.565155 166.875000
v -15.524619 15.524619 166.875000
v -16.768357 14.070322 166.875000
v -18.765502 13.139746 166.875000
v -20.837264 12.030400 166.875000
v -21.928527 10.225440 166.875000
v -21.718069 7.904731 166.875000
v -21.042260 5.638256 166.875000
v -21.102338 3.720911 166.875000
v -22.237739 1.945550 166.875000
v -23.562801 0.000000 166.875000
v -23.874147 -2.088717 166.875000
v -22.879936 -4.034350 166.875000
v -21.456023 -5.749124 166.875000
v -20.681365 -7.527401 166.875000
v -20.705334 -9.655056 166.875000
v -20.645236 -11.919532 166.875000
v -19.573492 -13.705506 166.875000
v -17.497295 -14.681974 166.875000
v -15.302884 -15.302884 166.875000
v -13.797037 -16.442669 166.875000
v -12.920092 -18.451804 166.875000
v -11.929280 -20.662120 166.875000
v -10.247258 -21.975315 166.875000
v -8.002828 -21.987589 166.875000
v -5.746512 -21.446275 166.875000
v -3.790099 -21.494718 166.875000
v -1.965987 -22.471334 166.875000
v -0.000000 -23.548529 166.875000
v 2.066242 -23.617259 166.875000
v 3.963468 -22.477941 166.875000
v 5.642781 -21.059144 166.875000
v 7.436783 -20.432394 166.875000
v 9.645256 -20.684318 166.875000
v 12.033012 -20.841788 166.875000
v 13.932079 -19.897071 166.875000
v 14.952073 -17.819187 166.875000
v 15.510347 -15.510347 166.875000
v 16.488995 -13.835909 166.875000
v 18.292625 -12.808634 166.875000
v 20.334041 -11.739864 166.875000
v 21.588936 -10.067086 166.875000
v 21.687252 -7.893514 166.875000
v 21.352292 -5.721329 166.875000
v 21.652490 -3.817918 166.875000
v 22.829729 -1.997343 166.875000
v 25.488623 0.000000 168.750000
v 25.393431 2.221637 168.750000
v 24.025266 4.236303 168.750000
v 22.398521 6.001666 168.750000
v 21.606170 7.864003 168.750000
v 21.732240 10.133910 168.750000
v 21.825963 12.601226 168.750000
v 20.915848 14.645435 168.750000
v 18.961658 15.910720 168.750000
v 16.779703 16.779703 168.750000
v 15.120317 18.019692 168.750000
v 13.941421 19.910413 168.750000
v 12.604179 21.831079 168.750000
v 10.656726 22.853423 168.750000
v 8.285950 22.765460 168.750000
v 6.000874 22.395567 168.750000
v 4.021205 22.805384 168.750000
v 2.113636 24.158966 168.750000
v 0.000000 25.484298 168.750000
v -2.241899 25.625027 168.750000
v -4.303192 24.404612 168.750000
v -6.104829 22.783531 168.750000
v -7.955601 21.857834 168.750000
v -10.150887 21.768648 168.750000
v -12.500225 21.651025 168.750000
v -14.432574 20.611851 168.750000
v -15.649753 18.650649 168.750000
v -16.571794 16.571794 168.750000
v -17.961692 15.071649 168.750000
v -20.049657 14.038921 168.750000
v -22.137827 12.781280 168.750000
v -23.225285 10.830128 168.750000
v -23.064284 8.394713 168.750000
v -22.502475 6.029520 168.750000
v -22.670785 3.997471 168.750000
v -23.825644 2.084474 168.750000
v -25.072805 0.000000 168.750000
v -25.286763 -2.212305 168.750000
v -24.262009 -4.278047 168.750000
v -22.882369 -6.131312 168.750000
v -22.151434 -8.062463 168.750000
v -22.139827 -10.323971 168.750000
v -21.961517 -12.679488 168.750000
v -20.757516 -14.534569 168.750000
v -18.599174 -15.606560 168.750000
v -16.368209 -16.368209 168.750000
v -14.811647 -17.651834 168.750000
v -13.823963 -19.742665 168.750000
v -12.676534 -21.956401 168.750000
v -10.843464 -23.253884 168.750000
v -8.484045 -23.309722 168.750000
v -6.132104 -22.885323 168.750000
v -4.064874 -23.053045 168.750000
v -2.105353 -24.064298 168.750000
v -0.000000 -25.077129 168.750000
v 2.192043 -25.055167 168.750000
v 4.211158 -23.882663 168.750000
v 6.028149 -22.497359 168.750000
v 7.970864 -21.899770 168.750000
v 10.306993 -22.103419 168.750000
v 12.780489 -22.136456 168.750000
v 14.747430 -21.061513 168.750000
v 15.867528 -18.910183 168.750000
v 16.576118 -16.576118 168.750000
v 17.709834 -14.860315 168.750000
v 19.603421 -13.726463 168.750000
v 21.649654 -12.499433 168.750000
v 22.882022 -10.670062 168.750000
v 23.010898 -8.375282 168.750000
v 22.778415 -6.103458 168.750000
v 23.187644 -4.088607 168.750000
v 24.397620 -2.134515 168.750000
v 26.922729 0.000000 170.625000
v 26.758124 2.341032 170.625000
v 25.405296 4.479639 170.625000
v 23.851060 6.390872 170.625000
v 23.088365 8.403478 170.625000
v 23.133067 10.787126 170.625000
v 23.067335 13.317932 170.625000
v 22.016896 15.416396 170.625000
v 20.003315 16.784774 170.625000
v 17.813147 17.813147 170.625000
v 16.116383 19.206757 170.625000
v 14.826165 21.173957 170.625000
v 13.332173 23.092001 170.625000
v 11.241736 24.107981 170.625000
v 8.765785 24.083796 170.625000
v 6.387056 23.836819 170.625000
v 4.291497 24.338287 170.625000
v 2.246400 25.676472 170.625000
v 0.000000 26.901880 170.625000
v -2.358735 26.960460 170.625000
v -4.541042 25.753529 170.625000
v -6.488241 24.214444 170.625000
v -8.493336 23.335250 170.625000
v -10.810044 23.182215 170.625000
v -13.230989 22.916744 170.625000
v -15.221892 21.739115 170.625000
v -16.539438 19.710935 170.625000
v -17.610778 17.610778 170.625000
v -19.139962 16.060335 170.625000
v -21.291376 14.908382 170.625000
v -23.370888 13.493188 170.625000
v -24.456224 11.404125 170.625000
v -24.372729 8.870948 170.625000
v -23.952244 6.417985 170.625000
v -24.228280 4.272099 170.625000
v -25.375120 2.220035 170.625000
v -26.517993 0.000000 170.625000
v -26.635282 -2.330285 170.625000
v -25.604932 -4.514840 170.625000
v -24.290963 -6.508744 170.625000
v -23.598996 -8.589332 170.625000
v -23.527164 -10.970897 170.625000
v -23.213688 -13.402429 170.625000
v -21.887491 -15.325786 170.625000
v -19.675599 -16.509788 170.625000
v -17.429260 -17.429260 170.625000
v -15.819653 -18.853129 170.625000
v -14.703769 -20.999158 170.625000
v -13.388188 -23.189022 170.625000
v -11.409487 -24.467723 170.625000
v -8.949881 -24.589597 170.625000
v -6.512560 -24.305203 170.625000
v -4.335979 -24.590558 170.625000
v -2.240715 -25.611485 170.625000
v -0.000000 -26.538842 170.625000
v 2.312583 -26.432945 170.625000
v 4.453438 -25.256699 170.625000
v 6.411375 -23.927579 170.625000
v 8.499473 -23.352111 170.625000
v 10.947979 -23.478016 170.625000
v 13.489372 -23.364278 170.625000
v 15.520291 -22.165272 170.625000
v 16.755124 -19.967979 170.625000
v 17.631628 -17.631628 170.625000
v 18.919923 -15.875701 170.625000
v 20.881740 -14.621552 170.625000
v 22.910135 -13.227173 170.625000
v 24.119480 -11.247098 170.625000
v 24.300664 -8.844718 170.625000
v 24.189778 -6.481632 170.625000
v 24.700566 -4.355376 170.625000
v 25.912837 -2.267079 170.625000
v 28.202178 0.000000 172.500000
v 27.981295 2.448046 172.500000
v 26.685444 4.705364 172.500000
v 25.235831 6.761921 172.500000
v 24.498590 8.916757 172.500000
v 24.431766 11.392719 172.500000
v 24.185144 13.963300 172.500000
v 23.004325 16.107802 172.500000
v 20.962316 17.589472 172.500000
v 18.787103 18.787103 172.500000
v 17.052669 20.322580 172.500000
v 15.638866 22.334615 172.500000
v 13.986453 24.225247 172.500000
v 11.770299 25.241487 172.500000
v 9.213218 25.313108 172.500000
v 6.755717 25.212678 172.500000
v 4.548028 25.793147 172.500000
v 2.368750 27.074932 172.500000
v 0.000000 28.168280 172.500000
v -2.462861 28.150628 172.500000
v -4.759607 26.993075 172.500000
v -6.850382 25.565973 172.500000
v -9.001434 24.731235 172.500000
v -11.419690 24.489604 172.500000
v -13.891788 24.061282 172.500000
v -15.936799 22.760108 172.500000
v -17.367446 20.697716 172.500000
v -18.597773 18.597773 172.500000
v -20.251146 16.992729 172.500000
v -22.428801 15.704816 172.500000
v -24.469140 14.127264 172.500000
v -25.555436 11.916696 172.500000
v -25.581759 9.310999 172.500000
v -25.330496 6.787286 172.500000
v -25.708393 4.533083 172.500000
v -26.812964 2.345830 172.500000
v -27.823518 0.000000 172.500000
v -27.849921 -2.436552 172.500000
v -26.845580 -4.733600 172.500000
v -25.620536 -6.865002 172.500000
v -24.958936 -9.084310 172.500000
v -24.798198 -11.563589 172.500000
v -24.334532 -14.049548 172.500000
v -22.904627 -16.037992 172.500000
v -20.677429 -17.350423 172.500000
v -18.442341 -18.442341 172.500000
v -16.778270 -19.995564 172.500000
v -15.517379 -22.161113 172.500000
v -14.026395 -24.294429 172.500000
v -11.915123 -25.552063 172.500000
v -9.377912 -25.765601 172.500000
v -6.871206 -25.643689 172.500000
v -4.591353 -26.038859 172.500000
v -2.365485 -27.037621 172.500000
v -0.000000 -27.857416 172.500000
v 2.421738 -27.680588 172.500000
v 4.679357 -26.537950 172.500000
v 6.776541 -25.290394 172.500000
v 8.999633 -24.726290 172.500000
v 11.536619 -24.740359 172.500000
v 14.121060 -24.458394 172.500000
v 16.208995 -23.148844 172.500000
v 17.572448 -20.942029 172.500000
v 18.631671 -18.631671 172.500000
v 20.066998 -16.838211 172.500000
v 22.066927 -15.451429 172.500000
v 24.050536 -13.885584 172.500000
v 25.238114 -11.768726 172.500000
v 25.496950 -9.280131 172.500000
v 25.525871 -6.839636 172.500000
v 26.123613 -4.606298 172.500000
v 27.299589 -2.388405 172.500000
v 29.249191 0.000000 174.375000
v 28.992008 2.536472 174.375000
v 27.802781 4.902380 174.375000
v 26.492254 7.098578 174.375000
v 25.772709 9.380499 174.375000
v 25.560876 11.919232 174.375000
v 25.114609 14.499926 174.375000
v 23.821559 16.680035 174.375000
v 21.790121 18.284082 174.375000
v 19.656328 19.656328 174.375000
v 17.883629 21.312879 174.375000
v 16.335106 23.328949 174.375000
v 14.528458 25.164027 174.375000
v 12.212890 26.190627 174.375000
v 9.606926 26.394813 174.375000
v 7.090933 26.463723 174.375000
v 4.779017 27.103153 174.375000
v 2.474151 28.279670 174.375000
v 0.000000 29.207417 174.375000
v -2.548122 29.125168 174.375000
v -4.947662 28.059583 174.375000
v -7.174552 26.775793 174.375000
v -9.455794 25.979579 174.375000
v -11.947601 25.621712 174.375000
v -14.444839 25.019195 174.375000
v -16.538004 23.618717 174.375000
v -18.094132 21.563747 174.375000
v -19.489090 19.489090 174.375000
v -21.242429 17.824514 174.375000
v -23.399267 16.384343 174.375000
v -25.365466 14.644759 174.375000
v -26.458196 12.337660 174.375000
v -26.630746 9.692799 174.375000
v -26.575874 7.120984 174.375000
v -27.043221 4.768450 174.375000
v -28.064683 2.455342 174.375000
v -28.914714 0.000000 174.375000
v -28.862443 -2.525137 174.375000
v -27.922336 -4.923461 174.375000
v -26.809994 -7.183716 174.375000
v -26.165048 -9.523299 174.375000
v -25.882682 -12.069293 174.375000
v -25.256810 -14.582026 174.375000
v -23.751060 -16.630671 174.375000
v -21.556325 -18.087905 174.375000
v -19.363625 -19.363625 174.375000
v -17.643890 -21.027169 174.375000
v -16.222059 -23.167502 174.375000
v -14.553494 -25.207392 174.375000
v -12.330854 -26.443601 174.375000
v -9.746204 -26.777475 174.375000
v -7.191361 -26.838526 174.375000
v -4.818693 -27.328164 174.375000
v -2.472956 -28.266020 174.375000
v -0.000000 -28.956488 174.375000
v 2.513487 -28.729283 174.375000
v 4.878180 -27.665534 174.375000
v 7.107742 -26.526455 174.375000
v 9.448004 -25.958179 174.375000
v 12.040924 -25.821846 174.375000
v 14.637114 -25.352224 174.375000
v 16.772703 -23.953903 174.375000
v 18.277855 -21.782699 174.375000
v 19.530864 -19.530864 174.375000
v 21.097619 -17.703004 174.375000
v 23.097184 -16.172822 174.375000
v 25.005953 -14.437194 174.375000
v 26.176032 -12.206084 174.375000
v 26.541542 -9.660331 174.375000
v 26.726375 -7.161311 174.375000
v 27.388095 -4.829260 174.375000
v 28.481007 -2.491765 174.375000
v 29.984659 0.000000 176.250000
v 29.719312 2.600103 176.250000
v 28.695540 5.059798 176.250000
v 27.560850 7.384908 176.250000
v 26.846623 9.771372 176.250000
v 26.452107 12.334820 176.250000
v 25.790336 14.890058 176.250000
v 24.412389 17.093739 176.250000
v 22.439190 18.828716 176.250000
v 20.376209 20.376209 176.250000
v 18.563392 22.122989 176.250000
v 16.869580 24.092256 176.250000
v 14.919027 25.840513 176.250000
v 12.540099 26.892329 176.250000
v 9.926103 27.271743 176.250000
v 7.377145 27.531881 176.250000
v 4.972707 28.201621 176.250000
v 2.555981 29.214991 176.250000
v 0.000000 29.942245 176.250000
v -2.608373 29.813841 176.250000
v -5.094158 28.890407 176.250000
v -7.444251 27.782324 176.250000
v -9.832172 27.013669 176.250000
v -12.361002 26.508253 176.250000
v -14.851921 25.724282 176.250000
v -16.986532 24.259282 176.250000
v -18.680912 22.263044 176.250000
v -20.241997 20.241997 176.250000
v -22.060927 18.511316 176.250000
v -24.139010 16.902316 176.250000
v -25.991654 15.006289 176.250000
v -27.099734 12.636814 176.250000
v -27.460054 9.994642 176.250000
v -27.627956 7.402889 176.250000
v -28.164746 4.966205 176.250000
v -29.054795 2.541965 176.250000
v -29.716235 0.000000 176.250000
v -29.605174 -2.590117 176.250000
v -28.775030 -5.073814 176.250000
v -27.799253 -7.448787 176.250000
v -27.150742 -9.882062 176.250000
v -26.708958 -12.454592 176.250000
v -25.912155 -14.960390 176.250000
v -24.369013 -17.063366 176.250000
v -22.264978 -18.682535 176.250000
v -20.150199 -20.150199 176.250000
v -18.372981 -21.896066 176.250000
v -16.774547 -23.956536 176.250000
v -14.931420 -25.861978 176.250000
v -12.627281 -27.079292 176.250000
v -10.033217 -27.566037 176.250000
v -7.456550 -27.828222 176.250000
v -5.005603 -28.388186 176.250000
v -2.556292 -29.218547 176.250000
v -0.000000 -29.758650 176.250000
v 2.581847 -29.510645 176.250000
v 5.039454 -28.580163 176.250000
v 7.389444 -27.577779 176.250000
v 9.821262 -26.983695 176.250000
v 12.428410 -26.652811 176.250000
v 14.998526 -25.978209 176.250000
v 17.170573 -24.522120 176.250000
v 18.830338 -22.441123 176.250000
v 20.284411 -20.284411 176.250000
v 21.958128 -18.425057 176.250000
v 23.909783 -16.741810 176.250000
v 25.710837 -14.844159 176.250000
v 26.871887 -12.530567 176.250000
v 27.377726 -9.964677 176.250000
v 27.732147 -7.430806 176.250000
v 28.425060 -5.012105 176.250000
v 29.378743 -2.570307 176.250000
v 30.321375 0.000000 178.125000
v 30.087485 2.632314 178.125000
v 29.304675 5.167205 178.125000
v 28.389532 7.606952 178.125000
v 27.661497 10.067962 178.125000
v 27.036308 12.607237 178.125000
v 26.142205 15.093209 178.125000
v 24.717488 17.307372 178.125000
v 22.863317 19.184601 178.125000
v 20.905659 20.905659 178.125000
v 19.047545 22.699980 178.125000
v 17.194825 24.556755 178.125000
v 15.115637 26.181052 178.125000
v 12.721221 27.280747 178.125000
v 10.151382 27.890693 178.125000
v 7.600943 28.367104 178.125000
v 5.118245 29.027012 178.125000
v 2.607423 29.802980 178.125000
v 0.000000 30.288538 178.125000
v -2.637004 30.141092 178.125000
v -5.188216 29.423834 178.125000
v -7.644330 28.529030 178.125000
v -10.107500 27.770129 178.125000
v -12.626245 27.077070 178.125000
v -15.072250 26.105902 178.125000
v -17.242183 24.624390 178.125000
v -19.091861 22.752793 178.125000
v -20.818883 20.818883 178.125000
v -22.656489 19.011051 178.125000
v -24.581090 17.211864 178.125000
v -26.272369 15.168359 178.125000
v -27.410386 12.781673 178.125000
v -28.011820 10.195469 178.125000
v -28.432920 7.618578 178.125000
v -29.010005 5.115247 178.125000
v -29.706916 2.599018 178.125000
v -30.147823 0.000000 178.125000
v -30.007501 -2.625316 178.125000
v -29.346050 -5.174500 178.125000
v -28.533571 -7.645547 178.125000
v -27.851587 -10.137149 178.125000
v -27.201522 -12.684278 178.125000
v -26.225657 -15.141390 178.125000
v -24.697482 -17.293363 178.125000
v -22.758848 -19.096941 178.125000
v -20.764945 -20.764945 178.125000
v -18.925642 -22.554701 178.125000
v -17.130756 -24.465255 178.125000
v -15.118962 -26.186810 178.125000
v -12.773031 -27.391853 178.125000
v -10.217801 -28.073177 178.125000
v -7.651557 -28.555999 178.125000
v -5.140158 -29.151284 178.125000
v -2.608397 -29.814115 178.125000
v -0.000000 -30.180661 178.125000
v 2.620626 -29.953895 178.125000
v 5.153489 -29.226891 178.125000
v 7.608169 -28.394073 178.125000
v 10.097610 -27.742955 178.125000
v 12.665270 -27.160759 178.125000
v 15.162350 -26.261960 178.125000
v 17.358551 -24.790581 178.125000
v 19.189681 -22.869372 178.125000
v 20.851720 -20.851720 178.125000
v 22.598192 -18.962135 178.125000
v 24.440920 -17.113716 178.125000
v 26.095493 -15.066240 178.125000
v 27.262214 -12.712579 178.125000
v 27.952050 -10.173714 178.125000
v 28.490183 -7.633921 178.125000
v 29.168292 -5.143157 178.125000
v 29.910180 -2.616802 178.125000
v 30.056967 0.000000 180.000000
v 29.942592 2.619637 180.000000
v 29.600335 5.219338 180.000000
v 29.032801 7.779316 180.000000
v 28.244311 10.280088 180.000000
v 27.240864 12.702623 180.000000
v 26.030097 15.028484 180.000000
v 24.621226 17.239968 180.000000
v 23.024973 19.320246 180.000000
v 21.253485 21.253485 180.000000
v 19.320246 23.024973 180.000000
v 17.239968 24.621226 180.000000
v 15.028484 26.030097 180.000000
v 12.702623 27.240864 180.000000
v 10.280088 28.244311 180.000000
v 7.779316 29.032801 180.000000
v 5.219338 29.600335 180.000000
v 2.619637 29.942592 180.000000
v 0.000000 30.056967 180.000000
v -2.619637 29.942592 180.000000
v -5.219338 29.600335 180.000000
v -7.779316 29.032801 180.000000
v -10.280088 28.244311 180.000000
v -12.702623 27.240864 180.000000
v -15.028484 26.030097 180.000000
v -17.239968 24.621226 180.000000
v -19.320246 23.024973 180.000000
v -21.253485 21.253485 180.000000
v -23.024973 19.320246 180.000000
v -24.621226 17.239968 180.000000
v -26.030097 15.028484 180.000000
v -27.240864 12.702623 180.000000
v -28.244311 10.280088 180.000000
v -29.032801 7.779316 180.000000
v -29.600335 5.219338 180.000000
v -29.942592 2.619637 180.000000
v -30.056967 0.000000 180.000000
v -29.942592 -2.619637 180.000000
v -29.600335 -5.219338 180.000000
v -29.032801 -7.779316 180.000000
v -28.244311 -10.280088 180.000000
v -27.240864 -12.702623 180.000000
v -26.030097 -15.028484 180.000000
v -24.621226 -17.239968 180.000000
v -23.024973 -19.320246 180.000000
v -21.253485 -21.253485 180.000000
v -19.320246 -23.024973 180.000000
v -17.239968 -24.621226 180.000000
v -15.028484 -26.030097 180.000000
v -12.702623 -27.240864 180.000000
v -10.280088 -28.244311 180.000000
v -7.779316 -29.032801 180.000000
v -5.219338 -29.600335 180.000000
v -2.619637 -29.942592 180.000000
v -0.000000 -30.056967 180.000000
v 2.619637 -29.942592 180.000000
v 5.219338 -29.600335 180.000000
v 7.779316 -29.032801 180.000000
v 10.280088 -28.244311 180.000000
v 12.702623 -27.240864 180.000000
v 15.028484 -26.030097 180.000000
v 17.239968 -24.621226 180.000000
v 19.320246 -23.024973 180.000000
v 21.253485 -21.253485 180.000000
v 23.024973 -19.320246 180.000000
v 24.621226 -17.239968 180.000000
v 26.030097 -15.028484 180.000000
v 27.240864 -12.702623 180.000000
v 28.244311 -10.280088 180.000000
v 29.032801 -7.779316 180.000000
v 29.600335 -5.219338 180.000000
v 29.942592 -2.619637 180.000000
v 0.000000 0.000000 0.000000
f 1 73 2
f 2 73 74
f 2 74 3
f 3 74 75
f 3 75 4
f 4 75 76
f 4 76 5
f 5 76 77
f 5 77 6
f 6 77 78
f 6 78 7
f 7 78 79
f 7 79 8
f 8 79 80
f 8 80 9
f 9 80 81
f 9 81 10
f 10 81 82
f 10 82 11
f 11 82 83
f 11 83 12
f 12 83 84
f 12 84 13
f 13 84 85
f 13 85 14
f 14 85 86
f 14 86 15
f 15 86 87
f 15 87 16
f 16 87 88
f 16 88 17
f 17 88 89
f 17 89 18
f 18 89 90
f 18 90 19
f 19 90 91
f 19 91 20
f 20 91 92
f 20 92 21
f 21 92 93
f 21 93 22
f 22 93 94
f 22 94 23
f 23 94 95
f 23 95 24
f 24 95 96
f 24 96 25
f 25 96 97
f 25 97 26
f 26 97 98
f 26 98 27
f 27 98 99
f 27 99 28
f 28 99 100
f 28 100 29
f 29 100 101
f 29 101 30
f 30 101 102
f 30 102 31
f 31 102 103
f 31 103 32
f 32 103 104
f 32 104 33
f 33 104 105
f 33 105 34
f 34 105 106
f 34 106 35
f 35 106 107
f 35 107 36
f 36 107 108
f 36 108 37
f 37 108 109
f 37 109 38
f 38 109 110
f 38 110 39
f 39 110 111
f 39 111 40
f 40 111 112
f 40 112 41
f 41 112 113
f 41 113 42
f 42 113 114
f 42 114 43
f 43 114 115
f 43 115 44
f 44 115 116
f 44 116 45
f 45 116 117
f 45 117 46
f 46 117 118
f 46 118 47
f 47 118 119
f 47 119 48
f 48 119 120
f 48 120 49
f 49 120 121
f 49 121 50
f 50 121 122
f 50 122 51
f 51 122 123
f 51 123 52
f 52 123 124
f 52 124 53
f 53 124 125
f 53 125 54
f 54 125 126
f 54 126 55
f 55 126 127
f 55 127 56
f 56 127 128
f 56 128 57
f 57 128 129
f 57 129 58
f 58 129 130
f 58 130 59
f 59 130 131
f 59 131 60
f 60 131 132
f 60 132 61
f 61 132 133
f 61 133 62
f 62 133 134
f 62 134 63
f 63 134 135
f 63 135 64
f 64 135 136
f 64 136 65
f 65 136 137
f 65 137 66
f 66 137 138
f 66 138 67
f 67 138 139
f 67 139 68
f 68 139 140
f 68 140 69
f 69 140 141
f 69 141 70
f 70 141 142
f 70 142 71
f 71 142 143
f 71 143 72
f 72 143 144
f 72 144 1
f 1 144 73
f 73 145 74
f 74 145 146
f 74 146 75
f 75 146 147
f 75 147 76
f 76 147 148
f 76 148 77
f 77 148 149
f 77 149 78
f 78 149 150
f 78 150 79
f 79 150 151
f 79 151 80
f 80 151 152
f 80 152 81
f 81 152 153
f 81 153 82
f 82 153 154
f 82 154 83
f 83 154 155
f 83 155 84
f 84 155 156
f 84 156 85
f 85 156 157
f 85 157 86
f 86 157 158
f 86 158 87
f 87 158 159
f 87 159 88
f 88 159 160
f 88 160 89
f 89 160 161
f 89 161 90
f 90 161 162
f 90 162 91
f 91 162 163
f 91 163 92
f 92 163 164
f 92 164 93
f 93 164 165
f 93 165 94
f 94 165 166
f 94 166 95
f 95 166 167
f 95 167 96
f 96 167 168
f 96 168 97
f 97 168 169
f 97 169 98
f 98 169 170
f 98 170 99
f 99 170 171
f 99 171 100
f 100 171 172
f 100 172 101
f 101 172 173
f 101 173 102
f 102 173 174
f 102 174 103
f 103 174 175
f 103 175 104
f 104 175 176
f 104 176 105
f 105 176 177
f 105 177 106
f 106 177 178
f 106 178 107
f 107 178 179
f 107 179 108
f 108 179 180
f 108 180 109
f 109 180 181
f 109 181 110
f 110 181 182
f 110 182 111
f 111 182 183
f 111 183 112
f 112 183 184
f 112 184 113
f 113 184 185
f 113 185 114
f 114 185 186
f 114 186 115
f 115 186 187
f 115 187 116
f 116 187 188
f 116 188 117
f 117 188 189
f 117 189 118
f 118 189 190
f 118 190 119
f 119 190 191
f 119 191 120
f 120 191 192
f 120 192 121
f 121 192 193
f 121 193 122
f 122 193 194
f 122 194 123
f 123 194 195
f 123 195 124
f 124 195 196
f 124 196 125
f 125 196 197
f 125 197 126
f 126 197 198
f 126 198 127
f 127 198 199
f 127 199 128
f 128 199 200
f 128 200 129
f 129 200 201
f 129 201 130
f 130 201 202
f 130 202 131
f 131 202 203
f 131 203 132
f 132 203 204
f 132 204 133
f 133 204 205
f 133 205 134
f 134 205 206
f 134 206 135
f 135 206 207
f 135 207 136
f 136 207 208
f 136 208 137
f 137 208 209
f 137 209 138
f 138 209 210
f 138 210 139
f 139 210 211
f 139 211 140
f 140 211 212
f 140 212 141
f 141 212 213
f 141 213 142
f 142 213 214
f 142 214 143
f 143 214 215
f 143 215 144
f 144 215 216
f 144 216 73
f 73 216 145
f 145 217 146
f 146 217 218
f 146 218 147
f 147 218 219
f 147 219 148
f 148 219 220
f 148 220 149
f 149 220 221
f 149 221 150
f 150 221 222
f 150 222 151
f 151 222 223
f 151 223 152
f 152 223 224
f 152 224 153
f 153 224 225
f 153 225 154
f 154 225 226
f 154 226 155
f 155 226 227
f 155 227 156
f 156 227 228
f 156 228 157
f 157 228 229
f 157 229 158
f 158 229 230
f 158 230 159
f 159 230 231
f 159 231 160
f 160 231 232
f 160 232 161
f 161 232 233
f 161 233 162
f 162 233 234
f 162 234 163
f 163 234 235
f 163 235 164
f 164 235 236
f 164 236 165
f 165 236 237
f 165 237 166
f 166 237 238
f 166 238 167
f 167 238 239
f 167 239 168
f 168 239 240
f 168 240 169
f 169 240 241
f 169 241 170
f 170 241 242
f 170 242 171
f 171 242 243
f 171 243 172
f 172 243 244
f 172 244 173
f 173 244 245
f 173 245 174
f 174 245 246
f 174 246 175
f 175 246 247
f 175 247 176
f 176 247 248
f 176 248 177
f 177 248 249
f 177 249 178
f 178 249 250
f 178 250 179
f 179 250 251
f 179 251 180
f 180 251 252
f 180 252 181
f 181 252 253
f 181 253 182
f 182 253 254
f 182 254 183
f 183 254 255
f 183 255 184
f 184 255 256
f 184 256 185
f 185 256 257
f 185 257 186
f 186 257 258
f 186 258 187
f 187 258 259
f 187 259 188
f 188 259 260
f 188 260 189
f 189 260 261
f 189 261 190
f 190 261 262
f 190 262 191
f 191 262 263
f 191 263 192
f 192 263 264
f 192 264 193
f 193 264 265
f 193 265 194
f 194 265 266
f 194 266 195
f 195 266 267
f 195 267 196
f 196 267 268
f 196 268 197
f 197 268 269
f 197 269 198
f 198 269 270
f 198 270 199
f 199 270 271
f 199 271 200
f 200 271 272
f 200 272 201
f 201 272 273
f 201 273 202
f 202 273 274
f 202 274 203
f 203 274 275
f 203 275 204
f 204 275 276
f 204 276 205
f 205 276 277
f 205 277 206
f 206 277 278
f 206 278 207
f 207 278 279
f 207 279 208
f 208 279 280
f 208 280 209
f 209 280 281
f 209 281 210
f 210 281 282
f 210 282 211
f 211 282 283
f 211 283 212
f 212 283 284
f 212 284 213
f 213 284 285
f 213 285 214
f 214 285 286
f 214 286 215
f 215 286 287
f 215 287 216
f 216 287 288
f 216 288 145
f 145 288 217
f 217 289 218
f 218 289 290
f 218 290 219
f 219 290 291
f 219 291 220
f 220 291 292
f 220 292 221
f 221 292 293
f 221 293 222
f 222 293 294
f 222 294 223
f 223 294 295
f 223 295 224
f 224 295 296
f 224 296 225
f 225 296 297
f 225 297 226
f 226 297 298
f 226 298 227
f 227 298 299
f 227 299 228
f 228 299 300
f 228 300 229
f 229 300 301
f 229 301 230
f 230 301 302
f 230 302 231
f 231 302 303
f 231 303 232
f 232 303 304
f 232 304 233
f 233 304 305
f 233 305 234
f 234 305 306
f 234 306 235
f 235 306 307
f 235 307 236
f 236 307 308
f 236 308 237
f 237 308 309
f 237 309 238
f 238 309 310
f 238 310 239
f 239 310 311
f 239 311 240
f 240 311 312
f 240 312 241
f 241 312 313
f 241 313 242
f 242 313 314
f 242 314 243
f 243 314 315
f 243 315 244
f 244 315 316
f 244 316 245
f 245 316 317
f 245 317 246
f 246 317 318
f 246 318 247
f 247 318 319
f 247 319 248
f 248 319 320
f 248 320 249
f 249 320 321
f 249 321 250
f 250 321 322
f 250 322 251
f 251 322 323
f 251 323 252
f 252 323 324
f 252 324 253
f 253 324 325
f 253 325 254
f 254 325 326
f 254 326 255
f 255 326 327
f 255 327 256
f 256 327 328
f 256 328 257
f 257 328 329
f 257 329 258
f 258 329 330
f 258 330 259
f 259 330 331
f 259 331 260
f 260 331 332
f 260 332 261
f 261 332 333
f 261 333 262
f 262 333 334
f 262 334 263
f 263 334 335
f 263 335 264
f 264 335 336
f 264 336 265
f 265 336 337
f 265 337 266
f 266 337 338
f 266 338 267
f 267 338 339
f 267 339 268
f 268 339 340
f 268 340 269
f 269 340 341
f 269 341 270
f 270 341 342
f 270 342 271
f 271 342 343
f 271 343 272
f 272 343 344
f 272 344 273
f 273 344 345
f 273 345 274
f 274 345 346
f 274 346 275
f 275 346 347
f 275 347 276
f 276 347 348
f 276 348 277
f 277 348 349
f 277 349 278
f 278 349 350
f 278 350 279
f 279 350 351
f 279 351 280
f 280 351 352
f 280 352 281
f 281 352 353
f 281 353 282
f 282 353 354
f 282 354 283
f 283 354 355
f 283 355 284
f 284 355 356
f 284 356 285
f 285 356 357
f 285 357 286
f 286 357 358
f 286 358 287
f 287 358 359
f 287 359 288
f 288 359 360
f 288 360 217
f 217 360 289
f 289 361 290
f 290 361 362
f 290 362 291
f 291 362 363
f 291 363 292
f 292 363 364
f 292 364 293
f 293 364 365
f 293 365 294
f 294 365 366
f 294 366 295
f 295 366 367
f 295 367 296
f 296 367 368
f 296 368 297
f 297 368 369
f 297 369 298
f 298 369 370
f 298 370 299
f 299 370 371
f 299 371 300
f 300 371 372
f 300 372 301
f 301 372 373
f 301 373 302
f 302 373 374
f 302 374 303
f 303 374 375
f 303 375 304
f 304 375 376
f 304 376 305
f 305 376 377
f 305 377 306
f 306 377 378
f 306 378 307
f 307 378 379
f 307 379 308
f 308 379 380
f 308 380 309
f 309 380 381
f 309 381 310
f 310 381 382
f 310 382 311
f 311 382 383
f 311 383 312
f 312 383 384
f 312 384 313
f 313 384 385
f 313 385 314
f 314 385 386
f 314 386 315
f 315 386 387
f 315 387 316
f 316 387 388
f 316 388 317
f 317 388 389
f 317 389 318
f 318 389 390
f 318 390 319
f 319 390 391
f 319 391 320
f 320 391 392
f 320 392 321
f 321 392 393
f 321 393 322
f 322 393 394
f 322 394 323
f 323 394 395
f 323 395 324
f 324 395 396
f 324 396 325
f 325 396 397
f 325 397 326
f 326 397 398
f 326 398 327
f 327 398 399
f 327 399 328
f 328 399 400
f 328 400 329
f 329 400 401
f 329 401 330
f 330 401 402
f 330 402 331
f 331 402 403
f 331 403 332
f 332 403 404
f 332 404 333
f 333 404 405
f 333 405 334
f 334 405 406
f 334 406 335
f 335 406 407
f 335 407 336
f 336 407 408
f 336 408 337
f 337 408 409
f 337 409 338
f 338 409 410
f 338 410 339
f 339 410 411
f 339 411 340
f 340 411 412
f 340 412 341
f 341 412 413
f 341 413 342
f 342 413 414
f 342 414 343
f 343 414 415
f 343 415 344
f 344 415 416
f 344 416 345
f 345 416 417
f 345 417 346
f 346 417 418
f 346 418 347
f 347 418 419
f 347 419 348
f 348 419 420
f 348 420 349
f 349 420 421
f 349 421 350
f 350 421 422
f 350 422 351
f 351 422 423
f 351 423 352
f 352 423 424
f 352 424 353
f 353 424 425
f 353 425 354
f 354 425 426
f 354 426 355
f 355 426 427
f 355 427 356
f 356 427 428
f 356 428 357
f 357 428 429
f 357 429 358
f 358 429 430
f 358 430 359
f 359 430 431
f 359 431 360
f 360 431 432
f 360 432 289
f 289 432 361
f 361 433 362
f 362 433 434
f 362 434 363
f 363 434 435
f 363 435 364
f 364 435 436
f 364 436 365
f 365 436 437
f 365 437 366
f 366 437 438
f 366 438 367
f 367 438 439
f 367 439 368
f 368 439 440
f 368 440 369
f 369 440 441
f 369 441 370
f 370 441 442
f 370 442 371
f 371 442 443
f 371 443 372
f 372 443 444
f 372 444 373
f 373 444 445
f 373 445 374
f 374 445 446
f 374 446 375
f 375 446 447
f 375 447 376
f 376 447 448
f 376 448 377
f 377 448 449
f 377 449 378
f 378 449 450
f 378 450 379
f 379 450 451
f 379 451 380
f 380 451 452
f 380 452 381
f 381 452 453
f 381 453 382
f 382 453 454
f 382 454 383
f 383 454 455
f 383 455 384
f 384 455 456
f 384 456 385
f 385 456 457
f 385 457 386
f 386 457 458
f 386 458 387
f 387 458 459
f 387 459 388
f 388 459 460
f 388 460 389
f 389 460 461
f 389 461 390
f 390 461 462
f 390 462 391
f 391 462 463
f 391 463 392
f 392 463 464
f 392 464 393
f 393 464 465
f 393 465 394
f 394 465 466
f 394 466 395
f 395 466 467
f 395 467 396
f 396 467 468
f 396 468 397
f 397 468 469
f 397 469 398
f 398 469 470
f 398 470 399
f 399 470 471
f 399 471 400
f 400 471 472
f 400 472 401
f 401 472 473
f 401 473 402
f 402 473 474
f 402 474 403
f 403 474 475
f 403 475 404
f 404 475 476
f 404 476 405
f 405 476 477
f 405 477 406
f 406 477 478
f 406 478 407
f 407 478 479
f 407 479 408
f 408 479 480
f 408 480 409
f 409 480 481
f 409 481 410
f 410 481 482
f 410 482 411
f 411 482 483
f 411 483 412
f 412 483 484
f 412 484 413
f 413 484 485
f 413 485 414
f 414 485 486
f 414 486 415
f 415 486 487
f 415 487 416
f 416 487 488
f 416 488 417
f 417 488 489
f 417 489 418
f 418 489 490
f 418 490 419
f 419 490 491
f 419 491 420
f 420 491 492
f 420 492 421
f 421 492 493
f 421 493 422
f 422 493 494
f 422 494 423
f 423 494 495
f 423 495 424
f 424 495 496
f 424 496 425
f 425 496 497
f 425 497 426
f 426 497 498
f 426 498 427
f 427 498 499
f 427 499 428
f 428 499 500
f 428 500 429
f 429 500 501
f 429 501 430
f 430 501 502
f 430 502 431
f 431 502 503
f 431 503 432
f 432 503 504
f 432 504 361
f 361 504 433
f 433 505 434
f 434 505 506
f 434 506 435
f 435 506 507
f 435 507 436
f 436 507 508
f 436 508 437
f 437 508 509
f 437 509 438
f 438 509 510
f 438 510 439
f 439 510 511
f 439 511 440
f 440 511 512
f 440 512 441
f 441 512 513
f 441 513 442
f 442 513 514
f 442 514 443
f 443 514 515
f 443 515 444
f 444 515 516
f 444 516 445
f 445 516 517
f 445 517 446
f 446 517 518
f 446 518 447
f 447 518 519
f 447 519 448
f 448 519 520
f 448 520 449
f 449 520 521
f 449 521 450
f 450 521 522
f 450 522 451
f 451 522 523
f 451 523 452
f 452 523 524
f 452 524 453
f 453 524 525
f 453 525 454
f 454 525 526
f 454 526 455
f 455 526 527
f 455 527 456
f 456 527 528
f 456 528 457
f 457 528 529
f 457 529 458
f 458 529 530
f 458 530 459
f 459 530 531
f 459 531 460
f 460 531 532
f 460 532 461
f 461 532 533
f 461 533 462
f 462 533 534
f 462 534 463
f 463 534 535
f 463 535 464
f 464 535 536
f 464 536 465
f 465 536 537
f 465 537 466
f 466 537 538
f 466 538 467
f 467 538 539
f 467 539 468
f 468 539 540
f 468 540 469
f 469 540 541
f 469 541 470
f 470 541 542
f 470 542 471
f 471 542 543
f 471 543 472
f 472 543 544
f 472 544 473
f 473 544 545
f 473 545 474
f 474 545 546
f 474 546 475
f 475 546 547
f 475 547 476
f 476 547 548
f 476 548 477
f 477 548 549
f 477 549 478
f 478 549 550
f 478 550 479
f 479 550 551
f 479 551 480
f 480 551 552
f 480 552 481
f 481 552 553
f 481 553 482
f 482 553 554
f 482 554 483
f 483 554 555
f 483 555 484
f 484 555 556
f 484 556 485
f 485 556 557
f 485 557 486
f 486 557 558
f 486 558 487
f 487 558 559
f 487 559 488
f 488 559 560
f 488 560 489
f 489 560 561
f 489 561 490
f 490 561 562
f 490 562 491
f 491 562 563
f 491 563 492
f 492 563 564
f 492 564 493
f 493 564 565
f 493 565 494
f 494 565 566
f 494 566 495
f 495 566 567
f 495 567 496
f 496 567 568
f 496 568 497
f 497 568 569
f 497 569 498
f 498 569 570
f 498 570 499
f 499 570 571
f 499 571 500
f 500 571 572
f 500 572 501
f 501 572 573
f 501 573 502
f 502 573 574
f 502 574 503
f 503 574 575
f 503 575 504
f 504 575 576
f 504 576 433
f 433 576 505
f 505 577 506
f 506 577 578
f 506 578 507
f 507 578 579
f 507 579 508
f 508 579 580
f 508 580 509
f 509 580 581
f 509 581 510
f 510 581 582
f 510 582 511
f 511 582 583
f 511 583 512
f 512 583 584
f 512 584 513
f 513 584 585
f 513 585 514
f 514 585 586
f 514 586 515
f 515 586 587
f 515 587 516
f 516 587 588
f 516 588 517
f 517 588 589
f 517 589 518
f 518 589 590
f 518 590 519
f 519 590 591
f 519 591 520
f 520 591 592
f 520 592 521
f 521 592 593
f 521 593 522
f 522 593 594
f 522 594 523
f 523 594 595
f 523 595 524
f 524 595 596
f 524 596 525
f 525 596 597
f 525 597 526
f 526 597 598
f 526 598 527
f 527 598 599
f 527 599 528
f 528 599 600
f 528 600 529
f 529 600 601
f 529 601 530
f 530 601 602
f 530 602 531
f 531 602 603
f 531 603 532
f 532 603 604
f 532 604 533
f 533 604 605
f 533 605 534
f 534 605 606
f 534 606 535
f 535 606 607
f 535 607 536
f 536 607 608
f 536 608 537
f 537 608 609
f 537 609 538
f 538 609 610
f 538 610 539
f 539 610 611
f 539 611 540
f 540 611 612
f 540 612 541
f 541 612 613
f 541 613 542
f 542 613 614
f 542 614 543
f 543 614 615
f 543 615 544
f 544 615 616
f 544 616 545
f 545 616 617
f 545 617 546
f 546 617 618
f 546 618 547
f 547 618 619
f 547 619 548
f 548 619 620
f 548 620 549
f 549 620 621
f 549 621 550
f 550 621 622
f 550 622 551
f 551 622 623
f 551 623 552
f 552 623 624
f 552 624 553
f 553 624 625
f 553 625 554
f 554 625 626
f 554 626 555
f 555 626 627
f 555 627 556
f 556 627 628
f 556 628 557
f 557 628 629
f 557 629 558
f 558 629 630
f 558 630 559
f 559 630 631
f 559 631 560
f 560 631 632
f 560 632 561
f 561 632 633
f 561 633 562
f 562 633 634
f 562 634 563
f 563 634 635
f 563 635 564
f 564 635 636
f 564 636 565
f 565 636 637
f 565 637 566
f 566 637 638
f 566 638 567
f 567 638 639
f 567 639 568
f 568 639 640
f 568 640 569
f 569 640 641
f 569 641 570
f 570 641 642
f 570 642 571
f 571 642 643
f 571 643 572
f 572 643 644
f 572 644 573
f 573 644 645
f 573 645 574
f 574 645 646
f 574 646 575
f 575 646 647
f 575 647 576
f 576 647 648
f 576 648 505
f 505 648 577
f 577 649 578
f 578 649 650
f 578 650 579
f 579 650 651
f 579 651 580
f 580 651 652
f 580 652 581
f 581 652 653
f 581 653 582
f 582 653 654
f 582 654 583
f 583 654 655
f 583 655 584
f 584 655 656
f 584 656 585
f 585 656 657
f 585 657 586
f 586 657 658
f 586 658 587
f 587 658 659
f 587 659 588
f 588 659 660
f 588 660 589
f 589 660 661
f 589 661 590
f 590 661 662
f 590 662 591
f 591 662 663
f 591 663 592
f 592 663 664
f 592 664 593
f 593 664 665
f 593 665 594
f 594 665 666
f 594 666 595
f 595 666 667
f 595 667 596
f 596 667 668
f 596 668 597
f 597 668 669
f 597 669 598
f 598 669 670
f 598 670 599
f 599 670 671
f 599 671 600
f 600 671 672
f 600 672 601
f 601 672 673
f 601 673 602
f 602 673 674
f 602 674 603
f 603 674 675
f 603 675 604
f 604 675 676
f 604 676 605
f 605 676 677
f 605 677 606
f 606 677 678
f 606 678 607
f 607 678 679
f 607 679 608
f 608 679 680
f 608 680 609
f 609 680 681
f 609 681 610
f 610 681 682
f 610 682 611
f 611 682 683
f 611 683 612
f 612 683 684
f 612 684 613
f 613 684 685
f 613 685 614
f 614 685 686
f 614 686 615
f 615 686 687
f 615 687 616
f 616 687 688
f 616 688 617
f 617 688 689
f 617 689 618
f 618 689 690
f 618 690 619
f 619 690 691
f 619 691 620
f 620 691 692
f 620 692 621
f 621 692 693
f 621 693 622
f 622 693 694
f 622 694 623
f 623 694 695
f 623 695 624
f 624 695 696
f 624 696 625
f 625 696 697
f 625 697 626
f 626 697 698
f 626 698 627
f 627 698 699
f 627 699 628
f 628 699 700
f 628 700 629
f 629 700 701
f 629 701 630
f 630 701 702
f 630 702 631
f 631 702 703
f 631 703 632
f 632 703 704
f 632 704 633
f 633 704 705
f 633 705 634
f 634 705 706
f 634 706 635
f 635 706 707
f 635 707 636
f 636 707 708
f 636 708 637
f 637 708 709
f 637 709 638
f 638 709 710
f 638 710 639
f 639 710 711
f 639 711 640
f 640 711 712
f 640 712 641
f 641 712 713
f 641 713 642
f 642 713 714
f 642 714 643
f 643 714 715
f 643 715 644
f 644 715 716
f 644 716 645
f 645 716 717
f 645 717 646
f 646 717 718
f 646 718 647
f 647 718 719
f 647 719 648
f 648 719 720
f 648 720 577
f 577 720 649
f 649 721 650
f 650 721 722
f 650 722 651
f 651 722 723
f 651 723 652
f 652 723 724
f 652 724 653
f 653 724 725
f 653 725 654
f 654 725 726
f 654 726 655
f 655 726 727
f 655 727 656
f 656 727 728
f 656 728 657
f 657 728 729
f 657 729 658
f 658 729 730
f 658 730 659
f 659 730 731
f 659 731 660
f 660 731 732
f 660 732 661
f 661 732 733
f 661 733 662
f 662 733 734
f 662 734 663
f 663 734 735
f 663 735 664
f 664 735 736
f 664 736 665
f 665 736 737
f 665 737 666
f 666 737 738
f 666 738 667
f 667 738 739
f 667 739 668
f 668 739 740
f 668 740 669
f 669 740 741
f 669 741 670
f 670 741 742
f 670 742 671
f 671 742 743
f 671 743 672
f 672 743 744
f 672 744 673
f 673 744 745
f 673 745 674
f 674 745 746
f 674 746 675
f 675 746 747
f 675 747 676
f 676 747 748
f 676 748 677
f 677 748 749
f 677 749 678
f 678 749 750
f 678 750 679
f 679 750 751
f 679 751 680
f 680 751 752
f 680 752 681
f 681 752 753
f 681 753 682
f 682 753 754
f 682 754 683
f 683 754 755
f 683 755 684
f 684 755 756
f 684 756 685
f 685 756 757
f 685 757 686
f 686 757 758
f 686 758 687
f 687 758 759
f 687 759 688
f 688 759 760
f 688 760 689
f 689 760 761
f 689 761 690
f 690 761 762
f 690 762 691
f 691 762 763
f 691 763 692
f 692 763 764
f 692 764 693
f 693 764 765
f 693 765 694
f 694 765 766
f 694 766 695
f 695 766 767
f 695 767 696
f 696 767 768
f 696 768 697
f 697 768 769
f 697 769 698
f 698 769 770
f 698 770 699
f 699 770 771
f 699 771 700
f 700 771 772
f 700 772 701
f 701 772 773
f 701 773 702
f 702 773 774
f 702 774 703
f 703 774 775
f 703 775 704
f 704 775 776
f 704 776 705
f 705 776 777
f 705 777 706
f 706 777 778
f 706 778 707
f 707 778 779
f 707 779 708
f 708 779 780
f 708 780 709
f 709 780 781
f 709 781 710
f 710 781 782
f 710 782 711
f 711 782 783
f 711 783 712
f 712 783 784
f 712 784 713
f 713 784 785
f 713 785 714
f 714 785 786
f 714 786 715
f 715 786 787
f 715 787 716
f 716 787 788
f 716 788 717
f 717 788 789
f 717 789 718
f 718 789 790
f 718 790 719
f 719 790 791
f 719 791 720
f 720 791 792
f 720 792 649
f 649 792 721
f 721 793 722
f 722 793 794
f 722 794 723
f 723 794 795
f 723 795 724
f 724 795 796
f 724 796 725
f 725 796 797
f 725 797 726
f 726 797 798
f 726 798 727
f 727 798 799
f 727 799 728
f 728 799 800
f 728 800 729
f 729 800 801
f 729 801 730
f 730 801 802
f 730 802 731
f 731 802 803
f 731 803 732
f 732 803 804
f 732 804 733
f 733 804 805
f 733 805 734
f 734 805 806
f 734 806 735
f 735 806 807
f 735 807 736
f 736 807 808
f 736 808 737
f 737 808 809
f 737 809 738
f 738 809 810
f 738 810 739
f 739 810 811
f 739 811 740
f 740 811 812
f 740 812 741
f 741 812 813
f 741 813 742
f 742 813 814
f 742 814 743
f 743 814 815
f 743 815 744
f 744 815 816
f 744 816 745
f 745 816 817
f 745 817 746
f 746 817 818
f 746 818 747
f 747 818 819
f 747 819 748
f 748 819 820
f 748 820 749
f 749 820 821
f 749 821 750
f 750 821 822
f 750 822 751
f 751 822 823
f 751 823 752
f 752 823 824
f 752 824 753
f 753 824 825
f 753 825 754
f 754 825 826
f 754 826 755
f 755 826 827
f 755 827 756
f 756 827 828
f 756 828 757
f 757 828 829
f 757 829 758
f 758 829 830
f 758 830 759
f 759 830 831
f 759 831 760
f 760 831 832
f 760 832 761
f 761 832 833
f 761 833 762
f 762 833 834
f 762 834 763
f 763 834 835
f 763 835 764
f 764 835 836
f 764 836 765
f 765 836 837
f 765 837 766
f 766 837 838
f 766 838 767
f 767 838 839
f 767 839 768
f 768 839 840
f 768 840 769
f 769 840 841
f 769 841 770
f 770 841 842
f 770 842 771
f 771 842 843
f 771 843 772
f 772 843 844
f 772 844 773
f 773 844 845
f 773 845 774
f 774 845 846
f 774 846 775
f 775 846 847
f 775 847 776
f 776 847 848
f 776 848 777
f 777 848 849
f 777 849 778
f 778 849 850
f 778 850 779
f 779 850 851
f 779 851 780
f 780 851 852
f 780 852 781
f 781 852 853
f 781 853 782
f 782 853 854
f 782 854 783
f 783 854 855
f 783 855 784
f 784 855 856
f 784 856 785
f 785 856 857
f 785 857 786
f 786 857 858
f 786 858 787
f 787 858 859
f 787 859 788
f 788 859 860
f 788 860 789
f 789 860 861
f 789 861 790
f 790 861 862
f 790 862 791
f 791 862 863
f 791 863 792
f 792 863 864
f 792 864 721
f 721 864 793
f 793 865 794
f 794 865 866
f 794 866 795
f 795 866 867
f 795 867 796
f 796 867 868
f 796 868 797
f 797 868 869
f 797 869 798
f 798 869 870
f 798 870 799
f 799 870 871
f 799 871 800
f 800 871 872
f 800 872 801
f 801 872 873
f 801 873 802
f 802 873 874
f 802 874 803
f 803 874 875
f 803 875 804
f 804 875 876
f 804 876 805
f 805 876 877
f 805 877 806
f 806 877 878
f 806 878 807
f 807 878 879
f 807 879 808
f 808 879 880
f 808 880 809
f 809 880 881
f 809 881 810
f 810 881 882
f 810 882 811
f 811 882 883
f 811 883 812
f 812 883 884
f 812 884 813
f 813 884 885
f 813 885 814
f 814 885 886
f 814 886 815
f 815 886 887
f 815 887 816
f 816 887 888
f 816 888 817
f 817 888 889
f 817 889 818
f 818 889 890
f 818 890 819
f 819 890 891
f 819 891 820
f 820 891 892
f 820 892 821
f 821 892 893
f 821 893 822
f 822 893 894
f 822 894 823
f 823 894 895
f 823 895 824
f 824 895 896
f 824 896 825
f 825 896 897
f 825 897 826
f 826 897 898
f 826 898 827
f 827 898 899
f 827 899 828
f 828 899 900
f 828 900 829
f 829 900 901
f 829 901 830
f 830 901 902
f 830 902 831
f 831 902 903
f 831 903 832
f 832 903 904
f 832 904 833
f 833 904 905
f 833 905 834
f 834 905 906
f 834 906 835
f 835 906 907
f 835 907 836
f 836 907 908
f 836 908 837
f 837 908 909
f 837 909 838
f 838 909 910
f 838 910 839
f 839 910 911
f 839 911 840
f 840 911 912
f 840 912 841
f 841 912 913
f 841 913 842
f 842 913 914
f 842 914 843
f 843 914 915
f 843 915 844
f 844 915 916
f 844 916 845
f 845 916 917
f 845 917 846
f 846 917 918
f 846 918 847
f 847 918 919
f 847 919 848
f 848 919 920
f 848 920 849
f 849 920 921
f 849 921 850
f 850 921 922
f 850 922 851
f 851 922 923
f 851 923 852
f 852 923 924
f 852 924 853
f 853 924 925
f 853 925 854
f 854 925 926
f 854 926 855
f 855 926 927
f 855 927 856
f 856 927 928
f 856 928 857
f 857 928 929
f 857 929 858
f 858 929 930
f 858 930 859
f 859 930 931
f 859 931 860
f 860 931 932
f 860 932 861
f 861 932 933
f 861 933 862
f 862 933 934
f 862 934 863
f 863 934 935
f 863 935 864
f 864 935 936
f 864 936 793
f 793 936 865
f 865 937 866
f 866 937 938
f 866 938 867
f 867 938 939
f 867 939 868
f 868 939 940
f 868 940 869
f 869 940 941
f 869 941 870
f 870 941 942
f 870 942 871
f 871 942 943
f 871 943 872
f 872 943 944
f 872 944 873
f 873 944 945
f 873 945 874
f 874 945 946
f 874 946 875
f 875 946 947
f 875 947 876
f 876 947 948
f 876 948 877
f 877 948 949
f 877 949 878
f 878 949 950
f 878 950 879
f 879 950 951
f 879 951 880
f 880 951 952
f 880 952 881
f 881 952 953
f 881 953 882
f 882 953 954
f 882 954 883
f 883 954 955
f 883 955 884
f 884 955 956
f 884 956 885
f 885 956 957
f 885 957 886
f 886 957 958
f 886 958 887
f 887 958 959
f 887 959 888
f 888 959 960
f 888 960 889
f 889 960 961
f 889 961 890
f 890 961 962
f 890 962 891
f 891 962 963
f 891 963 892
f 892 963 964
f 892 964 893
f 893 964 965
f 893 965 894
f 894 965 966
f 894 966 895
f 895 966 967
f 895 967 896
f 896 967 968
f 896 968 897
f 897 968 969
f 897 969 898
f 898 969 970
f 898 970 899
f 899 970 971
f 899 971 900
f 900 971 972
f 900 972 901
f 901 972 973
f 901 973 902
f 902 973 974
f 902 974 903
f 903 974 975
f 903 975 904
f 904 975 976
f 904 976 905
f 905 976 977
f 905 977 906
f 906 977 978
f 906 978 907
f 907 978 979
f 907 979 908
f 908 979 980
f 908 980 909
f 909 980 981
f 909 981 910
f 910 981 982
f 910 982 911
f 911 982 983
f 911 983 912
f 912 983 984
f 912 984 913
f 913 984 985
f 913 985 914
f 914 985 986
f 914 986 915
f 915 986 987
f 915 987 916
f 916 987 988
f 916 988 917
f 917 988 989
f 917 989 918
f 918 989 990
f 918 990 919
f 919 990 991
f 919 991 920
f 920 991 992
f 920 992 921
f 921 992 993
f 921 993 922
f 922 993 994
f 922 994 923
f 923 994 995
f 923 995 924
f 924 995 996
f 924 996 925
f 925 996 997
f 925 997 926
f 926 997 998
f 926 998 927
f 927 998 999
f 927 999 928
f 928 999 1000
f 928 1000 929
f 929 1000 1001
f 929 1001 930
f 930 1001 1002
f 930 1002 931
f 931 1002 1003
f 931 1003 932
f 932 1003 1004
f 932 1004 933
f 933 1004 1005
f 933 1005 934
f 934 1005 1006
f 934 1006 935
f 935 1006 1007
f 935 1007 936
f 936 1007 1008
f 936 1008 865
f 865 1008 937
f 937 1009 938
f 938 1009 1010
f 938 1010 939
f 939 1010 1011
f 939 1011 940
f 940 1011 1012
f 940 1012 941
f 941 1012 1013
f 941 1013 942
f 942 1013 1014
f 942 1014 943
f 943 1014 1015
f 943 1015 944
f 944 1015 1016
f 944 1016 945
f 945 1016 1017
f 945 1017 946
f 946 1017 1018
f 946 1018 947
f 947 1018 1019
f 947 1019 948
f 948 1019 1020
f 948 1020 949
f 949 1020 1021
f 949 1021 950
f 950 1021 1022
f 950 1022 951
f 951 1022 1023
f 951 1023 952
f 952 1023 1024
f 952 1024 953
f 953 1024 1025
f 953 1025 954
f 954 1025 1026
f 954 1026 955
f 955 1026 1027
f 955 1027 956
f 956 1027 1028
f 956 1028 957
f 957 1028 1029
f 957 1029 958
f 958 1029 1030
f 958 1030 959
f 959 1030 1031
f 959 1031 960
f 960 1031 1032
f 960 1032 961
f 961 1032 1033
f 961 1033 962
f 962 1033 1034
f 962 1034 963
f 963 1034 1035
f 963 1035 964
f 964 1035 1036
f 964 1036 965
f 965 1036 1037
f 965 1037 966
f 966 1037 1038
f 966 1038 967
f 967 1038 1039
f 967 1039 968
f 968 1039 1040
f 968 1040 969
f 969 1040 1041
f 969 1041 970
f 970 1041 1042
f 970 1042 971
f 971 1042 1043
f 971 1043 972
f 972 1043 1044
f 972 1044 973
f 973 1044 1045
f 973 1045 974
f 974 1045 1046
f 974 1046 975
f 975 1046 1047
f 975 1047 976
f 976 1047 1048
f 976 1048 977
f 977 1048 1049
f 977 1049 978
f 978 1049 1050
f 978 1050 979
f 979 1050 1051
f 979 1051 980
f 980 1051 1052
f 980 1052 981
f 981 1052 1053
f 981 1053 982
f 982 1053 1054
f 982 1054 983
f 983 1054 1055
f 983 1055 984
f 984 1055 1056
f 984 1056 985
f 985 1056 1057
f 985 1057 986
f 986 1057 1058
f 986 1058 987
f 987 1058 1059
f 987 1059 988
f 988 1059 1060
f 988 1060 989
f 989 1060 1061
f 989 1061 990
f 990 1061 1062
f 990 1062 991
f 991 1062 1063
f 991 1063 992
f 992 1063 1064
f 992 1064 993
f 993 1064 1065
f 993 1065 994
f 994 1065 1066
f 994 1066 995
f 995 1066 1067
f 995 1067 996
f 996 1067 1068
f 996 1068 997
f 997 1068 1069
f 997 1069 998
f 998 1069 1070
f 998 1070 999
f 999 1070 1071
f 999 1071 1000
f 1000 1071 1072
f 1000 1072 1001
f 1001 1072 1073
f 1001 1073 1002
f 1002 1073 1074
f 1002 1074 1003
f 1003 1074 1075
f 1003 1075 1004
f 1004 1075 1076
f 1004 1076 1005
f 1005 1076 1077
f 1005 1077 1006
f 1006 1077 1078
f 1006 1078 1007
f 1007 1078 1079
f 1007 1079 1008
f 1008 1079 1080
f 1008 1080 937
f 937 1080 1009
f 1009 1081 1010
f 1010 1081 1082
f 1010 1082 1011
f 1011 1082 1083
f 1011 1083 1012
f 1012 1083 1084
f 1012 1084 1013
f 1013 1084 1085
f 1013 1085 1014
f 1014 1085 1086
f 1014 1086 1015
f 1015 1086 1087
f 1015 1087 1016
f 1016 1087 1088
f 1016 1088 1017
f 1017 1088 1089
f 1017 1089 1018
f 1018 1089 1090
f 1018 1090 1019
f 1019 1090 1091
f 1019 1091 1020
f 1020 1091 1092
f 1020 1092 1021
f 1021 1092 1093
f 1021 1093 1022
f 1022 1093 1094
f 1022 1094 1023
f 1023 1094 1095
f 1023 1095 1024
f 1024 1095 1096
f 1024 1096 1025
f 1025 1096 1097
f 1025 1097 1026
f 1026 1097 1098
f 1026 1098 1027
f 1027 1098 1099
f 1027 1099 1028
f 1028 1099 1100
f 1028 1100 1029
f 1029 1100 1101
f 1029 1101 1030
f 1030 1101 1102
f 1030 1102 1031
f 1031 1102 1103
f 1031 1103 1032
f 1032 1103 1104
f 1032 1104 1033
f 1033 1104 1105
f 1033 1105 1034
f 1034 1105 1106
f 1034 1106 1035
f 1035 1106 1107
f 1035 1107 1036
f 1036 1107 1108
f 1036 1108 1037
f 1037 1108 1109
f 1037 1109 1038
f 1038 1109 1110
f 1038 1110 1039
f 1039 1110 1111
f 1039 1111 1040
f 1040 1111 1112
f 1040 1112 1041
f 1041 1112 1113
f 1041 1113 1042
f 1042 1113 1114
f 1042 1114 1043
f 1043 1114 1115
f 1043 1115 1044
f 1044 1115 1116
f 1044 1116 1045
f 1045 1116 1117
f 1045 1117 1046
f 1046 1117 1118
f 1046 1118 1047
f 1047 1118 1119
f 1047 1119 1048
f 1048 1119 1120
f 1048 1120 1049
f 1049 1120 1121
f 1049 1121 1050
f 1050 1121 1122
f 1050 1122 1051
f 1051 1122 1123
f 1051 1123 1052
f 1052 1123 1124
f 1052 1124 1053
f 1053 1124 1125
f 1053 1125 1054
f 1054 1125 1126
f 1054 1126 1055
f 1055 1126 1127
f 1055 1127 1056
f 1056 1127 1128
f 1056 1128 1057
f 1057 1128 1129
f 1057 1129 1058
f 1058 1129 1130
f 1058 1130 1059
f 1059 1130 1131
f 1059 1131 1060
f 1060 1131 1132
f 1060 1132 1061
f 1061 1132 1133
f 1061 1133 1062
f 1062 1133 1134
f 1062 1134 1063
f 1063 1134 1135
f 1063 1135 1064
f 1064 1135 1136
f 1064 1136 1065
f 1065 1136 1137
f 1065 1137 1066
f 1066 1137 1138
f 1066 1138 1067
f 1067 1138 1139
f 1067 1139 1068
f 1068 1139 1140
f 1068 1140 1069
f 1069 1140 1141
f 1069 1141 1070
f 1070 1141 1142
f 1070 1142 1071
f 1071 1142 1143
f 1071 1143 1072
f 1072 1143 1144
f 1072 1144 1073
f 1073 1144 1145
f 1073 1145 1074
f 1074 1145 1146
f 1074 1146 1075
f 1075 1146 1147
f 1075 1147 1076
f 1076 1147 1148
f 1076 1148 1077
f 1077 1148 1149
f 1077 1149 1078
f 1078 1149 1150
f 1078 1150 1079
f 1079 1150 1151
f 1079 1151 1080
f 1080 1151 1152
f 1080 1152 1009
f 1009 1152 1081
f 1081 1153 1082
f 1082 1153 1154
f 1082 1154 1083
f 1083 1154 1155
f 1083 1155 1084
f 1084 1155 1156
f 1084 1156 1085
f 1085 1156 1157
f 1085 1157 1086
f 1086 1157 1158
f 1086 1158 1087
f 1087 1158 1159
f 1087 1159 1088
f 1088 1159 1160
f 1088 1160 1089
f 1089 1160 1161
f 1089 1161 1090
f 1090 1161 1162
f 1090 1162 1091
f 1091 1162 1163
f 1091 1163 1092
f 1092 1163 1164
f 1092 1164 1093
f 1093 1164 1165
f 1093 1165 1094
f 1094 1165 1166
f 1094 1166 1095
f 1095 1166 1167
f 1095 1167 1096
f 1096 1167 1168
f 1096 1168 1097
f 1097 1168 1169
f 1097 1169 1098
f 1098 1169 1170
f 1098 1170 1099
f 1099 1170 1171
f 1099 1171 1100
f 1100 1171 1172
f 1100 1172 1101
f 1101 1172 1173
f 1101 1173 1102
f 1102 1173 1174
f 1102 1174 1103
f 1103 1174 1175
f 1103 1175 1104
f 1104 1175 1176
f 1104 1176 1105
f 1105 1176 1177
f 1105 1177 1106
f 1106 1177 1178
f 1106 1178 1107
f 1107 1178 1179
f 1107 1179 1108
f 1108 1179 1180
f 1108 1180 1109
f 1109 1180 1181
f 1109 1181 1110
f 1110 1181 1182
f 1110 1182 1111
f 1111 1182 1183
f 1111 1183 1112
f 1112 1183 1184
f 1112 1184 1113
f 1113 1184 1185
f 1113 1185 1114
f 1114 1185 1186
f 1114 1186 1115
f 1115 1186 1187
f 1115 1187 1116
f 1116 1187 1188
f 1116 1188 1117
f 1117 1188 1189
f 1117 1189 1118
f 1118 1189 1190
f 1118 1190 1119
f 1119 1190 1191
f 1119 1191 1120
f 1120 1191 1192
f 1120 1192 1121
f 1121 1192 1193
f 1121 1193 1122
f 1122 1193 1194
f 1122 1194 1123
f 1123 1194 1195
f 1123 1195 1124
f 1124 1195 1196
f 1124 1196 1125
f 1125 1196 1197
f 1125 1197 1126
f 1126 1197 1198
f 1126 1198 1127
f 1127 1198 1199
f 1127 1199 1128
f 1128 1199 1200
f 1128 1200 1129
f 1129 1200 1201
f 1129 1201 1130
f 1130 1201 1202
f 1130 1202 1131
f 1131 1202 1203
f 1131 1203 1132
f 1132 1203 1204
f 1132 1204 1133
f 1133 1204 1205
f 1133 1205 1134
f 1134 1205 1206
f 1134 1206 1135
f 1135 1206 1207
f 1135 1207 1136
f 1136 1207 1208
f 1136 1208 1137
f 1137 1208 1209
f 1137 1209 1138
f 1138 1209 1210
f 1138 1210 1139
f 1139 1210 1211
f 1139 1211 1140
f 1140 1211 1212
f 1140 1212 1141
f 1141 1212 1213
f 1141 1213 1142
f 1142 1213 1214
f 1142 1214 1143
f 1143 1214 1215
f 1143 1215 1144
f 1144 1215 1216
f 1144 1216 1145
f 1145 1216 1217
f 1145 1217 1146
f 1146 1217 1218
f 1146 1218 1147
f 1147 1218 1219
f 1147 1219 1148
f 1148 1219 1220
f 1148 1220 1149
f 1149 1220 1221
f 1149 1221 1150
f 1150 1221 1222
f 1150 1222 1151
f 1151 1222 1223
f 1151 1223 1152
f 1152 1223 1224
f 1152 1224 1081
f 1081 1224 1153
f 1153 1225 1154
f 1154 1225 1226
f 1154 1226 1155
f 1155 1226 1227
f 1155 1227 1156
f 1156 1227 1228
f 1156 1228 1157
f 1157 1228 1229
f 1157 1229 1158
f 1158 1229 1230
f 1158 1230 1159
f 1159 1230 1231
f 1159 1231 1160
f 1160 1231 1232
f 1160 1232 1161
f 1161 1232 1233
f 1161 1233 1162
f 1162 1233 1234
f 1162 1234 1163
f 1163 1234 1235
f 1163 1235 1164
f 1164 1235 1236
f 1164 1236 1165
f 1165 1236 1237
f 1165 1237 1166
f 1166 1237 1238
f 1166 1238 1167
f 1167 1238 1239
f 1167 1239 1168
f 1168 1239 1240
f 1168 1240 1169
f 1169 1240 1241
f 1169 1241 1170
f 1170 1241 1242
f 1170 1242 1171
f 1171 1242 1243
f 1171 1243 1172
f 1172 1243 1244
f 1172 1244 1173
f 1173 1244 1245
f 1173 1245 1174
f 1174 1245 1246
f 1174 1246 1175
f 1175 1246 1247
f 1175 1247 1176
f 1176 1247 1248
f 1176 1248 1177
f 1177 1248 1249
f 1177 1249 1178
f 1178 1249 1250
f 1178 1250 1179
f 1179 1250 1251
f 1179 1251 1180
f 1180 1251 1252
f 1180 1252 1181
f 1181 1252 1253
f 1181 1253 1182
f 1182 1253 1254
f 1182 1254 1183
f 1183 1254 1255
f 1183 1255 1184
f 1184 1255 1256
f 1184 1256 1185
f 1185 1256 1257
f 1185 1257 1186
f 1186 1257 1258
f 1186 1258 1187
f 1187 1258 1259
f 1187 1259 1188
f 1188 1259 1260
f 1188 1260 1189
f 1189 1260 1261
f 1189 1261 1190
f 1190 1261 1262
f 1190 1262 1191
f 1191 1262 1263
f 1191 1263 1192
f 1192 1263 1264
f 1192 1264 1193
f 1193 1264 1265
f 1193 1265 1194
f 1194 1265 1266
f 1194 1266 1195
f 1195 1266 1267
f 1195 1267 1196
f 1196 1267 1268
f 1196 1268 1197
f 1197 1268 1269
f 1197 1269 1198
f 1198 1269 1270
f 1198 1270 1199
f 1199 1270 1271
f 1199 1271 1200
f 1200 1271 1272
f 1200 1272 1201
f 1201 1272 1273
f 1201 1273 1202
f 1202 1273 1274
f 1202 1274 1203
f 1203 1274 1275
f 1203 1275 1204
f 1204 1275 1276
f 1204 1276 1205
f 1205 1276 1277
f 1205 1277 1206
f 1206 1277 1278
f 1206 1278 1207
f 1207 1278 1279
f 1207 1279 1208
f 1208 1279 1280
f 1208 1280 1209
f 1209 1280 1281
f 1209 1281 1210
f 1210 1281 1282
f 1210 1282 1211
f 1211 1282 1283
f 1211 1283 1212
f 1212 1283 1284
f 1212 1284 1213
f 1213 1284 1285
f 1213 1285 1214
f 1214 1285 1286
f 1214 1286 1215
f 1215 1286 1287
f 1215 1287 1216
f 1216 1287 1288
f 1216 1288 1217
f 1217 1288 1289
f 1217 1289 1218
f 1218 1289 1290
f 1218 1290 1219
f 1219 1290 1291
f 1219 1291 1220
f 1220 1291 1292
f 1220 1292 1221
f 1221 1292 1293
f 1221 1293 1222
f 1222 1293 1294
f 1222 1294 1223
f 1223 1294 1295
f 1223 1295 1224
f 1224 1295 1296
f 1224 1296 1153
f 1153 1296 1225
f 1225 1297 1226
f 1226 1297 1298
f 1226 1298 1227
f 1227 1298 1299
f 1227 1299 1228
f 1228 1299 1300
f 1228 1300 1229
f 1229 1300 1301
f 1229 1301 1230
f 1230 1301 1302
f 1230 1302 1231
f 1231 1302 1303
f 1231 1303 1232
f 1232 1303 1304
f 1232 1304 1233
f 1233 1304 1305
f 1233 1305 1234
f 1234 1305 1306
f 1234 1306 1235
f 1235 1306 1307
f 1235 1307 1236
f 1236 1307 1308
f 1236 1308 1237
f 1237 1308 1309
f 1237 1309 1238
f 1238 1309 1310
f 1238 1310 1239
f 1239 1310 1311
f 1239 1311 1240
f 1240 1311 1312
f 1240 1312 1241
f 1241 1312 1313
f 1241 1313 1242
f 1242 1313 1314
f 1242 1314 1243
f 1243 1314 1315
f 1243 1315 1244
f 1244 1315 1316
f 1244 1316 1245
f 1245 1316 1317
f 1245 1317 1246
f 1246 1317 1318
f 1246 1318 1247
f 1247 1318 1319
f 1247 1319 1248
f 1248 1319 1320
f 1248 1320 1249
f 1249 1320 1321
f 1249 1321 1250
f 1250 1321 1322
f 1250 1322 1251
f 1251 1322 1323
f 1251 1323 1252
f 1252 1323 1324
f 1252 1324 1253
f 1253 1324 1325
f 1253 1325 1254
f 1254 1325 1326
f 1254 1326 1255
f 1255 1326 1327
f 1255 1327 1256
f 1256 1327 1328
f 1256 1328 1257
f 1257 1328 1329
f 1257 1329 1258
f 1258 1329 1330
f 1258 1330 1259
f 1259 1330 1331
f 1259 1331 1260
f 1260 1331 1332
f 1260 1332 1261
f 1261 1332 1333
f 1261 1333 1262
f 1262 1333 1334
f 1262 1334 1263
f 1263 1334 1335
f 1263 1335 1264
f 1264 1335 1336
f 1264 1336 1265
f 1265 1336 1337
f 1265 1337 1266
f 1266 1337 1338
f 1266 1338 1267
f 1267 1338 1339
f 1267 1339 1268
f 1268 1339 1340
f 1268 1340 1269
f 1269 1340 1341
f 1269 1341 1270
f 1270 1341 1342
f 1270 1342 1271
f 1271 1342 1343
f 1271 1343 1272
f 1272 1343 1344
f 1272 1344 1273
f 1273 1344 1345
f 1273 1345 1274
f 1274 1345 1346
f 1274 1346 1275
f 1275 1346 1347
f 1275 1347 1276
f 1276 1347 1348
f 1276 1348 1277
f 1277 1348 1349
f 1277 1349 1278
f 1278 1349 1350
f 1278 1350 1279
f 1279 1350 1351
f 1279 1351 1280
f 1280 1351 1352
f 1280 1352 1281
f 1281 1352 1353
f 1281 1353 1282
f 1282 1353 1354
f 1282 1354 1283
f 1283 1354 1355
f 1283 1355 1284
f 1284 1355 1356
f 1284 1356 1285
f 1285 1356 1357
f 1285 1357 1286
f 1286 1357 1358
f 1286 1358 1287
f 1287 1358 1359
f 1287 1359 1288
f 1288 1359 1360
f 1288 1360 1289
f 1289 1360 1361
f 1289 1361 1290
f 1290 1361 1362
f 1290 1362 1291
f 1291 1362 1363
f 1291 1363 1292
f 1292 1363 1364
f 1292 1364 1293
f 1293 1364 1365
f 1293 1365 1294
f 1294 1365 1366
f 1294 1366 1295
f 1295 1366 1367
f 1295 1367 1296
f 1296 1367 1368
f 1296 1368 1225
f 1225 1368 1297
f 1297 1369 1298
f 1298 1369 1370
f 1298 1370 1299
f 1299 1370 1371
f 1299 1371 1300
f 1300 1371 1372
f 1300 1372 1301
f 1301 1372 1373
f 1301 1373 1302
f 1302 1373 1374
f 1302 1374 1303
f 1303 1374 1375
f 1303 1375 1304
f 1304 1375 1376
f 1304 1376 1305
f 1305 1376 1377
f 1305 1377 1306
f 1306 1377 1378
f 1306 1378 1307
f 1307 1378 1379
f 1307 1379 1308
f 1308 1379 1380
f 1308 1380 1309
f 1309 1380 1381
f 1309 1381 1310
f 1310 1381 1382
f 1310 1382 1311
f 1311 1382 1383
f 1311 1383 1312
f 1312 1383 1384
f 1312 1384 1313
f 1313 1384 1385
f 1313 1385 1314
f 1314 1385 1386
f 1314 1386 1315
f 1315 1386 1387
f 1315 1387 1316
f 1316 1387 1388
f 1316 1388 1317
f 1317 1388 1389
f 1317 1389 1318
f 1318 1389 1390
f 1318 1390 1319
f 1319 1390 1391
f 1319 1391 1320
f 1320 1391 1392
f 1320 1392 1321
f 1321 1392 1393
f 1321 1393 1322
f 1322 1393 1394
f 1322 1394 1323
f 1323 1394 1395
f 1323 1395 1324
f 1324 1395 1396
f 1324 1396 1325
f 1325 1396 1397
f 1325 1397 1326
f 1326 1397 1398
f 1326 1398 1327
f 1327 1398 1399
f 1327 1399 1328
f 1328 1399 1400
f 1328 1400 1329
f 1329 1400 1401
f 1329 1401 1330
f 1330 1401 1402
f 1330 1402 1331
f 1331 1402 1403
f 1331 1403 1332
f 1332 1403 1404
f 1332 1404 1333
f 1333 1404 1405
f 1333 1405 1334
f 1334 1405 1406
f 1334 1406 1335
f 1335 1406 1407
f 1335 1407 1336
f 1336 1407 1408
f 1336 1408 1337
f 1337 1408 1409
f 1337 1409 1338
f 1338 1409 1410
f 1338 1410 1339
f 1339 1410 1411
f 1339 1411 1340
f 1340 1411 1412
f 1340 1412 1341
f 1341 1412 1413
f 1341 1413 1342
f 1342 1413 1414
f 1342 1414 1343
f 1343 1414 1415
f 1343 1415 1344
f 1344 1415 1416
f 1344 1416 1345
f 1345 1416 1417
f 1345 1417 1346
f 1346 1417 1418
f 1346 1418 1347
f 1347 1418 1419
f 1347 1419 1348
f 1348 1419 1420
f 1348 1420 1349
f 1349 1420 1421
f 1349 1421 1350
f 1350 1421 1422
f 1350 1422 1351
f 1351 1422 1423
f 1351 1423 1352
f 1352 1423 1424
f 1352 1424 1353
f 1353 1424 1425
f 1353 1425 1354
f 1354 1425 1426
f 1354 1426 1355
f 1355 1426 1427
f 1355 1427 1356
f 1356 1427 1428
f 1356 1428 1357
f 1357 1428 1429
f 1357 1429 1358
f 1358 1429 1430
f 1358 1430 1359
f 1359 1430 1431
f 1359 1431 1360
f 1360 1431 1432
f 1360 1432 1361
f 1361 1432 1433
f 1361 1433 1362
f 1362 1433 1434
f 1362 1434 1363
f 1363 1434 1435
f 1363 1435 1364
f 1364 1435 1436
f 1364 1436 1365
f 1365 1436 1437
f 1365 1437 1366
f 1366 1437 1438
f 1366 1438 1367
f 1367 1438 1439
f 1367 1439 1368
f 1368 1439 1440
f 1368 1440 1297
f 1297 1440 1369
f 1369 1441 1370
f 1370 1441 1442
f 1370 1442 1371
f 1371 1442 1443
f 1371 1443 1372
f 1372 1443 1444
f 1372 1444 1373
f 1373 1444 1445
f 1373 1445 1374
f 1374 1445 1446
f 1374 1446 1375
f 1375 1446 1447
f 1375 1447 1376
f 1376 1447 1448
f 1376 1448 1377
f 1377 1448 1449
f 1377 1449 1378
f 1378 1449 1450
f 1378 1450 1379
f 1379 1450 1451
f 1379 1451 1380
f 1380 1451 1452
f 1380 1452 1381
f 1381 1452 1453
f 1381 1453 1382
f 1382 1453 1454
f 1382 1454 1383
f 1383 1454 1455
f 1383 1455 1384
f 1384 1455 1456
f 1384 1456 1385
f 1385 1456 1457
f 1385 1457 1386
f 1386 1457 1458
f 1386 1458 1387
f 1387 1458 1459
f 1387 1459 1388
f 1388 1459 1460
f 1388 1460 1389
f 1389 1460 1461
f 1389 1461 1390
f 1390 1461 1462
f 1390 1462 1391
f 1391 1462 1463
f 1391 1463 1392
f 1392 1463 1464
f 1392 1464 1393
f 1393 1464 1465
f 1393 1465 1394
f 1394 1465 1466
f 1394 1466 1395
f 1395 1466 1467
f 1395 1467 1396
f 1396 1467 1468
f 1396 1468 1397
f 1397 1468 1469
f 1397 1469 1398
f 1398 1469 1470
f 1398 1470 1399
f 1399 1470 1471
f 1399 1471 1400
f 1400 1471 1472
f 1400 1472 1401
f 1401 1472 1473
f 1401 1473 1402
f 1402 1473 1474
f 1402 1474 1403
f 1403 1474 1475
f 1403 1475 1404
f 1404 1475 1476
f 1404 1476 1405
f 1405 1476 1477
f 1405 1477 1406
f 1406 1477 1478
f 1406 1478 1407
f 1407 1478 1479
f 1407 1479 1408
f 1408 1479 1480
f 1408 1480 1409
f 1409 1480 1481
f 1409 1481 1410
f 1410 1481 1482
f 1410 1482 1411
f 1411 1482 1483
f 1411 1483 1412
f 1412 1483 1484
f 1412 1484 1413
f 1413 1484 1485
f 1413 1485 1414
f 1414 1485 1486
f 1414 1486 1415
f 1415 1486 1487
f 1415 1487 1416
f 1416 1487 1488
f 1416 1488 1417
f 1417 1488 1489
f 1417 1489 1418
f 1418 1489 1490
f 1418 1490 1419
f 1419 1490 1491
f 1419 1491 1420
f 1420 1491 1492
f 1420 1492 1421
f 1421 1492 1493
f 1421 1493 1422
f 1422 1493 1494
f 1422 1494 1423
f 1423 1494 1495
f 1423 1495 1424
f 1424 1495 1496
f 1424 1496 1425
f 1425 1496 1497
f 1425 1497 1426
f 1426 1497 1498
f 1426 1498 1427
f 1427 1498 1499
f 1427 1499 1428
f 1428 1499 1500
f 1428 1500 1429
f 1429 1500 1501
f 1429 1501 1430
f 1430 1501 1502
f 1430 1502 1431
f 1431 1502 1503
f 1431 1503 1432
f 1432 1503 1504
f 1432 1504 1433
f 1433 1504 1505
f 1433 1505 1434
f 1434 1505 1506
f 1434 1506 1435
f 1435 1506 1507
f 1435 1507 1436
f 1436 1507 1508
f 1436 1508 1437
f 1437 1508 1509
f 1437 1509 1438
f 1438 1509 1510
f 1438 1510 1439
f 1439 1510 1511
f 1439 1511 1440
f 1440 1511 1512
f 1440 1512 1369
f 1369 1512 1441
f 1441 1513 1442
f 1442 1513 1514
f 1442 1514 1443
f 1443 1514 1515
f 1443 1515 1444
f 1444 1515 1516
f 1444 1516 1445
f 1445 1516 1517
f 1445 1517 1446
f 1446 1517 1518
f 1446 1518 1447
f 1447 1518 1519
f 1447 1519 1448
f 1448 1519 1520
f 1448 1520 1449
f 1449 1520 1521
f 1449 1521 1450
f 1450 1521 1522
f 1450 1522 1451
f 1451 1522 1523
f 1451 1523 1452
f 1452 1523 1524
f 1452 1524 1453
f 1453 1524 1525
f 1453 1525 1454
f 1454 1525 1526
f 1454 1526 1455
f 1455 1526 1527
f 1455 1527 1456
f 1456 1527 1528
f 1456 1528 1457
f 1457 1528 1529
f 1457 1529 1458
f 1458 1529 1530
f 1458 1530 1459
f 1459 1530 1531
f 1459 1531 1460
f 1460 1531 1532
f 1460 1532 1461
f 1461 1532 1533
f 1461 1533 1462
f 1462 1533 1534
f 1462 1534 1463
f 1463 1534 1535
f 1463 1535 1464
f 1464 1535 1536
f 1464 1536 1465
f 1465 1536 1537
f 1465 1537 1466
f 1466 1537 1538
f 1466 1538 1467
f 1467 1538 1539
f 1467 1539 1468
f 1468 1539 1540
f 1468 1540 1469
f 1469 1540 1541
f 1469 1541 1470
f 1470 1541 1542
f 1470 1542 1471
f 1471 1542 1543
f 1471 1543 1472
f 1472 1543 1544
f 1472 1544 1473
f 1473 1544 1545
f 1473 1545 1474
f 1474 1545 1546
f 1474 1546 1475
f 1475 1546 1547
f 1475 1547 1476
f 1476 1547 1548
f 1476 1548 1477
f 1477 1548 1549
f 1477 1549 1478
f 1478 1549 1550
f 1478 1550 1479
f 1479 1550 1551
f 1479 1551 1480
f 1480 1551 1552
f 1480 1552 1481
f 1481 1552 1553
f 1481 1553 1482
f 1482 1553 1554
f 1482 1554 1483
f 1483 1554 1555
f 1483 1555 1484
f 1484 1555 1556
f 1484 1556 1485
f 1485 1556 1557
f 1485 1557 1486
f 1486 1557 1558
f 1486 1558 1487
f 1487 1558 1559
f 1487 1559 1488
f 1488 1559 1560
f 1488 1560 1489
f 1489 1560 1561
f 1489 1561 1490
f 1490 1561 1562
f 1490 1562 1491
f 1491 1562 1563
f 1491 1563 1492
f 1492 1563 1564
f 1492 1564 1493
f 1493 1564 1565
f 1493 1565 1494
f 1494 1565 1566
f 1494 1566 1495
f 1495 1566 1567
f 1495 1567 1496
f 1496 1567 1568
f 1496 1568 1497
f 1497 1568 1569
f 1497 1569 1498
f 1498 1569 1570
f 1498 1570 1499
f 1499 1570 1571
f 1499 1571 1500
f 1500 1571 1572
f 1500 1572 1501
f 1501 1572 1573
f 1501 1573 1502
f 1502 1573 1574
f 1502 1574 1503
f 1503 1574 1575
f 1503 1575 1504
f 1504 1575 1576
f 1504 1576 1505
f 1505 1576 1577
f 1505 1577 1506
f 1506 1577 1578
f 1506 1578 1507
f 1507 1578 1579
f 1507 1579 1508
f 1508 1579 1580
f 1508 1580 1509
f 1509 1580 1581
f 1509 1581 1510
f 1510 1581 1582
f 1510 1582 1511
f 1511 1582 1583
f 1511 1583 1512
f 1512 1583 1584
f 1512 1584 1441
f 1441 1584 1513
f 1513 1585 1514
f 1514 1585 1586
f 1514 1586 1515
f 1515 1586 1587
f 1515 1587 1516
f 1516 1587 1588
f 1516 1588 1517
f 1517 1588 1589
f 1517 1589 1518
f 1518 1589 1590
f 1518 1590 1519
f 1519 1590 1591
f 1519 1591 1520
f 1520 1591 1592
f 1520 1592 1521
f 1521 1592 1593
f 1521 1593 1522
f 1522 1593 1594
f 1522 1594 1523
f 1523 1594 1595
f 1523 1595 1524
f 1524 1595 1596
f 1524 1596 1525
f 1525 1596 1597
f 1525 1597 1526
f 1526 1597 1598
f 1526 1598 1527
f 1527 1598 1599
f 1527 1599 1528
f 1528 1599 1600
f 1528 1600 1529
f 1529 1600 1601
f 1529 1601 1530
f 1530 1601 1602
f 1530 1602 1531
f 1531 1602 1603
f 1531 1603 1532
f 1532 1603 1604
f 1532 1604 1533
f 1533 1604 1605
f 1533 1605 1534
f 1534 1605 1606
f 1534 1606 1535
f 1535 1606 1607
f 1535 1607 1536
f 1536 1607 1608
f 1536 1608 1537
f 1537 1608 1609
f 1537 1609 1538
f 1538 1609 1610
f 1538 1610 1539
f 1539 1610 1611
f 1539 1611 1540
f 1540 1611 1612
f 1540 1612 1541
f 1541 1612 1613
f 1541 1613 1542
f 1542 1613 1614
f 1542 1614 1543
f 1543 1614 1615
f 1543 1615 1544
f 1544 1615 1616
f 1544 1616 1545
f 1545 1616 1617
f 1545 1617 1546
f 1546 1617 1618
f 1546 1618 1547
f 1547 1618 1619
f 1547 1619 1548
f 1548 1619 1620
f 1548 1620 1549
f 1549 1620 1621
f 1549 1621 1550
f 1550 1621 1622
f 1550 1622 1551
f 1551 1622 1623
f 1551 1623 1552
f 1552 1623 1624
f 1552 1624 1553
f 1553 1624 1625
f 1553 1625 1554
f 1554 1625 1626
f 1554 1626 1555
f 1555 1626 1627
f 1555 1627 1556
f 1556 1627 1628
f 1556 1628 1557
f 1557 1628 1629
f 1557 1629 1558
f 1558 1629 1630
f 1558 1630 1559
f 1559 1630 1631
f 1559 1631 1560
f 1560 1631 1632
f 1560 1632 1561
f 1561 1632 1633
f 1561 1633 1562
f 1562 1633 1634
f 1562 1634 1563
f 1563 1634 1635
f 1563 1635 1564
f 1564 1635 1636
f 1564 1636 1565
f 1565 1636 1637
f 1565 1637 1566
f 1566 1637 1638
f 1566 1638 1567
f 1567 1638 1639
f 1567 1639 1568
f 1568 1639 1640
f 1568 1640 1569
f 1569 1640 1641
f 1569 1641 1570
f 1570 1641 1642
f 1570 1642 1571
f 1571 1642 1643
f 1571 1643 1572
f 1572 1643 1644
f 1572 1644 1573
f 1573 1644 1645
f 1573 1645 1574
f 1574 1645 1646
f 1574 1646 1575
f 1575 1646 1647
f 1575 1647 1576
f 1576 1647 1648
f 1576 1648 1577
f 1577 1648 1649
f 1577 1649 1578
f 1578 1649 1650
f 1578 1650 1579
f 1579 1650 1651
f 1579 1651 1580
f 1580 1651 1652
f 1580 1652 1581
f 1581 1652 1653
f 1581 1653 1582
f 1582 1653 1654
f 1582 1654 1583
f 1583 1654 1655
f 1583 1655 1584
f 1584 1655 1656
f 1584 1656 1513
f 1513 1656 1585
f 1585 1657 1586
f 1586 1657 1658
f 1586 1658 1587
f 1587 1658 1659
f 1587 1659 1588
f 1588 1659 1660
f 1588 1660 1589
f 1589 1660 1661
f 1589 1661 1590
f 1590 1661 1662
f 1590 1662 1591
f 1591 1662 1663
f 1591 1663 1592
f 1592 1663 1664
f 1592 1664 1593
f 1593 1664 1665
f 1593 1665 1594
f 1594 1665 1666
f 1594 1666 1595
f 1595 1666 1667
f 1595 1667 1596
f 1596 1667 1668
f 1596 1668 1597
f 1597 1668 1669
f 1597 1669 1598
f 1598 1669 1670
f 1598 1670 1599
f 1599 1670 1671
f 1599 1671 1600
f 1600 1671 1672
f 1600 1672 1601
f 1601 1672 1673
f 1601 1673 1602
f 1602 1673 1674
f 1602 1674 1603
f 1603 1674 1675
f 1603 1675 1604
f 1604 1675 1676
f 1604 1676 1605
f 1605 1676 1677
f 1605 1677 1606
f 1606 1677 1678
f 1606 1678 1607
f 1607 1678 1679
f 1607 1679 1608
f 1608 1679 1680
f 1608 1680 1609
f 1609 1680 1681
f 1609 1681 1610
f 1610 1681 1682
f 1610 1682 1611
f 1611 1682 1683
f 1611 1683 1612
f 1612 1683 1684
f 1612 1684 1613
f 1613 1684 1685
f 1613 1685 1614
f 1614 1685 1686
f 1614 1686 1615
f 1615 1686 1687
f 1615 1687 1616
f 1616 1687 1688
f 1616 1688 1617
f 1617 1688 1689
f 1617 1689 1618
f 1618 1689 1690
f 1618 1690 1619
f 1619 1690 1691
f 1619 1691 1620
f 1620 1691 1692
f 1620 1692 1621
f 1621 1692 1693
f 1621 1693 1622
f 1622 1693 1694
f 1622 1694 1623
f 1623 1694 1695
f 1623 1695 1624
f 1624 1695 1696
f 1624 1696 1625
f 1625 1696 1697
f 1625 1697 1626
f 1626 1697 1698
f 1626 1698 1627
f 1627 1698 1699
f 1627 1699 1628
f 1628 1699 1700
f 1628 1700 1629
f 1629 1700 1701
f 1629 1701 1630
f 1630 1701 1702
f 1630 1702 1631
f 1631 1702 1703
f 1631 1703 1632
f 1632 1703 1704
f 1632 1704 1633
f 1633 1704 1705
f 1633 1705 1634
f 1634 1705 1706
f 1634 1706 1635
f 1635 1706 1707
f 1635 1707 1636
f 1636 1707 1708
f 1636 1708 1637
f 1637 1708 1709
f 1637 1709 1638
f 1638 1709 1710
f 1638 1710 1639
f 1639 1710 1711
f 1639 1711 1640
f 1640 1711 1712
f 1640 1712 1641
f 1641 1712 1713
f 1641 1713 1642
f 1642 1713 1714
f 1642 1714 1643
f 1643 1714 1715
f 1643 1715 1644
f 1644 1715 1716
f 1644 1716 1645
f 1645 1716 1717
f 1645 1717 1646
f 1646 1717 1718
f 1646 1718 1647
f 1647 1718 1719
f 1647 1719 1648
f 1648 1719 1720
f 1648 1720 1649
f 1649 1720 1721
f 1649 1721 1650
f 1650 1721 1722
f 1650 1722 1651
f 1651 1722 1723
f 1651 1723 1652
f 1652 1723 1724
f 1652 1724 1653
f 1653 1724 1725
f 1653 1725 1654
f 1654 1725 1726
f 1654 1726 1655
f 1655 1726 1727
f 1655 1727 1656
f 1656 1727 1728
f 1656 1728 1585
f 1585 1728 1657
f 1657 1729 1658
f 1658 1729 1730
f 1658 1730 1659
f 1659 1730 1731
f 1659 1731 1660
f 1660 1731 1732
f 1660 1732 1661
f 1661 1732 1733
f 1661 1733 1662
f 1662 1733 1734
f 1662 1734 1663
f 1663 1734 1735
f 1663 1735 1664
f 1664 1735 1736
f 1664 1736 1665
f 1665 1736 1737
f 1665 1737 1666
f 1666 1737 1738
f 1666 1738 1667
f 1667 1738 1739
f 1667 1739 1668
f 1668 1739 1740
f 1668 1740 1669
f 1669 1740 1741
f 1669 1741 1670
f 1670 1741 1742
f 1670 1742 1671
f 1671 1742 1743
f 1671 1743 1672
f 1672 1743 1744
f 1672 1744 1673
f 1673 1744 1745
f 1673 1745 1674
f 1674 1745 1746
f 1674 1746 1675
f 1675 1746 1747
f 1675 1747 1676
f 1676 1747 1748
f 1676 1748 1677
f 1677 1748 1749
f 1677 1749 1678
f 1678 1749 1750
f 1678 1750 1679
f 1679 1750 1751
f 1679 1751 1680
f 1680 1751 1752
f 1680 1752 1681
f 1681 1752 1753
f 1681 1753 1682
f 1682 1753 1754
f 1682 1754 1683
f 1683 1754 1755
f 1683 1755 1684
f 1684 1755 1756
f 1684 1756 1685
f 1685 1756 1757
f 1685 1757 1686
f 1686 1757 1758
f 1686 1758 1687
f 1687 1758 1759
f 1687 1759 1688
f 1688 1759 1760
f 1688 1760 1689
f 1689 1760 1761
f 1689 1761 1690
f 1690 1761 1762
f 1690 1762 1691
f 1691 1762 1763
f 1691 1763 1692
f 1692 1763 1764
f 1692 1764 1693
f 1693 1764 1765
f 1693 1765 1694
f 1694 1765 1766
f 1694 1766 1695
f 1695 1766 1767
f 1695 1767 1696
f 1696 1767 1768
f 1696 1768 1697
f 1697 1768 1769
f 1697 1769 1698
f 1698 1769 1770
f 1698 1770 1699
f 1699 1770 1771
f 1699 1771 1700
f 1700 1771 1772
f 1700 1772 1701
f 1701 1772 1773
f 1701 1773 1702
f 1702 1773 1774
f 1702 1774 1703
f 1703 1774 1775
f 1703 1775 1704
f 1704 1775 1776
f 1704 1776 1705
f 1705 1776 1777
f 1705 1777 1706
f 1706 1777 1778
f 1706 1778 1707
f 1707 1778 1779
f 1707 1779 1708
f 1708 1779 1780
f 1708 1780 1709
f 1709 1780 1781
f 1709 1781 1710
f 1710 1781 1782
f 1710 1782 1711
f 1711 1782 1783
f 1711 1783 1712
f 1712 1783 1784
f 1712 1784 1713
f 1713 1784 1785
f 1713 1785 1714
f 1714 1785 1786
f 1714 1786 1715
f 1715 1786 1787
f 1715 1787 1716
f 1716 1787 1788
f 1716 1788 1717
f 1717 1788 1789
f 1717 1789 1718
f 1718 1789 1790
f 1718 1790 1719
f 1719 1790 1791
f 1719 1791 1720
f 1720 1791 1792
f 1720 1792 1721
f 1721 1792 1793
f 1721 1793 1722
f 1722 1793 1794
f 1722 1794 1723
f 1723 1794 1795
f 1723 1795 1724
f 1724 1795 1796
f 1724 1796 1725
f 1725 1796 1797
f 1725 1797 1726
f 1726 1797 1798
f 1726 1798 1727
f 1727 1798 1799
f 1727 1799 1728
f 1728 1799 1800
f 1728 1800 1657
f 1657 1800 1729
f 1729 1801 1730
f 1730 1801 1802
f 1730 1802 1731
f 1731 1802 1803
f 1731 1803 1732
f 1732 1803 1804
f 1732 1804 1733
f 1733 1804 1805
f 1733 1805 1734
f 1734 1805 1806
f 1734 1806 1735
f 1735 1806 1807
f 1735 1807 1736
f 1736 1807 1808
f 1736 1808 1737
f 1737 1808 1809
f 1737 1809 1738
f 1738 1809 1810
f 1738 1810 1739
f 1739 1810 1811
f 1739 1811 1740
f 1740 1811 1812
f 1740 1812 1741
f 1741 1812 1813
f 1741 1813 1742
f 1742 1813 1814
f 1742 1814 1743
f 1743 1814 1815
f 1743 1815 1744
f 1744 1815 1816
f 1744 1816 1745
f 1745 1816 1817
f 1745 1817 1746
f 1746 1817 1818
f 1746 1818 1747
f 1747 1818 1819
f 1747 1819 1748
f 1748 1819 1820
f 1748 1820 1749
f 1749 1820 1821
f 1749 1821 1750
f 1750 1821 1822
f 1750 1822 1751
f 1751 1822 1823
f 1751 1823 1752
f 1752 1823 1824
f 1752 1824 1753
f 1753 1824 1825
f 1753 1825 1754
f 1754 1825 1826
f 1754 1826 1755
f 1755 1826 1827
f 1755 1827 1756
f 1756 1827 1828
f 1756 1828 1757
f 1757 1828 1829
f 1757 1829 1758
f 1758 1829 1830
f 1758 1830 1759
f 1759 1830 1831
f 1759 1831 1760
f 1760 1831 1832
f 1760 1832 1761
f 1761 1832 1833
f 1761 1833 1762
f 1762 1833 1834
f 1762 1834 1763
f 1763 1834 1835
f 1763 1835 1764
f 1764 1835 1836
f 1764 1836 1765
f 1765 1836 1837
f 1765 1837 1766
f 1766 1837 1838
f 1766 1838 1767
f 1767 1838 1839
f 1767 1839 1768
f 1768 1839 1840
f 1768 1840 1769
f 1769 1840 1841
f 1769 1841 1770
f 1770 1841 1842
f 1770 1842 1771
f 1771 1842 1843
f 1771 1843 1772
f 1772 1843 1844
f 1772 1844 1773
f 1773 1844 1845
f 1773 1845 1774
f 1774 1845 1846
f 1774 1846 1775
f 1775 1846 1847
f 1775 1847 1776
f 1776 1847 1848
f 1776 1848 1777
f 1777 1848 1849
f 1777 1849 1778
f 1778 1849 1850
f 1778 1850 1779
f 1779 1850 1851
f 1779 1851 1780
f 1780 1851 1852
f 1780 1852 1781
f 1781 1852 1853
f 1781 1853 1782
f 1782 1853 1854
f 1782 1854 1783
f 1783 1854 1855
f 1783 1855 1784
f 1784 1855 1856
f 1784 1856 1785
f 1785 1856 1857
f 1785 1857 1786
f 1786 1857 1858
f 1786 1858 1787
f 1787 1858 1859
f 1787 1859 1788
f 1788 1859 1860
f 1788 1860 1789
f 1789 1860 1861
f 1789 1861 1790
f 1790 1861 1862
f 1790 1862 1791
f 1791 1862 1863
f 1791 1863 1792
f 1792 1863 1864
f 1792 1864 1793
f 1793 1864 1865
f 1793 1865 1794
f 1794 1865 1866
f 1794 1866 1795
f 1795 1866 1867
f 1795 1867 1796
f 1796 1867 1868
f 1796 1868 1797
f 1797 1868 1869
f 1797 1869 1798
f 1798 1869 1870
f 1798 1870 1799
f 1799 1870 1871
f 1799 1871 1800
f 1800 1871 1872
f 1800 1872 1729
f 1729 1872 1801
f 1801 1873 1802
f 1802 1873 1874
f 1802 1874 1803
f 1803 1874 1875
f 1803 1875 1804
f 1804 1875 1876
f 1804 1876 1805
f 1805 1876 1877
f 1805 1877 1806
f 1806 1877 1878
f 1806 1878 1807
f 1807 1878 1879
f 1807 1879 1808
f 1808 1879 1880
f 1808 1880 1809
f 1809 1880 1881
f 1809 1881 1810
f 1810 1881 1882
f 1810 1882 1811
f 1811 1882 1883
f 1811 1883 1812
f 1812 1883 1884
f 1812 1884 1813
f 1813 1884 1885
f 1813 1885 1814
f 1814 1885 1886
f 1814 1886 1815
f 1815 1886 1887
f 1815 1887 1816
f 1816 1887 1888
f 1816 1888 1817
f 1817 1888 1889
f 1817 1889 1818
f 1818 1889 1890
f 1818 1890 1819
f 1819 1890 1891
f 1819 1891 1820
f 1820 1891 1892
f 1820 1892 1821
f 1821 1892 1893
f 1821 1893 1822
f 1822 1893 1894
f 1822 1894 1823
f 1823 1894 1895
f 1823 1895 1824
f 1824 1895 1896
f 1824 1896 1825
f 1825 1896 1897
f 1825 1897 1826
f 1826 1897 1898
f 1826 1898 1827
f 1827 1898 1899
f 1827 1899 1828
f 1828 1899 1900
f 1828 1900 1829
f 1829 1900 1901
f 1829 1901 1830
f 1830 1901 1902
f 1830 1902 1831
f 1831 1902 1903
f 1831 1903 1832
f 1832 1903 1904
f 1832 1904 1833
f 1833 1904 1905
f 1833 1905 1834
f 1834 1905 1906
f 1834 1906 1835
f 1835 1906 1907
f 1835 1907 1836
f 1836 1907 1908
f 1836 1908 1837
f 1837 1908 1909
f 1837 1909 1838
f 1838 1909 1910
f 1838 1910 1839
f 1839 1910 1911
f 1839 1911 1840
f 1840 1911 1912
f 1840 1912 1841
f 1841 1912 1913
f 1841 1913 1842
f 1842 1913 1914
f 1842 1914 1843
f 1843 1914 1915
f 1843 1915 1844
f 1844 1915 1916
f 1844 1916 1845
f 1845 1916 1917
f 1845 1917 1846
f 1846 1917 1918
f 1846 1918 1847
f 1847 1918 1919
f 1847 1919 1848
f 1848 1919 1920
f 1848 1920 1849
f 1849 1920 1921
f 1849 1921 1850
f 1850 1921 1922
f 1850 1922 1851
f 1851 1922 1923
f 1851 1923 1852
f 1852 1923 1924
f 1852 1924 1853
f 1853 1924 1925
f 1853 1925 1854
f 1854 1925 1926
f 1854 1926 1855
f 1855 1926 1927
f 1855 1927 1856
f 1856 1927 1928
f 1856 1928 1857
f 1857 1928 1929
f 1857 1929 1858
f 1858 1929 1930
f 1858 1930 1859
f 1859 1930 1931
f 1859 1931 1860
f 1860 1931 1932
f 1860 1932 1861
f 1861 1932 1933
f 1861 1933 1862
f 1862 1933 1934
f 1862 1934 1863
f 1863 1934 1935
f 1863 1935 1864
f 1864 1935 1936
f 1864 1936 1865
f 1865 1936 1937
f 1865 1937 1866
f 1866 1937 1938
f 1866 1938 1867
f 1867 1938 1939
f 1867 1939 1868
f 1868 1939 1940
f 1868 1940 1869
f 1869 1940 1941
f 1869 1941 1870
f 1870 1941 1942
f 1870 1942 1871
f 1871 1942 1943
f 1871 1943 1872
f 1872 1943 1944
f 1872 1944 1801
f 1801 1944 1873
f 1873 1945 1874
f 1874 1945 1946
f 1874 1946 1875
f 1875 1946 1947
f 1875 1947 1876
f 1876 1947 1948
f 1876 1948 1877
f 1877 1948 1949
f 1877 1949 1878
f 1878 1949 1950
f 1878 1950 1879
f 1879 1950 1951
f 1879 1951 1880
f 1880 1951 1952
f 1880 1952 1881
f 1881 1952 1953
f 1881 1953 1882
f 1882 1953 1954
f 1882 1954 1883
f 1883 1954 1955
f 1883 1955 1884
f 1884 1955 1956
f 1884 1956 1885
f 1885 1956 1957
f 1885 1957 1886
f 1886 1957 1958
f 1886 1958 1887
f 1887 1958 1959
f 1887 1959 1888
f 1888 1959 1960
f 1888 1960 1889
f 1889 1960 1961
f 1889 1961 1890
f 1890 1961 1962
f 1890 1962 1891
f 1891 1962 1963
f 1891 1963 1892
f 1892 1963 1964
f 1892 1964 1893
f 1893 1964 1965
f 1893 1965 1894
f 1894 1965 1966
f 1894 1966 1895
f 1895 1966 1967
f 1895 1967 1896
f 1896 1967 1968
f 1896 1968 1897
f 1897 1968 1969
f 1897 1969 1898
f 1898 1969 1970
f 1898 1970 1899
f 1899 1970 1971
f 1899 1971 1900
f 1900 1971 1972
f 1900 1972 1901
f 1901 1972 1973
f 1901 1973 1902
f 1902 1973 1974
f 1902 1974 1903
f 1903 1974 1975
f 1903 1975 1904
f 1904 1975 1976
f 1904 1976 1905
f 1905 1976 1977
f 1905 1977 1906
f 1906 1977 1978
f 1906 1978 1907
f 1907 1978 1979
f 1907 1979 1908
f 1908 1979 1980
f 1908 1980 1909
f 1909 1980 1981
f 1909 1981 1910
f 1910 1981 1982
f 1910 1982 1911
f 1911 1982 1983
f 1911 1983 1912
f 1912 1983 1984
f 1912 1984 1913
f 1913 1984 1985
f 1913 1985 1914
f 1914 1985 1986
f 1914 1986 1915
f 1915 1986 1987
f 1915 1987 1916
f 1916 1987 1988
f 1916 1988 1917
f 1917 1988 1989
f 1917 1989 1918
f 1918 1989 1990
f 1918 1990 1919
f 1919 1990 1991
f 1919 1991 1920
f 1920 1991 1992
f 1920 1992 1921
f 1921 1992 1993
f 1921 1993 1922
f 1922 1993 1994
f 1922 1994 1923
f 1923 1994 1995
f 1923 1995 1924
f 1924 1995 1996
f 1924 1996 1925
f 1925 1996 1997
f 1925 1997 1926
f 1926 1997 1998
f 1926 1998 1927
f 1927 1998 1999
f 1927 1999 1928
f 1928 1999 2000
f 1928 2000 1929
f 1929 2000 2001
f 1929 2001 1930
f 1930 2001 2002
f 1930 2002 1931
f 1931 2002 2003
f 1931 2003 1932
f 1932 2003 2004
f 1932 2004 1933
f 1933 2004 2005
f 1933 2005 1934
f 1934 2005 2006
f 1934 2006 1935
f 1935 2006 2007
f 1935 2007 1936
f 1936 2007 2008
f 1936 2008 1937
f 1937 2008 2009
f 1937 2009 1938
f 1938 2009 2010
f 1938 2010 1939
f 1939 2010 2011
f 1939 2011 1940
f 1940 2011 2012
f 1940 2012 1941
f 1941 2012 2013
f 1941 2013 1942
f 1942 2013 2014
f 1942 2014 1943
f 1943 2014 2015
f 1943 2015 1944
f 1944 2015 2016
f 1944 2016 1873
f 1873 2016 1945
f 1945 2017 1946
f 1946 2017 2018
f 1946 2018 1947
f 1947 2018 2019
f 1947 2019 1948
f 1948 2019 2020
f 1948 2020 1949
f 1949 2020 2021
f 1949 2021 1950
f 1950 2021 2022
f 1950 2022 1951
f 1951 2022 2023
f 1951 2023 1952
f 1952 2023 2024
f 1952 2024 1953
f 1953 2024 2025
f 1953 2025 1954
f 1954 2025 2026
f 1954 2026 1955
f 1955 2026 2027
f 1955 2027 1956
f 1956 2027 2028
f 1956 2028 1957
f 1957 2028 2029
f 1957 2029 1958
f 1958 2029 2030
f 1958 2030 1959
f 1959 2030 2031
f 1959 2031 1960
f 1960 2031 2032
f 1960 2032 1961
f 1961 2032 2033
f 1961 2033 1962
f 1962 2033 2034
f 1962 2034 1963
f 1963 2034 2035
f 1963 2035 1964
f 1964 2035 2036
f 1964 2036 1965
f 1965 2036 2037
f 1965 2037 1966
f 1966 2037 2038
f 1966 2038 1967
f 1967 2038 2039
f 1967 2039 1968
f 1968 2039 2040
f 1968 2040 1969
f 1969 2040 2041
f 1969 2041 1970
f 1970 2041 2042
f 1970 2042 1971
f 1971 2042 2043
f 1971 2043 1972
f 1972 2043 2044
f 1972 2044 1973
f 1973 2044 2045
f 1973 2045 1974
f 1974 2045 2046
f 1974 2046 1975
f 1975 2046 2047
f 1975 2047 1976
f 1976 2047 2048
f 1976 2048 1977
f 1977 2048 2049
f 1977 2049 1978
f 1978 2049 2050
f 1978 2050 1979
f 1979 2050 2051
f 1979 2051 1980
f 1980 2051 2052
f 1980 2052 1981
f 1981 2052 2053
f 1981 2053 1982
f 1982 2053 2054
f 1982 2054 1983
f 1983 2054 2055
f 1983 2055 1984
f 1984 2055 2056
f 1984 2056 1985
f 1985 2056 2057
f 1985 2057 1986
f 1986 2057 2058
f 1986 2058 1987
f 1987 2058 2059
f 1987 2059 1988
f 1988 2059 2060
f 1988 2060 1989
f 1989 2060 2061
f 1989 2061 1990
f 1990 2061 2062
f 1990 2062 1991
f 1991 2062 2063
f 1991 2063 1992
f 1992 2063 2064
f 1992 2064 1993
f 1993 2064 2065
f 1993 2065 1994
f 1994 2065 2066
f 1994 2066 1995
f 1995 2066 2067
f 1995 2067 1996
f 1996 2067 2068
f 1996 2068 1997
f 1997 2068 2069
f 1997 2069 1998
f 1998 2069 2070
f 1998 2070 1999
f 1999 2070 2071
f 1999 2071 2000
f 2000 2071 2072
f 2000 2072 2001
f 2001 2072 2073
f 2001 2073 2002
f 2002 2073 2074
f 2002 2074 2003
f 2003 2074 2075
f 2003 2075 2004
f 2004 2075 2076
f 2004 2076 2005
f 2005 2076 2077
f 2005 2077 2006
f 2006 2077 2078
f 2006 2078 2007
f 2007 2078 2079
f 2007 2079 2008
f 2008 2079 2080
f 2008 2080 2009
f 2009 2080 2081
f 2009 2081 2010
f 2010 2081 2082
f 2010 2082 2011
f 2011 2082 2083
f 2011 2083 2012
f 2012 2083 2084
f 2012 2084 2013
f 2013 2084 2085
f 2013 2085 2014
f 2014 2085 2086
f 2014 2086 2015
f 2015 2086 2087
f 2015 2087 2016
f 2016 2087 2088
f 2016 2088 1945
f 1945 2088 2017
f 2017 2089 2018
f 2018 2089 2090
f 2018 2090 2019
f 2019 2090 2091
f 2019 2091 2020
f 2020 2091 2092
f 2020 2092 2021
f 2021 2092 2093
f 2021 2093 2022
f 2022 2093 2094
f 2022 2094 2023
f 2023 2094 2095
f 2023 2095 2024
f 2024 2095 2096
f 2024 2096 2025
f 2025 2096 2097
f 2025 2097 2026
f 2026 2097 2098
f 2026 2098 2027
f 2027 2098 2099
f 2027 2099 2028
f 2028 2099 2100
f 2028 2100 2029
f 2029 2100 2101
f 2029 2101 2030
f 2030 2101 2102
f 2030 2102 2031
f 2031 2102 2103
f 2031 2103 2032
f 2032 2103 2104
f 2032 2104 2033
f 2033 2104 2105
f 2033 2105 2034
f 2034 2105 2106
f 2034 2106 2035
f 2035 2106 2107
f 2035 2107 2036
f 2036 2107 2108
f 2036 2108 2037
f 2037 2108 2109
f 2037 2109 2038
f 2038 2109 2110
f 2038 2110 2039
f 2039 2110 2111
f 2039 2111 2040
f 2040 2111 2112
f 2040 2112 2041
f 2041 2112 2113
f 2041 2113 2042
f 2042 2113 2114
f 2042 2114 2043
f 2043 2114 2115
f 2043 2115 2044
f 2044 2115 2116
f 2044 2116 2045
f 2045 2116 2117
f 2045 2117 2046
f 2046 2117 2118
f 2046 2118 2047
f 2047 2118 2119
f 2047 2119 2048
f 2048 2119 2120
f 2048 2120 2049
f 2049 2120 2121
f 2049 2121 2050
f 2050 2121 2122
f 2050 2122 2051
f 2051 2122 2123
f 2051 2123 2052
f 2052 2123 2124
f 2052 2124 2053
f 2053 2124 2125
f 2053 2125 2054
f 2054 2125 2126
f 2054 2126 2055
f 2055 2126 2127
f 2055 2127 2056
f 2056 2127 2128
f 2056 2128 2057
f 2057 2128 2129
f 2057 2129 2058
f 2058 2129 2130
f 2058 2130 2059
f 2059 2130 2131
f 2059 2131 2060
f 2060 2131 2132
f 2060 2132 2061
f 2061 2132 2133
f 2061 2133 2062
f 2062 2133 2134
f 2062 2134 2063
f 2063 2134 2135
f 2063 2135 2064
f 2064 2135 2136
f 2064 2136 2065
f 2065 2136 2137
f 2065 2137 2066
f 2066 2137 2138
f 2066 2138 2067
f 2067 2138 2139
f 2067 2139 2068
f 2068 2139 2140
f 2068 2140 2069
f 2069 2140 2141
f 2069 2141 2070
f 2070 2141 2142
f 2070 2142 2071
f 2071 2142 2143
f 2071 2143 2072
f 2072 2143 2144
f 2072 2144 2073
f 2073 2144 2145
f 2073 2145 2074
f 2074 2145 2146
f 2074 2146 2075
f 2075 2146 2147
f 2075 2147 2076
f 2076 2147 2148
f 2076 2148 2077
f 2077 2148 2149
f 2077 2149 2078
f 2078 2149 2150
f 2078 2150 2079
f 2079 2150 2151
f 2079 2151 2080
f 2080 2151 2152
f 2080 2152 2081
f 2081 2152 2153
f 2081 2153 2082
f 2082 2153 2154
f 2082 2154 2083
f 2083 2154 2155
f 2083 2155 2084
f 2084 2155 2156
f 2084 2156 2085
f 2085 2156 2157
f 2085 2157 2086
f 2086 2157 2158
f 2086 2158 2087
f 2087 2158 2159
f 2087 2159 2088
f 2088 2159 2160
f 2088 2160 2017
f 2017 2160 2089
f 2089 2161 2090
f 2090 2161 2162
f 2090 2162 2091
f 2091 2162 2163
f 2091 2163 2092
f 2092 2163 2164
f 2092 2164 2093
f 2093 2164 2165
f 2093 2165 2094
f 2094 2165 2166
f 2094 2166 2095
f 2095 2166 2167
f 2095 2167 2096
f 2096 2167 2168
f 2096 2168 2097
f 2097 2168 2169
f 2097 2169 2098
f 2098 2169 2170
f 2098 2170 2099
f 2099 2170 2171
f 2099 2171 2100
f 2100 2171 2172
f 2100 2172 2101
f 2101 2172 2173
f 2101 2173 2102
f 2102 2173 2174
f 2102 2174 2103
f 2103 2174 2175
f 2103 2175 2104
f 2104 2175 2176
f 2104 2176 2105
f 2105 2176 2177
f 2105 2177 2106
f 2106 2177 2178
f 2106 2178 2107
f 2107 2178 2179
f 2107 2179 2108
f 2108 2179 2180
f 2108 2180 2109
f 2109 2180 2181
f 2109 2181 2110
f 2110 2181 2182
f 2110 2182 2111
f 2111 2182 2183
f 2111 2183 2112
f 2112 2183 2184
f 2112 2184 2113
f 2113 2184 2185
f 2113 2185 2114
f 2114 2185 2186
f 2114 2186 2115
f 2115 2186 2187
f 2115 2187 2116
f 2116 2187 2188
f 2116 2188 2117
f 2117 2188 2189
f 2117 2189 2118
f 2118 2189 2190
f 2118 2190 2119
f 2119 2190 2191
f 2119 2191 2120
f 2120 2191 2192
f 2120 2192 2121
f 2121 2192 2193
f 2121 2193 2122
f 2122 2193 2194
f 2122 2194 2123
f 2123 2194 2195
f 2123 2195 2124
f 2124 2195 2196
f 2124 2196 2125
f 2125 2196 2197
f 2125 2197 2126
f 2126 2197 2198
f 2126 2198 2127
f 2127 2198 2199
f 2127 2199 2128
f 2128 2199 2200
f 2128 2200 2129
f 2129 2200 2201
f 2129 2201 2130
f 2130 2201 2202
f 2130 2202 2131
f 2131 2202 2203
f 2131 2203 2132
f 2132 2203 2204
f 2132 2204 2133
f 2133 2204 2205
f 2133 2205 2134
f 2134 2205 2206
f 2134 2206 2135
f 2135 2206 2207
f 2135 2207 2136
f 2136 2207 2208
f 2136 2208 2137
f 2137 2208 2209
f 2137 2209 2138
f 2138 2209 2210
f 2138 2210 2139
f 2139 2210 2211
f 2139 2211 2140
f 2140 2211 2212
f 2140 2212 2141
f 2141 2212 2213
f 2141 2213 2142
f 2142 2213 2214
f 2142 2214 2143
f 2143 2214 2215
f 2143 2215 2144
f 2144 2215 2216
f 2144 2216 2145
f 2145 2216 2217
f 2145 2217 2146
f 2146 2217 2218
f 2146 2218 2147
f 2147 2218 2219
f 2147 2219 2148
f 2148 2219 2220
f 2148 2220 2149
f 2149 2220 2221
f 2149 2221 2150
f 2150 2221 2222
f 2150 2222 2151
f 2151 2222 2223
f 2151 2223 2152
f 2152 2223 2224
f 2152 2224 2153
f 2153 2224 2225
f 2153 2225 2154
f 2154 2225 2226
f 2154 2226 2155
f 2155 2226 2227
f 2155 2227 2156
f 2156 2227 2228
f 2156 2228 2157
f 2157 2228 2229
f 2157 2229 2158
f 2158 2229 2230
f 2158 2230 2159
f 2159 2230 2231
f 2159 2231 2160
f 2160 2231 2232
f 2160 2232 2089
f 2089 2232 2161
f 2161 2233 2162
f 2162 2233 2234
f 2162 2234 2163
f 2163 2234 2235
f 2163 2235 2164
f 2164 2235 2236
f 2164 2236 2165
f 2165 2236 2237
f 2165 2237 2166
f 2166 2237 2238
f 2166 2238 2167
f 2167 2238 2239
f 2167 2239 2168
f 2168 2239 2240
f 2168 2240 2169
f 2169 2240 2241
f 2169 2241 2170
f 2170 2241 2242
f 2170 2242 2171
f 2171 2242 2243
f 2171 2243 2172
f 2172 2243 2244
f 2172 2244 2173
f 2173 2244 2245
f 2173 2245 2174
f 2174 2245 2246
f 2174 2246 2175
f 2175 2246 2247
f 2175 2247 2176
f 2176 2247 2248
f 2176 2248 2177
f 2177 2248 2249
f 2177 2249 2178
f 2178 2249 2250
f 2178 2250 2179
f 2179 2250 2251
f 2179 2251 2180
f 2180 2251 2252
f 2180 2252 2181
f 2181 2252 2253
f 2181 2253 2182
f 2182 2253 2254
f 2182 2254 2183
f 2183 2254 2255
f 2183 2255 2184
f 2184 2255 2256
f 2184 2256 2185
f 2185 2256 2257
f 2185 2257 2186
f 2186 2257 2258
f 2186 2258 2187
f 2187 2258 2259
f 2187 2259 2188
f 2188 2259 2260
f 2188 2260 2189
f 2189 2260 2261
f 2189 2261 2190
f 2190 2261 2262
f 2190 2262 2191
f 2191 2262 2263
f 2191 2263 2192
f 2192 2263 2264
f 2192 2264 2193
f 2193 2264 2265
f 2193 2265 2194
f 2194 2265 2266
f 2194 2266 2195
f 2195 2266 2267
f 2195 2267 2196
f 2196 2267 2268
f 2196 2268 2197
f 2197 2268 2269
f 2197 2269 2198
f 2198 2269 2270
f 2198 2270 2199
f 2199 2270 2271
f 2199 2271 2200
f 2200 2271 2272
f 2200 2272 2201
f 2201 2272 2273
f 2201 2273 2202
f 2202 2273 2274
f 2202 2274 2203
f 2203 2274 2275
f 2203 2275 2204
f 2204 2275 2276
f 2204 2276 2205
f 2205 2276 2277
f 2205 2277 2206
f 2206 2277 2278
f 2206 2278 2207
f 2207 2278 2279
f 2207 2279 2208
f 2208 2279 2280
f 2208 2280 2209
f 2209 2280 2281
f 2209 2281 2210
f 2210 2281 2282
f 2210 2282 2211
f 2211 2282 2283
f 2211 2283 2212
f 2212 2283 2284
f 2212 2284 2213
f 2213 2284 2285
f 2213 2285 2214
f 2214 2285 2286
f 2214 2286 2215
f 2215 2286 2287
f 2215 2287 2216
f 2216 2287 2288
f 2216 2288 2217
f 2217 2288 2289
f 2217 2289 2218
f 2218 2289 2290
f 2218 2290 2219
f 2219 2290 2291
f 2219 2291 2220
f 2220 2291 2292
f 2220 2292 2221
f 2221 2292 2293
f 2221 2293 2222
f 2222 2293 2294
f 2222 2294 2223
f 2223 2294 2295
f 2223 2295 2224
f 2224 2295 2296
f 2224 2296 2225
f 2225 2296 2297
f 2225 2297 2226
f 2226 2297 2298
f 2226 2298 2227
f 2227 2298 2299
f 2227 2299 2228
f 2228 2299 2300
f 2228 2300 2229
f 2229 2300 2301
f 2229 2301 2230
f 2230 2301 2302
f 2230 2302 2231
f 2231 2302 2303
f 2231 2303 2232
f 2232 2303 2304
f 2232 2304 2161
f 2161 2304 2233
f 2233 2305 2234
f 2234 2305 2306
f 2234 2306 2235
f 2235 2306 2307
f 2235 2307 2236
f 2236 2307 2308
f 2236 2308 2237
f 2237 2308 2309
f 2237 2309 2238
f 2238 2309 2310
f 2238 2310 2239
f 2239 2310 2311
f 2239 2311 2240
f 2240 2311 2312
f 2240 2312 2241
f 2241 2312 2313
f 2241 2313 2242
f 2242 2313 2314
f 2242 2314 2243
f 2243 2314 2315
f 2243 2315 2244
f 2244 2315 2316
f 2244 2316 2245
f 2245 2316 2317
f 2245 2317 2246
f 2246 2317 2318
f 2246 2318 2247
f 2247 2318 2319
f 2247 2319 2248
f 2248 2319 2320
f 2248 2320 2249
f 2249 2320 2321
f 2249 2321 2250
f 2250 2321 2322
f 2250 2322 2251
f 2251 2322 2323
f 2251 2323 2252
f 2252 2323 2324
f 2252 2324 2253
f 2253 2324 2325
f 2253 2325 2254
f 2254 2325 2326
f 2254 2326 2255
f 2255 2326 2327
f 2255 2327 2256
f 2256 2327 2328
f 2256 2328 2257
f 2257 2328 2329
f 2257 2329 2258
f 2258 2329 2330
f 2258 2330 2259
f 2259 2330 2331
f 2259 2331 2260
f 2260 2331 2332
f 2260 2332 2261
f 2261 2332 2333
f 2261 2333 2262
f 2262 2333 2334
f 2262 2334 2263
f 2263 2334 2335
f 2263 2335 2264
f 2264 2335 2336
f 2264 2336 2265
f 2265 2336 2337
f 2265 2337 2266
f 2266 2337 2338
f 2266 2338 2267
f 2267 2338 2339
f 2267 2339 2268
f 2268 2339 2340
f 2268 2340 2269
f 2269 2340 2341
f 2269 2341 2270
f 2270 2341 2342
f 2270 2342 2271
f 2271 2342 2343
f 2271 2343 2272
f 2272 2343 2344
f 2272 2344 2273
f 2273 2344 2345
f 2273 2345 2274
f 2274 2345 2346
f 2274 2346 2275
f 2275 2346 2347
f 2275 2347 2276
f 2276 2347 2348
f 2276 2348 2277
f 2277 2348 2349
f 2277 2349 2278
f 2278 2349 2350
f 2278 2350 2279
f 2279 2350 2351
f 2279 2351 2280
f 2280 2351 2352
f 2280 2352 2281
f 2281 2352 2353
f 2281 2353 2282
f 2282 2353 2354
f 2282 2354 2283
f 2283 2354 2355
f 2283 2355 2284
f 2284 2355 2356
f 2284 2356 2285
f 2285 2356 2357
f 2285 2357 2286
f 2286 2357 2358
f 2286 2358 2287
f 2287 2358 2359
f 2287 2359 2288
f 2288 2359 2360
f 2288 2360 2289
f 2289 2360 2361
f 2289 2361 2290
f 2290 2361 2362
f 2290 2362 2291
f 2291 2362 2363
f 2291 2363 2292
f 2292 2363 2364
f 2292 2364 2293
f 2293 2364 2365
f 2293 2365 2294
f 2294 2365 2366
f 2294 2366 2295
f 2295 2366 2367
f 2295 2367 2296
f 2296 2367 2368
f 2296 2368 2297
f 2297 2368 2369
f 2297 2369 2298
f 2298 2369 2370
f 2298 2370 2299
f 2299 2370 2371
f 2299 2371 2300
f 2300 2371 2372
f 2300 2372 2301
f 2301 2372 2373
f 2301 2373 2302
f 2302 2373 2374
f 2302 2374 2303
f 2303 2374 2375
f 2303 2375 2304
f 2304 2375 2376
f 2304 2376 2233
f 2233 2376 2305
f 2305 2377 2306
f 2306 2377 2378
f 2306 2378 2307
f 2307 2378 2379
f 2307 2379 2308
f 2308 2379 2380
f 2308 2380 2309
f 2309 2380 2381
f 2309 2381 2310
f 2310 2381 2382
f 2310 2382 2311
f 2311 2382 2383
f 2311 2383 2312
f 2312 2383 2384
f 2312 2384 2313
f 2313 2384 2385
f 2313 2385 2314
f 2314 2385 2386
f 2314 2386 2315
f 2315 2386 2387
f 2315 2387 2316
f 2316 2387 2388
f 2316 2388 2317
f 2317 2388 2389
f 2317 2389 2318
f 2318 2389 2390
f 2318 2390 2319
f 2319 2390 2391
f 2319 2391 2320
f 2320 2391 2392
f 2320 2392 2321
f 2321 2392 2393
f 2321 2393 2322
f 2322 2393 2394
f 2322 2394 2323
f 2323 2394 2395
f 2323 2395 2324
f 2324 2395 2396
f 2324 2396 2325
f 2325 2396 2397
f 2325 2397 2326
f 2326 2397 2398
f 2326 2398 2327
f 2327 2398 2399
f 2327 2399 2328
f 2328 2399 2400
f 2328 2400 2329
f 2329 2400 2401
f 2329 2401 2330
f 2330 2401 2402
f 2330 2402 2331
f 2331 2402 2403
f 2331 2403 2332
f 2332 2403 2404
f 2332 2404 2333
f 2333 2404 2405
f 2333 2405 2334
f 2334 2405 2406
f 2334 2406 2335
f 2335 2406 2407
f 2335 2407 2336
f 2336 2407 2408
f 2336 2408 2337
f 2337 2408 2409
f 2337 2409 2338
f 2338 2409 2410
f 2338 2410 2339
f 2339 2410 2411
f 2339 2411 2340
f 2340 2411 2412
f 2340 2412 2341
f 2341 2412 2413
f 2341 2413 2342
f 2342 2413 2414
f 2342 2414 2343
f 2343 2414 2415
f 2343 2415 2344
f 2344 2415 2416
f 2344 2416 2345
f 2345 2416 2417
f 2345 2417 2346
f 2346 2417 2418
f 2346 2418 2347
f 2347 2418 2419
f 2347 2419 2348
f 2348 2419 2420
f 2348 2420 2349
f 2349 2420 2421
f 2349 2421 2350
f 2350 2421 2422
f 2350 2422 2351
f 2351 2422 2423
f 2351 2423 2352
f 2352 2423 2424
f 2352 2424 2353
f 2353 2424 2425
f 2353 2425 2354
f 2354 2425 2426
f 2354 2426 2355
f 2355 2426 2427
f 2355 2427 2356
f 2356 2427 2428
f 2356 2428 2357
f 2357 2428 2429
f 2357 2429 2358
f 2358 2429 2430
f 2358 2430 2359
f 2359 2430 2431
f 2359 2431 2360
f 2360 2431 2432
f 2360 2432 2361
f 2361 2432 2433
f 2361 2433 2362
f 2362 2433 2434
f 2362 2434 2363
f 2363 2434 2435
f 2363 2435 2364
f 2364 2435 2436
f 2364 2436 2365
f 2365 2436 2437
f 2365 2437 2366
f 2366 2437 2438
f 2366 2438 2367
f 2367 2438 2439
f 2367 2439 2368
f 2368 2439 2440
f 2368 2440 2369
f 2369 2440 2441
f 2369 2441 2370
f 2370 2441 2442
f 2370 2442 2371
f 2371 2442 2443
f 2371 2443 2372
f 2372 2443 2444
f 2372 2444 2373
f 2373 2444 2445
f 2373 2445 2374
f 2374 2445 2446
f 2374 2446 2375
f 2375 2446 2447
f 2375 2447 2376
f 2376 2447 2448
f 2376 2448 2305
f 2305 2448 2377
f 2377 2449 2378
f 2378 2449 2450
f 2378 2450 2379
f 2379 2450 2451
f 2379 2451 2380
f 2380 2451 2452
f 2380 2452 2381
f 2381 2452 2453
f 2381 2453 2382
f 2382 2453 2454
f 2382 2454 2383
f 2383 2454 2455
f 2383 2455 2384
f 2384 2455 2456
f 2384 2456 2385
f 2385 2456 2457
f 2385 2457 2386
f 2386 2457 2458
f 2386 2458 2387
f 2387 2458 2459
f 2387 2459 2388
f 2388 2459 2460
f 2388 2460 2389
f 2389 2460 2461
f 2389 2461 2390
f 2390 2461 2462
f 2390 2462 2391
f 2391 2462 2463
f 2391 2463 2392
f 2392 2463 2464
f 2392 2464 2393
f 2393 2464 2465
f 2393 2465 2394
f 2394 2465 2466
f 2394 2466 2395
f 2395 2466 2467
f 2395 2467 2396
f 2396 2467 2468
f 2396 2468 2397
f 2397 2468 2469
f 2397 2469 2398
f 2398 2469 2470
f 2398 2470 2399
f 2399 2470 2471
f 2399 2471 2400
f 2400 2471 2472
f 2400 2472 2401
f 2401 2472 2473
f 2401 2473 2402
f 2402 2473 2474
f 2402 2474 2403
f 2403 2474 2475
f 2403 2475 2404
f 2404 2475 2476
f 2404 2476 2405
f 2405 2476 2477
f 2405 2477 2406
f 2406 2477 2478
f 2406 2478 2407
f 2407 2478 2479
f 2407 2479 2408
f 2408 2479 2480
f 2408 2480 2409
f 2409 2480 2481
f 2409 2481 2410
f 2410 2481 2482
f 2410 2482 2411
f 2411 2482 2483
f 2411 2483 2412
f 2412 2483 2484
f 2412 2484 2413
f 2413 2484 2485
f 2413 2485 2414
f 2414 2485 2486
f 2414 2486 2415
f 2415 2486 2487
f 2415 2487 2416
f 2416 2487 2488
f 2416 2488 2417
f 2417 2488 2489
f 2417 2489 2418
f 2418 2489 2490
f 2418 2490 2419
f 2419 2490 2491
f 2419 2491 2420
f 2420 2491 2492
f 2420 2492 2421
f 2421 2492 2493
f 2421 2493 2422
f 2422 2493 2494
f 2422 2494 2423
f 2423 2494 2495
f 2423 2495 2424
f 2424 2495 2496
f 2424 2496 2425
f 2425 2496 2497
f 2425 2497 2426
f 2426 2497 2498
f 2426 2498 2427
f 2427 2498 2499
f 2427 2499 2428
f 2428 2499 2500
f 2428 2500 2429
f 2429 2500 2501
f 2429 2501 2430
f 2430 2501 2502
f 2430 2502 2431
f 2431 2502 2503
f 2431 2503 2432
f 2432 2503 2504
f 2432 2504 2433
f 2433 2504 2505
f 2433 2505 2434
f 2434 2505 2506
f 2434 2506 2435
f 2435 2506 2507
f 2435 2507 2436
f 2436 2507 2508
f 2436 2508 2437
f 2437 2508 2509
f 2437 2509 2438
f 2438 2509 2510
f 2438 2510 2439
f 2439 2510 2511
f 2439 2511 2440
f 2440 2511 2512
f 2440 2512 2441
f 2441 2512 2513
f 2441 2513 2442
f 2442 2513 2514
f 2442 2514 2443
f 2443 2514 2515
f 2443 2515 2444
f 2444 2515 2516
f 2444 2516 2445
f 2445 2516 2517
f 2445 2517 2446
f 2446 2517 2518
f 2446 2518 2447
f 2447 2518 2519
f 2447 2519 2448
f 2448 2519 2520
f 2448 2520 2377
f 2377 2520 2449
f 2449 2521 2450
f 2450 2521 2522
f 2450 2522 2451
f 2451 2522 2523
f 2451 2523 2452
f 2452 2523 2524
f 2452 2524 2453
f 2453 2524 2525
f 2453 2525 2454
f 2454 2525 2526
f 2454 2526 2455
f 2455 2526 2527
f 2455 2527 2456
f 2456 2527 2528
f 2456 2528 2457
f 2457 2528 2529
f 2457 2529 2458
f 2458 2529 2530
f 2458 2530 2459
f 2459 2530 2531
f 2459 2531 2460
f 2460 2531 2532
f 2460 2532 2461
f 2461 2532 2533
f 2461 2533 2462
f 2462 2533 2534
f 2462 2534 2463
f 2463 2534 2535
f 2463 2535 2464
f 2464 2535 2536
f 2464 2536 2465
f 2465 2536 2537
f 2465 2537 2466
f 2466 2537 2538
f 2466 2538 2467
f 2467 2538 2539
f 2467 2539 2468
f 2468 2539 2540
f 2468 2540 2469
f 2469 2540 2541
f 2469 2541 2470
f 2470 2541 2542
f 2470 2542 2471
f 2471 2542 2543
f 2471 2543 2472
f 2472 2543 2544
f 2472 2544 2473
f 2473 2544 2545
f 2473 2545 2474
f 2474 2545 2546
f 2474 2546 2475
f 2475 2546 2547
f 2475 2547 2476
f 2476 2547 2548
f 2476 2548 2477
f 2477 2548 2549
f 2477 2549 2478
f 2478 2549 2550
f 2478 2550 2479
f 2479 2550 2551
f 2479 2551 2480
f 2480 2551 2552
f 2480 2552 2481
f 2481 2552 2553
f 2481 2553 2482
f 2482 2553 2554
f 2482 2554 2483
f 2483 2554 2555
f 2483 2555 2484
f 2484 2555 2556
f 2484 2556 2485
f 2485 2556 2557
f 2485 2557 2486
f 2486 2557 2558
f 2486 2558 2487
f 2487 2558 2559
f 2487 2559 2488
f 2488 2559 2560
f 2488 2560 2489
f 2489 2560 2561
f 2489 2561 2490
f 2490 2561 2562
f 2490 2562 2491
f 2491 2562 2563
f 2491 2563 2492
f 2492 2563 2564
f 2492 2564 2493
f 2493 2564 2565
f 2493 2565 2494
f 2494 2565 2566
f 2494 2566 2495
f 2495 2566 2567
f 2495 2567 2496
f 2496 2567 2568
f 2496 2568 2497
f 2497 2568 2569
f 2497 2569 2498
f 2498 2569 2570
f 2498 2570 2499
f 2499 2570 2571
f 2499 2571 2500
f 2500 2571 2572
f 2500 2572 2501
f 2501 2572 2573
f 2501 2573 2502
f 2502 2573 2574
f 2502 2574 2503
f 2503 2574 2575
f 2503 2575 2504
f 2504 2575 2576
f 2504 2576 2505
f 2505 2576 2577
f 2505 2577 2506
f 2506 2577 2578
f 2506 2578 2507
f 2507 2578 2579
f 2507 2579 2508
f 2508 2579 2580
f 2508 2580 2509
f 2509 2580 2581
f 2509 2581 2510
f 2510 2581 2582
f 2510 2582 2511
f 2511 2582 2583
f 2511 2583 2512
f 2512 2583 2584
f 2512 2584 2513
f 2513 2584 2585
f 2513 2585 2514
f 2514 2585 2586
f 2514 2586 2515
f 2515 2586 2587
f 2515 2587 2516
f 2516 2587 2588
f 2516 2588 2517
f 2517 2588 2589
f 2517 2589 2518
f 2518 2589 2590
f 2518 2590 2519
f 2519 2590 2591
f 2519 2591 2520
f 2520 2591 2592
f 2520 2592 2449
f 2449 2592 2521
f 2521 2593 2522
f 2522 2593 2594
f 2522 2594 2523
f 2523 2594 2595
f 2523 2595 2524
f 2524 2595 2596
f 2524 2596 2525
f 2525 2596 2597
f 2525 2597 2526
f 2526 2597 2598
f 2526 2598 2527
f 2527 2598 2599
f 2527 2599 2528
f 2528 2599 2600
f 2528 2600 2529
f 2529 2600 2601
f 2529 2601 2530
f 2530 2601 2602
f 2530 2602 2531
f 2531 2602 2603
f 2531 2603 2532
f 2532 2603 2604
f 2532 2604 2533
f 2533 2604 2605
f 2533 2605 2534
f 2534 2605 2606
f 2534 2606 2535
f 2535 2606 2607
f 2535 2607 2536
f 2536 2607 2608
f 2536 2608 2537
f 2537 2608 2609
f 2537 2609 2538
f 2538 2609 2610
f 2538 2610 2539
f 2539 2610 2611
f 2539 2611 2540
f 2540 2611 2612
f 2540 2612 2541
f 2541 2612 2613
f 2541 2613 2542
f 2542 2613 2614
f 2542 2614 2543
f 2543 2614 2615
f 2543 2615 2544
f 2544 2615 2616
f 2544 2616 2545
f 2545 2616 2617
f 2545 2617 2546
f 2546 2617 2618
f 2546 2618 2547
f 2547 2618 2619
f 2547 2619 2548
f 2548 2619 2620
f 2548 2620 2549
f 2549 2620 2621
f 2549 2621 2550
f 2550 2621 2622
f 2550 2622 2551
f 2551 2622 2623
f 2551 2623 2552
f 2552 2623 2624
f 2552 2624 2553
f 2553 2624 2625
f 2553 2625 2554
f 2554 2625 2626
f 2554 2626 2555
f 2555 2626 2627
f 2555 2627 2556
f 2556 2627 2628
f 2556 2628 2557
f 2557 2628 2629
f 2557 2629 2558
f 2558 2629 2630
f 2558 2630 2559
f 2559 2630 2631
f 2559 2631 2560
f 2560 2631 2632
f 2560 2632 2561
f 2561 2632 2633
f 2561 2633 2562
f 2562 2633 2634
f 2562 2634 2563
f 2563 2634 2635
f 2563 2635 2564
f 2564 2635 2636
f 2564 2636 2565
f 2565 2636 2637
f 2565 2637 2566
f 2566 2637 2638
f 2566 2638 2567
f 2567 2638 2639
f 2567 2639 2568
f 2568 2639 2640
f 2568 2640 2569
f 2569 2640 2641
f 2569 2641 2570
f 2570 2641 2642
f 2570 2642 2571
f 2571 2642 2643
f 2571 2643 2572
f 2572 2643 2644
f 2572 2644 2573
f 2573 2644 2645
f 2573 2645 2574
f 2574 2645 2646
f 2574 2646 2575
f 2575 2646 2647
f 2575 2647 2576
f 2576 2647 2648
f 2576 2648 2577
f 2577 2648 2649
f 2577 2649 2578
f 2578 2649 2650
f 2578 2650 2579
f 2579 2650 2651
f 2579 2651 2580
f 2580 2651 2652
f 2580 2652 2581
f 2581 2652 2653
f 2581 2653 2582
f 2582 2653 2654
f 2582 2654 2583
f 2583 2654 2655
f 2583 2655 2584
f 2584 2655 2656
f 2584 2656 2585
f 2585 2656 2657
f 2585 2657 2586
f 2586 2657 2658
f 2586 2658 2587
f 2587 2658 2659
f 2587 2659 2588
f 2588 2659 2660
f 2588 2660 2589
f 2589 2660 2661
f 2589 2661 2590
f 2590 2661 2662
f 2590 2662 2591
f 2591 2662 2663
f 2591 2663 2592
f 2592 2663 2664
f 2592 2664 2521
f 2521 2664 2593
f 2593 2665 2594
f 2594 2665 2666
f 2594 2666 2595
f 2595 2666 2667
f 2595 2667 2596
f 2596 2667 2668
f 2596 2668 2597
f 2597 2668 2669
f 2597 2669 2598
f 2598 2669 2670
f 2598 2670 2599
f 2599 2670 2671
f 2599 2671 2600
f 2600 2671 2672
f 2600 2672 2601
f 2601 2672 2673
f 2601 2673 2602
f 2602 2673 2674
f 2602 2674 2603
f 2603 2674 2675
f 2603 2675 2604
f 2604 2675 2676
f 2604 2676 2605
f 2605 2676 2677
f 2605 2677 2606
f 2606 2677 2678
f 2606 2678 2607
f 2607 2678 2679
f 2607 2679 2608
f 2608 2679 2680
f 2608 2680 2609
f 2609 2680 2681
f 2609 2681 2610
f 2610 2681 2682
f 2610 2682 2611
f 2611 2682 2683
f 2611 2683 2612
f 2612 2683 2684
f 2612 2684 2613
f 2613 2684 2685
f 2613 2685 2614
f 2614 2685 2686
f 2614 2686 2615
f 2615 2686 2687
f 2615 2687 2616
f 2616 2687 2688
f 2616 2688 2617
f 2617 2688 2689
f 2617 2689 2618
f 2618 2689 2690
f 2618 2690 2619
f 2619 2690 2691
f 2619 2691 2620
f 2620 2691 2692
f 2620 2692 2621
f 2621 2692 2693
f 2621 2693 2622
f 2622 2693 2694
f 2622 2694 2623
f 2623 2694 2695
f 2623 2695 2624
f 2624 2695 2696
f 2624 2696 2625
f 2625 2696 2697
f 2625 2697 2626
f 2626 2697 2698
f 2626 2698 2627
f 2627 2698 2699
f 2627 2699 2628
f 2628 2699 2700
f 2628 2700 2629
f 2629 2700 2701
f 2629 2701 2630
f 2630 2701 2702
f 2630 2702 2631
f 2631 2702 2703
f 2631 2703 2632
f 2632 2703 2704
f 2632 2704 2633
f 2633 2704 2705
f 2633 2705 2634
f 2634 2705 2706
f 2634 2706 2635
f 2635 2706 2707
f 2635 2707 2636
f 2636 2707 2708
f 2636 2708 2637
f 2637 2708 2709
f 2637 2709 2638
f 2638 2709 2710
f 2638 2710 2639
f 2639 2710 2711
f 2639 2711 2640
f 2640 2711 2712
f 2640 2712 2641
f 2641 2712 2713
f 2641 2713 2642
f 2642 2713 2714
f 2642 2714 2643
f 2643 2714 2715
f 2643 2715 2644
f 2644 2715 2716
f 2644 2716 2645
f 2645 2716 2717
f 2645 2717 2646
f 2646 2717 2718
f 2646 2718 2647
f 2647 2718 2719
f 2647 2719 2648
f 2648 2719 2720
f 2648 2720 2649
f 2649 2720 2721
f 2649 2721 2650
f 2650 2721 2722
f 2650 2722 2651
f 2651 2722 2723
f 2651 2723 2652
f 2652 2723 2724
f 2652 2724 2653
f 2653 2724 2725
f 2653 2725 2654
f 2654 2725 2726
f 2654 2726 2655
f 2655 2726 2727
f 2655 2727 2656
f 2656 2727 2728
f 2656 2728 2657
f 2657 2728 2729
f 2657 2729 2658
f 2658 2729 2730
f 2658 2730 2659
f 2659 2730 2731
f 2659 2731 2660
f 2660 2731 2732
f 2660 2732 2661
f 2661 2732 2733
f 2661 2733 2662
f 2662 2733 2734
f 2662 2734 2663
f 2663 2734 2735
f 2663 2735 2664
f 2664 2735 2736
f 2664 2736 2593
f 2593 2736 2665
f 2665 2737 2666
f 2666 2737 2738
f 2666 2738 2667
f 2667 2738 2739
f 2667 2739 2668
f 2668 2739 2740
f 2668 2740 2669
f 2669 2740 2741
f 2669 2741 2670
f 2670 2741 2742
f 2670 2742 2671
f 2671 2742 2743
f 2671 2743 2672
f 2672 2743 2744
f 2672 2744 2673
f 2673 2744 2745
f 2673 2745 2674
f 2674 2745 2746
f 2674 2746 2675
f 2675 2746 2747
f 2675 2747 2676
f 2676 2747 2748
f 2676 2748 2677
f 2677 2748 2749
f 2677 2749 2678
f 2678 2749 2750
f 2678 2750 2679
f 2679 2750 2751
f 2679 2751 2680
f 2680 2751 2752
f 2680 2752 2681
f 2681 2752 2753
f 2681 2753 2682
f 2682 2753 2754
f 2682 2754 2683
f 2683 2754 2755
f 2683 2755 2684
f 2684 2755 2756
f 2684 2756 2685
f 2685 2756 2757
f 2685 2757 2686
f 2686 2757 2758
f 2686 2758 2687
f 2687 2758 2759
f 2687 2759 2688
f 2688 2759 2760
f 2688 2760 2689
f 2689 2760 2761
f 2689 2761 2690
f 2690 2761 2762
f 2690 2762 2691
f 2691 2762 2763
f 2691 2763 2692
f 2692 2763 2764
f 2692 2764 2693
f 2693 2764 2765
f 2693 2765 2694
f 2694 2765 2766
f 2694 2766 2695
f 2695 2766 2767
f 2695 2767 2696
f 2696 2767 2768
f 2696 2768 2697
f 2697 2768 2769
f 2697 2769 2698
f 2698 2769 2770
f 2698 2770 2699
f 2699 2770 2771
f 2699 2771 2700
f 2700 2771 2772
f 2700 2772 2701
f 2701 2772 2773
f 2701 2773 2702
f 2702 2773 2774
f 2702 2774 2703
f 2703 2774 2775
f 2703 2775 2704
f 2704 2775 2776
f 2704 2776 2705
f 2705 2776 2777
f 2705 2777 2706
f 2706 2777 2778
f 2706 2778 2707
f 2707 2778 2779
f 2707 2779 2708
f 2708 2779 2780
f 2708 2780 2709
f 2709 2780 2781
f 2709 2781 2710
f 2710 2781 2782
f 2710 2782 2711
f 2711 2782 2783
f 2711 2783 2712
f 2712 2783 2784
f 2712 2784 2713
f 2713 2784 2785
f 2713 2785 2714
f 2714 2785 2786
f 2714 2786 2715
f 2715 2786 2787
f 2715 2787 2716
f 2716 2787 2788
f 2716 2788 2717
f 2717 2788 2789
f 2717 2789 2718
f 2718 2789 2790
f 2718 2790 2719
f 2719 2790 2791
f 2719 2791 2720
f 2720 2791 2792
f 2720 2792 2721
f 2721 2792 2793
f 2721 2793 2722
f 2722 2793 2794
f 2722 2794 2723
f 2723 2794 2795
f 2723 2795 2724
f 2724 2795 2796
f 2724 2796 2725
f 2725 2796 2797
f 2725 2797 2726
f 2726 2797 2798
f 2726 2798 2727
f 2727 2798 2799
f 2727 2799 2728
f 2728 2799 2800
f 2728 2800 2729
f 2729 2800 2801
f 2729 2801 2730
f 2730 2801 2802
f 2730 2802 2731
f 2731 2802 2803
f 2731 2803 2732
f 2732 2803 2804
f 2732 2804 2733
f 2733 2804 2805
f 2733 2805 2734
f 2734 2805 2806
f 2734 2806 2735
f 2735 2806 2807
f 2735 2807 2736
f 2736 2807 2808
f 2736 2808 2665
f 2665 2808 2737
f 2737 2809 2738
f 2738 2809 2810
f 2738 2810 2739
f 2739 2810 2811
f 2739 2811 2740
f 2740 2811 2812
f 2740 2812 2741
f 2741 2812 2813
f 2741 2813 2742
f 2742 2813 2814
f 2742 2814 2743
f 2743 2814 2815
f 2743 2815 2744
f 2744 2815 2816
f 2744 2816 2745
f 2745 2816 2817
f 2745 2817 2746
f 2746 2817 2818
f 2746 2818 2747
f 2747 2818 2819
f 2747 2819 2748
f 2748 2819 2820
f 2748 2820 2749
f 2749 2820 2821
f 2749 2821 2750
f 2750 2821 2822
f 2750 2822 2751
f 2751 2822 2823
f 2751 2823 2752
f 2752 2823 2824
f 2752 2824 2753
f 2753 2824 2825
f 2753 2825 2754
f 2754 2825 2826
f 2754 2826 2755
f 2755 2826 2827
f 2755 2827 2756
f 2756 2827 2828
f 2756 2828 2757
f 2757 2828 2829
f 2757 2829 2758
f 2758 2829 2830
f 2758 2830 2759
f 2759 2830 2831
f 2759 2831 2760
f 2760 2831 2832
f 2760 2832 2761
f 2761 2832 2833
f 2761 2833 2762
f 2762 2833 2834
f 2762 2834 2763
f 2763 2834 2835
f 2763 2835 2764
f 2764 2835 2836
f 2764 2836 2765
f 2765 2836 2837
f 2765 2837 2766
f 2766 2837 2838
f 2766 2838 2767
f 2767 2838 2839
f 2767 2839 2768
f 2768 2839 2840
f 2768 2840 2769
f 2769 2840 2841
f 2769 2841 2770
f 2770 2841 2842
f 2770 2842 2771
f 2771 2842 2843
f 2771 2843 2772
f 2772 2843 2844
f 2772 2844 2773
f 2773 2844 2845
f 2773 2845 2774
f 2774 2845 2846
f 2774 2846 2775
f 2775 2846 2847
f 2775 2847 2776
f 2776 2847 2848
f 2776 2848 2777
f 2777 2848 2849
f 2777 2849 2778
f 2778 2849 2850
f 2778 2850 2779
f 2779 2850 2851
f 2779 2851 2780
f 2780 2851 2852
f 2780 2852 2781
f 2781 2852 2853
f 2781 2853 2782
f 2782 2853 2854
f 2782 2854 2783
f 2783 2854 2855
f 2783 2855 2784
f 2784 2855 2856
f 2784 2856 2785
f 2785 2856 2857
f 2785 2857 2786
f 2786 2857 2858
f 2786 2858 2787
f 2787 2858 2859
f 2787 2859 2788
f 2788 2859 2860
f 2788 2860 2789
f 2789 2860 2861
f 2789 2861 2790
f 2790 2861 2862
f 2790 2862 2791
f 2791 2862 2863
f 2791 2863 2792
f 2792 2863 2864
f 2792 2864 2793
f 2793 2864 2865
f 2793 2865 2794
f 2794 2865 2866
f 2794 2866 2795
f 2795 2866 2867
f 2795 2867 2796
f 2796 2867 2868
f 2796 2868 2797
f 2797 2868 2869
f 2797 2869 2798
f 2798 2869 2870
f 2798 2870 2799
f 2799 2870 2871
f 2799 2871 2800
f 2800 2871 2872
f 2800 2872 2801
f 2801 2872 2873
f 2801 2873 2802
f 2802 2873 2874
f 2802 2874 2803
f 2803 2874 2875
f 2803 2875 2804
f 2804 2875 2876
f 2804 2876 2805
f 2805 2876 2877
f 2805 2877 2806
f 2806 2877 2878
f 2806 2878 2807
f 2807 2878 2879
f 2807 2879 2808
f 2808 2879 2880
f 2808 2880 2737
f 2737 2880 2809
f 2809 2881 2810
f 2810 2881 2882
f 2810 2882 2811
f 2811 2882 2883
f 2811 2883 2812
f 2812 2883 2884
f 2812 2884 2813
f 2813 2884 2885
f 2813 2885 2814
f 2814 2885 2886
f 2814 2886 2815
f 2815 2886 2887
f 2815 2887 2816
f 2816 2887 2888
f 2816 2888 2817
f 2817 2888 2889
f 2817 2889 2818
f 2818 2889 2890
f 2818 2890 2819
f 2819 2890 2891
f 2819 2891 2820
f 2820 2891 2892
f 2820 2892 2821
f 2821 2892 2893
f 2821 2893 2822
f 2822 2893 2894
f 2822 2894 2823
f 2823 2894 2895
f 2823 2895 2824
f 2824 2895 2896
f 2824 2896 2825
f 2825 2896 2897
f 2825 2897 2826
f 2826 2897 2898
f 2826 2898 2827
f 2827 2898 2899
f 2827 2899 2828
f 2828 2899 2900
f 2828 2900 2829
f 2829 2900 2901
f 2829 2901 2830
f 2830 2901 2902
f 2830 2902 2831
f 2831 2902 2903
f 2831 2903 2832
f 2832 2903 2904
f 2832 2904 2833
f 2833 2904 2905
f 2833 2905 2834
f 2834 2905 2906
f 2834 2906 2835
f 2835 2906 2907
f 2835 2907 2836
f 2836 2907 2908
f 2836 2908 2837
f 2837 2908 2909
f 2837 2909 2838
f 2838 2909 2910
f 2838 2910 2839
f 2839 2910 2911
f 2839 2911 2840
f 2840 2911 2912
f 2840 2912 2841
f 2841 2912 2913
f 2841 2913 2842
f 2842 2913 2914
f 2842 2914 2843
f 2843 2914 2915
f 2843 2915 2844
f 2844 2915 2916
f 2844 2916 2845
f 2845 2916 2917
f 2845 2917 2846
f 2846 2917 2918
f 2846 2918 2847
f 2847 2918 2919
f 2847 2919 2848
f 2848 2919 2920
f 2848 2920 2849
f 2849 2920 2921
f 2849 2921 2850
f 2850 2921 2922
f 2850 2922 2851
f 2851 2922 2923
f 2851 2923 2852
f 2852 2923 2924
f 2852 2924 2853
f 2853 2924 2925
f 2853 2925 2854
f 2854 2925 2926
f 2854 2926 2855
f 2855 2926 2927
f 2855 2927 2856
f 2856 2927 2928
f 2856 2928 2857
f 2857 2928 2929
f 2857 2929 2858
f 2858 2929 2930
f 2858 2930 2859
f 2859 2930 2931
f 2859 2931 2860
f 2860 2931 2932
f 2860 2932 2861
f 2861 2932 2933
f 2861 2933 2862
f 2862 2933 2934
f 2862 2934 2863
f 2863 2934 2935
f 2863 2935 2864
f 2864 2935 2936
f 2864 2936 2865
f 2865 2936 2937
f 2865 2937 2866
f 2866 2937 2938
f 2866 2938 2867
f 2867 2938 2939
f 2867 2939 2868
f 2868 2939 2940
f 2868 2940 2869
f 2869 2940 2941
f 2869 2941 2870
f 2870 2941 2942
f 2870 2942 2871
f 2871 2942 2943
f 2871 2943 2872
f 2872 2943 2944
f 2872 2944 2873
f 2873 2944 2945
f 2873 2945 2874
f 2874 2945 2946
f 2874 2946 2875
f 2875 2946 2947
f 2875 2947 2876
f 2876 2947 2948
f 2876 2948 2877
f 2877 2948 2949
f 2877 2949 2878
f 2878 2949 2950
f 2878 2950 2879
f 2879 2950 2951
f 2879 2951 2880
f 2880 2951 2952
f 2880 2952 2809
f 2809 2952 2881
f 2881 2953 2882
f 2882 2953 2954
f 2882 2954 2883
f 2883 2954 2955
f 2883 2955 2884
f 2884 2955 2956
f 2884 2956 2885
f 2885 2956 2957
f 2885 2957 2886
f 2886 2957 2958
f 2886 2958 2887
f 2887 2958 2959
f 2887 2959 2888
f 2888 2959 2960
f 2888 2960 2889
f 2889 2960 2961
f 2889 2961 2890
f 2890 2961 2962
f 2890 2962 2891
f 2891 2962 2963
f 2891 2963 2892
f 2892 2963 2964
f 2892 2964 2893
f 2893 2964 2965
f 2893 2965 2894
f 2894 2965 2966
f 2894 2966 2895
f 2895 2966 2967
f 2895 2967 2896
f 2896 2967 2968
f 2896 2968 2897
f 2897 2968 2969
f 2897 2969 2898
f 2898 2969 2970
f 2898 2970 2899
f 2899 2970 2971
f 2899 2971 2900
f 2900 2971 2972
f 2900 2972 2901
f 2901 2972 2973
f 2901 2973 2902
f 2902 2973 2974
f 2902 2974 2903
f 2903 2974 2975
f 2903 2975 2904
f 2904 2975 2976
f 2904 2976 2905
f 2905 2976 2977
f 2905 2977 2906
f 2906 2977 2978
f 2906 2978 2907
f 2907 2978 2979
f 2907 2979 2908
f 2908 2979 2980
f 2908 2980 2909
f 2909 2980 2981
f 2909 2981 2910
f 2910 2981 2982
f 2910 2982 2911
f 2911 2982 2983
f 2911 2983 2912
f 2912 2983 2984
f 2912 2984 2913
f 2913 2984 2985
f 2913 2985 2914
f 2914 2985 2986
f 2914 2986 2915
f 2915 2986 2987
f 2915 2987 2916
f 2916 2987 2988
f 2916 2988 2917
f 2917 2988 2989
f 2917 2989 2918
f 2918 2989 2990
f 2918 2990 2919
f 2919 2990 2991
f 2919 2991 2920
f 2920 2991 2992
f 2920 2992 2921
f 2921 2992 2993
f 2921 2993 2922
f 2922 2993 2994
f 2922 2994 2923
f 2923 2994 2995
f 2923 2995 2924
f 2924 2995 2996
f 2924 2996 2925
f 2925 2996 2997
f 2925 2997 2926
f 2926 2997 2998
f 2926 2998 2927
f 2927 2998 2999
f 2927 2999 2928
f 2928 2999 3000
f 2928 3000 2929
f 2929 3000 3001
f 2929 3001 2930
f 2930 3001 3002
f 2930 3002 2931
f 2931 3002 3003
f 2931 3003 2932
f 2932 3003 3004
f 2932 3004 2933
f 2933 3004 3005
f 2933 3005 2934
f 2934 3005 3006
f 2934 3006 2935
f 2935 3006 3007
f 2935 3007 2936
f 2936 3007 3008
f 2936 3008 2937
f 2937 3008 3009
f 2937 3009 2938
f 2938 3009 3010
f 2938 3010 2939
f 2939 3010 3011
f 2939 3011 2940
f 2940 3011 3012
f 2940 3012 2941
f 2941 3012 3013
f 2941 3013 2942
f 2942 3013 3014
f 2942 3014 2943
f 2943 3014 3015
f 2943 3015 2944
f 2944 3015 3016
f 2944 3016 2945
f 2945 3016 3017
f 2945 3017 2946
f 2946 3017 3018
f 2946 3018 2947
f 2947 3018 3019
f 2947 3019 2948
f 2948 3019 3020
f 2948 3020 2949
f 2949 3020 3021
f 2949 3021 2950
f 2950 3021 3022
f 2950 3022 2951
f 2951 3022 3023
f 2951 3023 2952
f 2952 3023 3024
f 2952 3024 2881
f 2881 3024 2953
f 2953 3025 2954
f 2954 3025 3026
f 2954 3026 2955
f 2955 3026 3027
f 2955 3027 2956
f 2956 3027 3028
f 2956 3028 2957
f 2957 3028 3029
f 2957 3029 2958
f 2958 3029 3030
f 2958 3030 2959
f 2959 3030 3031
f 2959 3031 2960
f 2960 3031 3032
f 2960 3032 2961
f 2961 3032 3033
f 2961 3033 2962
f 2962 3033 3034
f 2962 3034 2963
f 2963 3034 3035
f 2963 3035 2964
f 2964 3035 3036
f 2964 3036 2965
f 2965 3036 3037
f 2965 3037 2966
f 2966 3037 3038
f 2966 3038 2967
f 2967 3038 3039
f 2967 3039 2968
f 2968 3039 3040
f 2968 3040 2969
f 2969 3040 3041
f 2969 3041 2970
f 2970 3041 3042
f 2970 3042 2971
f 2971 3042 3043
f 2971 3043 2972
f 2972 3043 3044
f 2972 3044 2973
f 2973 3044 3045
f 2973 3045 2974
f 2974 3045 3046
f 2974 3046 2975
f 2975 3046 3047
f 2975 3047 2976
f 2976 3047 3048
f 2976 3048 2977
f 2977 3048 3049
f 2977 3049 2978
f 2978 3049 3050
f 2978 3050 2979
f 2979 3050 3051
f 2979 3051 2980
f 2980 3051 3052
f 2980 3052 2981
f 2981 3052 3053
f 2981 3053 2982
f 2982 3053 3054
f 2982 3054 2983
f 2983 3054 3055
f 2983 3055 2984
f 2984 3055 3056
f 2984 3056 2985
f 2985 3056 3057
f 2985 3057 2986
f 2986 3057 3058
f 2986 3058 2987
f 2987 3058 3059
f 2987 3059 2988
f 2988 3059 3060
f 2988 3060 2989
f 2989 3060 3061
f 2989 3061 2990
f 2990 3061 3062
f 2990 3062 2991
f 2991 3062 3063
f 2991 3063 2992
f 2992 3063 3064
f 2992 3064 2993
f 2993 3064 3065
f 2993 3065 2994
f 2994 3065 3066
f 2994 3066 2995
f 2995 3066 3067
f 2995 3067 2996
f 2996 3067 3068
f 2996 3068 2997
f 2997 3068 3069
f 2997 3069 2998
f 2998 3069 3070
f 2998 3070 2999
f 2999 3070 3071
f 2999 3071 3000
f 3000 3071 3072
f 3000 3072 3001
f 3001 3072 3073
f 3001 3073 3002
f 3002 3073 3074
f 3002 3074 3003
f 3003 3074 3075
f 3003 3075 3004
f 3004 3075 3076
f 3004 3076 3005
f 3005 3076 3077
f 3005 3077 3006
f 3006 3077 3078
f 3006 3078 3007
f 3007 3078 3079
f 3007 3079 3008
f 3008 3079 3080
f 3008 3080 3009
f 3009 3080 3081
f 3009 3081 3010
f 3010 3081 3082
f 3010 3082 3011
f 3011 3082 3083
f 3011 3083 3012
f 3012 3083 3084
f 3012 3084 3013
f 3013 3084 3085
f 3013 3085 3014
f 3014 3085 3086
f 3014 3086 3015
f 3015 3086 3087
f 3015 3087 3016
f 3016 3087 3088
f 3016 3088 3017
f 3017 3088 3089
f 3017 3089 3018
f 3018 3089 3090
f 3018 3090 3019
f 3019 3090 3091
f 3019 3091 3020
f 3020 3091 3092
f 3020 3092 3021
f 3021 3092 3093
f 3021 3093 3022
f 3022 3093 3094
f 3022 3094 3023
f 3023 3094 3095
f 3023 3095 3024
f 3024 3095 3096
f 3024 3096 2953
f 2953 3096 3025
f 3025 3097 3026
f 3026 3097 3098
f 3026 3098 3027
f 3027 3098 3099
f 3027 3099 3028
f 3028 3099 3100
f 3028 3100 3029
f 3029 3100 3101
f 3029 3101 3030
f 3030 3101 3102
f 3030 3102 3031
f 3031 3102 3103
f 3031 3103 3032
f 3032 3103 3104
f 3032 3104 3033
f 3033 3104 3105
f 3033 3105 3034
f 3034 3105 3106
f 3034 3106 3035
f 3035 3106 3107
f 3035 3107 3036
f 3036 3107 3108
f 3036 3108 3037
f 3037 3108 3109
f 3037 3109 3038
f 3038 3109 3110
f 3038 3110 3039
f 3039 3110 3111
f 3039 3111 3040
f 3040 3111 3112
f 3040 3112 3041
f 3041 3112 3113
f 3041 3113 3042
f 3042 3113 3114
f 3042 3114 3043
f 3043 3114 3115
f 3043 3115 3044
f 3044 3115 3116
f 3044 3116 3045
f 3045 3116 3117
f 3045 3117 3046
f 3046 3117 3118
f 3046 3118 3047
f 3047 3118 3119
f 3047 3119 3048
f 3048 3119 3120
f 3048 3120 3049
f 3049 3120 3121
f 3049 3121 3050
f 3050 3121 3122
f 3050 3122 3051
f 3051 3122 3123
f 3051 3123 3052
f 3052 3123 3124
f 3052 3124 3053
f 3053 3124 3125
f 3053 3125 3054
f 3054 3125 3126
f 3054 3126 3055
f 3055 3126 3127
f 3055 3127 3056
f 3056 3127 3128
f 3056 3128 3057
f 3057 3128 3129
f 3057 3129 3058
f 3058 3129 3130
f 3058 3130 3059
f 3059 3130 3131
f 3059 3131 3060
f 3060 3131 3132
f 3060 3132 3061
f 3061 3132 3133
f 3061 3133 3062
f 3062 3133 3134
f 3062 3134 3063
f 3063 3134 3135
f 3063 3135 3064
f 3064 3135 3136
f 3064 3136 3065
f 3065 3136 3137
f 3065 3137 3066
f 3066 3137 3138
f 3066 3138 3067
f 3067 3138 3139
f 3067 3139 3068
f 3068 3139 3140
f 3068 3140 3069
f 3069 3140 3141
f 3069 3141 3070
f 3070 3141 3142
f 3070 3142 3071
f 3071 3142 3143
f 3071 3143 3072
f 3072 3143 3144
f 3072 3144 3073
f 3073 3144 3145
f 3073 3145 3074
f 3074 3145 3146
f 3074 3146 3075
f 3075 3146 3147
f 3075 3147 3076
f 3076 3147 3148
f 3076 3148 3077
f 3077 3148 3149
f 3077 3149 3078
f 3078 3149 3150
f 3078 3150 3079
f 3079 3150 3151
f 3079 3151 3080
f 3080 3151 3152
f 3080 3152 3081
f 3081 3152 3153
f 3081 3153 3082
f 3082 3153 3154
f 3082 3154 3083
f 3083 3154 3155
f 3083 3155 3084
f 3084 3155 3156
f 3084 3156 3085
f 3085 3156 3157
f 3085 3157 3086
f 3086 3157 3158
f 3086 3158 3087
f 3087 3158 3159
f 3087 3159 3088
f 3088 3159 3160
f 3088 3160 3089
f 3089 3160 3161
f 3089 3161 3090
f 3090 3161 3162
f 3090 3162 3091
f 3091 3162 3163
f 3091 3163 3092
f 3092 3163 3164
f 3092 3164 3093
f 3093 3164 3165
f 3093 3165 3094
f 3094 3165 3166
f 3094 3166 3095
f 3095 3166 3167
f 3095 3167 3096
f 3096 3167 3168
f 3096 3168 3025
f 3025 3168 3097
f 3097 3169 3098
f 3098 3169 3170
f 3098 3170 3099
f 3099 3170 3171
f 3099 3171 3100
f 3100 3171 3172
f 3100 3172 3101
f 3101 3172 3173
f 3101 3173 3102
f 3102 3173 3174
f 3102 3174 3103
f 3103 3174 3175
f 3103 3175 3104
f 3104 3175 3176
f 3104 3176 3105
f 3105 3176 3177
f 3105 3177 3106
f 3106 3177 3178
f 3106 3178 3107
f 3107 3178 3179
f 3107 3179 3108
f 3108 3179 3180
f 3108 3180 3109
f 3109 3180 3181
f 3109 3181 3110
f 3110 3181 3182
f 3110 3182 3111
f 3111 3182 3183
f 3111 3183 3112
f 3112 3183 3184
f 3112 3184 3113
f 3113 3184 3185
f 3113 3185 3114
f 3114 3185 3186
f 3114 3186 3115
f 3115 3186 3187
f 3115 3187 3116
f 3116 3187 3188
f 3116 3188 3117
f 3117 3188 3189
f 3117 3189 3118
f 3118 3189 3190
f 3118 3190 3119
f 3119 3190 3191
f 3119 3191 3120
f 3120 3191 3192
f 3120 3192 3121
f 3121 3192 3193
f 3121 3193 3122
f 3122 3193 3194
f 3122 3194 3123
f 3123 3194 3195
f 3123 3195 3124
f 3124 3195 3196
f 3124 3196 3125
f 3125 3196 3197
f 3125 3197 3126
f 3126 3197 3198
f 3126 3198 3127
f 3127 3198 3199
f 3127 3199 3128
f 3128 3199 3200
f 3128 3200 3129
f 3129 3200 3201
f 3129 3201 3130
f 3130 3201 3202
f 3130 3202 3131
f 3131 3202 3203
f 3131 3203 3132
f 3132 3203 3204
f 3132 3204 3133
f 3133 3204 3205
f 3133 3205 3134
f 3134 3205 3206
f 3134 3206 3135
f 3135 3206 3207
f 3135 3207 3136
f 3136 3207 3208
f 3136 3208 3137
f 3137 3208 3209
f 3137 3209 3138
f 3138 3209 3210
f 3138 3210 3139
f 3139 3210 3211
f 3139 3211 3140
f 3140 3211 3212
f 3140 3212 3141
f 3141 3212 3213
f 3141 3213 3142
f 3142 3213 3214
f 3142 3214 3143
f 3143 3214 3215
f 3143 3215 3144
f 3144 3215 3216
f 3144 3216 3145
f 3145 3216 3217
f 3145 3217 3146
f 3146 3217 3218
f 3146 3218 3147
f 3147 3218 3219
f 3147 3219 3148
f 3148 3219 3220
f 3148 3220 3149
f 3149 3220 3221
f 3149 3221 3150
f 3150 3221 3222
f 3150 3222 3151
f 3151 3222 3223
f 3151 3223 3152
f 3152 3223 3224
f 3152 3224 3153
f 3153 3224 3225
f 3153 3225 3154
f 3154 3225 3226
f 3154 3226 3155
f 3155 3226 3227
f 3155 3227 3156
f 3156 3227 3228
f 3156 3228 3157
f 3157 3228 3229
f 3157 3229 3158
f 3158 3229 3230
f 3158 3230 3159
f 3159 3230 3231
f 3159 3231 3160
f 3160 3231 3232
f 3160 3232 3161
f 3161 3232 3233
f 3161 3233 3162
f 3162 3233 3234
f 3162 3234 3163
f 3163 3234 3235
f 3163 3235 3164
f 3164 3235 3236
f 3164 3236 3165
f 3165 3236 3237
f 3165 3237 3166
f 3166 3237 3238
f 3166 3238 3167
f 3167 3238 3239
f 3167 3239 3168
f 3168 3239 3240
f 3168 3240 3097
f 3097 3240 3169
f 3169 3241 3170
f 3170 3241 3242
f 3170 3242 3171
f 3171 3242 3243
f 3171 3243 3172
f 3172 3243 3244
f 3172 3244 3173
f 3173 3244 3245
f 3173 3245 3174
f 3174 3245 3246
f 3174 3246 3175
f 3175 3246 3247
f 3175 3247 3176
f 3176 3247 3248
f 3176 3248 3177
f 3177 3248 3249
f 3177 3249 3178
f 3178 3249 3250
f 3178 3250 3179
f 3179 3250 3251
f 3179 3251 3180
f 3180 3251 3252
f 3180 3252 3181
f 3181 3252 3253
f 3181 3253 3182
f 3182 3253 3254
f 3182 3254 3183
f 3183 3254 3255
f 3183 3255 3184
f 3184 3255 3256
f 3184 3256 3185
f 3185 3256 3257
f 3185 3257 3186
f 3186 3257 3258
f 3186 3258 3187
f 3187 3258 3259
f 3187 3259 3188
f 3188 3259 3260
f 3188 3260 3189
f 3189 3260 3261
f 3189 3261 3190
f 3190 3261 3262
f 3190 3262 3191
f 3191 3262 3263
f 3191 3263 3192
f 3192 3263 3264
f 3192 3264 3193
f 3193 3264 3265
f 3193 3265 3194
f 3194 3265 3266
f 3194 3266 3195
f 3195 3266 3267
f 3195 3267 3196
f 3196 3267 3268
f 3196 3268 3197
f 3197 3268 3269
f 3197 3269 3198
f 3198 3269 3270
f 3198 3270 3199
f 3199 3270 3271
f 3199 3271 3200
f 3200 3271 3272
f 3200 3272 3201
f 3201 3272 3273
f 3201 3273 3202
f 3202 3273 3274
f 3202 3274 3203
f 3203 3274 3275
f 3203 3275 3204
f 3204 3275 3276
f 3204 3276 3205
f 3205 3276 3277
f 3205 3277 3206
f 3206 3277 3278
f 3206 3278 3207
f 3207 3278 3279
f 3207 3279 3208
f 3208 3279 3280
f 3208 3280 3209
f 3209 3280 3281
f 3209 3281 3210
f 3210 3281 3282
f 3210 3282 3211
f 3211 3282 3283
f 3211 3283 3212
f 3212 3283 3284
f 3212 3284 3213
f 3213 3284 3285
f 3213 3285 3214
f 3214 3285 3286
f 3214 3286 3215
f 3215 3286 3287
f 3215 3287 3216
f 3216 3287 3288
f 3216 3288 3217
f 3217 3288 3289
f 3217 3289 3218
f 3218 3289 3290
f 3218 3290 3219
f 3219 3290 3291
f 3219 3291 3220
f 3220 3291 3292
f 3220 3292 3221
f 3221 3292 3293
f 3221 3293 3222
f 3222 3293 3294
f 3222 3294 3223
f 3223 3294 3295
f 3223 3295 3224
f 3224 3295 3296
f 3224 3296 3225
f 3225 3296 3297
f 3225 3297 3226
f 3226 3297 3298
f 3226 3298 3227
f 3227 3298 3299
f 3227 3299 3228
f 3228 3299 3300
f 3228 3300 3229
f 3229 3300 3301
f 3229 3301 3230
f 3230 3301 3302
f 3230 3302 3231
f 3231 3302 3303
f 3231 3303 3232
f 3232 3303 3304
f 3232 3304 3233
f 3233 3304 3305
f 3233 3305 3234
f 3234 3305 3306
f 3234 3306 3235
f 3235 3306 3307
f 3235 3307 3236
f 3236 3307 3308
f 3236 3308 3237
f 3237 3308 3309
f 3237 3309 3238
f 3238 3309 3310
f 3238 3310 3239
f 3239 3310 3311
f 3239 3311 3240
f 3240 3311 3312
f 3240 3312 3169
f 3169 3312 3241
f 3241 3313 3242
f 3242 3313 3314
f 3242 3314 3243
f 3243 3314 3315
f 3243 3315 3244
f 3244 3315 3316
f 3244 3316 3245
f 3245 3316 3317
f 3245 3317 3246
f 3246 3317 3318
f 3246 3318 3247
f 3247 3318 3319
f 3247 3319 3248
f 3248 3319 3320
f 3248 3320 3249
f 3249 3320 3321
f 3249 3321 3250
f 3250 3321 3322
f 3250 3322 3251
f 3251 3322 3323
f 3251 3323 3252
f 3252 3323 3324
f 3252 3324 3253
f 3253 3324 3325
f 3253 3325 3254
f 3254 3325 3326
f 3254 3326 3255
f 3255 3326 3327
f 3255 3327 3256
f 3256 3327 3328
f 3256 3328 3257
f 3257 3328 3329
f 3257 3329 3258
f 3258 3329 3330
f 3258 3330 3259
f 3259 3330 3331
f 3259 3331 3260
f 3260 3331 3332
f 3260 3332 3261
f 3261 3332 3333
f 3261 3333 3262
f 3262 3333 3334
f 3262 3334 3263
f 3263 3334 3335
f 3263 3335 3264
f 3264 3335 3336
f 3264 3336 3265
f 3265 3336 3337
f 3265 3337 3266
f 3266 3337 3338
f 3266 3338 3267
f 3267 3338 3339
f 3267 3339 3268
f 3268 3339 3340
f 3268 3340 3269
f 3269 3340 3341
f 3269 3341 3270
f 3270 3341 3342
f 3270 3342 3271
f 3271 3342 3343
f 3271 3343 3272
f 3272 3343 3344
f 3272 3344 3273
f 3273 3344 3345
f 3273 3345 3274
f 3274 3345 3346
f 3274 3346 3275
f 3275 3346 3347
f 3275 3347 3276
f 3276 3347 3348
f 3276 3348 3277
f 3277 3348 3349
f 3277 3349 3278
f 3278 3349 3350
f 3278 3350 3279
f 3279 3350 3351
f 3279 3351 3280
f 3280 3351 3352
f 3280 3352 3281
f 3281 3352 3353
f 3281 3353 3282
f 3282 3353 3354
f 3282 3354 3283
f 3283 3354 3355
f 3283 3355 3284
f 3284 3355 3356
f 3284 3356 3285
f 3285 3356 3357
f 3285 3357 3286
f 3286 3357 3358
f 3286 3358 3287
f 3287 3358 3359
f 3287 3359 3288
f 3288 3359 3360
f 3288 3360 3289
f 3289 3360 3361
f 3289 3361 3290
f 3290 3361 3362
f 3290 3362 3291
f 3291 3362 3363
f 3291 3363 3292
f 3292 3363 3364
f 3292 3364 3293
f 3293 3364 3365
f 3293 3365 3294
f 3294 3365 3366
f 3294 3366 3295
f 3295 3366 3367
f 3295 3367 3296
f 3296 3367 3368
f 3296 3368 3297
f 3297 3368 3369
f 3297 3369 3298
f 3298 3369 3370
f 3298 3370 3299
f 3299 3370 3371
f 3299 3371 3300
f 3300 3371 3372
f 3300 3372 3301
f 3301 3372 3373
f 3301 3373 3302
f 3302 3373 3374
f 3302 3374 3303
f 3303 3374 3375
f 3303 3375 3304
f 3304 3375 3376
f 3304 3376 3305
f 3305 3376 3377
f 3305 3377 3306
f 3306 3377 3378
f 3306 3378 3307
f 3307 3378 3379
f 3307 3379 3308
f 3308 3379 3380
f 3308 3380 3309
f 3309 3380 3381
f 3309 3381 3310
f 3310 3381 3382
f 3310 3382 3311
f 3311 3382 3383
f 3311 3383 3312
f 3312 3383 3384
f 3312 3384 3241
f 3241 3384 3313
f 3313 3385 3314
f 3314 3385 3386
f 3314 3386 3315
f 3315 3386 3387
f 3315 3387 3316
f 3316 3387 3388
f 3316 3388 3317
f 3317 3388 3389
f 3317 3389 3318
f 3318 3389 3390
f 3318 3390 3319
f 3319 3390 3391
f 3319 3391 3320
f 3320 3391 3392
f 3320 3392 3321
f 3321 3392 3393
f 3321 3393 3322
f 3322 3393 3394
f 3322 3394 3323
f 3323 3394 3395
f 3323 3395 3324
f 3324 3395 3396
f 3324 3396 3325
f 3325 3396 3397
f 3325 3397 3326
f 3326 3397 3398
f 3326 3398 3327
f 3327 3398 3399
f 3327 3399 3328
f 3328 3399 3400
f 3328 3400 3329
f 3329 3400 3401
f 3329 3401 3330
f 3330 3401 3402
f 3330 3402 3331
f 3331 3402 3403
f 3331 3403 3332
f 3332 3403 3404
f 3332 3404 3333
f 3333 3404 3405
f 3333 3405 3334
f 3334 3405 3406
f 3334 3406 3335
f 3335 3406 3407
f 3335 3407 3336
f 3336 3407 3408
f 3336 3408 3337
f 3337 3408 3409
f 3337 3409 3338
f 3338 3409 3410
f 3338 3410 3339
f 3339 3410 3411
f 3339 3411 3340
f 3340 3411 3412
f 3340 3412 3341
f 3341 3412 3413
f 3341 3413 3342
f 3342 3413 3414
f 3342 3414 3343
f 3343 3414 3415
f 3343 3415 3344
f 3344 3415 3416
f 3344 3416 3345
f 3345 3416 3417
f 3345 3417 3346
f 3346 3417 3418
f 3346 3418 3347
f 3347 3418 3419
f 3347 3419 3348
f 3348 3419 3420
f 3348 3420 3349
f 3349 3420 3421
f 3349 3421 3350
f 3350 3421 3422
f 3350 3422 3351
f 3351 3422 3423
f 3351 3423 3352
f 3352 3423 3424
f 3352 3424 3353
f 3353 3424 3425
f 3353 3425 3354
f 3354 3425 3426
f 3354 3426 3355
f 3355 3426 3427
f 3355 3427 3356
f 3356 3427 3428
f 3356 3428 3357
f 3357 3428 3429
f 3357 3429 3358
f 3358 3429 3430
f 3358 3430 3359
f 3359 3430 3431
f 3359 3431 3360
f 3360 3431 3432
f 3360 3432 3361
f 3361 3432 3433
f 3361 3433 3362
f 3362 3433 3434
f 3362 3434 3363
f 3363 3434 3435
f 3363 3435 3364
f 3364 3435 3436
f 3364 3436 3365
f 3365 3436 3437
f 3365 3437 3366
f 3366 3437 3438
f 3366 3438 3367
f 3367 3438 3439
f 3367 3439 3368
f 3368 3439 3440
f 3368 3440 3369
f 3369 3440 3441
f 3369 3441 3370
f 3370 3441 3442
f 3370 3442 3371
f 3371 3442 3443
f 3371 3443 3372
f 3372 3443 3444
f 3372 3444 3373
f 3373 3444 3445
f 3373 3445 3374
f 3374 3445 3446
f 3374 3446 3375
f 3375 3446 3447
f 3375 3447 3376
f 3376 3447 3448
f 3376 3448 3377
f 3377 3448 3449
f 3377 3449 3378
f 3378 3449 3450
f 3378 3450 3379
f 3379 3450 3451
f 3379 3451 3380
f 3380 3451 3452
f 3380 3452 3381
f 3381 3452 3453
f 3381 3453 3382
f 3382 3453 3454
f 3382 3454 3383
f 3383 3454 3455
f 3383 3455 3384
f 3384 3455 3456
f 3384 3456 3313
f 3313 3456 3385
f 3385 3457 3386
f 3386 3457 3458
f 3386 3458 3387
f 3387 3458 3459
f 3387 3459 3388
f 3388 3459 3460
f 3388 3460 3389
f 3389 3460 3461
f 3389 3461 3390
f 3390 3461 3462
f 3390 3462 3391
f 3391 3462 3463
f 3391 3463 3392
f 3392 3463 3464
f 3392 3464 3393
f 3393 3464 3465
f 3393 3465 3394
f 3394 3465 3466
f 3394 3466 3395
f 3395 3466 3467
f 3395 3467 3396
f 3396 3467 3468
f 3396 3468 3397
f 3397 3468 3469
f 3397 3469 3398
f 3398 3469 3470
f 3398 3470 3399
f 3399 3470 3471
f 3399 3471 3400
f 3400 3471 3472
f 3400 3472 3401
f 3401 3472 3473
f 3401 3473 3402
f 3402 3473 3474
f 3402 3474 3403
f 3403 3474 3475
f 3403 3475 3404
f 3404 3475 3476
f 3404 3476 3405
f 3405 3476 3477
f 3405 3477 3406
f 3406 3477 3478
f 3406 3478 3407
f 3407 3478 3479
f 3407 3479 3408
f 3408 3479 3480
f 3408 3480 3409
f 3409 3480 3481
f 3409 3481 3410
f 3410 3481 3482
f 3410 3482 3411
f 3411 3482 3483
f 3411 3483 3412
f 3412 3483 3484
f 3412 3484 3413
f 3413 3484 3485
f 3413 3485 3414
f 3414 3485 3486
f 3414 3486 3415
f 3415 3486 3487
f 3415 3487 3416
f 3416 3487 3488
f 3416 3488 3417
f 3417 3488 3489
f 3417 3489 3418
f 3418 3489 3490
f 3418 3490 3419
f 3419 3490 3491
f 3419 3491 3420
f 3420 3491 3492
f 3420 3492 3421
f 3421 3492 3493
f 3421 3493 3422
f 3422 3493 3494
f 3422 3494 3423
f 3423 3494 3495
f 3423 3495 3424
f 3424 3495 3496
f 3424 3496 3425
f 3425 3496 3497
f 3425 3497 3426
f 3426 3497 3498
f 3426 3498 3427
f 3427 3498 3499
f 3427 3499 3428
f 3428 3499 3500
f 3428 3500 3429
f 3429 3500 3501
f 3429 3501 3430
f 3430 3501 3502
f 3430 3502 3431
f 3431 3502 3503
f 3431 3503 3432
f 3432 3503 3504
f 3432 3504 3433
f 3433 3504 3505
f 3433 3505 3434
f 3434 3505 3506
f 3434 3506 3435
f 3435 3506 3507
f 3435 3507 3436
f 3436 3507 3508
f 3436 3508 3437
f 3437 3508 3509
f 3437 3509 3438
f 3438 3509 3510
f 3438 3510 3439
f 3439 3510 3511
f 3439 3511 3440
f 3440 3511 3512
f 3440 3512 3441
f 3441 3512 3513
f 3441 3513 3442
f 3442 3513 3514
f 3442 3514 3443
f 3443 3514 3515
f 3443 3515 3444
f 3444 3515 3516
f 3444 3516 3445
f 3445 3516 3517
f 3445 3517 3446
f 3446 3517 3518
f 3446 3518 3447
f 3447 3518 3519
f 3447 3519 3448
f 3448 3519 3520
f 3448 3520 3449
f 3449 3520 3521
f 3449 3521 3450
f 3450 3521 3522
f 3450 3522 3451
f 3451 3522 3523
f 3451 3523 3452
f 3452 3523 3524
f 3452 3524 3453
f 3453 3524 3525
f 3453 3525 3454
f 3454 3525 3526
f 3454 3526 3455
f 3455 3526 3527
f 3455 3527 3456
f 3456 3527 3528
f 3456 3528 3385
f 3385 3528 3457
f 3457 3529 3458
f 3458 3529 3530
f 3458 3530 3459
f 3459 3530 3531
f 3459 3531 3460
f 3460 3531 3532
f 3460 3532 3461
f 3461 3532 3533
f 3461 3533 3462
f 3462 3533 3534
f 3462 3534 3463
f 3463 3534 3535
f 3463 3535 3464
f 3464 3535 3536
f 3464 3536 3465
f 3465 3536 3537
f 3465 3537 3466
f 3466 3537 3538
f 3466 3538 3467
f 3467 3538 3539
f 3467 3539 3468
f 3468 3539 3540
f 3468 3540 3469
f 3469 3540 3541
f 3469 3541 3470
f 3470 3541 3542
f 3470 3542 3471
f 3471 3542 3543
f 3471 3543 3472
f 3472 3543 3544
f 3472 3544 3473
f 3473 3544 3545
f 3473 3545 3474
f 3474 3545 3546
f 3474 3546 3475
f 3475 3546 3547
f 3475 3547 3476
f 3476 3547 3548
f 3476 3548 3477
f 3477 3548 3549
f 3477 3549 3478
f 3478 3549 3550
f 3478 3550 3479
f 3479 3550 3551
f 3479 3551 3480
f 3480 3551 3552
f 3480 3552 3481
f 3481 3552 3553
f 3481 3553 3482
f 3482 3553 3554
f 3482 3554 3483
f 3483 3554 3555
f 3483 3555 3484
f 3484 3555 3556
f 3484 3556 3485
f 3485 3556 3557
f 3485 3557 3486
f 3486 3557 3558
f 3486 3558 3487
f 3487 3558 3559
f 3487 3559 3488
f 3488 3559 3560
f 3488 3560 3489
f 3489 3560 3561
f 3489 3561 3490
f 3490 3561 3562
f 3490 3562 3491
f 3491 3562 3563
f 3491 3563 3492
f 3492 3563 3564
f 3492 3564 3493
f 3493 3564 3565
f 3493 3565 3494
f 3494 3565 3566
f 3494 3566 3495
f 3495 3566 3567
f 3495 3567 3496
f 3496 3567 3568
f 3496 3568 3497
f 3497 3568 3569
f 3497 3569 3498
f 3498 3569 3570
f 3498 3570 3499
f 3499 3570 3571
f 3499 3571 3500
f 3500 3571 3572
f 3500 3572 3501
f 3501 3572 3573
f 3501 3573 3502
f 3502 3573 3574
f 3502 3574 3503
f 3503 3574 3575
f 3503 3575 3504
f 3504 3575 3576
f 3504 3576 3505
f 3505 3576 3577
f 3505 3577 3506
f 3506 3577 3578
f 3506 3578 3507
f 3507 3578 3579
f 3507 3579 3508
f 3508 3579 3580
f 3508 3580 3509
f 3509 3580 3581
f 3509 3581 3510
f 3510 3581 3582
f 3510 3582 3511
f 3511 3582 3583
f 3511 3583 3512
f 3512 3583 3584
f 3512 3584 3513
f 3513 3584 3585
f 3513 3585 3514
f 3514 3585 3586
f 3514 3586 3515
f 3515 3586 3587
f 3515 3587 3516
f 3516 3587 3588
f 3516 3588 3517
f 3517 3588 3589
f 3517 3589 3518
f 3518 3589 3590
f 3518 3590 3519
f 3519 3590 3591
f 3519 3591 3520
f 3520 3591 3592
f 3520 3592 3521
f 3521 3592 3593
f 3521 3593 3522
f 3522 3593 3594
f 3522 3594 3523
f 3523 3594 3595
f 3523 3595 3524
f 3524 3595 3596
f 3524 3596 3525
f 3525 3596 3597
f 3525 3597 3526
f 3526 3597 3598
f 3526 3598 3527
f 3527 3598 3599
f 3527 3599 3528
f 3528 3599 3600
f 3528 3600 3457
f 3457 3600 3529
f 3529 3601 3530
f 3530 3601 3602
f 3530 3602 3531
f 3531 3602 3603
f 3531 3603 3532
f 3532 3603 3604
f 3532 3604 3533
f 3533 3604 3605
f 3533 3605 3534
f 3534 3605 3606
f 3534 3606 3535
f 3535 3606 3607
f 3535 3607 3536
f 3536 3607 3608
f 3536 3608 3537
f 3537 3608 3609
f 3537 3609 3538
f 3538 3609 3610
f 3538 3610 3539
f 3539 3610 3611
f 3539 3611 3540
f 3540 3611 3612
f 3540 3612 3541
f 3541 3612 3613
f 3541 3613 3542
f 3542 3613 3614
f 3542 3614 3543
f 3543 3614 3615
f 3543 3615 3544
f 3544 3615 3616
f 3544 3616 3545
f 3545 3616 3617
f 3545 3617 3546
f 3546 3617 3618
f 3546 3618 3547
f 3547 3618 3619
f 3547 3619 3548
f 3548 3619 3620
f 3548 3620 3549
f 3549 3620 3621
f 3549 3621 3550
f 3550 3621 3622
f 3550 3622 3551
f 3551 3622 3623
f 3551 3623 3552
f 3552 3623 3624
f 3552 3624 3553
f 3553 3624 3625
f 3553 3625 3554
f 3554 3625 3626
f 3554 3626 3555
f 3555 3626 3627
f 3555 3627 3556
f 3556 3627 3628
f 3556 3628 3557
f 3557 3628 3629
f 3557 3629 3558
f 3558 3629 3630
f 3558 3630 3559
f 3559 3630 3631
f 3559 3631 3560
f 3560 3631 3632
f 3560 3632 3561
f 3561 3632 3633
f 3561 3633 3562
f 3562 3633 3634
f 3562 3634 3563
f 3563 3634 3635
f 3563 3635 3564
f 3564 3635 3636
f 3564 3636 3565
f 3565 3636 3637
f 3565 3637 3566
f 3566 3637 3638
f 3566 3638 3567
f 3567 3638 3639
f 3567 3639 3568
f 3568 3639 3640
f 3568 3640 3569
f 3569 3640 3641
f 3569 3641 3570
f 3570 3641 3642
f 3570 3642 3571
f 3571 3642 3643
f 3571 3643 3572
f 3572 3643 3644
f 3572 3644 3573
f 3573 3644 3645
f 3573 3645 3574
f 3574 3645 3646
f 3574 3646 3575
f 3575 3646 3647
f 3575 3647 3576
f 3576 3647 3648
f 3576 3648 3577
f 3577 3648 3649
f 3577 3649 3578
f 3578 3649 3650
f 3578 3650 3579
f 3579 3650 3651
f 3579 3651 3580
f 3580 3651 3652
f 3580 3652 3581
f 3581 3652 3653
f 3581 3653 3582
f 3582 3653 3654
f 3582 3654 3583
f 3583 3654 3655
f 3583 3655 3584
f 3584 3655 3656
f 3584 3656 3585
f 3585 3656 3657
f 3585 3657 3586
f 3586 3657 3658
f 3586 3658 3587
f 3587 3658 3659
f 3587 3659 3588
f 3588 3659 3660
f 3588 3660 3589
f 3589 3660 3661
f 3589 3661 3590
f 3590 3661 3662
f 3590 3662 3591
f 3591 3662 3663
f 3591 3663 3592
f 3592 3663 3664
f 3592 3664 3593
f 3593 3664 3665
f 3593 3665 3594
f 3594 3665 3666
f 3594 3666 3595
f 3595 3666 3667
f 3595 3667 3596
f 3596 3667 3668
f 3596 3668 3597
f 3597 3668 3669
f 3597 3669 3598
f 3598 3669 3670
f 3598 3670 3599
f 3599 3670 3671
f 3599 3671 3600
f 3600 3671 3672
f 3600 3672 3529
f 3529 3672 3601
f 3601 3673 3602
f 3602 3673 3674
f 3602 3674 3603
f 3603 3674 3675
f 3603 3675 3604
f 3604 3675 3676
f 3604 3676 3605
f 3605 3676 3677
f 3605 3677 3606
f 3606 3677 3678
f 3606 3678 3607
f 3607 3678 3679
f 3607 3679 3608
f 3608 3679 3680
f 3608 3680 3609
f 3609 3680 3681
f 3609 3681 3610
f 3610 3681 3682
f 3610 3682 3611
f 3611 3682 3683
f 3611 3683 3612
f 3612 3683 3684
f 3612 3684 3613
f 3613 3684 3685
f 3613 3685 3614
f 3614 3685 3686
f 3614 3686 3615
f 3615 3686 3687
f 3615 3687 3616
f 3616 3687 3688
f 3616 3688 3617
f 3617 3688 3689
f 3617 3689 3618
f 3618 3689 3690
f 3618 3690 3619
f 3619 3690 3691
f 3619 3691 3620
f 3620 3691 3692
f 3620 3692 3621
f 3621 3692 3693
f 3621 3693 3622
f 3622 3693 3694
f 3622 3694 3623
f 3623 3694 3695
f 3623 3695 3624
f 3624 3695 3696
f 3624 3696 3625
f 3625 3696 3697
f 3625 3697 3626
f 3626 3697 3698
f 3626 3698 3627
f 3627 3698 3699
f 3627 3699 3628
f 3628 3699 3700
f 3628 3700 3629
f 3629 3700 3701
f 3629 3701 3630
f 3630 3701 3702
f 3630 3702 3631
f 3631 3702 3703
f 3631 3703 3632
f 3632 3703 3704
f 3632 3704 3633
f 3633 3704 3705
f 3633 3705 3634
f 3634 3705 3706
f 3634 3706 3635
f 3635 3706 3707
f 3635 3707 3636
f 3636 3707 3708
f 3636 3708 3637
f 3637 3708 3709
f 3637 3709 3638
f 3638 3709 3710
f 3638 3710 3639
f 3639 3710 3711
f 3639 3711 3640
f 3640 3711 3712
f 3640 3712 3641
f 3641 3712 3713
f 3641 3713 3642
f 3642 3713 3714
f 3642 3714 3643
f 3643 3714 3715
f 3643 3715 3644
f 3644 3715 3716
f 3644 3716 3645
f 3645 3716 3717
f 3645 3717 3646
f 3646 3717 3718
f 3646 3718 3647
f 3647 3718 3719
f 3647 3719 3648
f 3648 3719 3720
f 3648 3720 3649
f 3649 3720 3721
f 3649 3721 3650
f 3650 3721 3722
f 3650 3722 3651
f 3651 3722 3723
f 3651 3723 3652
f 3652 3723 3724
f 3652 3724 3653
f 3653 3724 3725
f 3653 3725 3654
f 3654 3725 3726
f 3654 3726 3655
f 3655 3726 3727
f 3655 3727 3656
f 3656 3727 3728
f 3656 3728 3657
f 3657 3728 3729
f 3657 3729 3658
f 3658 3729 3730
f 3658 3730 3659
f 3659 3730 3731
f 3659 3731 3660
f 3660 3731 3732
f 3660 3732 3661
f 3661 3732 3733
f 3661 3733 3662
f 3662 3733 3734
f 3662 3734 3663
f 3663 3734 3735
f 3663 3735 3664
f 3664 3735 3736
f 3664 3736 3665
f 3665 3736 3737
f 3665 3737 3666
f 3666 3737 3738
f 3666 3738 3667
f 3667 3738 3739
f 3667 3739 3668
f 3668 3739 3740
f 3668 3740 3669
f 3669 3740 3741
f 3669 3741 3670
f 3670 3741 3742
f 3670 3742 3671
f 3671 3742 3743
f 3671 3743 3672
f 3672 3743 3744
f 3672 3744 3601
f 3601 3744 3673
f 3673 3745 3674
f 3674 3745 3746
f 3674 3746 3675
f 3675 3746 3747
f 3675 3747 3676
f 3676 3747 3748
f 3676 3748 3677
f 3677 3748 3749
f 3677 3749 3678
f 3678 3749 3750
f 3678 3750 3679
f 3679 3750 3751
f 3679 3751 3680
f 3680 3751 3752
f 3680 3752 3681
f 3681 3752 3753
f 3681 3753 3682
f 3682 3753 3754
f 3682 3754 3683
f 3683 3754 3755
f 3683 3755 3684
f 3684 3755 3756
f 3684 3756 3685
f 3685 3756 3757
f 3685 3757 3686
f 3686 3757 3758
f 3686 3758 3687
f 3687 3758 3759
f 3687 3759 3688
f 3688 3759 3760
f 3688 3760 3689
f 3689 3760 3761
f 3689 3761 3690
f 3690 3761 3762
f 3690 3762 3691
f 3691 3762 3763
f 3691 3763 3692
f 3692 3763 3764
f 3692 3764 3693
f 3693 3764 3765
f 3693 3765 3694
f 3694 3765 3766
f 3694 3766 3695
f 3695 3766 3767
f 3695 3767 3696
f 3696 3767 3768
f 3696 3768 3697
f 3697 3768 3769
f 3697 3769 3698
f 3698 3769 3770
f 3698 3770 3699
f 3699 3770 3771
f 3699 3771 3700
f 3700 3771 3772
f 3700 3772 3701
f 3701 3772 3773
f 3701 3773 3702
f 3702 3773 3774
f 3702 3774 3703
f 3703 3774 3775
f 3703 3775 3704
f 3704 3775 3776
f 3704 3776 3705
f 3705 3776 3777
f 3705 3777 3706
f 3706 3777 3778
f 3706 3778 3707
f 3707 3778 3779
f 3707 3779 3708
f 3708 3779 3780
f 3708 3780 3709
f 3709 3780 3781
f 3709 3781 3710
f 3710 3781 3782
f 3710 3782 3711
f 3711 3782 3783
f 3711 3783 3712
f 3712 3783 3784
f 3712 3784 3713
f 3713 3784 3785
f 3713 3785 3714
f 3714 3785 3786
f 3714 3786 3715
f 3715 3786 3787
f 3715 3787 3716
f 3716 3787 3788
f 3716 3788 3717
f 3717 3788 3789
f 3717 3789 3718
f 3718 3789 3790
f 3718 3790 3719
f 3719 3790 3791
f 3719 3791 3720
f 3720 3791 3792
f 3720 3792 3721
f 3721 3792 3793
f 3721 3793 3722
f 3722 3793 3794
f 3722 3794 3723
f 3723 3794 3795
f 3723 3795 3724
f 3724 3795 3796
f 3724 3796 3725
f 3725 3796 3797
f 3725 3797 3726
f 3726 3797 3798
f 3726 3798 3727
f 3727 3798 3799
f 3727 3799 3728
f 3728 3799 3800
f 3728 3800 3729
f 3729 3800 3801
f 3729 3801 3730
f 3730 3801 3802
f 3730 3802 3731
f 3731 3802 3803
f 3731 3803 3732
f 3732 3803 3804
f 3732 3804 3733
f 3733 3804 3805
f 3733 3805 3734
f 3734 3805 3806
f 3734 3806 3735
f 3735 3806 3807
f 3735 3807 3736
f 3736 3807 3808
f 3736 3808 3737
f 3737 3808 3809
f 3737 3809 3738
f 3738 3809 3810
f 3738 3810 3739
f 3739 3810 3811
f 3739 3811 3740
f 3740 3811 3812
f 3740 3812 3741
f 3741 3812 3813
f 3741 3813 3742
f 3742 3813 3814
f 3742 3814 3743
f 3743 3814 3815
f 3743 3815 3744
f 3744 3815 3816
f 3744 3816 3673
f 3673 3816 3745
f 3745 3817 3746
f 3746 3817 3818
f 3746 3818 3747
f 3747 3818 3819
f 3747 3819 3748
f 3748 3819 3820
f 3748 3820 3749
f 3749 3820 3821
f 3749 3821 3750
f 3750 3821 3822
f 3750 3822 3751
f 3751 3822 3823
f 3751 3823 3752
f 3752 3823 3824
f 3752 3824 3753
f 3753 3824 3825
f 3753 3825 3754
f 3754 3825 3826
f 3754 3826 3755
f 3755 3826 3827
f 3755 3827 3756
f 3756 3827 3828
f 3756 3828 3757
f 3757 3828 3829
f 3757 3829 3758
f 3758 3829 3830
f 3758 3830 3759
f 3759 3830 3831
f 3759 3831 3760
f 3760 3831 3832
f 3760 3832 3761
f 3761 3832 3833
f 3761 3833 3762
f 3762 3833 3834
f 3762 3834 3763
f 3763 3834 3835
f 3763 3835 3764
f 3764 3835 3836
f 3764 3836 3765
f 3765 3836 3837
f 3765 3837 3766
f 3766 3837 3838
f 3766 3838 3767
f 3767 3838 3839
f 3767 3839 3768
f 3768 3839 3840
f 3768 3840 3769
f 3769 3840 3841
f 3769 3841 3770
f 3770 3841 3842
f 3770 3842 3771
f 3771 3842 3843
f 3771 3843 3772
f 3772 3843 3844
f 3772 3844 3773
f 3773 3844 3845
f 3773 3845 3774
f 3774 3845 3846
f 3774 3846 3775
f 3775 3846 3847
f 3775 3847 3776
f 3776 3847 3848
f 3776 3848 3777
f 3777 3848 3849
f 3777 3849 3778
f 3778 3849 3850
f 3778 3850 3779
f 3779 3850 3851
f 3779 3851 3780
f 3780 3851 3852
f 3780 3852 3781
f 3781 3852 3853
f 3781 3853 3782
f 3782 3853 3854
f 3782 3854 3783
f 3783 3854 3855
f 3783 3855 3784
f 3784 3855 3856
f 3784 3856 3785
f 3785 3856 3857
f 3785 3857 3786
f 3786 3857 3858
f 3786 3858 3787
f 3787 3858 3859
f 3787 3859 3788
f 3788 3859 3860
f 3788 3860 3789
f 3789 3860 3861
f 3789 3861 3790
f 3790 3861 3862
f 3790 3862 3791
f 3791 3862 3863
f 3791 3863 3792
f 3792 3863 3864
f 3792 3864 3793
f 3793 3864 3865
f 3793 3865 3794
f 3794 3865 3866
f 3794 3866 3795
f 3795 3866 3867
f 3795 3867 3796
f 3796 3867 3868
f 3796 3868 3797
f 3797 3868 3869
f 3797 3869 3798
f 3798 3869 3870
f 3798 3870 3799
f 3799 3870 3871
f 3799 3871 3800
f 3800 3871 3872
f 3800 3872 3801
f 3801 3872 3873
f 3801 3873 3802
f 3802 3873 3874
f 3802 3874 3803
f 3803 3874 3875
f 3803 3875 3804
f 3804 3875 3876
f 3804 3876 3805
f 3805 3876 3877
f 3805 3877 3806
f 3806 3877 3878
f 3806 3878 3807
f 3807 3878 3879
f 3807 3879 3808
f 3808 3879 3880
f 3808 3880 3809
f 3809 3880 3881
f 3809 3881 3810
f 3810 3881 3882
f 3810 3882 3811
f 3811 3882 3883
f 3811 3883 3812
f 3812 3883 3884
f 3812 3884 3813
f 3813 3884 3885
f 3813 3885 3814
f 3814 3885 3886
f 3814 3886 3815
f 3815 3886 3887
f 3815 3887 3816
f 3816 3887 3888
f 3816 3888 3745
f 3745 3888 3817
f 3817 3889 3818
f 3818 3889 3890
f 3818 3890 3819
f 3819 3890 3891
f 3819 3891 3820
f 3820 3891 3892
f 3820 3892 3821
f 3821 3892 3893
f 3821 3893 3822
f 3822 3893 3894
f 3822 3894 3823
f 3823 3894 3895
f 3823 3895 3824
f 3824 3895 3896
f 3824 3896 3825
f 3825 3896 3897
f 3825 3897 3826
f 3826 3897 3898
f 3826 3898 3827
f 3827 3898 3899
f 3827 3899 3828
f 3828 3899 3900
f 3828 3900 3829
f 3829 3900 3901
f 3829 3901 3830
f 3830 3901 3902
f 3830 3902 3831
f 3831 3902 3903
f 3831 3903 3832
f 3832 3903 3904
f 3832 3904 3833
f 3833 3904 3905
f 3833 3905 3834
f 3834 3905 3906
f 3834 3906 3835
f 3835 3906 3907
f 3835 3907 3836
f 3836 3907 3908
f 3836 3908 3837
f 3837 3908 3909
f 3837 3909 3838
f 3838 3909 3910
f 3838 3910 3839
f 3839 3910 3911
f 3839 3911 3840
f 3840 3911 3912
f 3840 3912 3841
f 3841 3912 3913
f 3841 3913 3842
f 3842 3913 3914
f 3842 3914 3843
f 3843 3914 3915
f 3843 3915 3844
f 3844 3915 3916
f 3844 3916 3845
f 3845 3916 3917
f 3845 3917 3846
f 3846 3917 3918
f 3846 3918 3847
f 3847 3918 3919
f 3847 3919 3848
f 3848 3919 3920
f 3848 3920 3849
f 3849 3920 3921
f 3849 3921 3850
f 3850 3921 3922
f 3850 3922 3851
f 3851 3922 3923
f 3851 3923 3852
f 3852 3923 3924
f 3852 3924 3853
f 3853 3924 3925
f 3853 3925 3854
f 3854 3925 3926
f 3854 3926 3855
f 3855 3926 3927
f 3855 3927 3856
f 3856 3927 3928
f 3856 3928 3857
f 3857 3928 3929
f 3857 3929 3858
f 3858 3929 3930
f 3858 3930 3859
f 3859 3930 3931
f 3859 3931 3860
f 3860 3931 3932
f 3860 3932 3861
f 3861 3932 3933
f 3861 3933 3862
f 3862 3933 3934
f 3862 3934 3863
f 3863 3934 3935
f 3863 3935 3864
f 3864 3935 3936
f 3864 3936 3865
f 3865 3936 3937
f 3865 3937 3866
f 3866 3937 3938
f 3866 3938 3867
f 3867 3938 3939
f 3867 3939 3868
f 3868 3939 3940
f 3868 3940 3869
f 3869 3940 3941
f 3869 3941 3870
f 3870 3941 3942
f 3870 3942 3871
f 3871 3942 3943
f 3871 3943 3872
f 3872 3943 3944
f 3872 3944 3873
f 3873 3944 3945
f 3873 3945 3874
f 3874 3945 3946
f 3874 3946 3875
f 3875 3946 3947
f 3875 3947 3876
f 3876 3947 3948
f 3876 3948 3877
f 3877 3948 3949
f 3877 3949 3878
f 3878 3949 3950
f 3878 3950 3879
f 3879 3950 3951
f 3879 3951 3880
f 3880 3951 3952
f 3880 3952 3881
f 3881 3952 3953
f 3881 3953 3882
f 3882 3953 3954
f 3882 3954 3883
f 3883 3954 3955
f 3883 3955 3884
f 3884 3955 3956
f 3884 3956 3885
f 3885 3956 3957
f 3885 3957 3886
f 3886 3957 3958
f 3886 3958 3887
f 3887 3958 3959
f 3887 3959 3888
f 3888 3959 3960
f 3888 3960 3817
f 3817 3960 3889
f 3889 3961 3890
f 3890 3961 3962
f 3890 3962 3891
f 3891 3962 3963
f 3891 3963 3892
f 3892 3963 3964
f 3892 3964 3893
f 3893 3964 3965
f 3893 3965 3894
f 3894 3965 3966
f 3894 3966 3895
f 3895 3966 3967
f 3895 3967 3896
f 3896 3967 3968
f 3896 3968 3897
f 3897 3968 3969
f 3897 3969 3898
f 3898 3969 3970
f 3898 3970 3899
f 3899 3970 3971
f 3899 3971 3900
f 3900 3971 3972
f 3900 3972 3901
f 3901 3972 3973
f 3901 3973 3902
f 3902 3973 3974
f 3902 3974 3903
f 3903 3974 3975
f 3903 3975 3904
f 3904 3975 3976
f 3904 3976 3905
f 3905 3976 3977
f 3905 3977 3906
f 3906 3977 3978
f 3906 3978 3907
f 3907 3978 3979
f 3907 3979 3908
f 3908 3979 3980
f 3908 3980 3909
f 3909 3980 3981
f 3909 3981 3910
f 3910 3981 3982
f 3910 3982 3911
f 3911 3982 3983
f 3911 3983 3912
f 3912 3983 3984
f 3912 3984 3913
f 3913 3984 3985
f 3913 3985 3914
f 3914 3985 3986
f 3914 3986 3915
f 3915 3986 3987
f 3915 3987 3916
f 3916 3987 3988
f 3916 3988 3917
f 3917 3988 3989
f 3917 3989 3918
f 3918 3989 3990
f 3918 3990 3919
f 3919 3990 3991
f 3919 3991 3920
f 3920 3991 3992
f 3920 3992 3921
f 3921 3992 3993
f 3921 3993 3922
f 3922 3993 3994
f 3922 3994 3923
f 3923 3994 3995
f 3923 3995 3924
f 3924 3995 3996
f 3924 3996 3925
f 3925 3996 3997
f 3925 3997 3926
f 3926 3997 3998
f 3926 3998 3927
f 3927 3998 3999
f 3927 3999 3928
f 3928 3999 4000
f 3928 4000 3929
f 3929 4000 4001
f 3929 4001 3930
f 3930 4001 4002
f 3930 4002 3931
f 3931 4002 4003
f 3931 4003 3932
f 3932 4003 4004
f 3932 4004 3933
f 3933 4004 4005
f 3933 4005 3934
f 3934 4005 4006
f 3934 4006 3935
f 3935 4006 4007
f 3935 4007 3936
f 3936 4007 4008
f 3936 4008 3937
f 3937 4008 4009
f 3937 4009 3938
f 3938 4009 4010
f 3938 4010 3939
f 3939 4010 4011
f 3939 4011 3940
f 3940 4011 4012
f 3940 4012 3941
f 3941 4012 4013
f 3941 4013 3942
f 3942 4013 4014
f 3942 4014 3943
f 3943 4014 4015
f 3943 4015 3944
f 3944 4015 4016
f 3944 4016 3945
f 3945 4016 4017
f 3945 4017 3946
f 3946 4017 4018
f 3946 4018 3947
f 3947 4018 4019
f 3947 4019 3948
f 3948 4019 4020
f 3948 4020 3949
f 3949 4020 4021
f 3949 4021 3950
f 3950 4021 4022
f 3950 4022 3951
f 3951 4022 4023
f 3951 4023 3952
f 3952 4023 4024
f 3952 4024 3953
f 3953 4024 4025
f 3953 4025 3954
f 3954 4025 4026
f 3954 4026 3955
f 3955 4026 4027
f 3955 4027 3956
f 3956 4027 4028
f 3956 4028 3957
f 3957 4028 4029
f 3957 4029 3958
f 3958 4029 4030
f 3958 4030 3959
f 3959 4030 4031
f 3959 4031 3960
f 3960 4031 4032
f 3960 4032 3889
f 3889 4032 3961
f 3961 4033 3962
f 3962 4033 4034
f 3962 4034 3963
f 3963 4034 4035
f 3963 4035 3964
f 3964 4035 4036
f 3964 4036 3965
f 3965 4036 4037
f 3965 4037 3966
f 3966 4037 4038
f 3966 4038 3967
f 3967 4038 4039
f 3967 4039 3968
f 3968 4039 4040
f 3968 4040 3969
f 3969 4040 4041
f 3969 4041 3970
f 3970 4041 4042
f 3970 4042 3971
f 3971 4042 4043
f 3971 4043 3972
f 3972 4043 4044
f 3972 4044 3973
f 3973 4044 4045
f 3973 4045 3974
f 3974 4045 4046
f 3974 4046 3975
f 3975 4046 4047
f 3975 4047 3976
f 3976 4047 4048
f 3976 4048 3977
f 3977 4048 4049
f 3977 4049 3978
f 3978 4049 4050
f 3978 4050 3979
f 3979 4050 4051
f 3979 4051 3980
f 3980 4051 4052
f 3980 4052 3981
f 3981 4052 4053
f 3981 4053 3982
f 3982 4053 4054
f 3982 4054 3983
f 3983 4054 4055
f 3983 4055 3984
f 3984 4055 4056
f 3984 4056 3985
f 3985 4056 4057
f 3985 4057 3986
f 3986 4057 4058
f 3986 4058 3987
f 3987 4058 4059
f 3987 4059 3988
f 3988 4059 4060
f 3988 4060 3989
f 3989 4060 4061
f 3989 4061 3990
f 3990 4061 4062
f 3990 4062 3991
f 3991 4062 4063
f 3991 4063 3992
f 3992 4063 4064
f 3992 4064 3993
f 3993 4064 4065
f 3993 4065 3994
f 3994 4065 4066
f 3994 4066 3995
f 3995 4066 4067
f 3995 4067 3996
f 3996 4067 4068
f 3996 4068 3997
f 3997 4068 4069
f 3997 4069 3998
f 3998 4069 4070
f 3998 4070 3999
f 3999 4070 4071
f 3999 4071 4000
f 4000 4071 4072
f 4000 4072 4001
f 4001 4072 4073
f 4001 4073 4002
f 4002 4073 4074
f 4002 4074 4003
f 4003 4074 4075
f 4003 4075 4004
f 4004 4075 4076
f 4004 4076 4005
f 4005 4076 4077
f 4005 4077 4006
f 4006 4077 4078
f 4006 4078 4007
f 4007 4078 4079
f 4007 4079 4008
f 4008 4079 4080
f 4008 4080 4009
f 4009 4080 4081
f 4009 4081 4010
f 4010 4081 4082
f 4010 4082 4011
f 4011 4082 4083
f 4011 4083 4012
f 4012 4083 4084
f 4012 4084 4013
f 4013 4084 4085
f 4013 4085 4014
f 4014 4085 4086
f 4014 4086 4015
f 4015 4086 4087
f 4015 4087 4016
f 4016 4087 4088
f 4016 4088 4017
f 4017 4088 4089
f 4017 4089 4018
f 4018 4089 4090
f 4018 4090 4019
f 4019 4090 4091
f 4019 4091 4020
f 4020 4091 4092
f 4020 4092 4021
f 4021 4092 4093
f 4021 4093 4022
f 4022 4093 4094
f 4022 4094 4023
f 4023 4094 4095
f 4023 4095 4024
f 4024 4095 4096
f 4024 4096 4025
f 4025 4096 4097
f 4025 4097 4026
f 4026 4097 4098
f 4026 4098 4027
f 4027 4098 4099
f 4027 4099 4028
f 4028 4099 4100
f 4028 4100 4029
f 4029 4100 4101
f 4029 4101 4030
f 4030 4101 4102
f 4030 4102 4031
f 4031 4102 4103
f 4031 4103 4032
f 4032 4103 4104
f 4032 4104 3961
f 3961 4104 4033
f 4033 4105 4034
f 4034 4105 4106
f 4034 4106 4035
f 4035 4106 4107
f 4035 4107 4036
f 4036 4107 4108
f 4036 4108 4037
f 4037 4108 4109
f 4037 4109 4038
f 4038 4109 4110
f 4038 4110 4039
f 4039 4110 4111
f 4039 4111 4040
f 4040 4111 4112
f 4040 4112 4041
f 4041 4112 4113
f 4041 4113 4042
f 4042 4113 4114
f 4042 4114 4043
f 4043 4114 4115
f 4043 4115 4044
f 4044 4115 4116
f 4044 4116 4045
f 4045 4116 4117
f 4045 4117 4046
f 4046 4117 4118
f 4046 4118 4047
f 4047 4118 4119
f 4047 4119 4048
f 4048 4119 4120
f 4048 4120 4049
f 4049 4120 4121
f 4049 4121 4050
f 4050 4121 4122
f 4050 4122 4051
f 4051 4122 4123
f 4051 4123 4052
f 4052 4123 4124
f 4052 4124 4053
f 4053 4124 4125
f 4053 4125 4054
f 4054 4125 4126
f 4054 4126 4055
f 4055 4126 4127
f 4055 4127 4056
f 4056 4127 4128
f 4056 4128 4057
f 4057 4128 4129
f 4057 4129 4058
f 4058 4129 4130
f 4058 4130 4059
f 4059 4130 4131
f 4059 4131 4060
f 4060 4131 4132
f 4060 4132 4061
f 4061 4132 4133
f 4061 4133 4062
f 4062 4133 4134
f 4062 4134 4063
f 4063 4134 4135
f 4063 4135 4064
f 4064 4135 4136
f 4064 4136 4065
f 4065 4136 4137
f 4065 4137 4066
f 4066 4137 4138
f 4066 4138 4067
f 4067 4138 4139
f 4067 4139 4068
f 4068 4139 4140
f 4068 4140 4069
f 4069 4140 4141
f 4069 4141 4070
f 4070 4141 4142
f 4070 4142 4071
f 4071 4142 4143
f 4071 4143 4072
f 4072 4143 4144
f 4072 4144 4073
f 4073 4144 4145
f 4073 4145 4074
f 4074 4145 4146
f 4074 4146 4075
f 4075 4146 4147
f 4075 4147 4076
f 4076 4147 4148
f 4076 4148 4077
f 4077 4148 4149
f 4077 4149 4078
f 4078 4149 4150
f 4078 4150 4079
f 4079 4150 4151
f 4079 4151 4080
f 4080 4151 4152
f 4080 4152 4081
f 4081 4152 4153
f 4081 4153 4082
f 4082 4153 4154
f 4082 4154 4083
f 4083 4154 4155
f 4083 4155 4084
f 4084 4155 4156
f 4084 4156 4085
f 4085 4156 4157
f 4085 4157 4086
f 4086 4157 4158
f 4086 4158 4087
f 4087 4158 4159
f 4087 4159 4088
f 4088 4159 4160
f 4088 4160 4089
f 4089 4160 4161
f 4089 4161 4090
f 4090 4161 4162
f 4090 4162 4091
f 4091 4162 4163
f 4091 4163 4092
f 4092 4163 4164
f 4092 4164 4093
f 4093 4164 4165
f 4093 4165 4094
f 4094 4165 4166
f 4094 4166 4095
f 4095 4166 4167
f 4095 4167 4096
f 4096 4167 4168
f 4096 4168 4097
f 4097 4168 4169
f 4097 4169 4098
f 4098 4169 4170
f 4098 4170 4099
f 4099 4170 4171
f 4099 4171 4100
f 4100 4171 4172
f 4100 4172 4101
f 4101 4172 4173
f 4101 4173 4102
f 4102 4173 4174
f 4102 4174 4103
f 4103 4174 4175
f 4103 4175 4104
f 4104 4175 4176
f 4104 4176 4033
f 4033 4176 4105
f 4105 4177 4106
f 4106 4177 4178
f 4106 4178 4107
f 4107 4178 4179
f 4107 4179 4108
f 4108 4179 4180
f 4108 4180 4109
f 4109 4180 4181
f 4109 4181 4110
f 4110 4181 4182
f 4110 4182 4111
f 4111 4182 4183
f 4111 4183 4112
f 4112 4183 4184
f 4112 4184 4113
f 4113 4184 4185
f 4113 4185 4114
f 4114 4185 4186
f 4114 4186 4115
f 4115 4186 4187
f 4115 4187 4116
f 4116 4187 4188
f 4116 4188 4117
f 4117 4188 4189
f 4117 4189 4118
f 4118 4189 4190
f 4118 4190 4119
f 4119 4190 4191
f 4119 4191 4120
f 4120 4191 4192
f 4120 4192 4121
f 4121 4192 4193
f 4121 4193 4122
f 4122 4193 4194
f 4122 4194 4123
f 4123 4194 4195
f 4123 4195 4124
f 4124 4195 4196
f 4124 4196 4125
f 4125 4196 4197
f 4125 4197 4126
f 4126 4197 4198
f 4126 4198 4127
f 4127 4198 4199
f 4127 4199 4128
f 4128 4199 4200
f 4128 4200 4129
f 4129 4200 4201
f 4129 4201 4130
f 4130 4201 4202
f 4130 4202 4131
f 4131 4202 4203
f 4131 4203 4132
f 4132 4203 4204
f 4132 4204 4133
f 4133 4204 4205
f 4133 4205 4134
f 4134 4205 4206
f 4134 4206 4135
f 4135 4206 4207
f 4135 4207 4136
f 4136 4207 4208
f 4136 4208 4137
f 4137 4208 4209
f 4137 4209 4138
f 4138 4209 4210
f 4138 4210 4139
f 4139 4210 4211
f 4139 4211 4140
f 4140 4211 4212
f 4140 4212 4141
f 4141 4212 4213
f 4141 4213 4142
f 4142 4213 4214
f 4142 4214 4143
f 4143 4214 4215
f 4143 4215 4144
f 4144 4215 4216
f 4144 4216 4145
f 4145 4216 4217
f 4145 4217 4146
f 4146 4217 4218
f 4146 4218 4147
f 4147 4218 4219
f 4147 4219 4148
f 4148 4219 4220
f 4148 4220 4149
f 4149 4220 4221
f 4149 4221 4150
f 4150 4221 4222
f 4150 4222 4151
f 4151 4222 4223
f 4151 4223 4152
f 4152 4223 4224
f 4152 4224 4153
f 4153 4224 4225
f 4153 4225 4154
f 4154 4225 4226
f 4154 4226 4155
f 4155 4226 4227
f 4155 4227 4156
f 4156 4227 4228
f 4156 4228 4157
f 4157 4228 4229
f 4157 4229 4158
f 4158 4229 4230
f 4158 4230 4159
f 4159 4230 4231
f 4159 4231 4160
f 4160 4231 4232
f 4160 4232 4161
f 4161 4232 4233
f 4161 4233 4162
f 4162 4233 4234
f 4162 4234 4163
f 4163 4234 4235
f 4163 4235 4164
f 4164 4235 4236
f 4164 4236 4165
f 4165 4236 4237
f 4165 4237 4166
f 4166 4237 4238
f 4166 4238 4167
f 4167 4238 4239
f 4167 4239 4168
f 4168 4239 4240
f 4168 4240 4169
f 4169 4240 4241
f 4169 4241 4170
f 4170 4241 4242
f 4170 4242 4171
f 4171 4242 4243
f 4171 4243 4172
f 4172 4243 4244
f 4172 4244 4173
f 4173 4244 4245
f 4173 4245 4174
f 4174 4245 4246
f 4174 4246 4175
f 4175 4246 4247
f 4175 4247 4176
f 4176 4247 4248
f 4176 4248 4105
f 4105 4248 4177
f 4177 4249 4178
f 4178 4249 4250
f 4178 4250 4179
f 4179 4250 4251
f 4179 4251 4180
f 4180 4251 4252
f 4180 4252 4181
f 4181 4252 4253
f 4181 4253 4182
f 4182 4253 4254
f 4182 4254 4183
f 4183 4254 4255
f 4183 4255 4184
f 4184 4255 4256
f 4184 4256 4185
f 4185 4256 4257
f 4185 4257 4186
f 4186 4257 4258
f 4186 4258 4187
f 4187 4258 4259
f 4187 4259 4188
f 4188 4259 4260
f 4188 4260 4189
f 4189 4260 4261
f 4189 4261 4190
f 4190 4261 4262
f 4190 4262 4191
f 4191 4262 4263
f 4191 4263 4192
f 4192 4263 4264
f 4192 4264 4193
f 4193 4264 4265
f 4193 4265 4194
f 4194 4265 4266
f 4194 4266 4195
f 4195 4266 4267
f 4195 4267 4196
f 4196 4267 4268
f 4196 4268 4197
f 4197 4268 4269
f 4197 4269 4198
f 4198 4269 4270
f 4198 4270 4199
f 4199 4270 4271
f 4199 4271 4200
f 4200 4271 4272
f 4200 4272 4201
f 4201 4272 4273
f 4201 4273 4202
f 4202 4273 4274
f 4202 4274 4203
f 4203 4274 4275
f 4203 4275 4204
f 4204 4275 4276
f 4204 4276 4205
f 4205 4276 4277
f 4205 4277 4206
f 4206 4277 4278
f 4206 4278 4207
f 4207 4278 4279
f 4207 4279 4208
f 4208 4279 4280
f 4208 4280 4209
f 4209 4280 4281
f 4209 4281 4210
f 4210 4281 4282
f 4210 4282 4211
f 4211 4282 4283
f 4211 4283 4212
f 4212 4283 4284
f 4212 4284 4213
f 4213 4284 4285
f 4213 4285 4214
f 4214 4285 4286
f 4214 4286 4215
f 4215 4286 4287
f 4215 4287 4216
f 4216 4287 4288
f 4216 4288 4217
f 4217 4288 4289
f 4217 4289 4218
f 4218 4289 4290
f 4218 4290 4219
f 4219 4290 4291
f 4219 4291 4220
f 4220 4291 4292
f 4220 4292 4221
f 4221 4292 4293
f 4221 4293 4222
f 4222 4293 4294
f 4222 4294 4223
f 4223 4294 4295
f 4223 4295 4224
f 4224 4295 4296
f 4224 4296 4225
f 4225 4296 4297
f 4225 4297 4226
f 4226 4297 4298
f 4226 4298 4227
f 4227 4298 4299
f 4227 4299 4228
f 4228 4299 4300
f 4228 4300 4229
f 4229 4300 4301
f 4229 4301 4230
f 4230 4301 4302
f 4230 4302 4231
f 4231 4302 4303
f 4231 4303 4232
f 4232 4303 4304
f 4232 4304 4233
f 4233 4304 4305
f 4233 4305 4234
f 4234 4305 4306
f 4234 4306 4235
f 4235 4306 4307
f 4235 4307 4236
f 4236 4307 4308
f 4236 4308 4237
f 4237 4308 4309
f 4237 4309 4238
f 4238 4309 4310
f 4238 4310 4239
f 4239 4310 4311
f 4239 4311 4240
f 4240 4311 4312
f 4240 4312 4241
f 4241 4312 4313
f 4241 4313 4242
f 4242 4313 4314
f 4242 4314 4243
f 4243 4314 4315
f 4243 4315 4244
f 4244 4315 4316
f 4244 4316 4245
f 4245 4316 4317
f 4245 4317 4246
f 4246 4317 4318
f 4246 4318 4247
f 4247 4318 4319
f 4247 4319 4248
f 4248 4319 4320
f 4248 4320 4177
f 4177 4320 4249
f 4249 4321 4250
f 4250 4321 4322
f 4250 4322 4251
f 4251 4322 4323
f 4251 4323 4252
f 4252 4323 4324
f 4252 4324 4253
f 4253 4324 4325
f 4253 4325 4254
f 4254 4325 4326
f 4254 4326 4255
f 4255 4326 4327
f 4255 4327 4256
f 4256 4327 4328
f 4256 4328 4257
f 4257 4328 4329
f 4257 4329 4258
f 4258 4329 4330
f 4258 4330 4259
f 4259 4330 4331
f 4259 4331 4260
f 4260 4331 4332
f 4260 4332 4261
f 4261 4332 4333
f 4261 4333 4262
f 4262 4333 4334
f 4262 4334 4263
f 4263 4334 4335
f 4263 4335 4264
f 4264 4335 4336
f 4264 4336 4265
f 4265 4336 4337
f 4265 4337 4266
f 4266 4337 4338
f 4266 4338 4267
f 4267 4338 4339
f 4267 4339 4268
f 4268 4339 4340
f 4268 4340 4269
f 4269 4340 4341
f 4269 4341 4270
f 4270 4341 4342
f 4270 4342 4271
f 4271 4342 4343
f 4271 4343 4272
f 4272 4343 4344
f 4272 4344 4273
f 4273 4344 4345
f 4273 4345 4274
f 4274 4345 4346
f 4274 4346 4275
f 4275 4346 4347
f 4275 4347 4276
f 4276 4347 4348
f 4276 4348 4277
f 4277 4348 4349
f 4277 4349 4278
f 4278 4349 4350
f 4278 4350 4279
f 4279 4350 4351
f 4279 4351 4280
f 4280 4351 4352
f 4280 4352 4281
f 4281 4352 4353
f 4281 4353 4282
f 4282 4353 4354
f 4282 4354 4283
f 4283 4354 4355
f 4283 4355 4284
f 4284 4355 4356
f 4284 4356 4285
f 4285 4356 4357
f 4285 4357 4286
f 4286 4357 4358
f 4286 4358 4287
f 4287 4358 4359
f 4287 4359 4288
f 4288 4359 4360
f 4288 4360 4289
f 4289 4360 4361
f 4289 4361 4290
f 4290 4361 4362
f 4290 4362 4291
f 4291 4362 4363
f 4291 4363 4292
f 4292 4363 4364
f 4292 4364 4293
f 4293 4364 4365
f 4293 4365 4294
f 4294 4365 4366
f 4294 4366 4295
f 4295 4366 4367
f 4295 4367 4296
f 4296 4367 4368
f 4296 4368 4297
f 4297 4368 4369
f 4297 4369 4298
f 4298 4369 4370
f 4298 4370 4299
f 4299 4370 4371
f 4299 4371 4300
f 4300 4371 4372
f 4300 4372 4301
f 4301 4372 4373
f 4301 4373 4302
f 4302 4373 4374
f 4302 4374 4303
f 4303 4374 4375
f 4303 4375 4304
f 4304 4375 4376
f 4304 4376 4305
f 4305 4376 4377
f 4305 4377 4306
f 4306 4377 4378
f 4306 4378 4307
f 4307 4378 4379
f 4307 4379 4308
f 4308 4379 4380
f 4308 4380 4309
f 4309 4380 4381
f 4309 4381 4310
f 4310 4381 4382
f 4310 4382 4311
f 4311 4382 4383
f 4311 4383 4312
f 4312 4383 4384
f 4312 4384 4313
f 4313 4384 4385
f 4313 4385 4314
f 4314 4385 4386
f 4314 4386 4315
f 4315 4386 4387
f 4315 4387 4316
f 4316 4387 4388
f 4316 4388 4317
f 4317 4388 4389
f 4317 4389 4318
f 4318 4389 4390
f 4318 4390 4319
f 4319 4390 4391
f 4319 4391 4320
f 4320 4391 4392
f 4320 4392 4249
f 4249 4392 4321
f 4321 4393 4322
f 4322 4393 4394
f 4322 4394 4323
f 4323 4394 4395
f 4323 4395 4324
f 4324 4395 4396
f 4324 4396 4325
f 4325 4396 4397
f 4325 4397 4326
f 4326 4397 4398
f 4326 4398 4327
f 4327 4398 4399
f 4327 4399 4328
f 4328 4399 4400
f 4328 4400 4329
f 4329 4400 4401
f 4329 4401 4330
f 4330 4401 4402
f 4330 4402 4331
f 4331 4402 4403
f 4331 4403 4332
f 4332 4403 4404
f 4332 4404 4333
f 4333 4404 4405
f 4333 4405 4334
f 4334 4405 4406
f 4334 4406 4335
f 4335 4406 4407
f 4335 4407 4336
f 4336 4407 4408
f 4336 4408 4337
f 4337 4408 4409
f 4337 4409 4338
f 4338 4409 4410
f 4338 4410 4339
f 4339 4410 4411
f 4339 4411 4340
f 4340 4411 4412
f 4340 4412 4341
f 4341 4412 4413
f 4341 4413 4342
f 4342 4413 4414
f 4342 4414 4343
f 4343 4414 4415
f 4343 4415 4344
f 4344 4415 4416
f 4344 4416 4345
f 4345 4416 4417
f 4345 4417 4346
f 4346 4417 4418
f 4346 4418 4347
f 4347 4418 4419
f 4347 4419 4348
f 4348 4419 4420
f 4348 4420 4349
f 4349 4420 4421
f 4349 4421 4350
f 4350 4421 4422
f 4350 4422 4351
f 4351 4422 4423
f 4351 4423 4352
f 4352 4423 4424
f 4352 4424 4353
f 4353 4424 4425
f 4353 4425 4354
f 4354 4425 4426
f 4354 4426 4355
f 4355 4426 4427
f 4355 4427 4356
f 4356 4427 4428
f 4356 4428 4357
f 4357 4428 4429
f 4357 4429 4358
f 4358 4429 4430
f 4358 4430 4359
f 4359 4430 4431
f 4359 4431 4360
f 4360 4431 4432
f 4360 4432 4361
f 4361 4432 4433
f 4361 4433 4362
f 4362 4433 4434
f 4362 4434 4363
f 4363 4434 4435
f 4363 4435 4364
f 4364 4435 4436
f 4364 4436 4365
f 4365 4436 4437
f 4365 4437 4366
f 4366 4437 4438
f 4366 4438 4367
f 4367 4438 4439
f 4367 4439 4368
f 4368 4439 4440
f 4368 4440 4369
f 4369 4440 4441
f 4369 4441 4370
f 4370 4441 4442
f 4370 4442 4371
f 4371 4442 4443
f 4371 4443 4372
f 4372 4443 4444
f 4372 4444 4373
f 4373 4444 4445
f 4373 4445 4374
f 4374 4445 4446
f 4374 4446 4375
f 4375 4446 4447
f 4375 4447 4376
f 4376 4447 4448
f 4376 4448 4377
f 4377 4448 4449
f 4377 4449 4378
f 4378 4449 4450
f 4378 4450 4379
f 4379 4450 4451
f 4379 4451 4380
f 4380 4451 4452
f 4380 4452 4381
f 4381 4452 4453
f 4381 4453 4382
f 4382 4453 4454
f 4382 4454 4383
f 4383 4454 4455
f 4383 4455 4384
f 4384 4455 4456
f 4384 4456 4385
f 4385 4456 4457
f 4385 4457 4386
f 4386 4457 4458
f 4386 4458 4387
f 4387 4458 4459
f 4387 4459 4388
f 4388 4459 4460
f 4388 4460 4389
f 4389 4460 4461
f 4389 4461 4390
f 4390 4461 4462
f 4390 4462 4391
f 4391 4462 4463
f 4391 4463 4392
f 4392 4463 4464
f 4392 4464 4321
f 4321 4464 4393
f 4393 4465 4394
f 4394 4465 4466
f 4394 4466 4395
f 4395 4466 4467
f 4395 4467 4396
f 4396 4467 4468
f 4396 4468 4397
f 4397 4468 4469
f 4397 4469 4398
f 4398 4469 4470
f 4398 4470 4399
f 4399 4470 4471
f 4399 4471 4400
f 4400 4471 4472
f 4400 4472 4401
f 4401 4472 4473
f 4401 4473 4402
f 4402 4473 4474
f 4402 4474 4403
f 4403 4474 4475
f 4403 4475 4404
f 4404 4475 4476
f 4404 4476 4405
f 4405 4476 4477
f 4405 4477 4406
f 4406 4477 4478
f 4406 4478 4407
f 4407 4478 4479
f 4407 4479 4408
f 4408 4479 4480
f 4408 4480 4409
f 4409 4480 4481
f 4409 4481 4410
f 4410 4481 4482
f 4410 4482 4411
f 4411 4482 4483
f 4411 4483 4412
f 4412 4483 4484
f 4412 4484 4413
f 4413 4484 4485
f 4413 4485 4414
f 4414 4485 4486
f 4414 4486 4415
f 4415 4486 4487
f 4415 4487 4416
f 4416 4487 4488
f 4416 4488 4417
f 4417 4488 4489
f 4417 4489 4418
f 4418 4489 4490
f 4418 4490 4419
f 4419 4490 4491
f 4419 4491 4420
f 4420 4491 4492
f 4420 4492 4421
f 4421 4492 4493
f 4421 4493 4422
f 4422 4493 4494
f 4422 4494 4423
f 4423 4494 4495
f 4423 4495 4424
f 4424 4495 4496
f 4424 4496 4425
f 4425 4496 4497
f 4425 4497 4426
f 4426 4497 4498
f 4426 4498 4427
f 4427 4498 4499
f 4427 4499 4428
f 4428 4499 4500
f 4428 4500 4429
f 4429 4500 4501
f 4429 4501 4430
f 4430 4501 4502
f 4430 4502 4431
f 4431 4502 4503
f 4431 4503 4432
f 4432 4503 4504
f 4432 4504 4433
f 4433 4504 4505
f 4433 4505 4434
f 4434 4505 4506
f 4434 4506 4435
f 4435 4506 4507
f 4435 4507 4436
f 4436 4507 4508
f 4436 4508 4437
f 4437 4508 4509
f 4437 4509 4438
f 4438 4509 4510
f 4438 4510 4439
f 4439 4510 4511
f 4439 4511 4440
f 4440 4511 4512
f 4440 4512 4441
f 4441 4512 4513
f 4441 4513 4442
f 4442 4513 4514
f 4442 4514 4443
f 4443 4514 4515
f 4443 4515 4444
f 4444 4515 4516
f 4444 4516 4445
f 4445 4516 4517
f 4445 4517 4446
f 4446 4517 4518
f 4446 4518 4447
f 4447 4518 4519
f 4447 4519 4448
f 4448 4519 4520
f 4448 4520 4449
f 4449 4520 4521
f 4449 4521 4450
f 4450 4521 4522
f 4450 4522 4451
f 4451 4522 4523
f 4451 4523 4452
f 4452 4523 4524
f 4452 4524 4453
f 4453 4524 4525
f 4453 4525 4454
f 4454 4525 4526
f 4454 4526 4455
f 4455 4526 4527
f 4455 4527 4456
f 4456 4527 4528
f 4456 4528 4457
f 4457 4528 4529
f 4457 4529 4458
f 4458 4529 4530
f 4458 4530 4459
f 4459 4530 4531
f 4459 4531 4460
f 4460 4531 4532
f 4460 4532 4461
f 4461 4532 4533
f 4461 4533 4462
f 4462 4533 4534
f 4462 4534 4463
f 4463 4534 4535
f 4463 4535 4464
f 4464 4535 4536
f 4464 4536 4393
f 4393 4536 4465
f 4465 4537 4466
f 4466 4537 4538
f 4466 4538 4467
f 4467 4538 4539
f 4467 4539 4468
f 4468 4539 4540
f 4468 4540 4469
f 4469 4540 4541
f 4469 4541 4470
f 4470 4541 4542
f 4470 4542 4471
f 4471 4542 4543
f 4471 4543 4472
f 4472 4543 4544
f 4472 4544 4473
f 4473 4544 4545
f 4473 4545 4474
f 4474 4545 4546
f 4474 4546 4475
f 4475 4546 4547
f 4475 4547 4476
f 4476 4547 4548
f 4476 4548 4477
f 4477 4548 4549
f 4477 4549 4478
f 4478 4549 4550
f 4478 4550 4479
f 4479 4550 4551
f 4479 4551 4480
f 4480 4551 4552
f 4480 4552 4481
f 4481 4552 4553
f 4481 4553 4482
f 4482 4553 4554
f 4482 4554 4483
f 4483 4554 4555
f 4483 4555 4484
f 4484 4555 4556
f 4484 4556 4485
f 4485 4556 4557
f 4485 4557 4486
f 4486 4557 4558
f 4486 4558 4487
f 4487 4558 4559
f 4487 4559 4488
f 4488 4559 4560
f 4488 4560 4489
f 4489 4560 4561
f 4489 4561 4490
f 4490 4561 4562
f 4490 4562 4491
f 4491 4562 4563
f 4491 4563 4492
f 4492 4563 4564
f 4492 4564 4493
f 4493 4564 4565
f 4493 4565 4494
f 4494 4565 4566
f 4494 4566 4495
f 4495 4566 4567
f 4495 4567 4496
f 4496 4567 4568
f 4496 4568 4497
f 4497 4568 4569
f 4497 4569 4498
f 4498 4569 4570
f 4498 4570 4499
f 4499 4570 4571
f 4499 4571 4500
f 4500 4571 4572
f 4500 4572 4501
f 4501 4572 4573
f 4501 4573 4502
f 4502 4573 4574
f 4502 4574 4503
f 4503 4574 4575
f 4503 4575 4504
f 4504 4575 4576
f 4504 4576 4505
f 4505 4576 4577
f 4505 4577 4506
f 4506 4577 4578
f 4506 4578 4507
f 4507 4578 4579
f 4507 4579 4508
f 4508 4579 4580
f 4508 4580 4509
f 4509 4580 4581
f 4509 4581 4510
f 4510 4581 4582
f 4510 4582 4511
f 4511 4582 4583
f 4511 4583 4512
f 4512 4583 4584
f 4512 4584 4513
f 4513 4584 4585
f 4513 4585 4514
f 4514 4585 4586
f 4514 4586 4515
f 4515 4586 4587
f 4515 4587 4516
f 4516 4587 4588
f 4516 4588 4517
f 4517 4588 4589
f 4517 4589 4518
f 4518 4589 4590
f 4518 4590 4519
f 4519 4590 4591
f 4519 4591 4520
f 4520 4591 4592
f 4520 4592 4521
f 4521 4592 4593
f 4521 4593 4522
f 4522 4593 4594
f 4522 4594 4523
f 4523 4594 4595
f 4523 4595 4524
f 4524 4595 4596
f 4524 4596 4525
f 4525 4596 4597
f 4525 4597 4526
f 4526 4597 4598
f 4526 4598 4527
f 4527 4598 4599
f 4527 4599 4528
f 4528 4599 4600
f 4528 4600 4529
f 4529 4600 4601
f 4529 4601 4530
f 4530 4601 4602
f 4530 4602 4531
f 4531 4602 4603
f 4531 4603 4532
f 4532 4603 4604
f 4532 4604 4533
f 4533 4604 4605
f 4533 4605 4534
f 4534 4605 4606
f 4534 4606 4535
f 4535 4606 4607
f 4535 4607 4536
f 4536 4607 4608
f 4536 4608 4465
f 4465 4608 4537
f 4537 4609 4538
f 4538 4609 4610
f 4538 4610 4539
f 4539 4610 4611
f 4539 4611 4540
f 4540 4611 4612
f 4540 4612 4541
f 4541 4612 4613
f 4541 4613 4542
f 4542 4613 4614
f 4542 4614 4543
f 4543 4614 4615
f 4543 4615 4544
f 4544 4615 4616
f 4544 4616 4545
f 4545 4616 4617
f 4545 4617 4546
f 4546 4617 4618
f 4546 4618 4547
f 4547 4618 4619
f 4547 4619 4548
f 4548 4619 4620
f 4548 4620 4549
f 4549 4620 4621
f 4549 4621 4550
f 4550 4621 4622
f 4550 4622 4551
f 4551 4622 4623
f 4551 4623 4552
f 4552 4623 4624
f 4552 4624 4553
f 4553 4624 4625
f 4553 4625 4554
f 4554 4625 4626
f 4554 4626 4555
f 4555 4626 4627
f 4555 4627 4556
f 4556 4627 4628
f 4556 4628 4557
f 4557 4628 4629
f 4557 4629 4558
f 4558 4629 4630
f 4558 4630 4559
f 4559 4630 4631
f 4559 4631 4560
f 4560 4631 4632
f 4560 4632 4561
f 4561 4632 4633
f 4561 4633 4562
f 4562 4633 4634
f 4562 4634 4563
f 4563 4634 4635
f 4563 4635 4564
f 4564 4635 4636
f 4564 4636 4565
f 4565 4636 4637
f 4565 4637 4566
f 4566 4637 4638
f 4566 4638 4567
f 4567 4638 4639
f 4567 4639 4568
f 4568 4639 4640
f 4568 4640 4569
f 4569 4640 4641
f 4569 4641 4570
f 4570 4641 4642
f 4570 4642 4571
f 4571 4642 4643
f 4571 4643 4572
f 4572 4643 4644
f 4572 4644 4573
f 4573 4644 4645
f 4573 4645 4574
f 4574 4645 4646
f 4574 4646 4575
f 4575 4646 4647
f 4575 4647 4576
f 4576 4647 4648
f 4576 4648 4577
f 4577 4648 4649
f 4577 4649 4578
f 4578 4649 4650
f 4578 4650 4579
f 4579 4650 4651
f 4579 4651 4580
f 4580 4651 4652
f 4580 4652 4581
f 4581 4652 4653
f 4581 4653 4582
f 4582 4653 4654
f 4582 4654 4583
f 4583 4654 4655
f 4583 4655 4584
f 4584 4655 4656
f 4584 4656 4585
f 4585 4656 4657
f 4585 4657 4586
f 4586 4657 4658
f 4586 4658 4587
f 4587 4658 4659
f 4587 4659 4588
f 4588 4659 4660
f 4588 4660 4589
f 4589 4660 4661
f 4589 4661 4590
f 4590 4661 4662
f 4590 4662 4591
f 4591 4662 4663
f 4591 4663 4592
f 4592 4663 4664
f 4592 4664 4593
f 4593 4664 4665
f 4593 4665 4594
f 4594 4665 4666
f 4594 4666 4595
f 4595 4666 4667
f 4595 4667 4596
f 4596 4667 4668
f 4596 4668 4597
f 4597 4668 4669
f 4597 4669 4598
f 4598 4669 4670
f 4598 4670 4599
f 4599 4670 4671
f 4599 4671 4600
f 4600 4671 4672
f 4600 4672 4601
f 4601 4672 4673
f 4601 4673 4602
f 4602 4673 4674
f 4602 4674 4603
f 4603 4674 4675
f 4603 4675 4604
f 4604 4675 4676
f 4604 4676 4605
f 4605 4676 4677
f 4605 4677 4606
f 4606 4677 4678
f 4606 4678 4607
f 4607 4678 4679
f 4607 4679 4608
f 4608 4679 4680
f 4608 4680 4537
f 4537 4680 4609
f 4609 4681 4610
f 4610 4681 4682
f 4610 4682 4611
f 4611 4682 4683
f 4611 4683 4612
f 4612 4683 4684
f 4612 4684 4613
f 4613 4684 4685
f 4613 4685 4614
f 4614 4685 4686
f 4614 4686 4615
f 4615 4686 4687
f 4615 4687 4616
f 4616 4687 4688
f 4616 4688 4617
f 4617 4688 4689
f 4617 4689 4618
f 4618 4689 4690
f 4618 4690 4619
f 4619 4690 4691
f 4619 4691 4620
f 4620 4691 4692
f 4620 4692 4621
f 4621 4692 4693
f 4621 4693 4622
f 4622 4693 4694
f 4622 4694 4623
f 4623 4694 4695
f 4623 4695 4624
f 4624 4695 4696
f 4624 4696 4625
f 4625 4696 4697
f 4625 4697 4626
f 4626 4697 4698
f 4626 4698 4627
f 4627 4698 4699
f 4627 4699 4628
f 4628 4699 4700
f 4628 4700 4629
f 4629 4700 4701
f 4629 4701 4630
f 4630 4701 4702
f 4630 4702 4631
f 4631 4702 4703
f 4631 4703 4632
f 4632 4703 4704
f 4632 4704 4633
f 4633 4704 4705
f 4633 4705 4634
f 4634 4705 4706
f 4634 4706 4635
f 4635 4706 4707
f 4635 4707 4636
f 4636 4707 4708
f 4636 4708 4637
f 4637 4708 4709
f 4637 4709 4638
f 4638 4709 4710
f 4638 4710 4639
f 4639 4710 4711
f 4639 4711 4640
f 4640 4711 4712
f 4640 4712 4641
f 4641 4712 4713
f 4641 4713 4642
f 4642 4713 4714
f 4642 4714 4643
f 4643 4714 4715
f 4643 4715 4644
f 4644 4715 4716
f 4644 4716 4645
f 4645 4716 4717
f 4645 4717 4646
f 4646 4717 4718
f 4646 4718 4647
f 4647 4718 4719
f 4647 4719 4648
f 4648 4719 4720
f 4648 4720 4649
f 4649 4720 4721
f 4649 4721 4650
f 4650 4721 4722
f 4650 4722 4651
f 4651 4722 4723
f 4651 4723 4652
f 4652 4723 4724
f 4652 4724 4653
f 4653 4724 4725
f 4653 4725 4654
f 4654 4725 4726
f 4654 4726 4655
f 4655 4726 4727
f 4655 4727 4656
f 4656 4727 4728
f 4656 4728 4657
f 4657 4728 4729
f 4657 4729 4658
f 4658 4729 4730
f 4658 4730 4659
f 4659 4730 4731
f 4659 4731 4660
f 4660 4731 4732
f 4660 4732 4661
f 4661 4732 4733
f 4661 4733 4662
f 4662 4733 4734
f 4662 4734 4663
f 4663 4734 4735
f 4663 4735 4664
f 4664 4735 4736
f 4664 4736 4665
f 4665 4736 4737
f 4665 4737 4666
f 4666 4737 4738
f 4666 4738 4667
f 4667 4738 4739
f 4667 4739 4668
f 4668 4739 4740
f 4668 4740 4669
f 4669 4740 4741
f 4669 4741 4670
f 4670 4741 4742
f 4670 4742 4671
f 4671 4742 4743
f 4671 4743 4672
f 4672 4743 4744
f 4672 4744 4673
f 4673 4744 4745
f 4673 4745 4674
f 4674 4745 4746
f 4674 4746 4675
f 4675 4746 4747
f 4675 4747 4676
f 4676 4747 4748
f 4676 4748 4677
f 4677 4748 4749
f 4677 4749 4678
f 4678 4749 4750
f 4678 4750 4679
f 4679 4750 4751
f 4679 4751 4680
f 4680 4751 4752
f 4680 4752 4609
f 4609 4752 4681
f 4681 4753 4682
f 4682 4753 4754
f 4682 4754 4683
f 4683 4754 4755
f 4683 4755 4684
f 4684 4755 4756
f 4684 4756 4685
f 4685 4756 4757
f 4685 4757 4686
f 4686 4757 4758
f 4686 4758 4687
f 4687 4758 4759
f 4687 4759 4688
f 4688 4759 4760
f 4688 4760 4689
f 4689 4760 4761
f 4689 4761 4690
f 4690 4761 4762
f 4690 4762 4691
f 4691 4762 4763
f 4691 4763 4692
f 4692 4763 4764
f 4692 4764 4693
f 4693 4764 4765
f 4693 4765 4694
f 4694 4765 4766
f 4694 4766 4695
f 4695 4766 4767
f 4695 4767 4696
f 4696 4767 4768
f 4696 4768 4697
f 4697 4768 4769
f 4697 4769 4698
f 4698 4769 4770
f 4698 4770 4699
f 4699 4770 4771
f 4699 4771 4700
f 4700 4771 4772
f 4700 4772 4701
f 4701 4772 4773
f 4701 4773 4702
f 4702 4773 4774
f 4702 4774 4703
f 4703 4774 4775
f 4703 4775 4704
f 4704 4775 4776
f 4704 4776 4705
f 4705 4776 4777
f 4705 4777 4706
f 4706 4777 4778
f 4706 4778 4707
f 4707 4778 4779
f 4707 4779 4708
f 4708 4779 4780
f 4708 4780 4709
f 4709 4780 4781
f 4709 4781 4710
f 4710 4781 4782
f 4710 4782 4711
f 4711 4782 4783
f 4711 4783 4712
f 4712 4783 4784
f 4712 4784 4713
f 4713 4784 4785
f 4713 4785 4714
f 4714 4785 4786
f 4714 4786 4715
f 4715 4786 4787
f 4715 4787 4716
f 4716 4787 4788
f 4716 4788 4717
f 4717 4788 4789
f 4717 4789 4718
f 4718 4789 4790
f 4718 4790 4719
f 4719 4790 4791
f 4719 4791 4720
f 4720 4791 4792
f 4720 4792 4721
f 4721 4792 4793
f 4721 4793 4722
f 4722 4793 4794
f 4722 4794 4723
f 4723 4794 4795
f 4723 4795 4724
f 4724 4795 4796
f 4724 4796 4725
f 4725 4796 4797
f 4725 4797 4726
f 4726 4797 4798
f 4726 4798 4727
f 4727 4798 4799
f 4727 4799 4728
f 4728 4799 4800
f 4728 4800 4729
f 4729 4800 4801
f 4729 4801 4730
f 4730 4801 4802
f 4730 4802 4731
f 4731 4802 4803
f 4731 4803 4732
f 4732 4803 4804
f 4732 4804 4733
f 4733 4804 4805
f 4733 4805 4734
f 4734 4805 4806
f 4734 4806 4735
f 4735 4806 4807
f 4735 4807 4736
f 4736 4807 4808
f 4736 4808 4737
f 4737 4808 4809
f 4737 4809 4738
f 4738 4809 4810
f 4738 4810 4739
f 4739 4810 4811
f 4739 4811 4740
f 4740 4811 4812
f 4740 4812 4741
f 4741 4812 4813
f 4741 4813 4742
f 4742 4813 4814
f 4742 4814 4743
f 4743 4814 4815
f 4743 4815 4744
f 4744 4815 4816
f 4744 4816 4745
f 4745 4816 4817
f 4745 4817 4746
f 4746 4817 4818
f 4746 4818 4747
f 4747 4818 4819
f 4747 4819 4748
f 4748 4819 4820
f 4748 4820 4749
f 4749 4820 4821
f 4749 4821 4750
f 4750 4821 4822
f 4750 4822 4751
f 4751 4822 4823
f 4751 4823 4752
f 4752 4823 4824
f 4752 4824 4681
f 4681 4824 4753
f 4753 4825 4754
f 4754 4825 4826
f 4754 4826 4755
f 4755 4826 4827
f 4755 4827 4756
f 4756 4827 4828
f 4756 4828 4757
f 4757 4828 4829
f 4757 4829 4758
f 4758 4829 4830
f 4758 4830 4759
f 4759 4830 4831
f 4759 4831 4760
f 4760 4831 4832
f 4760 4832 4761
f 4761 4832 4833
f 4761 4833 4762
f 4762 4833 4834
f 4762 4834 4763
f 4763 4834 4835
f 4763 4835 4764
f 4764 4835 4836
f 4764 4836 4765
f 4765 4836 4837
f 4765 4837 4766
f 4766 4837 4838
f 4766 4838 4767
f 4767 4838 4839
f 4767 4839 4768
f 4768 4839 4840
f 4768 4840 4769
f 4769 4840 4841
f 4769 4841 4770
f 4770 4841 4842
f 4770 4842 4771
f 4771 4842 4843
f 4771 4843 4772
f 4772 4843 4844
f 4772 4844 4773
f 4773 4844 4845
f 4773 4845 4774
f 4774 4845 4846
f 4774 4846 4775
f 4775 4846 4847
f 4775 4847 4776
f 4776 4847 4848
f 4776 4848 4777
f 4777 4848 4849
f 4777 4849 4778
f 4778 4849 4850
f 4778 4850 4779
f 4779 4850 4851
f 4779 4851 4780
f 4780 4851 4852
f 4780 4852 4781
f 4781 4852 4853
f 4781 4853 4782
f 4782 4853 4854
f 4782 4854 4783
f 4783 4854 4855
f 4783 4855 4784
f 4784 4855 4856
f 4784 4856 4785
f 4785 4856 4857
f 4785 4857 4786
f 4786 4857 4858
f 4786 4858 4787
f 4787 4858 4859
f 4787 4859 4788
f 4788 4859 4860
f 4788 4860 4789
f 4789 4860 4861
f 4789 4861 4790
f 4790 4861 4862
f 4790 4862 4791
f 4791 4862 4863
f 4791 4863 4792
f 4792 4863 4864
f 4792 4864 4793
f 4793 4864 4865
f 4793 4865 4794
f 4794 4865 4866
f 4794 4866 4795
f 4795 4866 4867
f 4795 4867 4796
f 4796 4867 4868
f 4796 4868 4797
f 4797 4868 4869
f 4797 4869 4798
f 4798 4869 4870
f 4798 4870 4799
f 4799 4870 4871
f 4799 4871 4800
f 4800 4871 4872
f 4800 4872 4801
f 4801 4872 4873
f 4801 4873 4802
f 4802 4873 4874
f 4802 4874 4803
f 4803 4874 4875
f 4803 4875 4804
f 4804 4875 4876
f 4804 4876 4805
f 4805 4876 4877
f 4805 4877 4806
f 4806 4877 4878
f 4806 4878 4807
f 4807 4878 4879
f 4807 4879 4808
f 4808 4879 4880
f 4808 4880 4809
f 4809 4880 4881
f 4809 4881 4810
f 4810 4881 4882
f 4810 4882 4811
f 4811 4882 4883
f 4811 4883 4812
f 4812 4883 4884
f 4812 4884 4813
f 4813 4884 4885
f 4813 4885 4814
f 4814 4885 4886
f 4814 4886 4815
f 4815 4886 4887
f 4815 4887 4816
f 4816 4887 4888
f 4816 4888 4817
f 4817 4888 4889
f 4817 4889 4818
f 4818 4889 4890
f 4818 4890 4819
f 4819 4890 4891
f 4819 4891 4820
f 4820 4891 4892
f 4820 4892 4821
f 4821 4892 4893
f 4821 4893 4822
f 4822 4893 4894
f 4822 4894 4823
f 4823 4894 4895
f 4823 4895 4824
f 4824 4895 4896
f 4824 4896 4753
f 4753 4896 4825
f 4825 4897 4826
f 4826 4897 4898
f 4826 4898 4827
f 4827 4898 4899
f 4827 4899 4828
f 4828 4899 4900
f 4828 4900 4829
f 4829 4900 4901
f 4829 4901 4830
f 4830 4901 4902
f 4830 4902 4831
f 4831 4902 4903
f 4831 4903 4832
f 4832 4903 4904
f 4832 4904 4833
f 4833 4904 4905
f 4833 4905 4834
f 4834 4905 4906
f 4834 4906 4835
f 4835 4906 4907
f 4835 4907 4836
f 4836 4907 4908
f 4836 4908 4837
f 4837 4908 4909
f 4837 4909 4838
f 4838 4909 4910
f 4838 4910 4839
f 4839 4910 4911
f 4839 4911 4840
f 4840 4911 4912
f 4840 4912 4841
f 4841 4912 4913
f 4841 4913 4842
f 4842 4913 4914
f 4842 4914 4843
f 4843 4914 4915
f 4843 4915 4844
f 4844 4915 4916
f 4844 4916 4845
f 4845 4916 4917
f 4845 4917 4846
f 4846 4917 4918
f 4846 4918 4847
f 4847 4918 4919
f 4847 4919 4848
f 4848 4919 4920
f 4848 4920 4849
f 4849 4920 4921
f 4849 4921 4850
f 4850 4921 4922
f 4850 4922 4851
f 4851 4922 4923
f 4851 4923 4852
f 4852 4923 4924
f 4852 4924 4853
f 4853 4924 4925
f 4853 4925 4854
f 4854 4925 4926
f 4854 4926 4855
f 4855 4926 4927
f 4855 4927 4856
f 4856 4927 4928
f 4856 4928 4857
f 4857 4928 4929
f 4857 4929 4858
f 4858 4929 4930
f 4858 4930 4859
f 4859 4930 4931
f 4859 4931 4860
f 4860 4931 4932
f 4860 4932 4861
f 4861 4932 4933
f 4861 4933 4862
f 4862 4933 4934
f 4862 4934 4863
f 4863 4934 4935
f 4863 4935 4864
f 4864 4935 4936
f 4864 4936 4865
f 4865 4936 4937
f 4865 4937 4866
f 4866 4937 4938
f 4866 4938 4867
f 4867 4938 4939
f 4867 4939 4868
f 4868 4939 4940
f 4868 4940 4869
f 4869 4940 4941
f 4869 4941 4870
f 4870 4941 4942
f 4870 4942 4871
f 4871 4942 4943
f 4871 4943 4872
f 4872 4943 4944
f 4872 4944 4873
f 4873 4944 4945
f 4873 4945 4874
f 4874 4945 4946
f 4874 4946 4875
f 4875 4946 4947
f 4875 4947 4876
f 4876 4947 4948
f 4876 4948 4877
f 4877 4948 4949
f 4877 4949 4878
f 4878 4949 4950
f 4878 4950 4879
f 4879 4950 4951
f 4879 4951 4880
f 4880 4951 4952
f 4880 4952 4881
f 4881 4952 4953
f 4881 4953 4882
f 4882 4953 4954
f 4882 4954 4883
f 4883 4954 4955
f 4883 4955 4884
f 4884 4955 4956
f 4884 4956 4885
f 4885 4956 4957
f 4885 4957 4886
f 4886 4957 4958
f 4886 4958 4887
f 4887 4958 4959
f 4887 4959 4888
f 4888 4959 4960
f 4888 4960 4889
f 4889 4960 4961
f 4889 4961 4890
f 4890 4961 4962
f 4890 4962 4891
f 4891 4962 4963
f 4891 4963 4892
f 4892 4963 4964
f 4892 4964 4893
f 4893 4964 4965
f 4893 4965 4894
f 4894 4965 4966
f 4894 4966 4895
f 4895 4966 4967
f 4895 4967 4896
f 4896 4967 4968
f 4896 4968 4825
f 4825 4968 4897
f 4897 4969 4898
f 4898 4969 4970
f 4898 4970 4899
f 4899 4970 4971
f 4899 4971 4900
f 4900 4971 4972
f 4900 4972 4901
f 4901 4972 4973
f 4901 4973 4902
f 4902 4973 4974
f 4902 4974 4903
f 4903 4974 4975
f 4903 4975 4904
f 4904 4975 4976
f 4904 4976 4905
f 4905 4976 4977
f 4905 4977 4906
f 4906 4977 4978
f 4906 4978 4907
f 4907 4978 4979
f 4907 4979 4908
f 4908 4979 4980
f 4908 4980 4909
f 4909 4980 4981
f 4909 4981 4910
f 4910 4981 4982
f 4910 4982 4911
f 4911 4982 4983
f 4911 4983 4912
f 4912 4983 4984
f 4912 4984 4913
f 4913 4984 4985
f 4913 4985 4914
f 4914 4985 4986
f 4914 4986 4915
f 4915 4986 4987
f 4915 4987 4916
f 4916 4987 4988
f 4916 4988 4917
f 4917 4988 4989
f 4917 4989 4918
f 4918 4989 4990
f 4918 4990 4919
f 4919 4990 4991
f 4919 4991 4920
f 4920 4991 4992
f 4920 4992 4921
f 4921 4992 4993
f 4921 4993 4922
f 4922 4993 4994
f 4922 4994 4923
f 4923 4994 4995
f 4923 4995 4924
f 4924 4995 4996
f 4924 4996 4925
f 4925 4996 4997
f 4925 4997 4926
f 4926 4997 4998
f 4926 4998 4927
f 4927 4998 4999
f 4927 4999 4928
f 4928 4999 5000
f 4928 5000 4929
f 4929 5000 5001
f 4929 5001 4930
f 4930 5001 5002
f 4930 5002 4931
f 4931 5002 5003
f 4931 5003 4932
f 4932 5003 5004
f 4932 5004 4933
f 4933 5004 5005
f 4933 5005 4934
f 4934 5005 5006
f 4934 5006 4935
f 4935 5006 5007
f 4935 5007 4936
f 4936 5007 5008
f 4936 5008 4937
f 4937 5008 5009
f 4937 5009 4938
f 4938 5009 5010
f 4938 5010 4939
f 4939 5010 5011
f 4939 5011 4940
f 4940 5011 5012
f 4940 5012 4941
f 4941 5012 5013
f 4941 5013 4942
f 4942 5013 5014
f 4942 5014 4943
f 4943 5014 5015
f 4943 5015 4944
f 4944 5015 5016
f 4944 5016 4945
f 4945 5016 5017
f 4945 5017 4946
f 4946 5017 5018
f 4946 5018 4947
f 4947 5018 5019
f 4947 5019 4948
f 4948 5019 5020
f 4948 5020 4949
f 4949 5020 5021
f 4949 5021 4950
f 4950 5021 5022
f 4950 5022 4951
f 4951 5022 5023
f 4951 5023 4952
f 4952 5023 5024
f 4952 5024 4953
f 4953 5024 5025
f 4953 5025 4954
f 4954 5025 5026
f 4954 5026 4955
f 4955 5026 5027
f 4955 5027 4956
f 4956 5027 5028
f 4956 5028 4957
f 4957 5028 5029
f 4957 5029 4958
f 4958 5029 5030
f 4958 5030 4959
f 4959 5030 5031
f 4959 5031 4960
f 4960 5031 5032
f 4960 5032 4961
f 4961 5032 5033
f 4961 5033 4962
f 4962 5033 5034
f 4962 5034 4963
f 4963 5034 5035
f 4963 5035 4964
f 4964 5035 5036
f 4964 5036 4965
f 4965 5036 5037
f 4965 5037 4966
f 4966 5037 5038
f 4966 5038 4967
f 4967 5038 5039
f 4967 5039 4968
f 4968 5039 5040
f 4968 5040 4897
f 4897 5040 4969
f 4969 5041 4970
f 4970 5041 5042
f 4970 5042 4971
f 4971 5042 5043
f 4971 5043 4972
f 4972 5043 5044
f 4972 5044 4973
f 4973 5044 5045
f 4973 5045 4974
f 4974 5045 5046
f 4974 5046 4975
f 4975 5046 5047
f 4975 5047 4976
f 4976 5047 5048
f 4976 5048 4977
f 4977 5048 5049
f 4977 5049 4978
f 4978 5049 5050
f 4978 5050 4979
f 4979 5050 5051
f 4979 5051 4980
f 4980 5051 5052
f 4980 5052 4981
f 4981 5052 5053
f 4981 5053 4982
f 4982 5053 5054
f 4982 5054 4983
f 4983 5054 5055
f 4983 5055 4984
f 4984 5055 5056
f 4984 5056 4985
f 4985 5056 5057
f 4985 5057 4986
f 4986 5057 5058
f 4986 5058 4987
f 4987 5058 5059
f 4987 5059 4988
f 4988 5059 5060
f 4988 5060 4989
f 4989 5060 5061
f 4989 5061 4990
f 4990 5061 5062
f 4990 5062 4991
f 4991 5062 5063
f 4991 5063 4992
f 4992 5063 5064
f 4992 5064 4993
f 4993 5064 5065
f 4993 5065 4994
f 4994 5065 5066
f 4994 5066 4995
f 4995 5066 5067
f 4995 5067 4996
f 4996 5067 5068
f 4996 5068 4997
f 4997 5068 5069
f 4997 5069 4998
f 4998 5069 5070
f 4998 5070 4999
f 4999 5070 5071
f 4999 5071 5000
f 5000 5071 5072
f 5000 5072 5001
f 5001 5072 5073
f 5001 5073 5002
f 5002 5073 5074
f 5002 5074 5003
f 5003 5074 5075
f 5003 5075 5004
f 5004 5075 5076
f 5004 5076 5005
f 5005 5076 5077
f 5005 5077 5006
f 5006 5077 5078
f 5006 5078 5007
f 5007 5078 5079
f 5007 5079 5008
f 5008 5079 5080
f 5008 5080 5009
f 5009 5080 5081
f 5009 5081 5010
f 5010 5081 5082
f 5010 5082 5011
f 5011 5082 5083
f 5011 5083 5012
f 5012 5083 5084
f 5012 5084 5013
f 5013 5084 5085
f 5013 5085 5014
f 5014 5085 5086
f 5014 5086 5015
f 5015 5086 5087
f 5015 5087 5016
f 5016 5087 5088
f 5016 5088 5017
f 5017 5088 5089
f 5017 5089 5018
f 5018 5089 5090
f 5018 5090 5019
f 5019 5090 5091
f 5019 5091 5020
f 5020 5091 5092
f 5020 5092 5021
f 5021 5092 5093
f 5021 5093 5022
f 5022 5093 5094
f 5022 5094 5023
f 5023 5094 5095
f 5023 5095 5024
f 5024 5095 5096
f 5024 5096 5025
f 5025 5096 5097
f 5025 5097 5026
f 5026 5097 5098
f 5026 5098 5027
f 5027 5098 5099
f 5027 5099 5028
f 5028 5099 5100
f 5028 5100 5029
f 5029 5100 5101
f 5029 5101 5030
f 5030 5101 5102
f 5030 5102 5031
f 5031 5102 5103
f 5031 5103 5032
f 5032 5103 5104
f 5032 5104 5033
f 5033 5104 5105
f 5033 5105 5034
f 5034 5105 5106
f 5034 5106 5035
f 5035 5106 5107
f 5035 5107 5036
f 5036 5107 5108
f 5036 5108 5037
f 5037 5108 5109
f 5037 5109 5038
f 5038 5109 5110
f 5038 5110 5039
f 5039 5110 5111
f 5039 5111 5040
f 5040 5111 5112
f 5040 5112 4969
f 4969 5112 5041
f 5041 5113 5042
f 5042 5113 5114
f 5042 5114 5043
f 5043 5114 5115
f 5043 5115 5044
f 5044 5115 5116
f 5044 5116 5045
f 5045 5116 5117
f 5045 5117 5046
f 5046 5117 5118
f 5046 5118 5047
f 5047 5118 5119
f 5047 5119 5048
f 5048 5119 5120
f 5048 5120 5049
f 5049 5120 5121
f 5049 5121 5050
f 5050 5121 5122
f 5050 5122 5051
f 5051 5122 5123
f 5051 5123 5052
f 5052 5123 5124
f 5052 5124 5053
f 5053 5124 5125
f 5053 5125 5054
f 5054 5125 5126
f 5054 5126 5055
f 5055 5126 5127
f 5055 5127 5056
f 5056 5127 5128
f 5056 5128 5057
f 5057 5128 5129
f 5057 5129 5058
f 5058 5129 5130
f 5058 5130 5059
f 5059 5130 5131
f 5059 5131 5060
f 5060 5131 5132
f 5060 5132 5061
f 5061 5132 5133
f 5061 5133 5062
f 5062 5133 5134
f 5062 5134 5063
f 5063 5134 5135
f 5063 5135 5064
f 5064 5135 5136
f 5064 5136 5065
f 5065 5136 5137
f 5065 5137 5066
f 5066 5137 5138
f 5066 5138 5067
f 5067 5138 5139
f 5067 5139 5068
f 5068 5139 5140
f 5068 5140 5069
f 5069 5140 5141
f 5069 5141 5070
f 5070 5141 5142
f 5070 5142 5071
f 5071 5142 5143
f 5071 5143 5072
f 5072 5143 5144
f 5072 5144 5073
f 5073 5144 5145
f 5073 5145 5074
f 5074 5145 5146
f 5074 5146 5075
f 5075 5146 5147
f 5075 5147 5076
f 5076 5147 5148
f 5076 5148 5077
f 5077 5148 5149
f 5077 5149 5078
f 5078 5149 5150
f 5078 5150 5079
f 5079 5150 5151
f 5079 5151 5080
f 5080 5151 5152
f 5080 5152 5081
f 5081 5152 5153
f 5081 5153 5082
f 5082 5153 5154
f 5082 5154 5083
f 5083 5154 5155
f 5083 5155 5084
f 5084 5155 5156
f 5084 5156 5085
f 5085 5156 5157
f 5085 5157 5086
f 5086 5157 5158
f 5086 5158 5087
f 5087 5158 5159
f 5087 5159 5088
f 5088 5159 5160
f 5088 5160 5089
f 5089 5160 5161
f 5089 5161 5090
f 5090 5161 5162
f 5090 5162 5091
f 5091 5162 5163
f 5091 5163 5092
f 5092 5163 5164
f 5092 5164 5093
f 5093 5164 5165
f 5093 5165 5094
f 5094 5165 5166
f 5094 5166 5095
f 5095 5166 5167
f 5095 5167 5096
f 5096 5167 5168
f 5096 5168 5097
f 5097 5168 5169
f 5097 5169 5098
f 5098 5169 5170
f 5098 5170 5099
f 5099 5170 5171
f 5099 5171 5100
f 5100 5171 5172
f 5100 5172 5101
f 5101 5172 5173
f 5101 5173 5102
f 5102 5173 5174
f 5102 5174 5103
f 5103 5174 5175
f 5103 5175 5104
f 5104 5175 5176
f 5104 5176 5105
f 5105 5176 5177
f 5105 5177 5106
f 5106 5177 5178
f 5106 5178 5107
f 5107 5178 5179
f 5107 5179 5108
f 5108 5179 5180
f 5108 5180 5109
f 5109 5180 5181
f 5109 5181 5110
f 5110 5181 5182
f 5110 5182 5111
f 5111 5182 5183
f 5111 5183 5112
f 5112 5183 5184
f 5112 5184 5041
f 5041 5184 5113
f 5113 5185 5114
f 5114 5185 5186
f 5114 5186 5115
f 5115 5186 5187
f 5115 5187 5116
f 5116 5187 5188
f 5116 5188 5117
f 5117 5188 5189
f 5117 5189 5118
f 5118 5189 5190
f 5118 5190 5119
f 5119 5190 5191
f 5119 5191 5120
f 5120 5191 5192
f 5120 5192 5121
f 5121 5192 5193
f 5121 5193 5122
f 5122 5193 5194
f 5122 5194 5123
f 5123 5194 5195
f 5123 5195 5124
f 5124 5195 5196
f 5124 5196 5125
f 5125 5196 5197
f 5125 5197 5126
f 5126 5197 5198
f 5126 5198 5127
f 5127 5198 5199
f 5127 5199 5128
f 5128 5199 5200
f 5128 5200 5129
f 5129 5200 5201
f 5129 5201 5130
f 5130 5201 5202
f 5130 5202 5131
f 5131 5202 5203
f 5131 5203 5132
f 5132 5203 5204
f 5132 5204 5133
f 5133 5204 5205
f 5133 5205 5134
f 5134 5205 5206
f 5134 5206 5135
f 5135 5206 5207
f 5135 5207 5136
f 5136 5207 5208
f 5136 5208 5137
f 5137 5208 5209
f 5137 5209 5138
f 5138 5209 5210
f 5138 5210 5139
f 5139 5210 5211
f 5139 5211 5140
f 5140 5211 5212
f 5140 5212 5141
f 5141 5212 5213
f 5141 5213 5142
f 5142 5213 5214
f 5142 5214 5143
f 5143 5214 5215
f 5143 5215 5144
f 5144 5215 5216
f 5144 5216 5145
f 5145 5216 5217
f 5145 5217 5146
f 5146 5217 5218
f 5146 5218 5147
f 5147 5218 5219
f 5147 5219 5148
f 5148 5219 5220
f 5148 5220 5149
f 5149 5220 5221
f 5149 5221 5150
f 5150 5221 5222
f 5150 5222 5151
f 5151 5222 5223
f 5151 5223 5152
f 5152 5223 5224
f 5152 5224 5153
f 5153 5224 5225
f 5153 5225 5154
f 5154 5225 5226
f 5154 5226 5155
f 5155 5226 5227
f 5155 5227 5156
f 5156 5227 5228
f 5156 5228 5157
f 5157 5228 5229
f 5157 5229 5158
f 5158 5229 5230
f 5158 5230 5159
f 5159 5230 5231
f 5159 5231 5160
f 5160 5231 5232
f 5160 5232 5161
f 5161 5232 5233
f 5161 5233 5162
f 5162 5233 5234
f 5162 5234 5163
f 5163 5234 5235
f 5163 5235 5164
f 5164 5235 5236
f 5164 5236 5165
f 5165 5236 5237
f 5165 5237 5166
f 5166 5237 5238
f 5166 5238 5167
f 5167 5238 5239
f 5167 5239 5168
f 5168 5239 5240
f 5168 5240 5169
f 5169 5240 5241
f 5169 5241 5170
f 5170 5241 5242
f 5170 5242 5171
f 5171 5242 5243
f 5171 5243 5172
f 5172 5243 5244
f 5172 5244 5173
f 5173 5244 5245
f 5173 5245 5174
f 5174 5245 5246
f 5174 5246 5175
f 5175 5246 5247
f 5175 5247 5176
f 5176 5247 5248
f 5176 5248 5177
f 5177 5248 5249
f 5177 5249 5178
f 5178 5249 5250
f 5178 5250 5179
f 5179 5250 5251
f 5179 5251 5180
f 5180 5251 5252
f 5180 5252 5181
f 5181 5252 5253
f 5181 5253 5182
f 5182 5253 5254
f 5182 5254 5183
f 5183 5254 5255
f 5183 5255 5184
f 5184 5255 5256
f 5184 5256 5113
f 5113 5256 5185
f 5185 5257 5186
f 5186 5257 5258
f 5186 5258 5187
f 5187 5258 5259
f 5187 5259 5188
f 5188 5259 5260
f 5188 5260 5189
f 5189 5260 5261
f 5189 5261 5190
f 5190 5261 5262
f 5190 5262 5191
f 5191 5262 5263
f 5191 5263 5192
f 5192 5263 5264
f 5192 5264 5193
f 5193 5264 5265
f 5193 5265 5194
f 5194 5265 5266
f 5194 5266 5195
f 5195 5266 5267
f 5195 5267 5196
f 5196 5267 5268
f 5196 5268 5197
f 5197 5268 5269
f 5197 5269 5198
f 5198 5269 5270
f 5198 5270 5199
f 5199 5270 5271
f 5199 5271 5200
f 5200 5271 5272
f 5200 5272 5201
f 5201 5272 5273
f 5201 5273 5202
f 5202 5273 5274
f 5202 5274 5203
f 5203 5274 5275
f 5203 5275 5204
f 5204 5275 5276
f 5204 5276 5205
f 5205 5276 5277
f 5205 5277 5206
f 5206 5277 5278
f 5206 5278 5207
f 5207 5278 5279
f 5207 5279 5208
f 5208 5279 5280
f 5208 5280 5209
f 5209 5280 5281
f 5209 5281 5210
f 5210 5281 5282
f 5210 5282 5211
f 5211 5282 5283
f 5211 5283 5212
f 5212 5283 5284
f 5212 5284 5213
f 5213 5284 5285
f 5213 5285 5214
f 5214 5285 5286
f 5214 5286 5215
f 5215 5286 5287
f 5215 5287 5216
f 5216 5287 5288
f 5216 5288 5217
f 5217 5288 5289
f 5217 5289 5218
f 5218 5289 5290
f 5218 5290 5219
f 5219 5290 5291
f 5219 5291 5220
f 5220 5291 5292
f 5220 5292 5221
f 5221 5292 5293
f 5221 5293 5222
f 5222 5293 5294
f 5222 5294 5223
f 5223 5294 5295
f 5223 5295 5224
f 5224 5295 5296
f 5224 5296 5225
f 5225 5296 5297
f 5225 5297 5226
f 5226 5297 5298
f 5226 5298 5227
f 5227 5298 5299
f 5227 5299 5228
f 5228 5299 5300
f 5228 5300 5229
f 5229 5300 5301
f 5229 5301 5230
f 5230 5301 5302
f 5230 5302 5231
f 5231 5302 5303
f 5231 5303 5232
f 5232 5303 5304
f 5232 5304 5233
f 5233 5304 5305
f 5233 5305 5234
f 5234 5305 5306
f 5234 5306 5235
f 5235 5306 5307
f 5235 5307 5236
f 5236 5307 5308
f 5236 5308 5237
f 5237 5308 5309
f 5237 5309 5238
f 5238 5309 5310
f 5238 5310 5239
f 5239 5310 5311
f 5239 5311 5240
f 5240 5311 5312
f 5240 5312 5241
f 5241 5312 5313
f 5241 5313 5242
f 5242 5313 5314
f 5242 5314 5243
f 5243 5314 5315
f 5243 5315 5244
f 5244 5315 5316
f 5244 5316 5245
f 5245 5316 5317
f 5245 5317 5246
f 5246 5317 5318
f 5246 5318 5247
f 5247 5318 5319
f 5247 5319 5248
f 5248 5319 5320
f 5248 5320 5249
f 5249 5320 5321
f 5249 5321 5250
f 5250 5321 5322
f 5250 5322 5251
f 5251 5322 5323
f 5251 5323 5252
f 5252 5323 5324
f 5252 5324 5253
f 5253 5324 5325
f 5253 5325 5254
f 5254 5325 5326
f 5254 5326 5255
f 5255 5326 5327
f 5255 5327 5256
f 5256 5327 5328
f 5256 5328 5185
f 5185 5328 5257
f 5257 5329 5258
f 5258 5329 5330
f 5258 5330 5259
f 5259 5330 5331
f 5259 5331 5260
f 5260 5331 5332
f 5260 5332 5261
f 5261 5332 5333
f 5261 5333 5262
f 5262 5333 5334
f 5262 5334 5263
f 5263 5334 5335
f 5263 5335 5264
f 5264 5335 5336
f 5264 5336 5265
f 5265 5336 5337
f 5265 5337 5266
f 5266 5337 5338
f 5266 5338 5267
f 5267 5338 5339
f 5267 5339 5268
f 5268 5339 5340
f 5268 5340 5269
f 5269 5340 5341
f 5269 5341 5270
f 5270 5341 5342
f 5270 5342 5271
f 5271 5342 5343
f 5271 5343 5272
f 5272 5343 5344
f 5272 5344 5273
f 5273 5344 5345
f 5273 5345 5274
f 5274 5345 5346
f 5274 5346 5275
f 5275 5346 5347
f 5275 5347 5276
f 5276 5347 5348
f 5276 5348 5277
f 5277 5348 5349
f 5277 5349 5278
f 5278 5349 5350
f 5278 5350 5279
f 5279 5350 5351
f 5279 5351 5280
f 5280 5351 5352
f 5280 5352 5281
f 5281 5352 5353
f 5281 5353 5282
f 5282 5353 5354
f 5282 5354 5283
f 5283 5354 5355
f 5283 5355 5284
f 5284 5355 5356
f 5284 5356 5285
f 5285 5356 5357
f 5285 5357 5286
f 5286 5357 5358
f 5286 5358 5287
f 5287 5358 5359
f 5287 5359 5288
f 5288 5359 5360
f 5288 5360 5289
f 5289 5360 5361
f 5289 5361 5290
f 5290 5361 5362
f 5290 5362 5291
f 5291 5362 5363
f 5291 5363 5292
f 5292 5363 5364
f 5292 5364 5293
f 5293 5364 5365
f 5293 5365 5294
f 5294 5365 5366
f 5294 5366 5295
f 5295 5366 5367
f 5295 5367 5296
f 5296 5367 5368
f 5296 5368 5297
f 5297 5368 5369
f 5297 5369 5298
f 5298 5369 5370
f 5298 5370 5299
f 5299 5370 5371
f 5299 5371 5300
f 5300 5371 5372
f 5300 5372 5301
f 5301 5372 5373
f 5301 5373 5302
f 5302 5373 5374
f 5302 5374 5303
f 5303 5374 5375
f 5303 5375 5304
f 5304 5375 5376
f 5304 5376 5305
f 5305 5376 5377
f 5305 5377 5306
f 5306 5377 5378
f 5306 5378 5307
f 5307 5378 5379
f 5307 5379 5308
f 5308 5379 5380
f 5308 5380 5309
f 5309 5380 5381
f 5309 5381 5310
f 5310 5381 5382
f 5310 5382 5311
f 5311 5382 5383
f 5311 5383 5312
f 5312 5383 5384
f 5312 5384 5313
f 5313 5384 5385
f 5313 5385 5314
f 5314 5385 5386
f 5314 5386 5315
f 5315 5386 5387
f 5315 5387 5316
f 5316 5387 5388
f 5316 5388 5317
f 5317 5388 5389
f 5317 5389 5318
f 5318 5389 5390
f 5318 5390 5319
f 5319 5390 5391
f 5319 5391 5320
f 5320 5391 5392
f 5320 5392 5321
f 5321 5392 5393
f 5321 5393 5322
f 5322 5393 5394
f 5322 5394 5323
f 5323 5394 5395
f 5323 5395 5324
f 5324 5395 5396
f 5324 5396 5325
f 5325 5396 5397
f 5325 5397 5326
f 5326 5397 5398
f 5326 5398 5327
f 5327 5398 5399
f 5327 5399 5328
f 5328 5399 5400
f 5328 5400 5257
f 5257 5400 5329
f 5329 5401 5330
f 5330 5401 5402
f 5330 5402 5331
f 5331 5402 5403
f 5331 5403 5332
f 5332 5403 5404
f 5332 5404 5333
f 5333 5404 5405
f 5333 5405 5334
f 5334 5405 5406
f 5334 5406 5335
f 5335 5406 5407
f 5335 5407 5336
f 5336 5407 5408
f 5336 5408 5337
f 5337 5408 5409
f 5337 5409 5338
f 5338 5409 5410
f 5338 5410 5339
f 5339 5410 5411
f 5339 5411 5340
f 5340 5411 5412
f 5340 5412 5341
f 5341 5412 5413
f 5341 5413 5342
f 5342 5413 5414
f 5342 5414 5343
f 5343 5414 5415
f 5343 5415 5344
f 5344 5415 5416
f 5344 5416 5345
f 5345 5416 5417
f 5345 5417 5346
f 5346 5417 5418
f 5346 5418 5347
f 5347 5418 5419
f 5347 5419 5348
f 5348 5419 5420
f 5348 5420 5349
f 5349 5420 5421
f 5349 5421 5350
f 5350 5421 5422
f 5350 5422 5351
f 5351 5422 5423
f 5351 5423 5352
f 5352 5423 5424
f 5352 5424 5353
f 5353 5424 5425
f 5353 5425 5354
f 5354 5425 5426
f 5354 5426 5355
f 5355 5426 5427
f 5355 5427 5356
f 5356 5427 5428
f 5356 5428 5357
f 5357 5428 5429
f 5357 5429 5358
f 5358 5429 5430
f 5358 5430 5359
f 5359 5430 5431
f 5359 5431 5360
f 5360 5431 5432
f 5360 5432 5361
f 5361 5432 5433
f 5361 5433 5362
f 5362 5433 5434
f 5362 5434 5363
f 5363 5434 5435
f 5363 5435 5364
f 5364 5435 5436
f 5364 5436 5365
f 5365 5436 5437
f 5365 5437 5366
f 5366 5437 5438
f 5366 5438 5367
f 5367 5438 5439
f 5367 5439 5368
f 5368 5439 5440
f 5368 5440 5369
f 5369 5440 5441
f 5369 5441 5370
f 5370 5441 5442
f 5370 5442 5371
f 5371 5442 5443
f 5371 5443 5372
f 5372 5443 5444
f 5372 5444 5373
f 5373 5444 5445
f 5373 5445 5374
f 5374 5445 5446
f 5374 5446 5375
f 5375 5446 5447
f 5375 5447 5376
f 5376 5447 5448
f 5376 5448 5377
f 5377 5448 5449
f 5377 5449 5378
f 5378 5449 5450
f 5378 5450 5379
f 5379 5450 5451
f 5379 5451 5380
f 5380 5451 5452
f 5380 5452 5381
f 5381 5452 5453
f 5381 5453 5382
f 5382 5453 5454
f 5382 5454 5383
f 5383 5454 5455
f 5383 5455 5384
f 5384 5455 5456
f 5384 5456 5385
f 5385 5456 5457
f 5385 5457 5386
f 5386 5457 5458
f 5386 5458 5387
f 5387 5458 5459
f 5387 5459 5388
f 5388 5459 5460
f 5388 5460 5389
f 5389 5460 5461
f 5389 5461 5390
f 5390 5461 5462
f 5390 5462 5391
f 5391 5462 5463
f 5391 5463 5392
f 5392 5463 5464
f 5392 5464 5393
f 5393 5464 5465
f 5393 5465 5394
f 5394 5465 5466
f 5394 5466 5395
f 5395 5466 5467
f 5395 5467 5396
f 5396 5467 5468
f 5396 5468 5397
f 5397 5468 5469
f 5397 5469 5398
f 5398 5469 5470
f 5398 5470 5399
f 5399 5470 5471
f 5399 5471 5400
f 5400 5471 5472
f 5400 5472 5329
f 5329 5472 5401
f 5401 5473 5402
f 5402 5473 5474
f 5402 5474 5403
f 5403 5474 5475
f 5403 5475 5404
f 5404 5475 5476
f 5404 5476 5405
f 5405 5476 5477
f 5405 5477 5406
f 5406 5477 5478
f 5406 5478 5407
f 5407 5478 5479
f 5407 5479 5408
f 5408 5479 5480
f 5408 5480 5409
f 5409 5480 5481
f 5409 5481 5410
f 5410 5481 5482
f 5410 5482 5411
f 5411 5482 5483
f 5411 5483 5412
f 5412 5483 5484
f 5412 5484 5413
f 5413 5484 5485
f 5413 5485 5414
f 5414 5485 5486
f 5414 5486 5415
f 5415 5486 5487
f 5415 5487 5416
f 5416 5487 5488
f 5416 5488 5417
f 5417 5488 5489
f 5417 5489 5418
f 5418 5489 5490
f 5418 5490 5419
f 5419 5490 5491
f 5419 5491 5420
f 5420 5491 5492
f 5420 5492 5421
f 5421 5492 5493
f 5421 5493 5422
f 5422 5493 5494
f 5422 5494 5423
f 5423 5494 5495
f 5423 5495 5424
f 5424 5495 5496
f 5424 5496 5425
f 5425 5496 5497
f 5425 5497 5426
f 5426 5497 5498
f 5426 5498 5427
f 5427 5498 5499
f 5427 5499 5428
f 5428 5499 5500
f 5428 5500 5429
f 5429 5500 5501
f 5429 5501 5430
f 5430 5501 5502
f 5430 5502 5431
f 5431 5502 5503
f 5431 5503 5432
f 5432 5503 5504
f 5432 5504 5433
f 5433 5504 5505
f 5433 5505 5434
f 5434 5505 5506
f 5434 5506 5435
f 5435 5506 5507
f 5435 5507 5436
f 5436 5507 5508
f 5436 5508 5437
f 5437 5508 5509
f 5437 5509 5438
f 5438 5509 5510
f 5438 5510 5439
f 5439 5510 5511
f 5439 5511 5440
f 5440 5511 5512
f 5440 5512 5441
f 5441 5512 5513
f 5441 5513 5442
f 5442 5513 5514
f 5442 5514 5443
f 5443 5514 5515
f 5443 5515 5444
f 5444 5515 5516
f 5444 5516 5445
f 5445 5516 5517
f 5445 5517 5446
f 5446 5517 5518
f 5446 5518 5447
f 5447 5518 5519
f 5447 5519 5448
f 5448 5519 5520
f 5448 5520 5449
f 5449 5520 5521
f 5449 5521 5450
f 5450 5521 5522
f 5450 5522 5451
f 5451 5522 5523
f 5451 5523 5452
f 5452 5523 5524
f 5452 5524 5453
f 5453 5524 5525
f 5453 5525 5454
f 5454 5525 5526
f 5454 5526 5455
f 5455 5526 5527
f 5455 5527 5456
f 5456 5527 5528
f 5456 5528 5457
f 5457 5528 5529
f 5457 5529 5458
f 5458 5529 5530
f 5458 5530 5459
f 5459 5530 5531
f 5459 5531 5460
f 5460 5531 5532
f 5460 5532 5461
f 5461 5532 5533
f 5461 5533 5462
f 5462 5533 5534
f 5462 5534 5463
f 5463 5534 5535
f 5463 5535 5464
f 5464 5535 5536
f 5464 5536 5465
f 5465 5536 5537
f 5465 5537 5466
f 5466 5537 5538
f 5466 5538 5467
f 5467 5538 5539
f 5467 5539 5468
f 5468 5539 5540
f 5468 5540 5469
f 5469 5540 5541
f 5469 5541 5470
f 5470 5541 5542
f 5470 5542 5471
f 5471 5542 5543
f 5471 5543 5472
f 5472 5543 5544
f 5472 5544 5401
f 5401 5544 5473
f 5473 5545 5474
f 5474 5545 5546
f 5474 5546 5475
f 5475 5546 5547
f 5475 5547 5476
f 5476 5547 5548
f 5476 5548 5477
f 5477 5548 5549
f 5477 5549 5478
f 5478 5549 5550
f 5478 5550 5479
f 5479 5550 5551
f 5479 5551 5480
f 5480 5551 5552
f 5480 5552 5481
f 5481 5552 5553
f 5481 5553 5482
f 5482 5553 5554
f 5482 5554 5483
f 5483 5554 5555
f 5483 5555 5484
f 5484 5555 5556
f 5484 5556 5485
f 5485 5556 5557
f 5485 5557 5486
f 5486 5557 5558
f 5486 5558 5487
f 5487 5558 5559
f 5487 5559 5488
f 5488 5559 5560
f 5488 5560 5489
f 5489 5560 5561
f 5489 5561 5490
f 5490 5561 5562
f 5490 5562 5491
f 5491 5562 5563
f 5491 5563 5492
f 5492 5563 5564
f 5492 5564 5493
f 5493 5564 5565
f 5493 5565 5494
f 5494 5565 5566
f 5494 5566 5495
f 5495 5566 5567
f 5495 5567 5496
f 5496 5567 5568
f 5496 5568 5497
f 5497 5568 5569
f 5497 5569 5498
f 5498 5569 5570
f 5498 5570 5499
f 5499 5570 5571
f 5499 5571 5500
f 5500 5571 5572
f 5500 5572 5501
f 5501 5572 5573
f 5501 5573 5502
f 5502 5573 5574
f 5502 5574 5503
f 5503 5574 5575
f 5503 5575 5504
f 5504 5575 5576
f 5504 5576 5505
f 5505 5576 5577
f 5505 5577 5506
f 5506 5577 5578
f 5506 5578 5507
f 5507 5578 5579
f 5507 5579 5508
f 5508 5579 5580
f 5508 5580 5509
f 5509 5580 5581
f 5509 5581 5510
f 5510 5581 5582
f 5510 5582 5511
f 5511 5582 5583
f 5511 5583 5512
f 5512 5583 5584
f 5512 5584 5513
f 5513 5584 5585
f 5513 5585 5514
f 5514 5585 5586
f 5514 5586 5515
f 5515 5586 5587
f 5515 5587 5516
f 5516 5587 5588
f 5516 5588 5517
f 5517 5588 5589
f 5517 5589 5518
f 5518 5589 5590
f 5518 5590 5519
f 5519 5590 5591
f 5519 5591 5520
f 5520 5591 5592
f 5520 5592 5521
f 5521 5592 5593
f 5521 5593 5522
f 5522 5593 5594
f 5522 5594 5523
f 5523 5594 5595
f 5523 5595 5524
f 5524 5595 5596
f 5524 5596 5525
f 5525 5596 5597
f 5525 5597 5526
f 5526 5597 5598
f 5526 5598 5527
f 5527 5598 5599
f 5527 5599 5528
f 5528 5599 5600
f 5528 5600 5529
f 5529 5600 5601
f 5529 5601 5530
f 5530 5601 5602
f 5530 5602 5531
f 5531 5602 5603
f 5531 5603 5532
f 5532 5603 5604
f 5532 5604 5533
f 5533 5604 5605
f 5533 5605 5534
f 5534 5605 5606
f 5534 5606 5535
f 5535 5606 5607
f 5535 5607 5536
f 5536 5607 5608
f 5536 5608 5537
f 5537 5608 5609
f 5537 5609 5538
f 5538 5609 5610
f 5538 5610 5539
f 5539 5610 5611
f 5539 5611 5540
f 5540 5611 5612
f 5540 5612 5541
f 5541 5612 5613
f 5541 5613 5542
f 5542 5613 5614
f 5542 5614 5543
f 5543 5614 5615
f 5543 5615 5544
f 5544 5615 5616
f 5544 5616 5473
f 5473 5616 5545
f 5545 5617 5546
f 5546 5617 5618
f 5546 5618 5547
f 5547 5618 5619
f 5547 5619 5548
f 5548 5619 5620
f 5548 5620 5549
f 5549 5620 5621
f 5549 5621 5550
f 5550 5621 5622
f 5550 5622 5551
f 5551 5622 5623
f 5551 5623 5552
f 5552 5623 5624
f 5552 5624 5553
f 5553 5624 5625
f 5553 5625 5554
f 5554 5625 5626
f 5554 5626 5555
f 5555 5626 5627
f 5555 5627 5556
f 5556 5627 5628
f 5556 5628 5557
f 5557 5628 5629
f 5557 5629 5558
f 5558 5629 5630
f 5558 5630 5559
f 5559 5630 5631
f 5559 5631 5560
f 5560 5631 5632
f 5560 5632 5561
f 5561 5632 5633
f 5561 5633 5562
f 5562 5633 5634
f 5562 5634 5563
f 5563 5634 5635
f 5563 5635 5564
f 5564 5635 5636
f 5564 5636 5565
f 5565 5636 5637
f 5565 5637 5566
f 5566 5637 5638
f 5566 5638 5567
f 5567 5638 5639
f 5567 5639 5568
f 5568 5639 5640
f 5568 5640 5569
f 5569 5640 5641
f 5569 5641 5570
f 5570 5641 5642
f 5570 5642 5571
f 5571 5642 5643
f 5571 5643 5572
f 5572 5643 5644
f 5572 5644 5573
f 5573 5644 5645
f 5573 5645 5574
f 5574 5645 5646
f 5574 5646 5575
f 5575 5646 5647
f 5575 5647 5576
f 5576 5647 5648
f 5576 5648 5577
f 5577 5648 5649
f 5577 5649 5578
f 5578 5649 5650
f 5578 5650 5579
f 5579 5650 5651
f 5579 5651 5580
f 5580 5651 5652
f 5580 5652 5581
f 5581 5652 5653
f 5581 5653 5582
f 5582 5653 5654
f 5582 5654 5583
f 5583 5654 5655
f 5583 5655 5584
f 5584 5655 5656
f 5584 5656 5585
f 5585 5656 5657
f 5585 5657 5586
f 5586 5657 5658
f 5586 5658 5587
f 5587 5658 5659
f 5587 5659 5588
f 5588 5659 5660
f 5588 5660 5589
f 5589 5660 5661
f 5589 5661 5590
f 5590 5661 5662
f 5590 5662 5591
f 5591 5662 5663
f 5591 5663 5592
f 5592 5663 5664
f 5592 5664 5593
f 5593 5664 5665
f 5593 5665 5594
f 5594 5665 5666
f 5594 5666 5595
f 5595 5666 5667
f 5595 5667 5596
f 5596 5667 5668
f 5596 5668 5597
f 5597 5668 5669
f 5597 5669 5598
f 5598 5669 5670
f 5598 5670 5599
f 5599 5670 5671
f 5599 5671 5600
f 5600 5671 5672
f 5600 5672 5601
f 5601 5672 5673
f 5601 5673 5602
f 5602 5673 5674
f 5602 5674 5603
f 5603 5674 5675
f 5603 5675 5604
f 5604 5675 5676
f 5604 5676 5605
f 5605 5676 5677
f 5605 5677 5606
f 5606 5677 5678
f 5606 5678 5607
f 5607 5678 5679
f 5607 5679 5608
f 5608 5679 5680
f 5608 5680 5609
f 5609 5680 5681
f 5609 5681 5610
f 5610 5681 5682
f 5610 5682 5611
f 5611 5682 5683
f 5611 5683 5612
f 5612 5683 5684
f 5612 5684 5613
f 5613 5684 5685
f 5613 5685 5614
f 5614 5685 5686
f 5614 5686 5615
f 5615 5686 5687
f 5615 5687 5616
f 5616 5687 5688
f 5616 5688 5545
f 5545 5688 5617
f 5617 5689 5618
f 5618 5689 5690
f 5618 5690 5619
f 5619 5690 5691
f 5619 5691 5620
f 5620 5691 5692
f 5620 5692 5621
f 5621 5692 5693
f 5621 5693 5622
f 5622 5693 5694
f 5622 5694 5623
f 5623 5694 5695
f 5623 5695 5624
f 5624 5695 5696
f 5624 5696 5625
f 5625 5696 5697
f 5625 5697 5626
f 5626 5697 5698
f 5626 5698 5627
f 5627 5698 5699
f 5627 5699 5628
f 5628 5699 5700
f 5628 5700 5629
f 5629 5700 5701
f 5629 5701 5630
f 5630 5701 5702
f 5630 5702 5631
f 5631 5702 5703
f 5631 5703 5632
f 5632 5703 5704
f 5632 5704 5633
f 5633 5704 5705
f 5633 5705 5634
f 5634 5705 5706
f 5634 5706 5635
f 5635 5706 5707
f 5635 5707 5636
f 5636 5707 5708
f 5636 5708 5637
f 5637 5708 5709
f 5637 5709 5638
f 5638 5709 5710
f 5638 5710 5639
f 5639 5710 5711
f 5639 5711 5640
f 5640 5711 5712
f 5640 5712 5641
f 5641 5712 5713
f 5641 5713 5642
f 5642 5713 5714
f 5642 5714 5643
f 5643 5714 5715
f 5643 5715 5644
f 5644 5715 5716
f 5644 5716 5645
f 5645 5716 5717
f 5645 5717 5646
f 5646 5717 5718
f 5646 5718 5647
f 5647 5718 5719
f 5647 5719 5648
f 5648 5719 5720
f 5648 5720 5649
f 5649 5720 5721
f 5649 5721 5650
f 5650 5721 5722
f 5650 5722 5651
f 5651 5722 5723
f 5651 5723 5652
f 5652 5723 5724
f 5652 5724 5653
f 5653 5724 5725
f 5653 5725 5654
f 5654 5725 5726
f 5654 5726 5655
f 5655 5726 5727
f 5655 5727 5656
f 5656 5727 5728
f 5656 5728 5657
f 5657 5728 5729
f 5657 5729 5658
f 5658 5729 5730
f 5658 5730 5659
f 5659 5730 5731
f 5659 5731 5660
f 5660 5731 5732
f 5660 5732 5661
f 5661 5732 5733
f 5661 5733 5662
f 5662 5733 5734
f 5662 5734 5663
f 5663 5734 5735
f 5663 5735 5664
f 5664 5735 5736
f 5664 5736 5665
f 5665 5736 5737
f 5665 5737 5666
f 5666 5737 5738
f 5666 5738 5667
f 5667 5738 5739
f 5667 5739 5668
f 5668 5739 5740
f 5668 5740 5669
f 5669 5740 5741
f 5669 5741 5670
f 5670 5741 5742
f 5670 5742 5671
f 5671 5742 5743
f 5671 5743 5672
f 5672 5743 5744
f 5672 5744 5673
f 5673 5744 5745
f 5673 5745 5674
f 5674 5745 5746
f 5674 5746 5675
f 5675 5746 5747
f 5675 5747 5676
f 5676 5747 5748
f 5676 5748 5677
f 5677 5748 5749
f 5677 5749 5678
f 5678 5749 5750
f 5678 5750 5679
f 5679 5750 5751
f 5679 5751 5680
f 5680 5751 5752
f 5680 5752 5681
f 5681 5752 5753
f 5681 5753 5682
f 5682 5753 5754
f 5682 5754 5683
f 5683 5754 5755
f 5683 5755 5684
f 5684 5755 5756
f 5684 5756 5685
f 5685 5756 5757
f 5685 5757 5686
f 5686 5757 5758
f 5686 5758 5687
f 5687 5758 5759
f 5687 5759 5688
f 5688 5759 5760
f 5688 5760 5617
f 5617 5760 5689
f 5689 5761 5690
f 5690 5761 5762
f 5690 5762 5691
f 5691 5762 5763
f 5691 5763 5692
f 5692 5763 5764
f 5692 5764 5693
f 5693 5764 5765
f 5693 5765 5694
f 5694 5765 5766
f 5694 5766 5695
f 5695 5766 5767
f 5695 5767 5696
f 5696 5767 5768
f 5696 5768 5697
f 5697 5768 5769
f 5697 5769 5698
f 5698 5769 5770
f 5698 5770 5699
f 5699 5770 5771
f 5699 5771 5700
f 5700 5771 5772
f 5700 5772 5701
f 5701 5772 5773
f 5701 5773 5702
f 5702 5773 5774
f 5702 5774 5703
f 5703 5774 5775
f 5703 5775 5704
f 5704 5775 5776
f 5704 5776 5705
f 5705 5776 5777
f 5705 5777 5706
f 5706 5777 5778
f 5706 5778 5707
f 5707 5778 5779
f 5707 5779 5708
f 5708 5779 5780
f 5708 5780 5709
f 5709 5780 5781
f 5709 5781 5710
f 5710 5781 5782
f 5710 5782 5711
f 5711 5782 5783
f 5711 5783 5712
f 5712 5783 5784
f 5712 5784 5713
f 5713 5784 5785
f 5713 5785 5714
f 5714 5785 5786
f 5714 5786 5715
f 5715 5786 5787
f 5715 5787 5716
f 5716 5787 5788
f 5716 5788 5717
f 5717 5788 5789
f 5717 5789 5718
f 5718 5789 5790
f 5718 5790 5719
f 5719 5790 5791
f 5719 5791 5720
f 5720 5791 5792
f 5720 5792 5721
f 5721 5792 5793
f 5721 5793 5722
f 5722 5793 5794
f 5722 5794 5723
f 5723 5794 5795
f 5723 5795 5724
f 5724 5795 5796
f 5724 5796 5725
f 5725 5796 5797
f 5725 5797 5726
f 5726 5797 5798
f 5726 5798 5727
f 5727 5798 5799
f 5727 5799 5728
f 5728 5799 5800
f 5728 5800 5729
f 5729 5800 5801
f 5729 5801 5730
f 5730 5801 5802
f 5730 5802 5731
f 5731 5802 5803
f 5731 5803 5732
f 5732 5803 5804
f 5732 5804 5733
f 5733 5804 5805
f 5733 5805 5734
f 5734 5805 5806
f 5734 5806 5735
f 5735 5806 5807
f 5735 5807 5736
f 5736 5807 5808
f 5736 5808 5737
f 5737 5808 5809
f 5737 5809 5738
f 5738 5809 5810
f 5738 5810 5739
f 5739 5810 5811
f 5739 5811 5740
f 5740 5811 5812
f 5740 5812 5741
f 5741 5812 5813
f 5741 5813 5742
f 5742 5813 5814
f 5742 5814 5743
f 5743 5814 5815
f 5743 5815 5744
f 5744 5815 5816
f 5744 5816 5745
f 5745 5816 5817
f 5745 5817 5746
f 5746 5817 5818
f 5746 5818 5747
f 5747 5818 5819
f 5747 5819 5748
f 5748 5819 5820
f 5748 5820 5749
f 5749 5820 5821
f 5749 5821 5750
f 5750 5821 5822
f 5750 5822 5751
f 5751 5822 5823
f 5751 5823 5752
f 5752 5823 5824
f 5752 5824 5753
f 5753 5824 5825
f 5753 5825 5754
f 5754 5825 5826
f 5754 5826 5755
f 5755 5826 5827
f 5755 5827 5756
f 5756 5827 5828
f 5756 5828 5757
f 5757 5828 5829
f 5757 5829 5758
f 5758 5829 5830
f 5758 5830 5759
f 5759 5830 5831
f 5759 5831 5760
f 5760 5831 5832
f 5760 5832 5689
f 5689 5832 5761
f 5761 5833 5762
f 5762 5833 5834
f 5762 5834 5763
f 5763 5834 5835
f 5763 5835 5764
f 5764 5835 5836
f 5764 5836 5765
f 5765 5836 5837
f 5765 5837 5766
f 5766 5837 5838
f 5766 5838 5767
f 5767 5838 5839
f 5767 5839 5768
f 5768 5839 5840
f 5768 5840 5769
f 5769 5840 5841
f 5769 5841 5770
f 5770 5841 5842
f 5770 5842 5771
f 5771 5842 5843
f 5771 5843 5772
f 5772 5843 5844
f 5772 5844 5773
f 5773 5844 5845
f 5773 5845 5774
f 5774 5845 5846
f 5774 5846 5775
f 5775 5846 5847
f 5775 5847 5776
f 5776 5847 5848
f 5776 5848 5777
f 5777 5848 5849
f 5777 5849 5778
f 5778 5849 5850
f 5778 5850 5779
f 5779 5850 5851
f 5779 5851 5780
f 5780 5851 5852
f 5780 5852 5781
f 5781 5852 5853
f 5781 5853 5782
f 5782 5853 5854
f 5782 5854 5783
f 5783 5854 5855
f 5783 5855 5784
f 5784 5855 5856
f 5784 5856 5785
f 5785 5856 5857
f 5785 5857 5786
f 5786 5857 5858
f 5786 5858 5787
f 5787 5858 5859
f 5787 5859 5788
f 5788 5859 5860
f 5788 5860 5789
f 5789 5860 5861
f 5789 5861 5790
f 5790 5861 5862
f 5790 5862 5791
f 5791 5862 5863
f 5791 5863 5792
f 5792 5863 5864
f 5792 5864 5793
f 5793 5864 5865
f 5793 5865 5794
f 5794 5865 5866
f 5794 5866 5795
f 5795 5866 5867
f 5795 5867 5796
f 5796 5867 5868
f 5796 5868 5797
f 5797 5868 5869
f 5797 5869 5798
f 5798 5869 5870
f 5798 5870 5799
f 5799 5870 5871
f 5799 5871 5800
f 5800 5871 5872
f 5800 5872 5801
f 5801 5872 5873
f 5801 5873 5802
f 5802 5873 5874
f 5802 5874 5803
f 5803 5874 5875
f 5803 5875 5804
f 5804 5875 5876
f 5804 5876 5805
f 5805 5876 5877
f 5805 5877 5806
f 5806 5877 5878
f 5806 5878 5807
f 5807 5878 5879
f 5807 5879 5808
f 5808 5879 5880
f 5808 5880 5809
f 5809 5880 5881
f 5809 5881 5810
f 5810 5881 5882
f 5810 5882 5811
f 5811 5882 5883
f 5811 5883 5812
f 5812 5883 5884
f 5812 5884 5813
f 5813 5884 5885
f 5813 5885 5814
f 5814 5885 5886
f 5814 5886 5815
f 5815 5886 5887
f 5815 5887 5816
f 5816 5887 5888
f 5816 5888 5817
f 5817 5888 5889
f 5817 5889 5818
f 5818 5889 5890
f 5818 5890 5819
f 5819 5890 5891
f 5819 5891 5820
f 5820 5891 5892
f 5820 5892 5821
f 5821 5892 5893
f 5821 5893 5822
f 5822 5893 5894
f 5822 5894 5823
f 5823 5894 5895
f 5823 5895 5824
f 5824 5895 5896
f 5824 5896 5825
f 5825 5896 5897
f 5825 5897 5826
f 5826 5897 5898
f 5826 5898 5827
f 5827 5898 5899
f 5827 5899 5828
f 5828 5899 5900
f 5828 5900 5829
f 5829 5900 5901
f 5829 5901 5830
f 5830 5901 5902
f 5830 5902 5831
f 5831 5902 5903
f 5831 5903 5832
f 5832 5903 5904
f 5832 5904 5761
f 5761 5904 5833
f 5833 5905 5834
f 5834 5905 5906
f 5834 5906 5835
f 5835 5906 5907
f 5835 5907 5836
f 5836 5907 5908
f 5836 5908 5837
f 5837 5908 5909
f 5837 5909 5838
f 5838 5909 5910
f 5838 5910 5839
f 5839 5910 5911
f 5839 5911 5840
f 5840 5911 5912
f 5840 5912 5841
f 5841 5912 5913
f 5841 5913 5842
f 5842 5913 5914
f 5842 5914 5843
f 5843 5914 5915
f 5843 5915 5844
f 5844 5915 5916
f 5844 5916 5845
f 5845 5916 5917
f 5845 5917 5846
f 5846 5917 5918
f 5846 5918 5847
f 5847 5918 5919
f 5847 5919 5848
f 5848 5919 5920
f 5848 5920 5849
f 5849 5920 5921
f 5849 5921 5850
f 5850 5921 5922
f 5850 5922 5851
f 5851 5922 5923
f 5851 5923 5852
f 5852 5923 5924
f 5852 5924 5853
f 5853 5924 5925
f 5853 5925 5854
f 5854 5925 5926
f 5854 5926 5855
f 5855 5926 5927
f 5855 5927 5856
f 5856 5927 5928
f 5856 5928 5857
f 5857 5928 5929
f 5857 5929 5858
f 5858 5929 5930
f 5858 5930 5859
f 5859 5930 5931
f 5859 5931 5860
f 5860 5931 5932
f 5860 5932 5861
f 5861 5932 5933
f 5861 5933 5862
f 5862 5933 5934
f 5862 5934 5863
f 5863 5934 5935
f 5863 5935 5864
f 5864 5935 5936
f 5864 5936 5865
f 5865 5936 5937
f 5865 5937 5866
f 5866 5937 5938
f 5866 5938 5867
f 5867 5938 5939
f 5867 5939 5868
f 5868 5939 5940
f 5868 5940 5869
f 5869 5940 5941
f 5869 5941 5870
f 5870 5941 5942
f 5870 5942 5871
f 5871 5942 5943
f 5871 5943 5872
f 5872 5943 5944
f 5872 5944 5873
f 5873 5944 5945
f 5873 5945 5874
f 5874 5945 5946
f 5874 5946 5875
f 5875 5946 5947
f 5875 5947 5876
f 5876 5947 5948
f 5876 5948 5877
f 5877 5948 5949
f 5877 5949 5878
f 5878 5949 5950
f 5878 5950 5879
f 5879 5950 5951
f 5879 5951 5880
f 5880 5951 5952
f 5880 5952 5881
f 5881 5952 5953
f 5881 5953 5882
f 5882 5953 5954
f 5882 5954 5883
f 5883 5954 5955
f 5883 5955 5884
f 5884 5955 5956
f 5884 5956 5885
f 5885 5956 5957
f 5885 5957 5886
f 5886 5957 5958
f 5886 5958 5887
f 5887 5958 5959
f 5887 5959 5888
f 5888 5959 5960
f 5888 5960 5889
f 5889 5960 5961
f 5889 5961 5890
f 5890 5961 5962
f 5890 5962 5891
f 5891 5962 5963
f 5891 5963 5892
f 5892 5963 5964
f 5892 5964 5893
f 5893 5964 5965
f 5893 5965 5894
f 5894 5965 5966
f 5894 5966 5895
f 5895 5966 5967
f 5895 5967 5896
f 5896 5967 5968
f 5896 5968 5897
f 5897 5968 5969
f 5897 5969 5898
f 5898 5969 5970
f 5898 5970 5899
f 5899 5970 5971
f 5899 5971 5900
f 5900 5971 5972
f 5900 5972 5901
f 5901 5972 5973
f 5901 5973 5902
f 5902 5973 5974
f 5902 5974 5903
f 5903 5974 5975
f 5903 5975 5904
f 5904 5975 5976
f 5904 5976 5833
f 5833 5976 5905
f 5905 5977 5906
f 5906 5977 5978
f 5906 5978 5907
f 5907 5978 5979
f 5907 5979 5908
f 5908 5979 5980
f 5908 5980 5909
f 5909 5980 5981
f 5909 5981 5910
f 5910 5981 5982
f 5910 5982 5911
f 5911 5982 5983
f 5911 5983 5912
f 5912 5983 5984
f 5912 5984 5913
f 5913 5984 5985
f 5913 5985 5914
f 5914 5985 5986
f 5914 5986 5915
f 5915 5986 5987
f 5915 5987 5916
f 5916 5987 5988
f 5916 5988 5917
f 5917 5988 5989
f 5917 5989 5918
f 5918 5989 5990
f 5918 5990 5919
f 5919 5990 5991
f 5919 5991 5920
f 5920 5991 5992
f 5920 5992 5921
f 5921 5992 5993
f 5921 5993 5922
f 5922 5993 5994
f 5922 5994 5923
f 5923 5994 5995
f 5923 5995 5924
f 5924 5995 5996
f 5924 5996 5925
f 5925 5996 5997
f 5925 5997 5926
f 5926 5997 5998
f 5926 5998 5927
f 5927 5998 5999
f 5927 5999 5928
f 5928 5999 6000
f 5928 6000 5929
f 5929 6000 6001
f 5929 6001 5930
f 5930 6001 6002
f 5930 6002 5931
f 5931 6002 6003
f 5931 6003 5932
f 5932 6003 6004
f 5932 6004 5933
f 5933 6004 6005
f 5933 6005 5934
f 5934 6005 6006
f 5934 6006 5935
f 5935 6006 6007
f 5935 6007 5936
f 5936 6007 6008
f 5936 6008 5937
f 5937 6008 6009
f 5937 6009 5938
f 5938 6009 6010
f 5938 6010 5939
f 5939 6010 6011
f 5939 6011 5940
f 5940 6011 6012
f 5940 6012 5941
f 5941 6012 6013
f 5941 6013 5942
f 5942 6013 6014
f 5942 6014 5943
f 5943 6014 6015
f 5943 6015 5944
f 5944 6015 6016
f 5944 6016 5945
f 5945 6016 6017
f 5945 6017 5946
f 5946 6017 6018
f 5946 6018 5947
f 5947 6018 6019
f 5947 6019 5948
f 5948 6019 6020
f 5948 6020 5949
f 5949 6020 6021
f 5949 6021 5950
f 5950 6021 6022
f 5950 6022 5951
f 5951 6022 6023
f 5951 6023 5952
f 5952 6023 6024
f 5952 6024 5953
f 5953 6024 6025
f 5953 6025 5954
f 5954 6025 6026
f 5954 6026 5955
f 5955 6026 6027
f 5955 6027 5956
f 5956 6027 6028
f 5956 6028 5957
f 5957 6028 6029
f 5957 6029 5958
f 5958 6029 6030
f 5958 6030 5959
f 5959 6030 6031
f 5959 6031 5960
f 5960 6031 6032
f 5960 6032 5961
f 5961 6032 6033
f 5961 6033 5962
f 5962 6033 6034
f 5962 6034 5963
f 5963 6034 6035
f 5963 6035 5964
f 5964 6035 6036
f 5964 6036 5965
f 5965 6036 6037
f 5965 6037 5966
f 5966 6037 6038
f 5966 6038 5967
f 5967 6038 6039
f 5967 6039 5968
f 5968 6039 6040
f 5968 6040 5969
f 5969 6040 6041
f 5969 6041 5970
f 5970 6041 6042
f 5970 6042 5971
f 5971 6042 6043
f 5971 6043 5972
f 5972 6043 6044
f 5972 6044 5973
f 5973 6044 6045
f 5973 6045 5974
f 5974 6045 6046
f 5974 6046 5975
f 5975 6046 6047
f 5975 6047 5976
f 5976 6047 6048
f 5976 6048 5905
f 5905 6048 5977
f 5977 6049 5978
f 5978 6049 6050
f 5978 6050 5979
f 5979 6050 6051
f 5979 6051 5980
f 5980 6051 6052
f 5980 6052 5981
f 5981 6052 6053
f 5981 6053 5982
f 5982 6053 6054
f 5982 6054 5983
f 5983 6054 6055
f 5983 6055 5984
f 5984 6055 6056
f 5984 6056 5985
f 5985 6056 6057
f 5985 6057 5986
f 5986 6057 6058
f 5986 6058 5987
f 5987 6058 6059
f 5987 6059 5988
f 5988 6059 6060
f 5988 6060 5989
f 5989 6060 6061
f 5989 6061 5990
f 5990 6061 6062
f 5990 6062 5991
f 5991 6062 6063
f 5991 6063 5992
f 5992 6063 6064
f 5992 6064 5993
f 5993 6064 6065
f 5993 6065 5994
f 5994 6065 6066
f 5994 6066 5995
f 5995 6066 6067
f 5995 6067 5996
f 5996 6067 6068
f 5996 6068 5997
f 5997 6068 6069
f 5997 6069 5998
f 5998 6069 6070
f 5998 6070 5999
f 5999 6070 6071
f 5999 6071 6000
f 6000 6071 6072
f 6000 6072 6001
f 6001 6072 6073
f 6001 6073 6002
f 6002 6073 6074
f 6002 6074 6003
f 6003 6074 6075
f 6003 6075 6004
f 6004 6075 6076
f 6004 6076 6005
f 6005 6076 6077
f 6005 6077 6006
f 6006 6077 6078
f 6006 6078 6007
f 6007 6078 6079
f 6007 6079 6008
f 6008 6079 6080
f 6008 6080 6009
f 6009 6080 6081
f 6009 6081 6010
f 6010 6081 6082
f 6010 6082 6011
f 6011 6082 6083
f 6011 6083 6012
f 6012 6083 6084
f 6012 6084 6013
f 6013 6084 6085
f 6013 6085 6014
f 6014 6085 6086
f 6014 6086 6015
f 6015 6086 6087
f 6015 6087 6016
f 6016 6087 6088
f 6016 6088 6017
f 6017 6088 6089
f 6017 6089 6018
f 6018 6089 6090
f 6018 6090 6019
f 6019 6090 6091
f 6019 6091 6020
f 6020 6091 6092
f 6020 6092 6021
f 6021 6092 6093
f 6021 6093 6022
f 6022 6093 6094
f 6022 6094 6023
f 6023 6094 6095
f 6023 6095 6024
f 6024 6095 6096
f 6024 6096 6025
f 6025 6096 6097
f 6025 6097 6026
f 6026 6097 6098
f 6026 6098 6027
f 6027 6098 6099
f 6027 6099 6028
f 6028 6099 6100
f 6028 6100 6029
f 6029 6100 6101
f 6029 6101 6030
f 6030 6101 6102
f 6030 6102 6031
f 6031 6102 6103
f 6031 6103 6032
f 6032 6103 6104
f 6032 6104 6033
f 6033 6104 6105
f 6033 6105 6034
f 6034 6105 6106
f 6034 6106 6035
f 6035 6106 6107
f 6035 6107 6036
f 6036 6107 6108
f 6036 6108 6037
f 6037 6108 6109
f 6037 6109 6038
f 6038 6109 6110
f 6038 6110 6039
f 6039 6110 6111
f 6039 6111 6040
f 6040 6111 6112
f 6040 6112 6041
f 6041 6112 6113
f 6041 6113 6042
f 6042 6113 6114
f 6042 6114 6043
f 6043 6114 6115
f 6043 6115 6044
f 6044 6115 6116
f 6044 6116 6045
f 6045 6116 6117
f 6045 6117 6046
f 6046 6117 6118
f 6046 6118 6047
f 6047 6118 6119
f 6047 6119 6048
f 6048 6119 6120
f 6048 6120 5977
f 5977 6120 6049
f 6049 6121 6050
f 6050 6121 6122
f 6050 6122 6051
f 6051 6122 6123
f 6051 6123 6052
f 6052 6123 6124
f 6052 6124 6053
f 6053 6124 6125
f 6053 6125 6054
f 6054 6125 6126
f 6054 6126 6055
f 6055 6126 6127
f 6055 6127 6056
f 6056 6127 6128
f 6056 6128 6057
f 6057 6128 6129
f 6057 6129 6058
f 6058 6129 6130
f 6058 6130 6059
f 6059 6130 6131
f 6059 6131 6060
f 6060 6131 6132
f 6060 6132 6061
f 6061 6132 6133
f 6061 6133 6062
f 6062 6133 6134
f 6062 6134 6063
f 6063 6134 6135
f 6063 6135 6064
f 6064 6135 6136
f 6064 6136 6065
f 6065 6136 6137
f 6065 6137 6066
f 6066 6137 6138
f 6066 6138 6067
f 6067 6138 6139
f 6067 6139 6068
f 6068 6139 6140
f 6068 6140 6069
f 6069 6140 6141
f 6069 6141 6070
f 6070 6141 6142
f 6070 6142 6071
f 6071 6142 6143
f 6071 6143 6072
f 6072 6143 6144
f 6072 6144 6073
f 6073 6144 6145
f 6073 6145 6074
f 6074 6145 6146
f 6074 6146 6075
f 6075 6146 6147
f 6075 6147 6076
f 6076 6147 6148
f 6076 6148 6077
f 6077 6148 6149
f 6077 6149 6078
f 6078 6149 6150
f 6078 6150 6079
f 6079 6150 6151
f 6079 6151 6080
f 6080 6151 6152
f 6080 6152 6081
f 6081 6152 6153
f 6081 6153 6082
f 6082 6153 6154
f 6082 6154 6083
f 6083 6154 6155
f 6083 6155 6084
f 6084 6155 6156
f 6084 6156 6085
f 6085 6156 6157
f 6085 6157 6086
f 6086 6157 6158
f 6086 6158 6087
f 6087 6158 6159
f 6087 6159 6088
f 6088 6159 6160
f 6088 6160 6089
f 6089 6160 6161
f 6089 6161 6090
f 6090 6161 6162
f 6090 6162 6091
f 6091 6162 6163
f 6091 6163 6092
f 6092 6163 6164
f 6092 6164 6093
f 6093 6164 6165
f 6093 6165 6094
f 6094 6165 6166
f 6094 6166 6095
f 6095 6166 6167
f 6095 6167 6096
f 6096 6167 6168
f 6096 6168 6097
f 6097 6168 6169
f 6097 6169 6098
f 6098 6169 6170
f 6098 6170 6099
f 6099 6170 6171
f 6099 6171 6100
f 6100 6171 6172
f 6100 6172 6101
f 6101 6172 6173
f 6101 6173 6102
f 6102 6173 6174
f 6102 6174 6103
f 6103 6174 6175
f 6103 6175 6104
f 6104 6175 6176
f 6104 6176 6105
f 6105 6176 6177
f 6105 6177 6106
f 6106 6177 6178
f 6106 6178 6107
f 6107 6178 6179
f 6107 6179 6108
f 6108 6179 6180
f 6108 6180 6109
f 6109 6180 6181
f 6109 6181 6110
f 6110 6181 6182
f 6110 6182 6111
f 6111 6182 6183
f 6111 6183 6112
f 6112 6183 6184
f 6112 6184 6113
f 6113 6184 6185
f 6113 6185 6114
f 6114 6185 6186
f 6114 6186 6115
f 6115 6186 6187
f 6115 6187 6116
f 6116 6187 6188
f 6116 6188 6117
f 6117 6188 6189
f 6117 6189 6118
f 6118 6189 6190
f 6118 6190 6119
f 6119 6190 6191
f 6119 6191 6120
f 6120 6191 6192
f 6120 6192 6049
f 6049 6192 6121
f 6121 6193 6122
f 6122 6193 6194
f 6122 6194 6123
f 6123 6194 6195
f 6123 6195 6124
f 6124 6195 6196
f 6124 6196 6125
f 6125 6196 6197
f 6125 6197 6126
f 6126 6197 6198
f 6126 6198 6127
f 6127 6198 6199
f 6127 6199 6128
f 6128 6199 6200
f 6128 6200 6129
f 6129 6200 6201
f 6129 6201 6130
f 6130 6201 6202
f 6130 6202 6131
f 6131 6202 6203
f 6131 6203 6132
f 6132 6203 6204
f 6132 6204 6133
f 6133 6204 6205
f 6133 6205 6134
f 6134 6205 6206
f 6134 6206 6135
f 6135 6206 6207
f 6135 6207 6136
f 6136 6207 6208
f 6136 6208 6137
f 6137 6208 6209
f 6137 6209 6138
f 6138 6209 6210
f 6138 6210 6139
f 6139 6210 6211
f 6139 6211 6140
f 6140 6211 6212
f 6140 6212 6141
f 6141 6212 6213
f 6141 6213 6142
f 6142 6213 6214
f 6142 6214 6143
f 6143 6214 6215
f 6143 6215 6144
f 6144 6215 6216
f 6144 6216 6145
f 6145 6216 6217
f 6145 6217 6146
f 6146 6217 6218
f 6146 6218 6147
f 6147 6218 6219
f 6147 6219 6148
f 6148 6219 6220
f 6148 6220 6149
f 6149 6220 6221
f 6149 6221 6150
f 6150 6221 6222
f 6150 6222 6151
f 6151 6222 6223
f 6151 6223 6152
f 6152 6223 6224
f 6152 6224 6153
f 6153 6224 6225
f 6153 6225 6154
f 6154 6225 6226
f 6154 6226 6155
f 6155 6226 6227
f 6155 6227 6156
f 6156 6227 6228
f 6156 6228 6157
f 6157 6228 6229
f 6157 6229 6158
f 6158 6229 6230
f 6158 6230 6159
f 6159 6230 6231
f 6159 6231 6160
f 6160 6231 6232
f 6160 6232 6161
f 6161 6232 6233
f 6161 6233 6162
f 6162 6233 6234
f 6162 6234 6163
f 6163 6234 6235
f 6163 6235 6164
f 6164 6235 6236
f 6164 6236 6165
f 6165 6236 6237
f 6165 6237 6166
f 6166 6237 6238
f 6166 6238 6167
f 6167 6238 6239
f 6167 6239 6168
f 6168 6239 6240
f 6168 6240 6169
f 6169 6240 6241
f 6169 6241 6170
f 6170 6241 6242
f 6170 6242 6171
f 6171 6242 6243
f 6171 6243 6172
f 6172 6243 6244
f 6172 6244 6173
f 6173 6244 6245
f 6173 6245 6174
f 6174 6245 6246
f 6174 6246 6175
f 6175 6246 6247
f 6175 6247 6176
f 6176 6247 6248
f 6176 6248 6177
f 6177 6248 6249
f 6177 6249 6178
f 6178 6249 6250
f 6178 6250 6179
f 6179 6250 6251
f 6179 6251 6180
f 6180 6251 6252
f 6180 6252 6181
f 6181 6252 6253
f 6181 6253 6182
f 6182 6253 6254
f 6182 6254 6183
f 6183 6254 6255
f 6183 6255 6184
f 6184 6255 6256
f 6184 6256 6185
f 6185 6256 6257
f 6185 6257 6186
f 6186 6257 6258
f 6186 6258 6187
f 6187 6258 6259
f 6187 6259 6188
f 6188 6259 6260
f 6188 6260 6189
f 6189 6260 6261
f 6189 6261 6190
f 6190 6261 6262
f 6190 6262 6191
f 6191 6262 6263
f 6191 6263 6192
f 6192 6263 6264
f 6192 6264 6121
f 6121 6264 6193
f 6193 6265 6194
f 6194 6265 6266
f 6194 6266 6195
f 6195 6266 6267
f 6195 6267 6196
f 6196 6267 6268
f 6196 6268 6197
f 6197 6268 6269
f 6197 6269 6198
f 6198 6269 6270
f 6198 6270 6199
f 6199 6270 6271
f 6199 6271 6200
f 6200 6271 6272
f 6200 6272 6201
f 6201 6272 6273
f 6201 6273 6202
f 6202 6273 6274
f 6202 6274 6203
f 6203 6274 6275
f 6203 6275 6204
f 6204 6275 6276
f 6204 6276 6205
f 6205 6276 6277
f 6205 6277 6206
f 6206 6277 6278
f 6206 6278 6207
f 6207 6278 6279
f 6207 6279 6208
f 6208 6279 6280
f 6208 6280 6209
f 6209 6280 6281
f 6209 6281 6210
f 6210 6281 6282
f 6210 6282 6211
f 6211 6282 6283
f 6211 6283 6212
f 6212 6283 6284
f 6212 6284 6213
f 6213 6284 6285
f 6213 6285 6214
f 6214 6285 6286
f 6214 6286 6215
f 6215 6286 6287
f 6215 6287 6216
f 6216 6287 6288
f 6216 6288 6217
f 6217 6288 6289
f 6217 6289 6218
f 6218 6289 6290
f 6218 6290 6219
f 6219 6290 6291
f 6219 6291 6220
f 6220 6291 6292
f 6220 6292 6221
f 6221 6292 6293
f 6221 6293 6222
f 6222 6293 6294
f 6222 6294 6223
f 6223 6294 6295
f 6223 6295 6224
f 6224 6295 6296
f 6224 6296 6225
f 6225 6296 6297
f 6225 6297 6226
f 6226 6297 6298
f 6226 6298 6227
f 6227 6298 6299
f 6227 6299 6228
f 6228 6299 6300
f 6228 6300 6229
f 6229 6300 6301
f 6229 6301 6230
f 6230 6301 6302
f 6230 6302 6231
f 6231 6302 6303
f 6231 6303 6232
f 6232 6303 6304
f 6232 6304 6233
f 6233 6304 6305
f 6233 6305 6234
f 6234 6305 6306
f 6234 6306 6235
f 6235 6306 6307
f 6235 6307 6236
f 6236 6307 6308
f 6236 6308 6237
f 6237 6308 6309
f 6237 6309 6238
f 6238 6309 6310
f 6238 6310 6239
f 6239 6310 6311
f 6239 6311 6240
f 6240 6311 6312
f 6240 6312 6241
f 6241 6312 6313
f 6241 6313 6242
f 6242 6313 6314
f 6242 6314 6243
f 6243 6314 6315
f 6243 6315 6244
f 6244 6315 6316
f 6244 6316 6245
f 6245 6316 6317
f 6245 6317 6246
f 6246 6317 6318
f 6246 6318 6247
f 6247 6318 6319
f 6247 6319 6248
f 6248 6319 6320
f 6248 6320 6249
f 6249 6320 6321
f 6249 6321 6250
f 6250 6321 6322
f 6250 6322 6251
f 6251 6322 6323
f 6251 6323 6252
f 6252 6323 6324
f 6252 6324 6253
f 6253 6324 6325
f 6253 6325 6254
f 6254 6325 6326
f 6254 6326 6255
f 6255 6326 6327
f 6255 6327 6256
f 6256 6327 6328
f 6256 6328 6257
f 6257 6328 6329
f 6257 6329 6258
f 6258 6329 6330
f 6258 6330 6259
f 6259 6330 6331
f 6259 6331 6260
f 6260 6331 6332
f 6260 6332 6261
f 6261 6332 6333
f 6261 6333 6262
f 6262 6333 6334
f 6262 6334 6263
f 6263 6334 6335
f 6263 6335 6264
f 6264 6335 6336
f 6264 6336 6193
f 6193 6336 6265
f 6265 6337 6266
f 6266 6337 6338
f 6266 6338 6267
f 6267 6338 6339
f 6267 6339 6268
f 6268 6339 6340
f 6268 6340 6269
f 6269 6340 6341
f 6269 6341 6270
f 6270 6341 6342
f 6270 6342 6271
f 6271 6342 6343
f 6271 6343 6272
f 6272 6343 6344
f 6272 6344 6273
f 6273 6344 6345
f 6273 6345 6274
f 6274 6345 6346
f 6274 6346 6275
f 6275 6346 6347
f 6275 6347 6276
f 6276 6347 6348
f 6276 6348 6277
f 6277 6348 6349
f 6277 6349 6278
f 6278 6349 6350
f 6278 6350 6279
f 6279 6350 6351
f 6279 6351 6280
f 6280 6351 6352
f 6280 6352 6281
f 6281 6352 6353
f 6281 6353 6282
f 6282 6353 6354
f 6282 6354 6283
f 6283 6354 6355
f 6283 6355 6284
f 6284 6355 6356
f 6284 6356 6285
f 6285 6356 6357
f 6285 6357 6286
f 6286 6357 6358
f 6286 6358 6287
f 6287 6358 6359
f 6287 6359 6288
f 6288 6359 6360
f 6288 6360 6289
f 6289 6360 6361
f 6289 6361 6290
f 6290 6361 6362
f 6290 6362 6291
f 6291 6362 6363
f 6291 6363 6292
f 6292 6363 6364
f 6292 6364 6293
f 6293 6364 6365
f 6293 6365 6294
f 6294 6365 6366
f 6294 6366 6295
f 6295 6366 6367
f 6295 6367 6296
f 6296 6367 6368
f 6296 6368 6297
f 6297 6368 6369
f 6297 6369 6298
f 6298 6369 6370
f 6298 6370 6299
f 6299 6370 6371
f 6299 6371 6300
f 6300 6371 6372
f 6300 6372 6301
f 6301 6372 6373
f 6301 6373 6302
f 6302 6373 6374
f 6302 6374 6303
f 6303 6374 6375
f 6303 6375 6304
f 6304 6375 6376
f 6304 6376 6305
f 6305 6376 6377
f 6305 6377 6306
f 6306 6377 6378
f 6306 6378 6307
f 6307 6378 6379
f 6307 6379 6308
f 6308 6379 6380
f 6308 6380 6309
f 6309 6380 6381
f 6309 6381 6310
f 6310 6381 6382
f 6310 6382 6311
f 6311 6382 6383
f 6311 6383 6312
f 6312 6383 6384
f 6312 6384 6313
f 6313 6384 6385
f 6313 6385 6314
f 6314 6385 6386
f 6314 6386 6315
f 6315 6386 6387
f 6315 6387 6316
f 6316 6387 6388
f 6316 6388 6317
f 6317 6388 6389
f 6317 6389 6318
f 6318 6389 6390
f 6318 6390 6319
f 6319 6390 6391
f 6319 6391 6320
f 6320 6391 6392
f 6320 6392 6321
f 6321 6392 6393
f 6321 6393 6322
f 6322 6393 6394
f 6322 6394 6323
f 6323 6394 6395
f 6323 6395 6324
f 6324 6395 6396
f 6324 6396 6325
f 6325 6396 6397
f 6325 6397 6326
f 6326 6397 6398
f 6326 6398 6327
f 6327 6398 6399
f 6327 6399 6328
f 6328 6399 6400
f 6328 6400 6329
f 6329 6400 6401
f 6329 6401 6330
f 6330 6401 6402
f 6330 6402 6331
f 6331 6402 6403
f 6331 6403 6332
f 6332 6403 6404
f 6332 6404 6333
f 6333 6404 6405
f 6333 6405 6334
f 6334 6405 6406
f 6334 6406 6335
f 6335 6406 6407
f 6335 6407 6336
f 6336 6407 6408
f 6336 6408 6265
f 6265 6408 6337
f 6337 6409 6338
f 6338 6409 6410
f 6338 6410 6339
f 6339 6410 6411
f 6339 6411 6340
f 6340 6411 6412
f 6340 6412 6341
f 6341 6412 6413
f 6341 6413 6342
f 6342 6413 6414
f 6342 6414 6343
f 6343 6414 6415
f 6343 6415 6344
f 6344 6415 6416
f 6344 6416 6345
f 6345 6416 6417
f 6345 6417 6346
f 6346 6417 6418
f 6346 6418 6347
f 6347 6418 6419
f 6347 6419 6348
f 6348 6419 6420
f 6348 6420 6349
f 6349 6420 6421
f 6349 6421 6350
f 6350 6421 6422
f 6350 6422 6351
f 6351 6422 6423
f 6351 6423 6352
f 6352 6423 6424
f 6352 6424 6353
f 6353 6424 6425
f 6353 6425 6354
f 6354 6425 6426
f 6354 6426 6355
f 6355 6426 6427
f 6355 6427 6356
f 6356 6427 6428
f 6356 6428 6357
f 6357 6428 6429
f 6357 6429 6358
f 6358 6429 6430
f 6358 6430 6359
f 6359 6430 6431
f 6359 6431 6360
f 6360 6431 6432
f 6360 6432 6361
f 6361 6432 6433
f 6361 6433 6362
f 6362 6433 6434
f 6362 6434 6363
f 6363 6434 6435
f 6363 6435 6364
f 6364 6435 6436
f 6364 6436 6365
f 6365 6436 6437
f 6365 6437 6366
f 6366 6437 6438
f 6366 6438 6367
f 6367 6438 6439
f 6367 6439 6368
f 6368 6439 6440
f 6368 6440 6369
f 6369 6440 6441
f 6369 6441 6370
f 6370 6441 6442
f 6370 6442 6371
f 6371 6442 6443
f 6371 6443 6372
f 6372 6443 6444
f 6372 6444 6373
f 6373 6444 6445
f 6373 6445 6374
f 6374 6445 6446
f 6374 6446 6375
f 6375 6446 6447
f 6375 6447 6376
f 6376 6447 6448
f 6376 6448 6377
f 6377 6448 6449
f 6377 6449 6378
f 6378 6449 6450
f 6378 6450 6379
f 6379 6450 6451
f 6379 6451 6380
f 6380 6451 6452
f 6380 6452 6381
f 6381 6452 6453
f 6381 6453 6382
f 6382 6453 6454
f 6382 6454 6383
f 6383 6454 6455
f 6383 6455 6384
f 6384 6455 6456
f 6384 6456 6385
f 6385 6456 6457
f 6385 6457 6386
f 6386 6457 6458
f 6386 6458 6387
f 6387 6458 6459
f 6387 6459 6388
f 6388 6459 6460
f 6388 6460 6389
f 6389 6460 6461
f 6389 6461 6390
f 6390 6461 6462
f 6390 6462 6391
f 6391 6462 6463
f 6391 6463 6392
f 6392 6463 6464
f 6392 6464 6393
f 6393 6464 6465
f 6393 6465 6394
f 6394 6465 6466
f 6394 6466 6395
f 6395 6466 6467
f 6395 6467 6396
f 6396 6467 6468
f 6396 6468 6397
f 6397 6468 6469
f 6397 6469 6398
f 6398 6469 6470
f 6398 6470 6399
f 6399 6470 6471
f 6399 6471 6400
f 6400 6471 6472
f 6400 6472 6401
f 6401 6472 6473
f 6401 6473 6402
f 6402 6473 6474
f 6402 6474 6403
f 6403 6474 6475
f 6403 6475 6404
f 6404 6475 6476
f 6404 6476 6405
f 6405 6476 6477
f 6405 6477 6406
f 6406 6477 6478
f 6406 6478 6407
f 6407 6478 6479
f 6407 6479 6408
f 6408 6479 6480
f 6408 6480 6337
f 6337 6480 6409
f 6409 6481 6410
f 6410 6481 6482
f 6410 6482 6411
f 6411 6482 6483
f 6411 6483 6412
f 6412 6483 6484
f 6412 6484 6413
f 6413 6484 6485
f 6413 6485 6414
f 6414 6485 6486
f 6414 6486 6415
f 6415 6486 6487
f 6415 6487 6416
f 6416 6487 6488
f 6416 6488 6417
f 6417 6488 6489
f 6417 6489 6418
f 6418 6489 6490
f 6418 6490 6419
f 6419 6490 6491
f 6419 6491 6420
f 6420 6491 6492
f 6420 6492 6421
f 6421 6492 6493
f 6421 6493 6422
f 6422 6493 6494
f 6422 6494 6423
f 6423 6494 6495
f 6423 6495 6424
f 6424 6495 6496
f 6424 6496 6425
f 6425 6496 6497
f 6425 6497 6426
f 6426 6497 6498
f 6426 6498 6427
f 6427 6498 6499
f 6427 6499 6428
f 6428 6499 6500
f 6428 6500 6429
f 6429 6500 6501
f 6429 6501 6430
f 6430 6501 6502
f 6430 6502 6431
f 6431 6502 6503
f 6431 6503 6432
f 6432 6503 6504
f 6432 6504 6433
f 6433 6504 6505
f 6433 6505 6434
f 6434 6505 6506
f 6434 6506 6435
f 6435 6506 6507
f 6435 6507 6436
f 6436 6507 6508
f 6436 6508 6437
f 6437 6508 6509
f 6437 6509 6438
f 6438 6509 6510
f 6438 6510 6439
f 6439 6510 6511
f 6439 6511 6440
f 6440 6511 6512
f 6440 6512 6441
f 6441 6512 6513
f 6441 6513 6442
f 6442 6513 6514
f 6442 6514 6443
f 6443 6514 6515
f 6443 6515 6444
f 6444 6515 6516
f 6444 6516 6445
f 6445 6516 6517
f 6445 6517 6446
f 6446 6517 6518
f 6446 6518 6447
f 6447 6518 6519
f 6447 6519 6448
f 6448 6519 6520
f 6448 6520 6449
f 6449 6520 6521
f 6449 6521 6450
f 6450 6521 6522
f 6450 6522 6451
f 6451 6522 6523
f 6451 6523 6452
f 6452 6523 6524
f 6452 6524 6453
f 6453 6524 6525
f 6453 6525 6454
f 6454 6525 6526
f 6454 6526 6455
f 6455 6526 6527
f 6455 6527 6456
f 6456 6527 6528
f 6456 6528 6457
f 6457 6528 6529
f 6457 6529 6458
f 6458 6529 6530
f 6458 6530 6459
f 6459 6530 6531
f 6459 6531 6460
f 6460 6531 6532
f 6460 6532 6461
f 6461 6532 6533
f 6461 6533 6462
f 6462 6533 6534
f 6462 6534 6463
f 6463 6534 6535
f 6463 6535 6464
f 6464 6535 6536
f 6464 6536 6465
f 6465 6536 6537
f 6465 6537 6466
f 6466 6537 6538
f 6466 6538 6467
f 6467 6538 6539
f 6467 6539 6468
f 6468 6539 6540
f 6468 6540 6469
f 6469 6540 6541
f 6469 6541 6470
f 6470 6541 6542
f 6470 6542 6471
f 6471 6542 6543
f 6471 6543 6472
f 6472 6543 6544
f 6472 6544 6473
f 6473 6544 6545
f 6473 6545 6474
f 6474 6545 6546
f 6474 6546 6475
f 6475 6546 6547
f 6475 6547 6476
f 6476 6547 6548
f 6476 6548 6477
f 6477 6548 6549
f 6477 6549 6478
f 6478 6549 6550
f 6478 6550 6479
f 6479 6550 6551
f 6479 6551 6480
f 6480 6551 6552
f 6480 6552 6409
f 6409 6552 6481
f 6481 6553 6482
f 6482 6553 6554
f 6482 6554 6483
f 6483 6554 6555
f 6483 6555 6484
f 6484 6555 6556
f 6484 6556 6485
f 6485 6556 6557
f 6485 6557 6486
f 6486 6557 6558
f 6486 6558 6487
f 6487 6558 6559
f 6487 6559 6488
f 6488 6559 6560
f 6488 6560 6489
f 6489 6560 6561
f 6489 6561 6490
f 6490 6561 6562
f 6490 6562 6491
f 6491 6562 6563
f 6491 6563 6492
f 6492 6563 6564
f 6492 6564 6493
f 6493 6564 6565
f 6493 6565 6494
f 6494 6565 6566
f 6494 6566 6495
f 6495 6566 6567
f 6495 6567 6496
f 6496 6567 6568
f 6496 6568 6497
f 6497 6568 6569
f 6497 6569 6498
f 6498 6569 6570
f 6498 6570 6499
f 6499 6570 6571
f 6499 6571 6500
f 6500 6571 6572
f 6500 6572 6501
f 6501 6572 6573
f 6501 6573 6502
f 6502 6573 6574
f 6502 6574 6503
f 6503 6574 6575
f 6503 6575 6504
f 6504 6575 6576
f 6504 6576 6505
f 6505 6576 6577
f 6505 6577 6506
f 6506 6577 6578
f 6506 6578 6507
f 6507 6578 6579
f 6507 6579 6508
f 6508 6579 6580
f 6508 6580 6509
f 6509 6580 6581
f 6509 6581 6510
f 6510 6581 6582
f 6510 6582 6511
f 6511 6582 6583
f 6511 6583 6512
f 6512 6583 6584
f 6512 6584 6513
f 6513 6584 6585
f 6513 6585 6514
f 6514 6585 6586
f 6514 6586 6515
f 6515 6586 6587
f 6515 6587 6516
f 6516 6587 6588
f 6516 6588 6517
f 6517 6588 6589
f 6517 6589 6518
f 6518 6589 6590
f 6518 6590 6519
f 6519 6590 6591
f 6519 6591 6520
f 6520 6591 6592
f 6520 6592 6521
f 6521 6592 6593
f 6521 6593 6522
f 6522 6593 6594
f 6522 6594 6523
f 6523 6594 6595
f 6523 6595 6524
f 6524 6595 6596
f 6524 6596 6525
f 6525 6596 6597
f 6525 6597 6526
f 6526 6597 6598
f 6526 6598 6527
f 6527 6598 6599
f 6527 6599 6528
f 6528 6599 6600
f 6528 6600 6529
f 6529 6600 6601
f 6529 6601 6530
f 6530 6601 6602
f 6530 6602 6531
f 6531 6602 6603
f 6531 6603 6532
f 6532 6603 6604
f 6532 6604 6533
f 6533 6604 6605
f 6533 6605 6534
f 6534 6605 6606
f 6534 6606 6535
f 6535 6606 6607
f 6535 6607 6536
f 6536 6607 6608
f 6536 6608 6537
f 6537 6608 6609
f 6537 6609 6538
f 6538 6609 6610
f 6538 6610 6539
f 6539 6610 6611
f 6539 6611 6540
f 6540 6611 6612
f 6540 6612 6541
f 6541 6612 6613
f 6541 6613 6542
f 6542 6613 6614
f 6542 6614 6543
f 6543 6614 6615
f 6543 6615 6544
f 6544 6615 6616
f 6544 6616 6545
f 6545 6616 6617
f 6545 6617 6546
f 6546 6617 6618
f 6546 6618 6547
f 6547 6618 6619
f 6547 6619 6548
f 6548 6619 6620
f 6548 6620 6549
f 6549 6620 6621
f 6549 6621 6550
f 6550 6621 6622
f 6550 6622 6551
f 6551 6622 6623
f 6551 6623 6552
f 6552 6623 6624
f 6552 6624 6481
f 6481 6624 6553
f 6553 6625 6554
f 6554 6625 6626
f 6554 6626 6555
f 6555 6626 6627
f 6555 6627 6556
f 6556 6627 6628
f 6556 6628 6557
f 6557 6628 6629
f 6557 6629 6558
f 6558 6629 6630
f 6558 6630 6559
f 6559 6630 6631
f 6559 6631 6560
f 6560 6631 6632
f 6560 6632 6561
f 6561 6632 6633
f 6561 6633 6562
f 6562 6633 6634
f 6562 6634 6563
f 6563 6634 6635
f 6563 6635 6564
f 6564 6635 6636
f 6564 6636 6565
f 6565 6636 6637
f 6565 6637 6566
f 6566 6637 6638
f 6566 6638 6567
f 6567 6638 6639
f 6567 6639 6568
f 6568 6639 6640
f 6568 6640 6569
f 6569 6640 6641
f 6569 6641 6570
f 6570 6641 6642
f 6570 6642 6571
f 6571 6642 6643
f 6571 6643 6572
f 6572 6643 6644
f 6572 6644 6573
f 6573 6644 6645
f 6573 6645 6574
f 6574 6645 6646
f 6574 6646 6575
f 6575 6646 6647
f 6575 6647 6576
f 6576 6647 6648
f 6576 6648 6577
f 6577 6648 6649
f 6577 6649 6578
f 6578 6649 6650
f 6578 6650 6579
f 6579 6650 6651
f 6579 6651 6580
f 6580 6651 6652
f 6580 6652 6581
f 6581 6652 6653
f 6581 6653 6582
f 6582 6653 6654
f 6582 6654 6583
f 6583 6654 6655
f 6583 6655 6584
f 6584 6655 6656
f 6584 6656 6585
f 6585 6656 6657
f 6585 6657 6586
f 6586 6657 6658
f 6586 6658 6587
f 6587 6658 6659
f 6587 6659 6588
f 6588 6659 6660
f 6588 6660 6589
f 6589 6660 6661
f 6589 6661 6590
f 6590 6661 6662
f 6590 6662 6591
f 6591 6662 6663
f 6591 6663 6592
f 6592 6663 6664
f 6592 6664 6593
f 6593 6664 6665
f 6593 6665 6594
f 6594 6665 6666
f 6594 6666 6595
f 6595 6666 6667
f 6595 6667 6596
f 6596 6667 6668
f 6596 6668 6597
f 6597 6668 6669
f 6597 6669 6598
f 6598 6669 6670
f 6598 6670 6599
f 6599 6670 6671
f 6599 6671 6600
f 6600 6671 6672
f 6600 6672 6601
f 6601 6672 6673
f 6601 6673 6602
f 6602 6673 6674
f 6602 6674 6603
f 6603 6674 6675
f 6603 6675 6604
f 6604 6675 6676
f 6604 6676 6605
f 6605 6676 6677
f 6605 6677 6606
f 6606 6677 6678
f 6606 6678 6607
f 6607 6678 6679
f 6607 6679 6608
f 6608 6679 6680
f 6608 6680 6609
f 6609 6680 6681
f 6609 6681 6610
f 6610 6681 6682
f 6610 6682 6611
f 6611 6682 6683
f 6611 6683 6612
f 6612 6683 6684
f 6612 6684 6613
f 6613 6684 6685
f 6613 6685 6614
f 6614 6685 6686
f 6614 6686 6615
f 6615 6686 6687
f 6615 6687 6616
f 6616 6687 6688
f 6616 6688 6617
f 6617 6688 6689
f 6617 6689 6618
f 6618 6689 6690
f 6618 6690 6619
f 6619 6690 6691
f 6619 6691 6620
f 6620 6691 6692
f 6620 6692 6621
f 6621 6692 6693
f 6621 6693 6622
f 6622 6693 6694
f 6622 6694 6623
f 6623 6694 6695
f 6623 6695 6624
f 6624 6695 6696
f 6624 6696 6553
f 6553 6696 6625
f 6625 6697 6626
f 6626 6697 6698
f 6626 6698 6627
f 6627 6698 6699
f 6627 6699 6628
f 6628 6699 6700
f 6628 6700 6629
f 6629 6700 6701
f 6629 6701 6630
f 6630 6701 6702
f 6630 6702 6631
f 6631 6702 6703
f 6631 6703 6632
f 6632 6703 6704
f 6632 6704 6633
f 6633 6704 6705
f 6633 6705 6634
f 6634 6705 6706
f 6634 6706 6635
f 6635 6706 6707
f 6635 6707 6636
f 6636 6707 6708
f 6636 6708 6637
f 6637 6708 6709
f 6637 6709 6638
f 6638 6709 6710
f 6638 6710 6639
f 6639 6710 6711
f 6639 6711 6640
f 6640 6711 6712
f 6640 6712 6641
f 6641 6712 6713
f 6641 6713 6642
f 6642 6713 6714
f 6642 6714 6643
f 6643 6714 6715
f 6643 6715 6644
f 6644 6715 6716
f 6644 6716 6645
f 6645 6716 6717
f 6645 6717 6646
f 6646 6717 6718
f 6646 6718 6647
f 6647 6718 6719
f 6647 6719 6648
f 6648 6719 6720
f 6648 6720 6649
f 6649 6720 6721
f 6649 6721 6650
f 6650 6721 6722
f 6650 6722 6651
f 6651 6722 6723
f 6651 6723 6652
f 6652 6723 6724
f 6652 6724 6653
f 6653 6724 6725
f 6653 6725 6654
f 6654 6725 6726
f 6654 6726 6655
f 6655 6726 6727
f 6655 6727 6656
f 6656 6727 6728
f 6656 6728 6657
f 6657 6728 6729
f 6657 6729 6658
f 6658 6729 6730
f 6658 6730 6659
f 6659 6730 6731
f 6659 6731 6660
f 6660 6731 6732
f 6660 6732 6661
f 6661 6732 6733
f 6661 6733 6662
f 6662 6733 6734
f 6662 6734 6663
f 6663 6734 6735
f 6663 6735 6664
f 6664 6735 6736
f 6664 6736 6665
f 6665 6736 6737
f 6665 6737 6666
f 6666 6737 6738
f 6666 6738 6667
f 6667 6738 6739
f 6667 6739 6668
f 6668 6739 6740
f 6668 6740 6669
f 6669 6740 6741
f 6669 6741 6670
f 6670 6741 6742
f 6670 6742 6671
f 6671 6742 6743
f 6671 6743 6672
f 6672 6743 6744
f 6672 6744 6673
f 6673 6744 6745
f 6673 6745 6674
f 6674 6745 6746
f 6674 6746 6675
f 6675 6746 6747
f 6675 6747 6676
f 6676 6747 6748
f 6676 6748 6677
f 6677 6748 6749
f 6677 6749 6678
f 6678 6749 6750
f 6678 6750 6679
f 6679 6750 6751
f 6679 6751 6680
f 6680 6751 6752
f 6680 6752 6681
f 6681 6752 6753
f 6681 6753 6682
f 6682 6753 6754
f 6682 6754 6683
f 6683 6754 6755
f 6683 6755 6684
f 6684 6755 6756
f 6684 6756 6685
f 6685 6756 6757
f 6685 6757 6686
f 6686 6757 6758
f 6686 6758 6687
f 6687 6758 6759
f 6687 6759 6688
f 6688 6759 6760
f 6688 6760 6689
f 6689 6760 6761
f 6689 6761 6690
f 6690 6761 6762
f 6690 6762 6691
f 6691 6762 6763
f 6691 6763 6692
f 6692 6763 6764
f 6692 6764 6693
f 6693 6764 6765
f 6693 6765 6694
f 6694 6765 6766
f 6694 6766 6695
f 6695 6766 6767
f 6695 6767 6696
f 6696 6767 6768
f 6696 6768 6625
f 6625 6768 6697
f 6697 6769 6698
f 6698 6769 6770
f 6698 6770 6699
f 6699 6770 6771
f 6699 6771 6700
f 6700 6771 6772
f 6700 6772 6701
f 6701 6772 6773
f 6701 6773 6702
f 6702 6773 6774
f 6702 6774 6703
f 6703 6774 6775
f 6703 6775 6704
f 6704 6775 6776
f 6704 6776 6705
f 6705 6776 6777
f 6705 6777 6706
f 6706 6777 6778
f 6706 6778 6707
f 6707 6778 6779
f 6707 6779 6708
f 6708 6779 6780
f 6708 6780 6709
f 6709 6780 6781
f 6709 6781 6710
f 6710 6781 6782
f 6710 6782 6711
f 6711 6782 6783
f 6711 6783 6712
f 6712 6783 6784
f 6712 6784 6713
f 6713 6784 6785
f 6713 6785 6714
f 6714 6785 6786
f 6714 6786 6715
f 6715 6786 6787
f 6715 6787 6716
f 6716 6787 6788
f 6716 6788 6717
f 6717 6788 6789
f 6717 6789 6718
f 6718 6789 6790
f 6718 6790 6719
f 6719 6790 6791
f 6719 6791 6720
f 6720 6791 6792
f 6720 6792 6721
f 6721 6792 6793
f 6721 6793 6722
f 6722 6793 6794
f 6722 6794 6723
f 6723 6794 6795
f 6723 6795 6724
f 6724 6795 6796
f 6724 6796 6725
f 6725 6796 6797
f 6725 6797 6726
f 6726 6797 6798
f 6726 6798 6727
f 6727 6798 6799
f 6727 6799 6728
f 6728 6799 6800
f 6728 6800 6729
f 6729 6800 6801
f 6729 6801 6730
f 6730 6801 6802
f 6730 6802 6731
f 6731 6802 6803
f 6731 6803 6732
f 6732 6803 6804
f 6732 6804 6733
f 6733 6804 6805
f 6733 6805 6734
f 6734 6805 6806
f 6734 6806 6735
f 6735 6806 6807
f 6735 6807 6736
f 6736 6807 6808
f 6736 6808 6737
f 6737 6808 6809
f 6737 6809 6738
f 6738 6809 6810
f 6738 6810 6739
f 6739 6810 6811
f 6739 6811 6740
f 6740 6811 6812
f 6740 6812 6741
f 6741 6812 6813
f 6741 6813 6742
f 6742 6813 6814
f 6742 6814 6743
f 6743 6814 6815
f 6743 6815 6744
f 6744 6815 6816
f 6744 6816 6745
f 6745 6816 6817
f 6745 6817 6746
f 6746 6817 6818
f 6746 6818 6747
f 6747 6818 6819
f 6747 6819 6748
f 6748 6819 6820
f 6748 6820 6749
f 6749 6820 6821
f 6749 6821 6750
f 6750 6821 6822
f 6750 6822 6751
f 6751 6822 6823
f 6751 6823 6752
f 6752 6823 6824
f 6752 6824 6753
f 6753 6824 6825
f 6753 6825 6754
f 6754 6825 6826
f 6754 6826 6755
f 6755 6826 6827
f 6755 6827 6756
f 6756 6827 6828
f 6756 6828 6757
f 6757 6828 6829
f 6757 6829 6758
f 6758 6829 6830
f 6758 6830 6759
f 6759 6830 6831
f 6759 6831 6760
f 6760 6831 6832
f 6760 6832 6761
f 6761 6832 6833
f 6761 6833 6762
f 6762 6833 6834
f 6762 6834 6763
f 6763 6834 6835
f 6763 6835 6764
f 6764 6835 6836
f 6764 6836 6765
f 6765 6836 6837
f 6765 6837 6766
f 6766 6837 6838
f 6766 6838 6767
f 6767 6838 6839
f 6767 6839 6768
f 6768 6839 6840
f 6768 6840 6697
f 6697 6840 6769
f 6769 6841 6770
f 6770 6841 6842
f 6770 6842 6771
f 6771 6842 6843
f 6771 6843 6772
f 6772 6843 6844
f 6772 6844 6773
f 6773 6844 6845
f 6773 6845 6774
f 6774 6845 6846
f 6774 6846 6775
f 6775 6846 6847
f 6775 6847 6776
f 6776 6847 6848
f 6776 6848 6777
f 6777 6848 6849
f 6777 6849 6778
f 6778 6849 6850
f 6778 6850 6779
f 6779 6850 6851
f 6779 6851 6780
f 6780 6851 6852
f 6780 6852 6781
f 6781 6852 6853
f 6781 6853 6782
f 6782 6853 6854
f 6782 6854 6783
f 6783 6854 6855
f 6783 6855 6784
f 6784 6855 6856
f 6784 6856 6785
f 6785 6856 6857
f 6785 6857 6786
f 6786 6857 6858
f 6786 6858 6787
f 6787 6858 6859
f 6787 6859 6788
f 6788 6859 6860
f 6788 6860 6789
f 6789 6860 6861
f 6789 6861 6790
f 6790 6861 6862
f 6790 6862 6791
f 6791 6862 6863
f 6791 6863 6792
f 6792 6863 6864
f 6792 6864 6793
f 6793 6864 6865
f 6793 6865 6794
f 6794 6865 6866
f 6794 6866 6795
f 6795 6866 6867
f 6795 6867 6796
f 6796 6867 6868
f 6796 6868 6797
f 6797 6868 6869
f 6797 6869 6798
f 6798 6869 6870
f 6798 6870 6799
f 6799 6870 6871
f 6799 6871 6800
f 6800 6871 6872
f 6800 6872 6801
f 6801 6872 6873
f 6801 6873 6802
f 6802 6873 6874
f 6802 6874 6803
f 6803 6874 6875
f 6803 6875 6804
f 6804 6875 6876
f 6804 6876 6805
f 6805 6876 6877
f 6805 6877 6806
f 6806 6877 6878
f 6806 6878 6807
f 6807 6878 6879
f 6807 6879 6808
f 6808 6879 6880
f 6808 6880 6809
f 6809 6880 6881
f 6809 6881 6810
f 6810 6881 6882
f 6810 6882 6811
f 6811 6882 6883
f 6811 6883 6812
f 6812 6883 6884
f 6812 6884 6813
f 6813 6884 6885
f 6813 6885 6814
f 6814 6885 6886
f 6814 6886 6815
f 6815 6886 6887
f 6815 6887 6816
f 6816 6887 6888
f 6816 6888 6817
f 6817 6888 6889
f 6817 6889 6818
f 6818 6889 6890
f 6818 6890 6819
f 6819 6890 6891
f 6819 6891 6820
f 6820 6891 6892
f 6820 6892 6821
f 6821 6892 6893
f 6821 6893 6822
f 6822 6893 6894
f 6822 6894 6823
f 6823 6894 6895
f 6823 6895 6824
f 6824 6895 6896
f 6824 6896 6825
f 6825 6896 6897
f 6825 6897 6826
f 6826 6897 6898
f 6826 6898 6827
f 6827 6898 6899
f 6827 6899 6828
f 6828 6899 6900
f 6828 6900 6829
f 6829 6900 6901
f 6829 6901 6830
f 6830 6901 6902
f 6830 6902 6831
f 6831 6902 6903
f 6831 6903 6832
f 6832 6903 6904
f 6832 6904 6833
f 6833 6904 6905
f 6833 6905 6834
f 6834 6905 6906
f 6834 6906 6835
f 6835 6906 6907
f 6835 6907 6836
f 6836 6907 6908
f 6836 6908 6837
f 6837 6908 6909
f 6837 6909 6838
f 6838 6909 6910
f 6838 6910 6839
f 6839 6910 6911
f 6839 6911 6840
f 6840 6911 6912
f 6840 6912 6769
f 6769 6912 6841
f 6841 6913 6842
f 6842 6913 6914
f 6842 6914 6843
f 6843 6914 6915
f 6843 6915 6844
f 6844 6915 6916
f 6844 6916 6845
f 6845 6916 6917
f 6845 6917 6846
f 6846 6917 6918
f 6846 6918 6847
f 6847 6918 6919
f 6847 6919 6848
f 6848 6919 6920
f 6848 6920 6849
f 6849 6920 6921
f 6849 6921 6850
f 6850 6921 6922
f 6850 6922 6851
f 6851 6922 6923
f 6851 6923 6852
f 6852 6923 6924
f 6852 6924 6853
f 6853 6924 6925
f 6853 6925 6854
f 6854 6925 6926
f 6854 6926 6855
f 6855 6926 6927
f 6855 6927 6856
f 6856 6927 6928
f 6856 6928 6857
f 6857 6928 6929
f 6857 6929 6858
f 6858 6929 6930
f 6858 6930 6859
f 6859 6930 6931
f 6859 6931 6860
f 6860 6931 6932
f 6860 6932 6861
f 6861 6932 6933
f 6861 6933 6862
f 6862 6933 6934
f 6862 6934 6863
f 6863 6934 6935
f 6863 6935 6864
f 6864 6935 6936
f 6864 6936 6865
f 6865 6936 6937
f 6865 6937 6866
f 6866 6937 6938
f 6866 6938 6867
f 6867 6938 6939
f 6867 6939 6868
f 6868 6939 6940
f 6868 6940 6869
f 6869 6940 6941
f 6869 6941 6870
f 6870 6941 6942
f 6870 6942 6871
f 6871 6942 6943
f 6871 6943 6872
f 6872 6943 6944
f 6872 6944 6873
f 6873 6944 6945
f 6873 6945 6874
f 6874 6945 6946
f 6874 6946 6875
f 6875 6946 6947
f 6875 6947 6876
f 6876 6947 6948
f 6876 6948 6877
f 6877 6948 6949
f 6877 6949 6878
f 6878 6949 6950
f 6878 6950 6879
f 6879 6950 6951
f 6879 6951 6880
f 6880 6951 6952
f 6880 6952 6881
f 6881 6952 6953
f 6881 6953 6882
f 6882 6953 6954
f 6882 6954 6883
f 6883 6954 6955
f 6883 6955 6884
f 6884 6955 6956
f 6884 6956 6885
f 6885 6956 6957
f 6885 6957 6886
f 6886 6957 6958
f 6886 6958 6887
f 6887 6958 6959
f 6887 6959 6888
f 6888 6959 6960
f 6888 6960 6889
f 6889 6960 6961
f 6889 6961 6890
f 6890 6961 6962
f 6890 6962 6891
f 6891 6962 6963
f 6891 6963 6892
f 6892 6963 6964
f 6892 6964 6893
f 6893 6964 6965
f 6893 6965 6894
f 6894 6965 6966
f 6894 6966 6895
f 6895 6966 6967
f 6895 6967 6896
f 6896 6967 6968
f 6896 6968 6897
f 6897 6968 6969
f 6897 6969 6898
f 6898 6969 6970
f 6898 6970 6899
f 6899 6970 6971
f 6899 6971 6900
f 6900 6971 6972
f 6900 6972 6901
f 6901 6972 6973
f 6901 6973 6902
f 6902 6973 6974
f 6902 6974 6903
f 6903 6974 6975
f 6903 6975 6904
f 6904 6975 6976
f 6904 6976 6905
f 6905 6976 6977
f 6905 6977 6906
f 6906 6977 6978
f 6906 6978 6907
f 6907 6978 6979
f 6907 6979 6908
f 6908 6979 6980
f 6908 6980 6909
f 6909 6980 6981
f 6909 6981 6910
f 6910 6981 6982
f 6910 6982 6911
f 6911 6982 6983
f 6911 6983 6912
f 6912 6983 6984
f 6912 6984 6841
f 6841 6984 6913
f 6985 2 1
f 6985 3 2
f 6985 4 3
f 6985 5 4
f 6985 6 5
f 6985 7 6
f 6985 8 7
f 6985 9 8
f 6985 10 9
f 6985 11 10
f 6985 12 11
f 6985 13 12
f 6985 14 13
f 6985 15 14
f 6985 16 15
f 6985 17 16
f 6985 18 17
f 6985 19 18
f 6985 20 19
f 6985 21 20
f 6985 22 21
f 6985 23 22
f 6985 24 23
f 6985 25 24
f 6985 26 25
f 6985 27 26
f 6985 28 27
f 6985 29 28
f 6985 30 29
f 6985 31 30
f 6985 32 31
f 6985 33 32
f 6985 34 33
f 6985 35 34
f 6985 36 35
f 6985 37 36
f 6985 38 37
f 6985 39 38
f 6985 40 39
f 6985 41 40
f 6985 42 41
f 6985 43 42
f 6985 44 43
f 6985 45 44
f 6985 46 45
f 6985 47 46
f 6985 48 47
f 6985 49 48
f 6985 50 49
f 6985 51 50
f 6985 52 51
f 6985 53 52
f 6985 54 53
f 6985 55 54
f 6985 56 55
f 6985 57 56
f 6985 58 57
f 6985 59 58
f 6985 60 59
f 6985 61 60
f 6985 62 61
f 6985 63 62
f 6985 64 63
f 6985 65 64
f 6985 66 65
f 6985 67 66
f 6985 68 67
f 6985 69 68
f 6985 70 69
f 6985 71 70
f 6985 72 71
f 6985 1 72
