# Generated by vasegen.py
v 22.177692 0.000000 0.000000
v 22.093300 1.932913 0.000000
v 21.840763 3.851116 0.000000
v 21.422006 5.740009 0.000000
v 20.840214 7.585218 0.000000
v 20.099815 9.372698 0.000000
v 19.206445 11.088846 0.000000
v 18.166902 12.720602 0.000000
v 16.989098 14.255546 0.000000
v 15.681997 15.681997 0.000000
v 14.255546 16.989098 0.000000
v 12.720602 18.166902 0.000000
v 11.088846 19.206445 0.000000
v 9.372698 20.099815 0.000000
v 7.585218 20.840214 0.000000
v 5.740009 21.422006 0.000000
v 3.851116 21.840763 0.000000
v 1.932913 22.093300 0.000000
v 0.000000 22.177692 0.000000
v -1.932913 22.093300 0.000000
v -3.851116 21.840763 0.000000
v -5.740009 21.422006 0.000000
v -7.585218 20.840214 0.000000
v -9.372698 20.099815 0.000000
v -11.088846 19.206445 0.000000
v -12.720602 18.166902 0.000000
v -14.255546 16.989098 0.000000
v -15.681997 15.681997 0.000000
v -16.989098 14.255546 0.000000
v -18.166902 12.720602 0.000000
v -19.206445 11.088846 0.000000
v -20.099815 9.372698 0.000000
v -20.840214 7.585218 0.000000
v -21.422006 5.740009 0.000000
v -21.840763 3.851116 0.000000
v -22.093300 1.932913 0.000000
v -22.177692 0.000000 0.000000
v -22.093300 -1.932913 0.000000
v -21.840763 -3.851116 0.000000
v -21.422006 -5.740009 0.000000
v -20.840214 -7.585218 0.000000
v -20.099815 -9.372698 0.000000
v -19.206445 -11.088846 0.000000
v -18.166902 -12.720602 0.000000
v -16.989098 -14.255546 0.000000
v -15.681997 -15.681997 0.000000
v -14.255546 -16.989098 0.000000
v -12.720602 -18.166902 0.000000
v -11.088846 -19.206445 0.000000
v -9.372698 -20.099815 0.000000
v -7.585218 -20.840214 0.000000
v -5.740009 -21.422006 0.000000
v -3.851116 -21.840763 0.000000
v -1.932913 -22.093300 0.000000
v -0.000000 -22.177692 0.000000
v 1.932913 -22.093300 0.000000
v 3.851116 -21.840763 0.000000
v 5.740009 -21.422006 0.000000
v 7.585218 -20.840214 0.000000
v 9.372698 -20.099815 0.000000
v 11.088846 -19.206445 0.000000
v 12.720602 -18.166902 0.000000
v 14.255546 -16.989098 0.000000
v 15.681997 -15.681997 0.000000
v 16.989098 -14.255546 0.000000
v 18.166902 -12.720602 0.000000
v 19.206445 -11.088846 0.000000
v 20.099815 -9.372698 0.000000
v 20.840214 -7.585218 0.000000
v 21.422006 -5.740009 0.000000
v 21.840763 -3.851116 0.000000
v 22.093300 -1.932913 0.000000
v 22.208170 0.000000 1.875000
v 22.123661 1.935570 1.875000
v 21.870778 3.856408 1.875000
v 21.451445 5.747897 1.875000
v 20.868854 7.595642 1.875000
v 20.127438 9.385578 1.875000
v 19.232839 11.104085 1.875000
v 18.191868 12.738083 1.875000
v 17.012445 14.275137 1.875000
v 15.703548 15.703548 1.875000
v 14.275137 17.012445 1.875000
v 12.738083 18.191868 1.875000
v 11.104085 19.232839 1.875000
v 9.385578 20.127438 1.875000
v 7.595642 20.868854 1.875000
v 5.747897 21.451445 1.875000
v 3.856408 21.870778 1.875000
v 1.935570 22.123661 1.875000
v 0.000000 22.208170 1.875000
v -1.935570 22.123661 1.875000
v -3.856408 21.870778 1.875000
v -5.747897 21.451445 1.875000
v -7.595642 20.868854 1.875000
v -9.385578 20.127438 1.875000
v -11.104085 19.232839 1.875000
v -12.738083 18.191868 1.875000
v -14.275137 17.012445 1.875000
v -15.703548 15.703548 1.875000
v -17.012445 14.275137 1.875000
v -18.191868 12.738083 1.875000
v -19.232839 11.104085 1.875000
v -20.127438 9.385578 1.875000
v -20.868854 7.595642 1.875000
v -21.451445 5.747897 1.875000
v -21.870778 3.856408 1.875000
v -22.123661 1.935570 1.875000
v -22.208170 0.000000 1.875000
v -22.123661 -1.935570 1.875000
v -21.870778 -3.856408 1.875000
v -21.451445 -5.747897 1.875000
v -20.868854 -7.595642 1.875000
v -20.127438 -9.385578 1.875000
v -19.232839 -11.104085 1.875000
v -18.191868 -12.738083 1.875000
v -17.012445 -14.275137 1.875000
v -15.703548 -15.703548 1.875000
v -14.275137 -17.012445 1.875000
v -12.738083 -18.191868 1.875000
v -11.104085 -19.232839 1.875000
v -9.385578 -20.127438 1.875000
v -7.595642 -20.868854 1.875000
v -5.747897 -21.451445 1.875000
v -3.856408 -21.870778 1.875000
v -1.935570 -22.123661 1.875000
v -0.000000 -22.208170 1.875000
v 1.935570 -22.123661 1.875000
v 3.856408 -21.870778 1.875000
v 5.747897 -21.451445 1.875000
v 7.595642 -20.868854 1.875000
v 9.385578 -20.127438 1.875000
v 11.104085 -19.232839 1.875000
v 12.738083 -18.191868 1.875000
v 14.275137 -17.012445 1.875000
v 15.703548 -15.703548 1.875000
v 17.012445 -14.275137 1.875000
v 18.191868 -12.738083 1.875000
v 19.232839 -11.104085 1.875000
v 20.127438 -9.385578 1.875000
v 20.868854 -7.595642 1.875000
v 21.451445 -5.747897 1.875000
v 21.870778 -3.856408 1.875000
v 22.123661 -1.935570 1.875000
v 22.240850 0.000000 3.750000
v 22.156217 1.938418 3.750000
v 21.902961 3.862083 3.750000
v 21.483011 5.756356 3.750000
v 20.899562 7.606819 3.750000
v 20.157055 9.399389 3.750000
v 19.261141 11.120425 3.750000
v 18.218638 12.756827 3.750000
v 17.037479 14.296143 3.750000
v 15.726656 15.726656 3.750000
v 14.296143 17.037479 3.750000
v 12.756827 18.218638 3.750000
v 11.120425 19.261141 3.750000
v 9.399389 20.157055 3.750000
v 7.606819 20.899562 3.750000
v 5.756356 21.483011 3.750000
v 3.862083 21.902961 3.750000
v 1.938418 22.156217 3.750000
v 0.000000 22.240850 3.750000
v -1.938418 22.156217 3.750000
v -3.862083 21.902961 3.750000
v -5.756356 21.483011 3.750000
v -7.606819 20.899562 3.750000
v -9.399389 20.157055 3.750000
v -11.120425 19.261141 3.750000
v -12.756827 18.218638 3.750000
v -14.296143 17.037479 3.750000
v -15.726656 15.726656 3.750000
v -17.037479 14.296143 3.750000
v -18.218638 12.756827 3.750000
v -19.261141 11.120425 3.750000
v -20.157055 9.399389 3.750000
v -20.899562 7.606819 3.750000
v -21.483011 5.756356 3.750000
v -21.902961 3.862083 3.750000
v -22.156217 1.938418 3.750000
v -22.240850 0.000000 3.750000
v -22.156217 -1.938418 3.750000
v -21.902961 -3.862083 3.750000
v -21.483011 -5.756356 3.750000
v -20.899562 -7.606819 3.750000
v -20.157055 -9.399389 3.750000
v -19.261141 -11.120425 3.750000
v -18.218638 -12.756827 3.750000
v -17.037479 -14.296143 3.750000
v -15.726656 -15.726656 3.750000
v -14.296143 -17.037479 3.750000
v -12.756827 -18.218638 3.750000
v -11.120425 -19.261141 3.750000
v -9.399389 -20.157055 3.750000
v -7.606819 -20.899562 3.750000
v -5.756356 -21.483011 3.750000
v -3.862083 -21.902961 3.750000
v -1.938418 -22.156217 3.750000
v -0.000000 -22.240850 3.750000
v 1.938418 -22.156217 3.750000
v 3.862083 -21.902961 3.750000
v 5.756356 -21.483011 3.750000
v 7.606819 -20.899562 3.750000
v 9.399389 -20.157055 3.750000
v 11.120425 -19.261141 3.750000
v 12.756827 -18.218638 3.750000
v 14.296143 -17.037479 3.750000
v 15.726656 -15.726656 3.750000
v 17.037479 -14.296143 3.750000
v 18.218638 -12.756827 3.750000
v 19.261141 -11.120425 3.750000
v 20.157055 -9.399389 3.750000
v 20.899562 -7.606819 3.750000
v 21.483011 -5.756356 3.750000
v 21.902961 -3.862083 3.750000
v 22.156217 -1.938418 3.750000
v 22.276316 0.000000 5.625000
v 22.191548 1.941509 5.625000
v 21.937888 3.868242 5.625000
v 21.517269 5.765535 5.625000
v 20.932889 7.618949 5.625000
v 20.189198 9.414378 5.625000
v 19.291855 11.138158 5.625000
v 18.247690 12.777170 5.625000
v 17.064648 14.318940 5.625000
v 15.751734 15.751734 5.625000
v 14.318940 17.064648 5.625000
v 12.777170 18.247690 5.625000
v 11.138158 19.291855 5.625000
v 9.414378 20.189198 5.625000
v 7.618949 20.932889 5.625000
v 5.765535 21.517269 5.625000
v 3.868242 21.937888 5.625000
v 1.941509 22.191548 5.625000
v 0.000000 22.276316 5.625000
v -1.941509 22.191548 5.625000
v -3.868242 21.937888 5.625000
v -5.765535 21.517269 5.625000
v -7.618949 20.932889 5.625000
v -9.414378 20.189198 5.625000
v -11.138158 19.291855 5.625000
v -12.777170 18.247690 5.625000
v -14.318940 17.064648 5.625000
v -15.751734 15.751734 5.625000
v -17.064648 14.318940 5.625000
v -18.247690 12.777170 5.625000
v -19.291855 11.138158 5.625000
v -20.189198 9.414378 5.625000
v -20.932889 7.618949 5.625000
v -21.517269 5.765535 5.625000
v -21.937888 3.868242 5.625000
v -22.191548 1.941509 5.625000
v -22.276316 0.000000 5.625000
v -22.191548 -1.941509 5.625000
v -21.937888 -3.868242 5.625000
v -21.517269 -5.765535 5.625000
v -20.932889 -7.618949 5.625000
v -20.189198 -9.414378 5.625000
v -19.291855 -11.138158 5.625000
v -18.247690 -12.777170 5.625000
v -17.064648 -14.318940 5.625000
v -15.751734 -15.751734 5.625000
v -14.318940 -17.064648 5.625000
v -12.777170 -18.247690 5.625000
v -11.138158 -19.291855 5.625000
v -9.414378 -20.189198 5.625000
v -7.618949 -20.932889 5.625000
v -5.765535 -21.517269 5.625000
v -3.868242 -21.937888 5.625000
v -1.941509 -22.191548 5.625000
v -0.000000 -22.276316 5.625000
v 1.941509 -22.191548 5.625000
v 3.868242 -21.937888 5.625000
v 5.765535 -21.517269 5.625000
v 7.618949 -20.932889 5.625000
v 9.414378 -20.189198 5.625000
v 11.138158 -19.291855 5.625000
v 12.777170 -18.247690 5.625000
v 14.318940 -17.064648 5.625000
v 15.751734 -15.751734 5.625000
v 17.064648 -14.318940 5.625000
v 18.247690 -12.777170 5.625000
v 19.291855 -11.138158 5.625000
v 20.189198 -9.414378 5.625000
v 20.932889 -7.618949 5.625000
v 21.517269 -5.765535 5.625000
v 21.937888 -3.868242 5.625000
v 22.191548 -1.941509 5.625000
v 22.315179 0.000000 7.500000
v 22.230263 1.944896 7.500000
v 21.976161 3.874990 7.500000
v 21.554807 5.775593 7.500000
v 20.969409 7.632241 7.500000
v 20.224420 9.430802 7.500000
v 19.325512 11.157589 7.500000
v 18.279524 12.799461 7.500000
v 17.094419 14.343920 7.500000
v 15.779214 15.779214 7.500000
v 14.343920 17.094419 7.500000
v 12.799461 18.279524 7.500000
v 11.157589 19.325512 7.500000
v 9.430802 20.224420 7.500000
v 7.632241 20.969409 7.500000
v 5.775593 21.554807 7.500000
v 3.874990 21.976161 7.500000
v 1.944896 22.230263 7.500000
v 0.000000 22.315179 7.500000
v -1.944896 22.230263 7.500000
v -3.874990 21.976161 7.500000
v -5.775593 21.554807 7.500000
v -7.632241 20.969409 7.500000
v -9.430802 20.224420 7.500000
v -11.157589 19.325512 7.500000
v -12.799461 18.279524 7.500000
v -14.343920 17.094419 7.500000
v -15.779214 15.779214 7.500000
v -17.094419 14.343920 7.500000
v -18.279524 12.799461 7.500000
v -19.325512 11.157589 7.500000
v -20.224420 9.430802 7.500000
v -20.969409 7.632241 7.500000
v -21.554807 5.775593 7.500000
v -21.976161 3.874990 7.500000
v -22.230263 1.944896 7.500000
v -22.315179 0.000000 7.500000
v -22.230263 -1.944896 7.500000
v -21.976161 -3.874990 7.500000
v -21.554807 -5.775593 7.500000
v -20.969409 -7.632241 7.500000
v -20.224420 -9.430802 7.500000
v -19.325512 -11.157589 7.500000
v -18.279524 -12.799461 7.500000
v -17.094419 -14.343920 7.500000
v -15.779214 -15.779214 7.500000
v -14.343920 -17.094419 7.500000
v -12.799461 -18.279524 7.500000
v -11.157589 -19.325512 7.500000
v -9.430802 -20.224420 7.500000
v -7.632241 -20.969409 7.500000
v -5.775593 -21.554807 7.500000
v -3.874990 -21.976161 7.500000
v -1.944896 -22.230263 7.500000
v -0.000000 -22.315179 7.500000
v 1.944896 -22.230263 7.500000
v 3.874990 -21.976161 7.500000
v 5.775593 -21.554807 7.500000
v 7.632241 -20.969409 7.500000
v 9.430802 -20.224420 7.500000
v 11.157589 -19.325512 7.500000
v 12.799461 -18.279524 7.500000
v 14.343920 -17.094419 7.500000
v 15.779214 -15.779214 7.500000
v 17.094419 -14.343920 7.500000
v 18.279524 -12.799461 7.500000
v 19.325512 -11.157589 7.500000
v 20.224420 -9.430802 7.500000
v 20.969409 -7.632241 7.500000
v 21.554807 -5.775593 7.500000
v 21.976161 -3.874990 7.500000
v 22.230263 -1.944896 7.500000
v 22.358071 0.000000 9.375000
v 22.272992 1.948634 9.375000
v 22.018402 3.882438 9.375000
v 21.596238 5.786695 9.375000
v 21.009715 7.646911 9.375000
v 20.263294 9.448929 9.375000
v 19.362658 11.179036 9.375000
v 18.314660 12.824063 9.375000
v 17.127276 14.371491 9.375000
v 15.809544 15.809544 9.375000
v 14.371491 17.127276 9.375000
v 12.824063 18.314660 9.375000
v 11.179036 19.362658 9.375000
v 9.448929 20.263294 9.375000
v 7.646911 21.009715 9.375000
v 5.786695 21.596238 9.375000
v 3.882438 22.018402 9.375000
v 1.948634 22.272992 9.375000
v 0.000000 22.358071 9.375000
v -1.948634 22.272992 9.375000
v -3.882438 22.018402 9.375000
v -5.786695 21.596238 9.375000
v -7.646911 21.009715 9.375000
v -9.448929 20.263294 9.375000
v -11.179036 19.362658 9.375000
v -12.824063 18.314660 9.375000
v -14.371491 17.127276 9.375000
v -15.809544 15.809544 9.375000
v -17.127276 14.371491 9.375000
v -18.314660 12.824063 9.375000
v -19.362658 11.179036 9.375000
v -20.263294 9.448929 9.375000
v -21.009715 7.646911 9.375000
v -21.596238 5.786695 9.375000
v -22.018402 3.882438 9.375000
v -22.272992 1.948634 9.375000
v -22.358071 0.000000 9.375000
v -22.272992 -1.948634 9.375000
v -22.018402 -3.882438 9.375000
v -21.596238 -5.786695 9.375000
v -21.009715 -7.646911 9.375000
v -20.263294 -9.448929 9.375000
v -19.362658 -11.179036 9.375000
v -18.314660 -12.824063 9.375000
v -17.127276 -14.371491 9.375000
v -15.809544 -15.809544 9.375000
v -14.371491 -17.127276 9.375000
v -12.824063 -18.314660 9.375000
v -11.179036 -19.362658 9.375000
v -9.448929 -20.263294 9.375000
v -7.646911 -21.009715 9.375000
v -5.786695 -21.596238 9.375000
v -3.882438 -22.018402 9.375000
v -1.948634 -22.272992 9.375000
v -0.000000 -22.358071 9.375000
v 1.948634 -22.272992 9.375000
v 3.882438 -22.018402 9.375000
v 5.786695 -21.596238 9.375000
v 7.646911 -21.009715 9.375000
v 9.448929 -20.263294 9.375000
v 11.179036 -19.362658 9.375000
v 12.824063 -18.314660 9.375000
v 14.371491 -17.127276 9.375000
v 15.809544 -15.809544 9.375000
v 17.127276 -14.371491 9.375000
v 18.314660 -12.824063 9.375000
v 19.362658 -11.179036 9.375000
v 20.263294 -9.448929 9.375000
v 21.009715 -7.646911 9.375000
v 21.596238 -5.786695 9.375000
v 22.018402 -3.882438 9.375000
v 22.272992 -1.948634 9.375000
v 22.405643 0.000000 11.250000
v 22.320382 1.952780 11.250000
v 22.065251 3.890699 11.250000
v 21.642189 5.799007 11.250000
v 21.054417 7.663181 11.250000
v 20.306408 9.469034 11.250000
v 19.403856 11.202821 11.250000
v 18.353628 12.851349 11.250000
v 17.163718 14.402070 11.250000
v 15.843182 15.843182 11.250000
v 14.402070 17.163718 11.250000
v 12.851349 18.353628 11.250000
v 11.202821 19.403856 11.250000
v 9.469034 20.306408 11.250000
v 7.663181 21.054417 11.250000
v 5.799007 21.642189 11.250000
v 3.890699 22.065251 11.250000
v 1.952780 22.320382 11.250000
v 0.000000 22.405643 11.250000
v -1.952780 22.320382 11.250000
v -3.890699 22.065251 11.250000
v -5.799007 21.642189 11.250000
v -7.663181 21.054417 11.250000
v -9.469034 20.306408 11.250000
v -11.202821 19.403856 11.250000
v -12.851349 18.353628 11.250000
v -14.402070 17.163718 11.250000
v -15.843182 15.843182 11.250000
v -17.163718 14.402070 11.250000
v -18.353628 12.851349 11.250000
v -19.403856 11.202821 11.250000
v -20.306408 9.469034 11.250000
v -21.054417 7.663181 11.250000
v -21.642189 5.799007 11.250000
v -22.065251 3.890699 11.250000
v -22.320382 1.952780 11.250000
v -22.405643 0.000000 11.250000
v -22.320382 -1.952780 11.250000
v -22.065251 -3.890699 11.250000
v -21.642189 -5.799007 11.250000
v -21.054417 -7.663181 11.250000
v -20.306408 -9.469034 11.250000
v -19.403856 -11.202821 11.250000
v -18.353628 -12.851349 11.250000
v -17.163718 -14.402070 11.250000
v -15.843182 -15.843182 11.250000
v -14.402070 -17.163718 11.250000
v -12.851349 -18.353628 11.250000
v -11.202821 -19.403856 11.250000
v -9.469034 -20.306408 11.250000
v -7.663181 -21.054417 11.250000
v -5.799007 -21.642189 11.250000
v -3.890699 -22.065251 11.250000
v -1.952780 -22.320382 11.250000
v -0.000000 -22.405643 11.250000
v 1.952780 -22.320382 11.250000
v 3.890699 -22.065251 11.250000
v 5.799007 -21.642189 11.250000
v 7.663181 -21.054417 11.250000
v 9.469034 -20.306408 11.250000
v 11.202821 -19.403856 11.250000
v 12.851349 -18.353628 11.250000
v 14.402070 -17.163718 11.250000
v 15.843182 -15.843182 11.250000
v 17.163718 -14.402070 11.250000
v 18.353628 -12.851349 11.250000
v 19.403856 -11.202821 11.250000
v 20.306408 -9.469034 11.250000
v 21.054417 -7.663181 11.250000
v 21.642189 -5.799007 11.250000
v 22.065251 -3.890699 11.250000
v 22.320382 -1.952780 11.250000
v 22.458551 0.000000 13.125000
v 22.373090 1.957392 13.125000
v 22.117356 3.899887 13.125000
v 21.693295 5.812701 13.125000
v 21.104135 7.681277 13.125000
v 20.354360 9.491394 13.125000
v 19.449676 11.229276 13.125000
v 18.396968 12.881696 13.125000
v 17.204248 14.436079 13.125000
v 15.880594 15.880594 13.125000
v 14.436079 17.204248 13.125000
v 12.881696 18.396968 13.125000
v 11.229276 19.449676 13.125000
v 9.491394 20.354360 13.125000
v 7.681277 21.104135 13.125000
v 5.812701 21.693295 13.125000
v 3.899887 22.117356 13.125000
v 1.957392 22.373090 13.125000
v 0.000000 22.458551 13.125000
v -1.957392 22.373090 13.125000
v -3.899887 22.117356 13.125000
v -5.812701 21.693295 13.125000
v -7.681277 21.104135 13.125000
v -9.491394 20.354360 13.125000
v -11.229276 19.449676 13.125000
v -12.881696 18.396968 13.125000
v -14.436079 17.204248 13.125000
v -15.880594 15.880594 13.125000
v -17.204248 14.436079 13.125000
v -18.396968 12.881696 13.125000
v -19.449676 11.229276 13.125000
v -20.354360 9.491394 13.125000
v -21.104135 7.681277 13.125000
v -21.693295 5.812701 13.125000
v -22.117356 3.899887 13.125000
v -22.373090 1.957392 13.125000
v -22.458551 0.000000 13.125000
v -22.373090 -1.957392 13.125000
v -22.117356 -3.899887 13.125000
v -21.693295 -5.812701 13.125000
v -21.104135 -7.681277 13.125000
v -20.354360 -9.491394 13.125000
v -19.449676 -11.229276 13.125000
v -18.396968 -12.881696 13.125000
v -17.204248 -14.436079 13.125000
v -15.880594 -15.880594 13.125000
v -14.436079 -17.204248 13.125000
v -12.881696 -18.396968 13.125000
v -11.229276 -19.449676 13.125000
v -9.491394 -20.354360 13.125000
v -7.681277 -21.104135 13.125000
v -5.812701 -21.693295 13.125000
v -3.899887 -22.117356 13.125000
v -1.957392 -22.373090 13.125000
v -0.000000 -22.458551 13.125000
v 1.957392 -22.373090 13.125000
v 3.899887 -22.117356 13.125000
v 5.812701 -21.693295 13.125000
v 7.681277 -21.104135 13.125000
v 9.491394 -20.354360 13.125000
v 11.229276 -19.449676 13.125000
v 12.881696 -18.396968 13.125000
v 14.436079 -17.204248 13.125000
v 15.880594 -15.880594 13.125000
v 17.204248 -14.436079 13.125000
v 18.396968 -12.881696 13.125000
v 19.449676 -11.229276 13.125000
v 20.354360 -9.491394 13.125000
v 21.104135 -7.681277 13.125000
v 21.693295 -5.812701 13.125000
v 22.117356 -3.899887 13.125000
v 22.373090 -1.957392 13.125000
v 22.517457 0.000000 15.000000
v 22.431771 1.962526 15.000000
v 22.175366 3.910115 15.000000
v 21.750193 5.827947 15.000000
v 21.159488 7.701424 15.000000
v 20.407746 9.516288 15.000000
v 19.500689 11.258728 15.000000
v 18.445221 12.915483 15.000000
v 17.249372 14.473942 15.000000
v 15.922246 15.922246 15.000000
v 14.473942 17.249372 15.000000
v 12.915483 18.445221 15.000000
v 11.258728 19.500689 15.000000
v 9.516288 20.407746 15.000000
v 7.701424 21.159488 15.000000
v 5.827947 21.750193 15.000000
v 3.910115 22.175366 15.000000
v 1.962526 22.431771 15.000000
v 0.000000 22.517457 15.000000
v -1.962526 22.431771 15.000000
v -3.910115 22.175366 15.000000
v -5.827947 21.750193 15.000000
v -7.701424 21.159488 15.000000
v -9.516288 20.407746 15.000000
v -11.258728 19.500689 15.000000
v -12.915483 18.445221 15.000000
v -14.473942 17.249372 15.000000
v -15.922246 15.922246 15.000000
v -17.249372 14.473942 15.000000
v -18.445221 12.915483 15.000000
v -19.500689 11.258728 15.000000
v -20.407746 9.516288 15.000000
v -21.159488 7.701424 15.000000
v -21.750193 5.827947 15.000000
v -22.175366 3.910115 15.000000
v -22.431771 1.962526 15.000000
v -22.517457 0.000000 15.000000
v -22.431771 -1.962526 15.000000
v -22.175366 -3.910115 15.000000
v -21.750193 -5.827947 15.000000
v -21.159488 -7.701424 15.000000
v -20.407746 -9.516288 15.000000
v -19.500689 -11.258728 15.000000
v -18.445221 -12.915483 15.000000
v -17.249372 -14.473942 15.000000
v -15.922246 -15.922246 15.000000
v -14.473942 -17.249372 15.000000
v -12.915483 -18.445221 15.000000
v -11.258728 -19.500689 15.000000
v -9.516288 -20.407746 15.000000
v -7.701424 -21.159488 15.000000
v -5.827947 -21.750193 15.000000
v -3.910115 -22.175366 15.000000
v -1.962526 -22.431771 15.000000
v -0.000000 -22.517457 15.000000
v 1.962526 -22.431771 15.000000
v 3.910115 -22.175366 15.000000
v 5.827947 -21.750193 15.000000
v 7.701424 -21.159488 15.000000
v 9.516288 -20.407746 15.000000
v 11.258728 -19.500689 15.000000
v 12.915483 -18.445221 15.000000
v 14.473942 -17.249372 15.000000
v 15.922246 -15.922246 15.000000
v 17.249372 -14.473942 15.000000
v 18.445221 -12.915483 15.000000
v 19.500689 -11.258728 15.000000
v 20.407746 -9.516288 15.000000
v 21.159488 -7.701424 15.000000
v 21.750193 -5.827947 15.000000
v 22.175366 -3.910115 15.000000
v 22.431771 -1.962526 15.000000
v 22.583009 0.000000 16.875000
v 22.497074 1.968239 16.875000
v 22.239922 3.921498 16.875000
v 21.813512 5.844913 16.875000
v 21.221087 7.723844 16.875000
v 20.467157 9.543992 16.875000
v 19.557459 11.291504 16.875000
v 18.498918 12.953082 16.875000
v 17.299588 14.516078 16.875000
v 15.968599 15.968599 16.875000
v 14.516078 17.299588 16.875000
v 12.953082 18.498918 16.875000
v 11.291504 19.557459 16.875000
v 9.543992 20.467157 16.875000
v 7.723844 21.221087 16.875000
v 5.844913 21.813512 16.875000
v 3.921498 22.239922 16.875000
v 1.968239 22.497074 16.875000
v 0.000000 22.583009 16.875000
v -1.968239 22.497074 16.875000
v -3.921498 22.239922 16.875000
v -5.844913 21.813512 16.875000
v -7.723844 21.221087 16.875000
v -9.543992 20.467157 16.875000
v -11.291504 19.557459 16.875000
v -12.953082 18.498918 16.875000
v -14.516078 17.299588 16.875000
v -15.968599 15.968599 16.875000
v -17.299588 14.516078 16.875000
v -18.498918 12.953082 16.875000
v -19.557459 11.291504 16.875000
v -20.467157 9.543992 16.875000
v -21.221087 7.723844 16.875000
v -21.813512 5.844913 16.875000
v -22.239922 3.921498 16.875000
v -22.497074 1.968239 16.875000
v -22.583009 0.000000 16.875000
v -22.497074 -1.968239 16.875000
v -22.239922 -3.921498 16.875000
v -21.813512 -5.844913 16.875000
v -21.221087 -7.723844 16.875000
v -20.467157 -9.543992 16.875000
v -19.557459 -11.291504 16.875000
v -18.498918 -12.953082 16.875000
v -17.299588 -14.516078 16.875000
v -15.968599 -15.968599 16.875000
v -14.516078 -17.299588 16.875000
v -12.953082 -18.498918 16.875000
v -11.291504 -19.557459 16.875000
v -9.543992 -20.467157 16.875000
v -7.723844 -21.221087 16.875000
v -5.844913 -21.813512 16.875000
v -3.921498 -22.239922 16.875000
v -1.968239 -22.497074 16.875000
v -0.000000 -22.583009 16.875000
v 1.968239 -22.497074 16.875000
v 3.921498 -22.239922 16.875000
v 5.844913 -21.813512 16.875000
v 7.723844 -21.221087 16.875000
v 9.543992 -20.467157 16.875000
v 11.291504 -19.557459 16.875000
v 12.953082 -18.498918 16.875000
v 14.516078 -17.299588 16.875000
v 15.968599 -15.968599 16.875000
v 17.299588 -14.516078 16.875000
v 18.498918 -12.953082 16.875000
v 19.557459 -11.291504 16.875000
v 20.467157 -9.543992 16.875000
v 21.221087 -7.723844 16.875000
v 21.813512 -5.844913 16.875000
v 22.239922 -3.921498 16.875000
v 22.497074 -1.968239 16.875000
v 22.655839 0.000000 18.750000
v 22.569627 1.974587 18.750000
v 22.311646 3.934145 18.750000
v 21.883860 5.863763 18.750000
v 21.289525 7.748753 18.750000
v 20.533164 9.574771 18.750000
v 19.620532 11.327920 18.750000
v 18.558577 12.994856 18.750000
v 17.355380 14.562893 18.750000
v 16.020098 16.020098 18.750000
v 14.562893 17.355380 18.750000
v 12.994856 18.558577 18.750000
v 11.327920 19.620532 18.750000
v 9.574771 20.533164 18.750000
v 7.748753 21.289525 18.750000
v 5.863763 21.883860 18.750000
v 3.934145 22.311646 18.750000
v 1.974587 22.569627 18.750000
v 0.000000 22.655839 18.750000
v -1.974587 22.569627 18.750000
v -3.934145 22.311646 18.750000
v -5.863763 21.883860 18.750000
v -7.748753 21.289525 18.750000
v -9.574771 20.533164 18.750000
v -11.327920 19.620532 18.750000
v -12.994856 18.558577 18.750000
v -14.562893 17.355380 18.750000
v -16.020098 16.020098 18.750000
v -17.355380 14.562893 18.750000
v -18.558577 12.994856 18.750000
v -19.620532 11.327920 18.750000
v -20.533164 9.574771 18.750000
v -21.289525 7.748753 18.750000
v -21.883860 5.863763 18.750000
v -22.311646 3.934145 18.750000
v -22.569627 1.974587 18.750000
v -22.655839 0.000000 18.750000
v -22.569627 -1.974587 18.750000
v -22.311646 -3.934145 18.750000
v -21.883860 -5.863763 18.750000
v -21.289525 -7.748753 18.750000
v -20.533164 -9.574771 18.750000
v -19.620532 -11.327920 18.750000
v -18.558577 -12.994856 18.750000
v -17.355380 -14.562893 18.750000
v -16.020098 -16.020098 18.750000
v -14.562893 -17.355380 18.750000
v -12.994856 -18.558577 18.750000
v -11.327920 -19.620532 18.750000
v -9.574771 -20.533164 18.750000
v -7.748753 -21.289525 18.750000
v -5.863763 -21.883860 18.750000
v -3.934145 -22.311646 18.750000
v -1.974587 -22.569627 18.750000
v -0.000000 -22.655839 18.750000
v 1.974587 -22.569627 18.750000
v 3.934145 -22.311646 18.750000
v 5.863763 -21.883860 18.750000
v 7.748753 -21.289525 18.750000
v 9.574771 -20.533164 18.750000
v 11.327920 -19.620532 18.750000
v 12.994856 -18.558577 18.750000
v 14.562893 -17.355380 18.750000
v 16.020098 -16.020098 18.750000
v 17.355380 -14.562893 18.750000
v 18.558577 -12.994856 18.750000
v 19.620532 -11.327920 18.750000
v 20.533164 -9.574771 18.750000
v 21.289525 -7.748753 18.750000
v 21.883860 -5.863763 18.750000
v 22.311646 -3.934145 18.750000
v 22.569627 -1.974587 18.750000
v 22.736547 0.000000 20.625000
v 22.650028 1.981621 20.625000
v 22.391128 3.948160 20.625000
v 21.961818 5.884651 20.625000
v 21.365366 7.776357 20.625000
v 20.606310 9.608880 20.625000
v 19.690428 11.368274 20.625000
v 18.624689 13.041148 20.625000
v 17.417206 14.614771 20.625000
v 16.077167 16.077167 20.625000
v 14.614771 17.417206 20.625000
v 13.041148 18.624689 20.625000
v 11.368274 19.690428 20.625000
v 9.608880 20.606310 20.625000
v 7.776357 21.365366 20.625000
v 5.884651 21.961818 20.625000
v 3.948160 22.391128 20.625000
v 1.981621 22.650028 20.625000
v 0.000000 22.736547 20.625000
v -1.981621 22.650028 20.625000
v -3.948160 22.391128 20.625000
v -5.884651 21.961818 20.625000
v -7.776357 21.365366 20.625000
v -9.608880 20.606310 20.625000
v -11.368274 19.690428 20.625000
v -13.041148 18.624689 20.625000
v -14.614771 17.417206 20.625000
v -16.077167 16.077167 20.625000
v -17.417206 14.614771 20.625000
v -18.624689 13.041148 20.625000
v -19.690428 11.368274 20.625000
v -20.606310 9.608880 20.625000
v -21.365366 7.776357 20.625000
v -21.961818 5.884651 20.625000
v -22.391128 3.948160 20.625000
v -22.650028 1.981621 20.625000
v -22.736547 0.000000 20.625000
v -22.650028 -1.981621 20.625000
v -22.391128 -3.948160 20.625000
v -21.961818 -5.884651 20.625000
v -21.365366 -7.776357 20.625000
v -20.606310 -9.608880 20.625000
v -19.690428 -11.368274 20.625000
v -18.624689 -13.041148 20.625000
v -17.417206 -14.614771 20.625000
v -16.077167 -16.077167 20.625000
v -14.614771 -17.417206 20.625000
v -13.041148 -18.624689 20.625000
v -11.368274 -19.690428 20.625000
v -9.608880 -20.606310 20.625000
v -7.776357 -21.365366 20.625000
v -5.884651 -21.961818 20.625000
v -3.948160 -22.391128 20.625000
v -1.981621 -22.650028 20.625000
v -0.000000 -22.736547 20.625000
v 1.981621 -22.650028 20.625000
v 3.948160 -22.391128 20.625000
v 5.884651 -21.961818 20.625000
v 7.776357 -21.365366 20.625000
v 9.608880 -20.606310 20.625000
v 11.368274 -19.690428 20.625000
v 13.041148 -18.624689 20.625000
v 14.614771 -17.417206 20.625000
v 16.077167 -16.077167 20.625000
v 17.417206 -14.614771 20.625000
v 18.624689 -13.041148 20.625000
v 19.690428 -11.368274 20.625000
v 20.606310 -9.608880 20.625000
v 21.365366 -7.776357 20.625000
v 21.961818 -5.884651 20.625000
v 22.391128 -3.948160 20.625000
v 22.650028 -1.981621 20.625000
v 22.825687 0.000000 22.500000
v 22.738829 1.989390 22.500000
v 22.478914 3.963639 22.500000
v 22.047921 5.907723 22.500000
v 21.449130 7.806845 22.500000
v 20.687098 9.646552 22.500000
v 19.767625 11.412844 22.500000
v 18.697709 13.092276 22.500000
v 17.485491 14.672069 22.500000
v 16.140198 16.140198 22.500000
v 14.672069 17.485491 22.500000
v 13.092276 18.697709 22.500000
v 11.412844 19.767625 22.500000
v 9.646552 20.687098 22.500000
v 7.806845 21.449130 22.500000
v 5.907723 22.047921 22.500000
v 3.963639 22.478914 22.500000
v 1.989390 22.738829 22.500000
v 0.000000 22.825687 22.500000
v -1.989390 22.738829 22.500000
v -3.963639 22.478914 22.500000
v -5.907723 22.047921 22.500000
v -7.806845 21.449130 22.500000
v -9.646552 20.687098 22.500000
v -11.412844 19.767625 22.500000
v -13.092276 18.697709 22.500000
v -14.672069 17.485491 22.500000
v -16.140198 16.140198 22.500000
v -17.485491 14.672069 22.500000
v -18.697709 13.092276 22.500000
v -19.767625 11.412844 22.500000
v -20.687098 9.646552 22.500000
v -21.449130 7.806845 22.500000
v -22.047921 5.907723 22.500000
v -22.478914 3.963639 22.500000
v -22.738829 1.989390 22.500000
v -22.825687 0.000000 22.500000
v -22.738829 -1.989390 22.500000
v -22.478914 -3.963639 22.500000
v -22.047921 -5.907723 22.500000
v -21.449130 -7.806845 22.500000
v -20.687098 -9.646552 22.500000
v -19.767625 -11.412844 22.500000
v -18.697709 -13.092276 22.500000
v -17.485491 -14.672069 22.500000
v -16.140198 -16.140198 22.500000
v -14.672069 -17.485491 22.500000
v -13.092276 -18.697709 22.500000
v -11.412844 -19.767625 22.500000
v -9.646552 -20.687098 22.500000
v -7.806845 -21.449130 22.500000
v -5.907723 -22.047921 22.500000
v -3.963639 -22.478914 22.500000
v -1.989390 -22.738829 22.500000
v -0.000000 -22.825687 22.500000
v 1.989390 -22.738829 22.500000
v 3.963639 -22.478914 22.500000
v 5.907723 -22.047921 22.500000
v 7.806845 -21.449130 22.500000
v 9.646552 -20.687098 22.500000
v 11.412844 -19.767625 22.500000
v 13.092276 -18.697709 22.500000
v 14.672069 -17.485491 22.500000
v 16.140198 -16.140198 22.500000
v 17.485491 -14.672069 22.500000
v 18.697709 -13.092276 22.500000
v 19.767625 -11.412844 22.500000
v 20.687098 -9.646552 22.500000
v 21.449130 -7.806845 22.500000
v 22.047921 -5.907723 22.500000
v 22.478914 -3.963639 22.500000
v 22.738829 -1.989390 22.500000
v 22.923755 0.000000 24.375000
v 22.836523 1.997937 24.375000
v 22.575492 3.980668 24.375000
v 22.142647 5.933104 24.375000
v 21.541284 7.840386 24.375000
v 20.775978 9.687998 24.375000
v 19.852554 11.461878 24.375000
v 18.778041 13.148526 24.375000
v 17.560615 14.735106 24.375000
v 16.209543 16.209543 24.375000
v 14.735106 17.560615 24.375000
v 13.148526 18.778041 24.375000
v 11.461878 19.852554 24.375000
v 9.687998 20.775978 24.375000
v 7.840386 21.541284 24.375000
v 5.933104 22.142647 24.375000
v 3.980668 22.575492 24.375000
v 1.997937 22.836523 24.375000
v 0.000000 22.923755 24.375000
v -1.997937 22.836523 24.375000
v -3.980668 22.575492 24.375000
v -5.933104 22.142647 24.375000
v -7.840386 21.541284 24.375000
v -9.687998 20.775978 24.375000
v -11.461878 19.852554 24.375000
v -13.148526 18.778041 24.375000
v -14.735106 17.560615 24.375000
v -16.209543 16.209543 24.375000
v -17.560615 14.735106 24.375000
v -18.778041 13.148526 24.375000
v -19.852554 11.461878 24.375000
v -20.775978 9.687998 24.375000
v -21.541284 7.840386 24.375000
v -22.142647 5.933104 24.375000
v -22.575492 3.980668 24.375000
v -22.836523 1.997937 24.375000
v -22.923755 0.000000 24.375000
v -22.836523 -1.997937 24.375000
v -22.575492 -3.980668 24.375000
v -22.142647 -5.933104 24.375000
v -21.541284 -7.840386 24.375000
v -20.775978 -9.687998 24.375000
v -19.852554 -11.461878 24.375000
v -18.778041 -13.148526 24.375000
v -17.560615 -14.735106 24.375000
v -16.209543 -16.209543 24.375000
v -14.735106 -17.560615 24.375000
v -13.148526 -18.778041 24.375000
v -11.461878 -19.852554 24.375000
v -9.687998 -20.775978 24.375000
v -7.840386 -21.541284 24.375000
v -5.933104 -22.142647 24.375000
v -3.980668 -22.575492 24.375000
v -1.997937 -22.836523 24.375000
v -0.000000 -22.923755 24.375000
v 1.997937 -22.836523 24.375000
v 3.980668 -22.575492 24.375000
v 5.933104 -22.142647 24.375000
v 7.840386 -21.541284 24.375000
v 9.687998 -20.775978 24.375000
v 11.461878 -19.852554 24.375000
v 13.148526 -18.778041 24.375000
v 14.735106 -17.560615 24.375000
v 16.209543 -16.209543 24.375000
v 17.560615 -14.735106 24.375000
v 18.778041 -13.148526 24.375000
v 19.852554 -11.461878 24.375000
v 20.775978 -9.687998 24.375000
v 21.541284 -7.840386 24.375000
v 22.142647 -5.933104 24.375000
v 22.575492 -3.980668 24.375000
v 22.836523 -1.997937 24.375000
v 23.031173 0.000000 26.250000
v 22.943532 2.007299 26.250000
v 22.681278 3.999321 26.250000
v 22.246405 5.960906 26.250000
v 21.642223 7.877125 26.250000
v 20.873331 9.733394 26.250000
v 19.945581 11.515586 26.250000
v 18.866032 13.210138 26.250000
v 17.642902 14.804153 26.250000
v 16.285499 16.285499 26.250000
v 14.804153 17.642902 26.250000
v 13.210138 18.866032 26.250000
v 11.515586 19.945581 26.250000
v 9.733394 20.873331 26.250000
v 7.877125 21.642223 26.250000
v 5.960906 22.246405 26.250000
v 3.999321 22.681278 26.250000
v 2.007299 22.943532 26.250000
v 0.000000 23.031173 26.250000
v -2.007299 22.943532 26.250000
v -3.999321 22.681278 26.250000
v -5.960906 22.246405 26.250000
v -7.877125 21.642223 26.250000
v -9.733394 20.873331 26.250000
v -11.515586 19.945581 26.250000
v -13.210138 18.866032 26.250000
v -14.804153 17.642902 26.250000
v -16.285499 16.285499 26.250000
v -17.642902 14.804153 26.250000
v -18.866032 13.210138 26.250000
v -19.945581 11.515586 26.250000
v -20.873331 9.733394 26.250000
v -21.642223 7.877125 26.250000
v -22.246405 5.960906 26.250000
v -22.681278 3.999321 26.250000
v -22.943532 2.007299 26.250000
v -23.031173 0.000000 26.250000
v -22.943532 -2.007299 26.250000
v -22.681278 -3.999321 26.250000
v -22.246405 -5.960906 26.250000
v -21.642223 -7.877125 26.250000
v -20.873331 -9.733394 26.250000
v -19.945581 -11.515586 26.250000
v -18.866032 -13.210138 26.250000
v -17.642902 -14.804153 26.250000
v -16.285499 -16.285499 26.250000
v -14.804153 -17.642902 26.250000
v -13.210138 -18.866032 26.250000
v -11.515586 -19.945581 26.250000
v -9.733394 -20.873331 26.250000
v -7.877125 -21.642223 26.250000
v -5.960906 -22.246405 26.250000
v -3.999321 -22.681278 26.250000
v -2.007299 -22.943532 26.250000
v -0.000000 -23.031173 26.250000
v 2.007299 -22.943532 26.250000
v 3.999321 -22.681278 26.250000
v 5.960906 -22.246405 26.250000
v 7.877125 -21.642223 26.250000
v 9.733394 -20.873331 26.250000
v 11.515586 -19.945581 26.250000
v 13.210138 -18.866032 26.250000
v 14.804153 -17.642902 26.250000
v 16.285499 -16.285499 26.250000
v 17.642902 -14.804153 26.250000
v 18.866032 -13.210138 26.250000
v 19.945581 -11.515586 26.250000
v 20.873331 -9.733394 26.250000
v 21.642223 -7.877125 26.250000
v 22.246405 -5.960906 26.250000
v 22.681278 -3.999321 26.250000
v 22.943532 -2.007299 26.250000
v 23.148273 0.000000 28.125000
v 23.060187 2.017505 28.125000
v 22.796599 4.019656 28.125000
v 22.359515 5.991214 28.125000
v 21.752262 7.917176 28.125000
v 20.979461 9.782883 28.125000
v 20.046993 11.574137 28.125000
v 18.961956 13.277304 28.125000
v 17.732606 14.879423 28.125000
v 16.368301 16.368301 28.125000
v 14.879423 17.732606 28.125000
v 13.277304 18.961956 28.125000
v 11.574137 20.046993 28.125000
v 9.782883 20.979461 28.125000
v 7.917176 21.752262 28.125000
v 5.991214 22.359515 28.125000
v 4.019656 22.796599 28.125000
v 2.017505 23.060187 28.125000
v 0.000000 23.148273 28.125000
v -2.017505 23.060187 28.125000
v -4.019656 22.796599 28.125000
v -5.991214 22.359515 28.125000
v -7.917176 21.752262 28.125000
v -9.782883 20.979461 28.125000
v -11.574137 20.046993 28.125000
v -13.277304 18.961956 28.125000
v -14.879423 17.732606 28.125000
v -16.368301 16.368301 28.125000
v -17.732606 14.879423 28.125000
v -18.961956 13.277304 28.125000
v -20.046993 11.574137 28.125000
v -20.979461 9.782883 28.125000
v -21.752262 7.917176 28.125000
v -22.359515 5.991214 28.125000
v -22.796599 4.019656 28.125000
v -23.060187 2.017505 28.125000
v -23.148273 0.000000 28.125000
v -23.060187 -2.017505 28.125000
v -22.796599 -4.019656 28.125000
v -22.359515 -5.991214 28.125000
v -21.752262 -7.917176 28.125000
v -20.979461 -9.782883 28.125000
v -20.046993 -11.574137 28.125000
v -18.961956 -13.277304 28.125000
v -17.732606 -14.879423 28.125000
v -16.368301 -16.368301 28.125000
v -14.879423 -17.732606 28.125000
v -13.277304 -18.961956 28.125000
v -11.574137 -20.046993 28.125000
v -9.782883 -20.979461 28.125000
v -7.917176 -21.752262 28.125000
v -5.991214 -22.359515 28.125000
v -4.019656 -22.796599 28.125000
v -2.017505 -23.060187 28.125000
v -0.000000 -23.148273 28.125000
v 2.017505 -23.060187 28.125000
v 4.019656 -22.796599 28.125000
v 5.991214 -22.359515 28.125000
v 7.917176 -21.752262 28.125000
v 9.782883 -20.979461 28.125000
v 11.574137 -20.046993 28.125000
v 13.277304 -18.961956 28.125000
v 14.879423 -17.732606 28.125000
v 16.368301 -16.368301 28.125000
v 17.732606 -14.879423 28.125000
v 18.961956 -13.277304 28.125000
v 20.046993 -11.574137 28.125000
v 20.979461 -9.782883 28.125000
v 21.752262 -7.917176 28.125000
v 22.359515 -5.991214 28.125000
v 22.796599 -4.019656 28.125000
v 23.060187 -2.017505 28.125000
v 23.275286 0.000000 30.000000
v 23.186717 2.028575 30.000000
v 22.921682 4.041711 30.000000
v 22.482200 6.024087 30.000000
v 21.871615 7.960617 30.000000
v 21.094573 9.836561 30.000000
v 20.156989 11.637643 30.000000
v 19.065998 13.350156 30.000000
v 17.829904 14.961065 30.000000
v 16.458113 16.458113 30.000000
v 14.961065 17.829904 30.000000
v 13.350156 19.065998 30.000000
v 11.637643 20.156989 30.000000
v 9.836561 21.094573 30.000000
v 7.960617 21.871615 30.000000
v 6.024087 22.482200 30.000000
v 4.041711 22.921682 30.000000
v 2.028575 23.186717 30.000000
v 0.000000 23.275286 30.000000
v -2.028575 23.186717 30.000000
v -4.041711 22.921682 30.000000
v -6.024087 22.482200 30.000000
v -7.960617 21.871615 30.000000
v -9.836561 21.094573 30.000000
v -11.637643 20.156989 30.000000
v -13.350156 19.065998 30.000000
v -14.961065 17.829904 30.000000
v -16.458113 16.458113 30.000000
v -17.829904 14.961065 30.000000
v -19.065998 13.350156 30.000000
v -20.156989 11.637643 30.000000
v -21.094573 9.836561 30.000000
v -21.871615 7.960617 30.000000
v -22.482200 6.024087 30.000000
v -22.921682 4.041711 30.000000
v -23.186717 2.028575 30.000000
v -23.275286 0.000000 30.000000
v -23.186717 -2.028575 30.000000
v -22.921682 -4.041711 30.000000
v -22.482200 -6.024087 30.000000
v -21.871615 -7.960617 30.000000
v -21.094573 -9.836561 30.000000
v -20.156989 -11.637643 30.000000
v -19.065998 -13.350156 30.000000
v -17.829904 -14.961065 30.000000
v -16.458113 -16.458113 30.000000
v -14.961065 -17.829904 30.000000
v -13.350156 -19.065998 30.000000
v -11.637643 -20.156989 30.000000
v -9.836561 -21.094573 30.000000
v -7.960617 -21.871615 30.000000
v -6.024087 -22.482200 30.000000
v -4.041711 -22.921682 30.000000
v -2.028575 -23.186717 30.000000
v -0.000000 -23.275286 30.000000
v 2.028575 -23.186717 30.000000
v 4.041711 -22.921682 30.000000
v 6.024087 -22.482200 30.000000
v 7.960617 -21.871615 30.000000
v 9.836561 -21.094573 30.000000
v 11.637643 -20.156989 30.000000
v 13.350156 -19.065998 30.000000
v 14.961065 -17.829904 30.000000
v 16.458113 -16.458113 30.000000
v 17.829904 -14.961065 30.000000
v 19.065998 -13.350156 30.000000
v 20.156989 -11.637643 30.000000
v 21.094573 -9.836561 30.000000
v 21.871615 -7.960617 30.000000
v 22.482200 -6.024087 30.000000
v 22.921682 -4.041711 30.000000
v 23.186717 -2.028575 30.000000
v 23.412320 0.000000 31.875000
v 23.323230 2.040518 31.875000
v 23.056635 4.065507 31.875000
v 22.614565 6.059554 31.875000
v 22.000385 8.007485 31.875000
v 21.218768 9.894474 31.875000
v 20.275664 11.706160 31.875000
v 19.178250 13.428755 31.875000
v 17.934878 15.049150 31.875000
v 16.555011 16.555011 31.875000
v 15.049150 17.934878 31.875000
v 13.428755 19.178250 31.875000
v 11.706160 20.275664 31.875000
v 9.894474 21.218768 31.875000
v 8.007485 22.000385 31.875000
v 6.059554 22.614565 31.875000
v 4.065507 23.056635 31.875000
v 2.040518 23.323230 31.875000
v 0.000000 23.412320 31.875000
v -2.040518 23.323230 31.875000
v -4.065507 23.056635 31.875000
v -6.059554 22.614565 31.875000
v -8.007485 22.000385 31.875000
v -9.894474 21.218768 31.875000
v -11.706160 20.275664 31.875000
v -13.428755 19.178250 31.875000
v -15.049150 17.934878 31.875000
v -16.555011 16.555011 31.875000
v -17.934878 15.049150 31.875000
v -19.178250 13.428755 31.875000
v -20.275664 11.706160 31.875000
v -21.218768 9.894474 31.875000
v -22.000385 8.007485 31.875000
v -22.614565 6.059554 31.875000
v -23.056635 4.065507 31.875000
v -23.323230 2.040518 31.875000
v -23.412320 0.000000 31.875000
v -23.323230 -2.040518 31.875000
v -23.056635 -4.065507 31.875000
v -22.614565 -6.059554 31.875000
v -22.000385 -8.007485 31.875000
v -21.218768 -9.894474 31.875000
v -20.275664 -11.706160 31.875000
v -19.178250 -13.428755 31.875000
v -17.934878 -15.049150 31.875000
v -16.555011 -16.555011 31.875000
v -15.049150 -17.934878 31.875000
v -13.428755 -19.178250 31.875000
v -11.706160 -20.275664 31.875000
v -9.894474 -21.218768 31.875000
v -8.007485 -22.000385 31.875000
v -6.059554 -22.614565 31.875000
v -4.065507 -23.056635 31.875000
v -2.040518 -23.323230 31.875000
v -0.000000 -23.412320 31.875000
v 2.040518 -23.323230 31.875000
v 4.065507 -23.056635 31.875000
v 6.059554 -22.614565 31.875000
v 8.007485 -22.000385 31.875000
v 9.894474 -21.218768 31.875000
v 11.706160 -20.275664 31.875000
v 13.428755 -19.178250 31.875000
v 15.049150 -17.934878 31.875000
v 16.555011 -16.555011 31.875000
v 17.934878 -15.049150 31.875000
v 19.178250 -13.428755 31.875000
v 20.275664 -11.706160 31.875000
v 21.218768 -9.894474 31.875000
v 22.000385 -8.007485 31.875000
v 22.614565 -6.059554 31.875000
v 23.056635 -4.065507 31.875000
v 23.323230 -2.040518 31.875000
v 23.559353 0.000000 33.750000
v 23.469702 2.053333 33.750000
v 23.201433 4.091039 33.750000
v 22.756587 6.097609 33.750000
v 22.138550 8.057773 33.750000
v 21.352025 9.956613 33.750000
v 20.402998 11.779676 33.750000
v 19.298692 13.513090 33.750000
v 18.047511 15.143660 33.750000
v 16.658978 16.658978 33.750000
v 15.143660 18.047511 33.750000
v 13.513090 19.298692 33.750000
v 11.779676 20.402998 33.750000
v 9.956613 21.352025 33.750000
v 8.057773 22.138550 33.750000
v 6.097609 22.756587 33.750000
v 4.091039 23.201433 33.750000
v 2.053333 23.469702 33.750000
v 0.000000 23.559353 33.750000
v -2.053333 23.469702 33.750000
v -4.091039 23.201433 33.750000
v -6.097609 22.756587 33.750000
v -8.057773 22.138550 33.750000
v -9.956613 21.352025 33.750000
v -11.779676 20.402998 33.750000
v -13.513090 19.298692 33.750000
v -15.143660 18.047511 33.750000
v -16.658978 16.658978 33.750000
v -18.047511 15.143660 33.750000
v -19.298692 13.513090 33.750000
v -20.402998 11.779676 33.750000
v -21.352025 9.956613 33.750000
v -22.138550 8.057773 33.750000
v -22.756587 6.097609 33.750000
v -23.201433 4.091039 33.750000
v -23.469702 2.053333 33.750000
v -23.559353 0.000000 33.750000
v -23.469702 -2.053333 33.750000
v -23.201433 -4.091039 33.750000
v -22.756587 -6.097609 33.750000
v -22.138550 -8.057773 33.750000
v -21.352025 -9.956613 33.750000
v -20.402998 -11.779676 33.750000
v -19.298692 -13.513090 33.750000
v -18.047511 -15.143660 33.750000
v -16.658978 -16.658978 33.750000
v -15.143660 -18.047511 33.750000
v -13.513090 -19.298692 33.750000
v -11.779676 -20.402998 33.750000
v -9.956613 -21.352025 33.750000
v -8.057773 -22.138550 33.750000
v -6.097609 -22.756587 33.750000
v -4.091039 -23.201433 33.750000
v -2.053333 -23.469702 33.750000
v -0.000000 -23.559353 33.750000
v 2.053333 -23.469702 33.750000
v 4.091039 -23.201433 33.750000
v 6.097609 -22.756587 33.750000
v 8.057773 -22.138550 33.750000
v 9.956613 -21.352025 33.750000
v 11.779676 -20.402998 33.750000
v 13.513090 -19.298692 33.750000
v 15.143660 -18.047511 33.750000
v 16.658978 -16.658978 33.750000
v 18.047511 -15.143660 33.750000
v 19.298692 -13.513090 33.750000
v 20.402998 -11.779676 33.750000
v 21.352025 -9.956613 33.750000
v 22.138550 -8.057773 33.750000
v 22.756587 -6.097609 33.750000
v 23.201433 -4.091039 33.750000
v 23.469702 -2.053333 33.750000
v 23.716212 0.000000 35.625000
v 23.625965 2.067004 35.625000
v 23.355910 4.118277 35.625000
v 22.908102 6.138207 35.625000
v 22.285950 8.111422 35.625000
v 21.494188 10.022904 35.625000
v 20.538842 11.858106 35.625000
v 19.427184 13.603061 35.625000
v 18.167673 15.244487 35.625000
v 16.769895 16.769895 35.625000
v 15.244487 18.167673 35.625000
v 13.603061 19.427184 35.625000
v 11.858106 20.538842 35.625000
v 10.022904 21.494188 35.625000
v 8.111422 22.285950 35.625000
v 6.138207 22.908102 35.625000
v 4.118277 23.355910 35.625000
v 2.067004 23.625965 35.625000
v 0.000000 23.716212 35.625000
v -2.067004 23.625965 35.625000
v -4.118277 23.355910 35.625000
v -6.138207 22.908102 35.625000
v -8.111422 22.285950 35.625000
v -10.022904 21.494188 35.625000
v -11.858106 20.538842 35.625000
v -13.603061 19.427184 35.625000
v -15.244487 18.167673 35.625000
v -16.769895 16.769895 35.625000
v -18.167673 15.244487 35.625000
v -19.427184 13.603061 35.625000
v -20.538842 11.858106 35.625000
v -21.494188 10.022904 35.625000
v -22.285950 8.111422 35.625000
v -22.908102 6.138207 35.625000
v -23.355910 4.118277 35.625000
v -23.625965 2.067004 35.625000
v -23.716212 0.000000 35.625000
v -23.625965 -2.067004 35.625000
v -23.355910 -4.118277 35.625000
v -22.908102 -6.138207 35.625000
v -22.285950 -8.111422 35.625000
v -21.494188 -10.022904 35.625000
v -20.538842 -11.858106 35.625000
v -19.427184 -13.603061 35.625000
v -18.167673 -15.244487 35.625000
v -16.769895 -16.769895 35.625000
v -15.244487 -18.167673 35.625000
v -13.603061 -19.427184 35.625000
v -11.858106 -20.538842 35.625000
v -10.022904 -21.494188 35.625000
v -8.111422 -22.285950 35.625000
v -6.138207 -22.908102 35.625000
v -4.118277 -23.355910 35.625000
v -2.067004 -23.625965 35.625000
v -0.000000 -23.716212 35.625000
v 2.067004 -23.625965 35.625000
v 4.118277 -23.355910 35.625000
v 6.138207 -22.908102 35.625000
v 8.111422 -22.285950 35.625000
v 10.022904 -21.494188 35.625000
v 11.858106 -20.538842 35.625000
v 13.603061 -19.427184 35.625000
v 15.244487 -18.167673 35.625000
v 16.769895 -16.769895 35.625000
v 18.167673 -15.244487 35.625000
v 19.427184 -13.603061 35.625000
v 20.538842 -11.858106 35.625000
v 21.494188 -10.022904 35.625000
v 22.285950 -8.111422 35.625000
v 22.908102 -6.138207 35.625000
v 23.355910 -4.118277 35.625000
v 23.625965 -2.067004 35.625000
v 23.882569 0.000000 37.500000
v 23.791688 2.081503 37.500000
v 23.519739 4.147165 37.500000
v 23.068790 6.181264 37.500000
v 22.442274 8.168320 37.500000
v 21.644958 10.093210 37.500000
v 20.682911 11.941284 37.500000
v 19.563455 13.698479 37.500000
v 18.295109 15.351419 37.500000
v 16.887526 16.887526 37.500000
v 15.351419 18.295109 37.500000
v 13.698479 19.563455 37.500000
v 11.941284 20.682911 37.500000
v 10.093210 21.644958 37.500000
v 8.168320 22.442274 37.500000
v 6.181264 23.068790 37.500000
v 4.147165 23.519739 37.500000
v 2.081503 23.791688 37.500000
v 0.000000 23.882569 37.500000
v -2.081503 23.791688 37.500000
v -4.147165 23.519739 37.500000
v -6.181264 23.068790 37.500000
v -8.168320 22.442274 37.500000
v -10.093210 21.644958 37.500000
v -11.941284 20.682911 37.500000
v -13.698479 19.563455 37.500000
v -15.351419 18.295109 37.500000
v -16.887526 16.887526 37.500000
v -18.295109 15.351419 37.500000
v -19.563455 13.698479 37.500000
v -20.682911 11.941284 37.500000
v -21.644958 10.093210 37.500000
v -22.442274 8.168320 37.500000
v -23.068790 6.181264 37.500000
v -23.519739 4.147165 37.500000
v -23.791688 2.081503 37.500000
v -23.882569 0.000000 37.500000
v -23.791688 -2.081503 37.500000
v -23.519739 -4.147165 37.500000
v -23.068790 -6.181264 37.500000
v -22.442274 -8.168320 37.500000
v -21.644958 -10.093210 37.500000
v -20.682911 -11.941284 37.500000
v -19.563455 -13.698479 37.500000
v -18.295109 -15.351419 37.500000
v -16.887526 -16.887526 37.500000
v -15.351419 -18.295109 37.500000
v -13.698479 -19.563455 37.500000
v -11.941284 -20.682911 37.500000
v -10.093210 -21.644958 37.500000
v -8.168320 -22.442274 37.500000
v -6.181264 -23.068790 37.500000
v -4.147165 -23.519739 37.500000
v -2.081503 -23.791688 37.500000
v -0.000000 -23.882569 37.500000
v 2.081503 -23.791688 37.500000
v 4.147165 -23.519739 37.500000
v 6.181264 -23.068790 37.500000
v 8.168320 -22.442274 37.500000
v 10.093210 -21.644958 37.500000
v 11.941284 -20.682911 37.500000
v 13.698479 -19.563455 37.500000
v 15.351419 -18.295109 37.500000
v 16.887526 -16.887526 37.500000
v 18.295109 -15.351419 37.500000
v 19.563455 -13.698479 37.500000
v 20.682911 -11.941284 37.500000
v 21.644958 -10.093210 37.500000
v 22.442274 -8.168320 37.500000
v 23.068790 -6.181264 37.500000
v 23.519739 -4.147165 37.500000
v 23.791688 -2.081503 37.500000
v 24.057923 0.000000 39.375000
v 23.966375 2.096786 39.375000
v 23.692429 4.177615 39.375000
v 23.238169 6.226649 39.375000
v 22.607053 8.228294 39.375000
v 21.803883 10.167318 39.375000
v 20.834773 12.028962 39.375000
v 19.707097 13.799058 39.375000
v 18.429438 15.464135 39.375000
v 17.011521 17.011521 39.375000
v 15.464135 18.429438 39.375000
v 13.799058 19.707097 39.375000
v 12.028962 20.834773 39.375000
v 10.167318 21.803883 39.375000
v 8.228294 22.607053 39.375000
v 6.226649 23.238169 39.375000
v 4.177615 23.692429 39.375000
v 2.096786 23.966375 39.375000
v 0.000000 24.057923 39.375000
v -2.096786 23.966375 39.375000
v -4.177615 23.692429 39.375000
v -6.226649 23.238169 39.375000
v -8.228294 22.607053 39.375000
v -10.167318 21.803883 39.375000
v -12.028962 20.834773 39.375000
v -13.799058 19.707097 39.375000
v -15.464135 18.429438 39.375000
v -17.011521 17.011521 39.375000
v -18.429438 15.464135 39.375000
v -19.707097 13.799058 39.375000
v -20.834773 12.028962 39.375000
v -21.803883 10.167318 39.375000
v -22.607053 8.228294 39.375000
v -23.238169 6.226649 39.375000
v -23.692429 4.177615 39.375000
v -23.966375 2.096786 39.375000
v -24.057923 0.000000 39.375000
v -23.966375 -2.096786 39.375000
v -23.692429 -4.177615 39.375000
v -23.238169 -6.226649 39.375000
v -22.607053 -8.228294 39.375000
v -21.803883 -10.167318 39.375000
v -20.834773 -12.028962 39.375000
v -19.707097 -13.799058 39.375000
v -18.429438 -15.464135 39.375000
v -17.011521 -17.011521 39.375000
v -15.464135 -18.429438 39.375000
v -13.799058 -19.707097 39.375000
v -12.028962 -20.834773 39.375000
v -10.167318 -21.803883 39.375000
v -8.228294 -22.607053 39.375000
v -6.226649 -23.238169 39.375000
v -4.177615 -23.692429 39.375000
v -2.096786 -23.966375 39.375000
v -0.000000 -24.057923 39.375000
v 2.096786 -23.966375 39.375000
v 4.177615 -23.692429 39.375000
v 6.226649 -23.238169 39.375000
v 8.228294 -22.607053 39.375000
v 10.167318 -21.803883 39.375000
v 12.028962 -20.834773 39.375000
v 13.799058 -19.707097 39.375000
v 15.464135 -18.429438 39.375000
v 17.011521 -17.011521 39.375000
v 18.429438 -15.464135 39.375000
v 19.707097 -13.799058 39.375000
v 20.834773 -12.028962 39.375000
v 21.803883 -10.167318 39.375000
v 22.607053 -8.228294 39.375000
v 23.238169 -6.226649 39.375000
v 23.692429 -4.177615 39.375000
v 23.966375 -2.096786 39.375000
v 24.241599 0.000000 41.250000
v 24.149353 2.112795 41.250000
v 23.873315 4.209510 41.250000
v 23.415587 6.274188 41.250000
v 22.779652 8.291115 41.250000
v 21.970350 10.244943 41.250000
v 20.993841 12.120800 41.250000
v 19.857556 13.904410 41.250000
v 18.570142 15.582200 41.250000
v 17.141399 17.141399 41.250000
v 15.582200 18.570142 41.250000
v 13.904410 19.857556 41.250000
v 12.120800 20.993841 41.250000
v 10.244943 21.970350 41.250000
v 8.291115 22.779652 41.250000
v 6.274188 23.415587 41.250000
v 4.209510 23.873315 41.250000
v 2.112795 24.149353 41.250000
v 0.000000 24.241599 41.250000
v -2.112795 24.149353 41.250000
v -4.209510 23.873315 41.250000
v -6.274188 23.415587 41.250000
v -8.291115 22.779652 41.250000
v -10.244943 21.970350 41.250000
v -12.120800 20.993841 41.250000
v -13.904410 19.857556 41.250000
v -15.582200 18.570142 41.250000
v -17.141399 17.141399 41.250000
v -18.570142 15.582200 41.250000
v -19.857556 13.904410 41.250000
v -20.993841 12.120800 41.250000
v -21.970350 10.244943 41.250000
v -22.779652 8.291115 41.250000
v -23.415587 6.274188 41.250000
v -23.873315 4.209510 41.250000
v -24.149353 2.112795 41.250000
v -24.241599 0.000000 41.250000
v -24.149353 -2.112795 41.250000
v -23.873315 -4.209510 41.250000
v -23.415587 -6.274188 41.250000
v -22.779652 -8.291115 41.250000
v -21.970350 -10.244943 41.250000
v -20.993841 -12.120800 41.250000
v -19.857556 -13.904410 41.250000
v -18.570142 -15.582200 41.250000
v -17.141399 -17.141399 41.250000
v -15.582200 -18.570142 41.250000
v -13.904410 -19.857556 41.250000
v -12.120800 -20.993841 41.250000
v -10.244943 -21.970350 41.250000
v -8.291115 -22.779652 41.250000
v -6.274188 -23.415587 41.250000
v -4.209510 -23.873315 41.250000
v -2.112795 -24.149353 41.250000
v -0.000000 -24.241599 41.250000
v 2.112795 -24.149353 41.250000
v 4.209510 -23.873315 41.250000
v 6.274188 -23.415587 41.250000
v 8.291115 -22.779652 41.250000
v 10.244943 -21.970350 41.250000
v 12.120800 -20.993841 41.250000
v 13.904410 -19.857556 41.250000
v 15.582200 -18.570142 41.250000
v 17.141399 -17.141399 41.250000
v 18.570142 -15.582200 41.250000
v 19.857556 -13.904410 41.250000
v 20.993841 -12.120800 41.250000
v 21.970350 -10.244943 41.250000
v 22.779652 -8.291115 41.250000
v 23.415587 -6.274188 41.250000
v 23.873315 -4.209510 41.250000
v 24.149353 -2.112795 41.250000
v 24.432740 0.000000 43.125000
v 24.339766 2.129454 43.125000
v 24.061551 4.242701 43.125000
v 23.600214 6.323658 43.125000
v 22.959265 8.356489 43.125000
v 22.143582 10.325722 43.125000
v 21.159373 12.216370 43.125000
v 20.014129 14.014044 43.125000
v 18.716564 15.705062 43.125000
v 17.276556 17.276556 43.125000
v 15.705062 18.716564 43.125000
v 14.014044 20.014129 43.125000
v 12.216370 21.159373 43.125000
v 10.325722 22.143582 43.125000
v 8.356489 22.959265 43.125000
v 6.323658 23.600214 43.125000
v 4.242701 24.061551 43.125000
v 2.129454 24.339766 43.125000
v 0.000000 24.432740 43.125000
v -2.129454 24.339766 43.125000
v -4.242701 24.061551 43.125000
v -6.323658 23.600214 43.125000
v -8.356489 22.959265 43.125000
v -10.325722 22.143582 43.125000
v -12.216370 21.159373 43.125000
v -14.014044 20.014129 43.125000
v -15.705062 18.716564 43.125000
v -17.276556 17.276556 43.125000
v -18.716564 15.705062 43.125000
v -20.014129 14.014044 43.125000
v -21.159373 12.216370 43.125000
v -22.143582 10.325722 43.125000
v -22.959265 8.356489 43.125000
v -23.600214 6.323658 43.125000
v -24.061551 4.242701 43.125000
v -24.339766 2.129454 43.125000
v -24.432740 0.000000 43.125000
v -24.339766 -2.129454 43.125000
v -24.061551 -4.242701 43.125000
v -23.600214 -6.323658 43.125000
v -22.959265 -8.356489 43.125000
v -22.143582 -10.325722 43.125000
v -21.159373 -12.216370 43.125000
v -20.014129 -14.014044 43.125000
v -18.716564 -15.705062 43.125000
v -17.276556 -17.276556 43.125000
v -15.705062 -18.716564 43.125000
v -14.014044 -20.014129 43.125000
v -12.216370 -21.159373 43.125000
v -10.325722 -22.143582 43.125000
v -8.356489 -22.959265 43.125000
v -6.323658 -23.600214 43.125000
v -4.242701 -24.061551 43.125000
v -2.129454 -24.339766 43.125000
v -0.000000 -24.432740 43.125000
v 2.129454 -24.339766 43.125000
v 4.242701 -24.061551 43.125000
v 6.323658 -23.600214 43.125000
v 8.356489 -22.959265 43.125000
v 10.325722 -22.143582 43.125000
v 12.216370 -21.159373 43.125000
v 14.014044 -20.014129 43.125000
v 15.705062 -18.716564 43.125000
v 17.276556 -17.276556 43.125000
v 18.716564 -15.705062 43.125000
v 20.014129 -14.014044 43.125000
v 21.159373 -12.216370 43.125000
v 22.143582 -10.325722 43.125000
v 22.959265 -8.356489 43.125000
v 23.600214 -6.323658 43.125000
v 24.061551 -4.242701 43.125000
v 24.339766 -2.129454 43.125000
v 24.630302 0.000000 45.000000
v 24.536577 2.146672 45.000000
v 24.256113 4.277007 45.000000
v 23.791045 6.374791 45.000000
v 23.144913 8.424060 45.000000
v 22.322635 10.409216 45.000000
v 21.330468 12.315151 45.000000
v 20.175962 14.127361 45.000000
v 18.867906 15.832053 45.000000
v 17.416254 17.416254 45.000000
v 15.832053 18.867906 45.000000
v 14.127361 20.175962 45.000000
v 12.315151 21.330468 45.000000
v 10.409216 22.322635 45.000000
v 8.424060 23.144913 45.000000
v 6.374791 23.791045 45.000000
v 4.277007 24.256113 45.000000
v 2.146672 24.536577 45.000000
v 0.000000 24.630302 45.000000
v -2.146672 24.536577 45.000000
v -4.277007 24.256113 45.000000
v -6.374791 23.791045 45.000000
v -8.424060 23.144913 45.000000
v -10.409216 22.322635 45.000000
v -12.315151 21.330468 45.000000
v -14.127361 20.175962 45.000000
v -15.832053 18.867906 45.000000
v -17.416254 17.416254 45.000000
v -18.867906 15.832053 45.000000
v -20.175962 14.127361 45.000000
v -21.330468 12.315151 45.000000
v -22.322635 10.409216 45.000000
v -23.144913 8.424060 45.000000
v -23.791045 6.374791 45.000000
v -24.256113 4.277007 45.000000
v -24.536577 2.146672 45.000000
v -24.630302 0.000000 45.000000
v -24.536577 -2.146672 45.000000
v -24.256113 -4.277007 45.000000
v -23.791045 -6.374791 45.000000
v -23.144913 -8.424060 45.000000
v -22.322635 -10.409216 45.000000
v -21.330468 -12.315151 45.000000
v -20.175962 -14.127361 45.000000
v -18.867906 -15.832053 45.000000
v -17.416254 -17.416254 45.000000
v -15.832053 -18.867906 45.000000
v -14.127361 -20.175962 45.000000
v -12.315151 -21.330468 45.000000
v -10.409216 -22.322635 45.000000
v -8.424060 -23.144913 45.000000
v -6.374791 -23.791045 45.000000
v -4.277007 -24.256113 45.000000
v -2.146672 -24.536577 45.000000
v -0.000000 -24.630302 45.000000
v 2.146672 -24.536577 45.000000
v 4.277007 -24.256113 45.000000
v 6.374791 -23.791045 45.000000
v 8.424060 -23.144913 45.000000
v 10.409216 -22.322635 45.000000
v 12.315151 -21.330468 45.000000
v 14.127361 -20.175962 45.000000
v 15.832053 -18.867906 45.000000
v 17.416254 -17.416254 45.000000
v 18.867906 -15.832053 45.000000
v 20.175962 -14.127361 45.000000
v 21.330468 -12.315151 45.000000
v 22.322635 -10.409216 45.000000
v 23.144913 -8.424060 45.000000
v 23.791045 -6.374791 45.000000
v 24.256113 -4.277007 45.000000
v 24.536577 -2.146672 45.000000
v 24.833720 0.000000 46.875000
v 24.738803 2.164365 46.875000
v 24.455563 4.312176 46.875000
v 23.986236 6.427093 46.875000
v 23.334466 8.493051 46.875000
v 22.505267 10.494378 46.875000
v 21.504970 12.415900 46.875000
v 20.341177 14.243045 46.875000
v 19.022702 15.961942 46.875000
v 17.559516 17.559516 46.875000
v 15.962681 19.023582 46.875000
v 14.244280 20.342940 46.875000
v 12.417344 21.507471 46.875000
v 10.495757 22.508223 46.875000
v 8.494154 23.337497 46.875000
v 6.427812 23.988921 46.875000
v 4.312519 24.457513 46.875000
v 2.164445 24.739722 46.875000
v 0.000000 24.833457 46.875000
v -2.164303 24.738094 46.875000
v -4.311982 24.454467 46.875000
v -6.426720 23.984847 46.875000
v -8.492482 23.332902 46.875000
v -10.493626 22.503654 46.875000
v -12.415014 21.503436 46.875000
v -14.242103 20.339831 46.875000
v -15.961041 19.021628 46.875000
v -17.558762 17.558762 46.875000
v -19.023078 15.962258 46.875000
v -20.342773 14.244163 46.875000
v -21.507699 12.417476 46.875000
v -22.508868 10.496058 46.875000
v -23.338543 8.494535 46.875000
v -23.990310 6.428184 46.875000
v -24.459153 4.312809 46.875000
v -24.741494 2.164600 46.875000
v -24.835228 0.000000 46.875000
v -24.739730 -2.164446 46.875000
v -24.455848 -4.312226 46.875000
v -23.985877 -6.426996 46.875000
v -23.333520 -8.492707 46.875000
v -22.503840 -10.493713 46.875000
v -21.503208 -12.414883 46.875000
v -20.339247 -14.241694 46.875000
v -19.020775 -15.960325 46.875000
v -17.557745 -17.557745 46.875000
v -15.961187 -19.021802 46.875000
v -14.243143 -20.341316 46.875000
v -12.416590 -21.506165 46.875000
v -10.495363 -22.507380 46.875000
v -8.494055 -23.337225 46.875000
v -6.427908 -23.989280 46.875000
v -4.312694 -24.458505 46.875000
v -2.164582 -24.741291 46.875000
v -0.000000 -24.835491 46.875000
v 2.164508 -24.740440 46.875000
v 4.312419 -24.456945 46.875000
v 6.427369 -23.987266 46.875000
v 8.493276 -23.335085 46.875000
v 10.494465 -22.505452 46.875000
v 12.415769 -21.504742 46.875000
v 14.242637 -20.340593 46.875000
v 15.961227 -19.021849 46.875000
v 17.558499 -17.558499 46.875000
v 19.022306 -15.961610 46.875000
v 20.341483 -14.243260 46.875000
v 21.505937 -12.416459 46.875000
v 22.506734 -10.495062 46.875000
v 23.336179 -8.493674 46.875000
v 23.987891 -6.427536 46.875000
v 24.456865 -4.312405 46.875000
v 24.739519 -2.164427 46.875000
v 25.041910 0.000000 48.750000
v 24.944855 2.182392 48.750000
v 24.657817 4.347838 48.750000
v 24.183306 6.479897 48.750000
v 23.525222 8.562481 48.750000
v 22.688775 10.579950 48.750000
v 21.680403 12.517187 48.750000
v 20.507716 14.359657 48.750000
v 19.179450 16.093469 48.750000
v 17.705440 17.705440 48.750000
v 16.096599 19.183180 48.750000
v 14.364896 20.515198 48.750000
v 12.523319 21.691024 48.750000
v 10.585811 22.701344 48.750000
v 8.567181 23.538137 48.750000
v 6.482977 24.194798 48.750000
v 4.349323 24.666239 48.750000
v 2.182750 24.948950 48.750000
v 0.000000 25.041026 48.750000
v -2.182155 24.942145 48.750000
v -4.347079 24.653511 48.750000
v -6.478415 24.177774 48.750000
v -8.560192 23.518935 48.750000
v -10.576907 22.682251 48.750000
v -12.513579 21.674154 48.750000
v -14.355791 20.502194 48.750000
v -16.089737 19.175002 48.750000
v -17.702274 17.702274 48.750000
v -19.181002 16.094772 48.750000
v -20.514367 14.364315 48.750000
v -21.691789 12.523760 48.750000
v -22.703810 10.586961 48.750000
v -23.542247 8.568677 48.750000
v -24.200330 6.484459 48.750000
v -24.672828 4.350485 48.750000
v -24.956121 2.183378 48.750000
v -25.048241 0.000000 48.750000
v -24.948860 -2.182742 48.750000
v -24.659229 -4.348087 48.750000
v -24.182099 -6.479574 48.750000
v -23.521606 -8.561165 48.750000
v -22.683170 -10.577336 48.750000
v -21.673389 -12.513137 48.750000
v -20.499965 -14.354230 48.750000
v -19.171652 -16.086926 48.750000
v -17.698224 -17.698224 48.750000
v -16.090471 -19.175877 48.750000
v -14.360186 -20.508471 48.750000
v -12.520153 -21.685540 48.750000
v -10.584112 -22.697701 48.750000
v -8.566691 -23.536790 48.750000
v -6.483300 -24.196005 48.750000
v -4.349992 -24.670028 48.750000
v -2.183289 -24.955111 48.750000
v -0.000000 -25.049125 48.750000
v 2.182980 -24.951571 48.750000
v 4.348847 -24.663536 48.750000
v 6.481056 -24.187631 48.750000
v 8.563453 -23.527893 48.750000
v 10.580378 -22.689694 48.750000
v 12.516745 -21.679638 48.750000
v 14.358097 -20.505487 48.750000
v 16.090658 -19.176100 48.750000
v 17.701390 -17.701390 48.750000
v 19.178054 -16.092298 48.750000
v 20.509301 -14.360767 48.750000
v 21.684775 -12.519711 48.750000
v 22.695235 -10.582962 48.750000
v 23.532681 -8.565195 48.750000
v 24.190474 -6.481818 48.750000
v 24.663439 -4.348830 48.750000
v 24.947940 -2.182662 48.750000
v 25.252753 0.000000 50.625000
v 25.152488 2.200558 50.625000
v 24.860592 4.383593 50.625000
v 24.380030 6.532609 50.625000
v 23.715105 8.631592 50.625000
v 22.871306 10.665065 50.625000
v 21.855182 12.618095 50.625000
v 20.674280 14.476287 50.625000
v 19.337122 16.225772 50.625000
v 17.853234 17.853234 50.625000
v 16.233202 19.345977 50.625000
v 14.488729 20.692049 50.625000
v 12.632670 21.880427 50.625000
v 10.679015 22.901222 50.625000
v 8.642805 23.745912 50.625000
v 6.539983 24.407549 50.625000
v 4.387177 24.880920 50.625000
v 2.201446 25.162639 50.625000
v 0.000000 25.251159 50.625000
v -2.200051 25.146700 50.625000
v -4.381921 24.851107 50.625000
v -6.529298 24.367672 50.625000
v -8.626433 23.700929 50.625000
v -10.658155 22.856488 50.625000
v -12.609846 21.840893 50.625000
v -14.467382 20.661563 50.625000
v -16.217100 19.326787 50.625000
v -17.845782 17.845782 50.625000
v -19.340715 16.228787 50.625000
v -20.689813 14.487163 50.625000
v -21.881808 12.633468 50.625000
v -22.906488 10.681471 50.625000
v -23.754962 8.646099 50.625000
v -24.419907 6.543294 50.625000
v -24.895776 4.389797 50.625000
v -25.178926 2.202871 50.625000
v -25.267658 0.000000 50.625000
v -25.162165 -2.201404 50.625000
v -24.864394 -4.384264 50.625000
v -24.377852 -6.532026 50.625000
v -23.707384 -8.628782 50.625000
v -22.858962 -10.659309 50.625000
v -21.839512 -12.609048 50.625000
v -20.656804 -14.464050 50.625000
v -19.319410 -16.210910 50.625000
v -17.836735 -17.836735 50.625000
v -16.219090 -19.329158 50.625000
v -14.477785 -20.676420 50.625000
v -12.625218 -21.867519 50.625000
v -10.674910 -22.892418 50.625000
v -8.641485 -23.742284 50.625000
v -6.540567 -24.409727 50.625000
v -4.388604 -24.889012 50.625000
v -2.202633 -25.176206 50.625000
v -0.000000 -25.269253 50.625000
v 2.201911 -25.167953 50.625000
v 4.385936 -24.873878 50.625000
v 6.535337 -24.390210 50.625000
v 8.633942 -23.721560 50.625000
v 10.666219 -22.873780 50.625000
v 12.617298 -21.853801 50.625000
v 14.472954 -20.669521 50.625000
v 16.219582 -19.329745 50.625000
v 17.844187 -17.844187 50.625000
v 19.334420 -16.223505 50.625000
v 20.678657 -14.479351 50.625000
v 21.866138 -12.624421 50.625000
v 22.887152 -10.672454 50.625000
v 23.733234 -8.638191 50.625000
v 24.397369 -6.537255 50.625000
v 24.874155 -4.385985 50.625000
v 25.159919 -2.201208 50.625000
v 25.463928 0.000000 52.500000
v 25.359266 2.218648 52.500000
v 25.061433 4.419007 52.500000
v 24.574035 6.584593 52.500000
v 23.901913 8.699585 52.500000
v 23.050896 10.748809 52.500000
v 22.027626 12.717656 52.500000
v 20.839482 14.591963 52.500000
v 19.494607 16.357918 52.500000
v 18.002022 18.002022 52.500000
v 16.371793 19.511143 52.500000
v 14.615208 20.872679 52.500000
v 12.744906 22.074825 52.500000
v 10.774923 23.106898 52.500000
v 8.720617 23.959698 52.500000
v 6.598473 24.625835 52.500000
v 4.425803 25.099974 52.500000
v 2.220372 25.378964 52.500000
v 0.000000 25.461818 52.500000
v -2.217800 25.349566 52.500000
v -4.416107 25.044987 52.500000
v -6.578763 24.552278 52.500000
v -8.690414 23.876715 52.500000
v -10.736436 23.024361 52.500000
v -12.702783 22.001866 52.500000
v -14.575796 20.816394 52.500000
v -16.342038 19.475682 52.500000
v -17.988204 17.988204 52.500000
v -19.501149 16.363407 52.500000
v -20.868043 14.611961 52.500000
v -22.076652 12.745961 52.500000
v -23.115722 10.779038 52.500000
v -23.975390 8.726328 52.500000
v -24.647592 6.604302 52.500000
v -25.126382 4.430459 52.500000
v -25.408130 2.222923 52.500000
v -25.491563 0.000000 52.500000
v -25.377644 -2.220256 52.500000
v -25.069316 -4.420397 52.500000
v -24.571153 -6.583821 52.500000
v -23.888974 -8.694875 52.500000
v -23.029491 -10.738828 52.500000
v -22.000039 -12.701728 52.500000
v -20.808419 -14.570212 52.500000
v -19.462890 -16.331304 52.500000
v -17.972277 -17.972277 52.500000
v -16.346171 -19.480608 52.500000
v -14.595168 -20.844060 52.500000
v -12.731089 -22.050893 52.500000
v -10.767127 -23.090178 52.500000
v -8.717879 -23.952176 52.500000
v -6.599245 -24.628717 52.500000
v -4.428194 -25.113535 52.500000
v -2.222430 -25.402491 52.500000
v -0.000000 -25.493673 52.500000
v 2.221105 -25.387344 52.500000
v 4.423297 -25.085762 52.500000
v 6.589650 -24.592910 52.500000
v 8.704047 -23.914171 52.500000
v 10.751201 -23.056026 52.500000
v 12.716601 -22.025799 52.500000
v 14.586378 -20.831507 52.500000
v 16.347184 -19.481815 52.500000
v 17.986095 -17.986095 52.500000
v 19.490601 -16.354556 52.500000
v 20.848697 -14.598415 52.500000
v 22.049065 -12.730034 52.500000
v 23.081353 -10.763012 52.500000
v 23.936483 -8.712167 52.500000
v 24.606960 -6.593415 52.500000
v 25.087127 -4.423537 52.500000
v 25.373325 -2.219878 52.500000
v 25.672932 0.000000 54.375000
v 25.562590 2.236437 54.375000
v 25.257746 4.453622 54.375000
v 24.762829 6.635180 54.375000
v 24.083343 8.765620 54.375000
v 23.225498 10.830228 54.375000
v 22.195979 12.814854 54.375000
v 21.001862 14.705662 54.375000
v 19.650719 16.488911 54.375000
v 18.150845 18.150845 54.375000
v 16.511589 19.677745 54.375000
v 14.743670 21.056143 54.375000
v 12.859443 22.273209 54.375000
v 10.873006 23.317237 54.375000
v 8.800137 24.178178 54.375000
v 6.658032 24.848115 54.375000
v 4.464885 25.321621 54.375000
v 2.239352 25.595913 54.375000
v 0.000000 25.670800 54.375000
v -2.235197 25.548414 54.375000
v -4.449218 25.232771 54.375000
v -6.626183 24.729253 54.375000
v -8.751326 24.044070 54.375000
v -10.810797 23.183829 54.375000
v -12.791340 22.155252 54.375000
v -14.679924 20.965104 54.375000
v -16.463417 19.620336 54.375000
v -18.128397 18.128397 54.375000
v -19.661147 16.497661 54.375000
v -21.047860 14.737870 54.375000
v -22.275055 12.860509 54.375000
v -23.330134 10.879020 54.375000
v -24.202008 8.808811 54.375000
v -24.881692 6.667029 54.375000
v -25.362779 4.472142 54.375000
v -25.641715 2.243359 54.375000
v -25.717828 0.000000 54.375000
v -25.593117 -2.239108 54.375000
v -25.271830 -4.456106 54.375000
v -24.759917 -6.634400 54.375000
v -24.064431 -8.758737 54.375000
v -23.192994 -10.815071 54.375000
v -22.153406 -12.790275 54.375000
v -20.953447 -14.671762 54.375000
v -19.600909 -16.447116 54.375000
v -18.103818 -18.103818 54.375000
v -16.470797 -19.629131 54.375000
v -14.711499 -21.010197 54.375000
v -12.836995 -22.234328 54.375000
v -10.860056 -23.289465 54.375000
v -8.795246 -24.164738 54.375000
v -6.658813 -24.851027 54.375000
v -4.468380 -25.341440 54.375000
v -2.242478 -25.631641 54.375000
v -0.000000 -25.719960 54.375000
v 2.240348 -25.607293 54.375000
v 4.460509 -25.296805 54.375000
v 6.643397 -24.793494 54.375000
v 8.773031 -24.103704 54.375000
v 10.834502 -23.234664 54.375000
v 12.813789 -22.194133 54.375000
v 14.697500 -20.990205 54.375000
v 16.472610 -19.631292 54.375000
v 18.126266 -18.126266 54.375000
v 19.645730 -16.484725 54.375000
v 21.018481 -14.717299 54.375000
v 22.232482 -12.835929 54.375000
v 23.276568 -10.854042 54.375000
v 24.140908 -8.786572 54.375000
v 24.817451 -6.649816 54.375000
v 25.300282 -4.461122 54.375000
v 25.585839 -2.238471 54.375000
v 25.877117 0.000000 56.250000
v 25.759736 2.253685 56.250000
v 25.446830 4.486963 56.250000
v 24.943835 6.683680 56.250000
v 24.257025 8.828835 56.250000
v 23.393010 10.908340 56.250000
v 22.358433 12.908647 56.250000
v 21.159906 14.816326 56.250000
v 19.804207 16.617703 56.250000
v 18.298675 18.298675 56.250000
v 16.651727 19.844755 56.250000
v 14.873370 21.241373 56.250000
v 12.975612 22.474419 56.250000
v 10.972654 23.530932 56.250000
v 8.880818 24.399847 56.250000
v 6.718199 25.072659 56.250000
v 4.504078 25.543894 56.250000
v 2.258197 25.811309 56.250000
v 0.000000 25.875764 56.250000
v -2.252029 25.740806 56.250000
v -4.480823 25.412010 56.250000
v -6.670920 24.896212 56.250000
v -8.808352 24.200748 56.250000
v -10.880281 23.332838 56.250000
v -12.874461 22.299221 56.250000
v -14.778646 21.106094 56.250000
v -16.580077 19.759366 56.250000
v -18.265165 18.265165 56.250000
v -19.819464 16.630505 56.250000
v -21.227947 14.863969 56.250000
v -22.475590 12.976288 56.250000
v -23.548154 10.980684 56.250000
v -24.433072 8.892911 56.250000
v -25.120281 6.730959 56.250000
v -25.602873 4.514477 56.250000
v -25.877449 2.263983 56.250000
v -25.944137 0.000000 56.250000
v -25.806249 -2.257754 56.250000
v -25.469657 -4.490988 56.250000
v -24.941988 -6.683185 56.250000
v -24.231772 -8.819644 56.250000
v -23.347693 -10.887208 56.250000
v -22.298050 -12.873785 56.250000
v -21.090528 -14.767747 56.250000
v -19.732281 -16.557349 56.250000
v -18.230303 -18.230303 56.250000
v -16.592009 -19.773587 56.250000
v -14.825887 -21.173562 56.250000
v -12.942102 -22.416377 56.250000
v -10.952921 -23.488616 56.250000
v -8.872890 -24.378066 56.250000
v -6.718694 -25.074506 56.250000
v -4.508744 -25.570359 56.250000
v -2.262555 -25.861121 56.250000
v -0.000000 -25.945489 56.250000
v 2.259410 -25.825178 56.250000
v 4.497127 -25.504477 56.250000
v 6.695946 -24.989610 56.250000
v 8.840127 -24.288049 56.250000
v 10.915267 -23.407865 56.250000
v 12.907971 -22.357262 56.250000
v 14.805427 -21.144341 56.250000
v 16.594976 -19.777122 56.250000
v 18.263813 -18.263813 56.250000
v 19.798878 -16.613231 56.250000
v 21.186988 -14.835288 56.250000
v 22.415206 -12.941425 56.250000
v 23.471394 -10.944891 56.250000
v 24.344841 -8.860797 56.250000
v 25.026883 -6.705933 56.250000
v 25.511381 -4.498345 56.250000
v 25.794981 -2.256768 56.250000
v 26.073722 0.000000 58.125000
v 25.947886 2.270146 58.125000
v 25.625916 4.518540 58.125000
v 25.114428 6.729391 58.125000
v 24.420557 8.888356 58.125000
v 23.551303 10.982153 58.125000
v 22.513155 12.997976 58.125000
v 21.312066 14.922869 58.125000
v 19.953777 16.743207 58.125000
v 18.444421 18.444421 58.125000
v 16.791269 20.011055 58.125000
v 15.003476 21.427185 58.125000
v 13.092660 22.677152 58.125000
v 11.073180 23.746511 58.125000
v 8.962049 24.623027 58.125000
v 6.778460 25.297558 58.125000
v 4.543006 25.764666 58.125000
v 2.276703 26.022834 58.125000
v 0.000000 26.074260 58.125000
v -2.268077 25.924233 58.125000
v -4.510482 25.580213 58.125000
v -6.712332 25.050764 58.125000
v -8.860680 24.344517 58.125000
v -10.943942 23.469359 58.125000
v -12.951101 22.431966 58.125000
v -14.870849 21.237773 58.125000
v -16.690846 19.891376 58.125000
v -18.397277 18.397277 58.125000
v -19.974790 16.760839 58.125000
v -21.406882 14.989260 58.125000
v -22.676685 13.092390 58.125000
v -23.768030 11.083215 58.125000
v -24.666636 8.977921 58.125000
v -25.361222 6.795519 58.125000
v -25.844356 4.557057 58.125000
v -26.112906 2.284583 58.125000
v -26.168010 0.000000 58.125000
v -26.014583 -2.275981 58.125000
v -25.660435 -4.524627 58.125000
v -25.115164 -6.729588 58.125000
v -24.389004 -8.876871 58.125000
v -23.491822 -10.954416 58.125000
v -22.432432 -12.951371 58.125000
v -21.218323 -14.857230 58.125000
v -19.855825 -16.661016 58.125000
v -18.350672 -18.350672 58.125000
v -16.708824 -19.912802 58.125000
v -14.937400 -21.332818 58.125000
v -13.045516 -22.595496 58.125000
v -11.044885 -23.685833 58.125000
v -8.950061 -24.590090 58.125000
v -6.778263 -25.296822 58.125000
v -4.548837 -25.797734 58.125000
v -2.282423 -26.088216 58.125000
v -0.000000 -26.167471 58.125000
v 2.278050 -26.038236 58.125000
v 4.532686 -25.706138 58.125000
v 6.746647 -25.178828 58.125000
v 8.904548 -24.465043 58.125000
v 10.992628 -23.573766 58.125000
v 12.998246 -22.513622 58.125000
v 14.909250 -21.292616 58.125000
v 16.713377 -19.918226 58.125000
v 18.397816 -18.397816 58.125000
v 19.949067 -16.739255 58.125000
v 21.353121 -14.951616 58.125000
v 22.595963 -13.045785 58.125000
v 23.664314 -11.034851 58.125000
v 24.546481 -8.934188 58.125000
v 25.233158 -6.761204 58.125000
v 25.718044 -4.534785 58.125000
v 25.998144 -2.274543 58.125000
v 26.259917 0.000000 60.000000
v 26.124182 2.285570 60.000000
v 25.792215 4.547863 60.000000
v 25.271980 6.771607 60.000000
v 24.571545 8.943311 60.000000
v 23.698257 11.050679 60.000000
v 22.658311 13.081782 60.000000
v 21.456778 15.024198 60.000000
v 20.098102 16.864310 60.000000
v 18.586942 18.586942 60.000000
v 16.929214 20.175451 60.000000
v 15.133086 21.612287 60.000000
v 13.209759 22.879974 60.000000
v 11.173829 23.962353 60.000000
v 9.043161 24.845879 60.000000
v 6.838265 25.520753 60.000000
v 4.581269 25.981670 60.000000
v 2.294658 26.228063 60.000000
v 0.000000 26.263766 60.000000
v -2.283118 26.096154 60.000000
v -4.537757 25.734897 60.000000
v -6.749788 25.190550 60.000000
v -8.907516 24.473198 60.000000
v -11.000860 23.591420 60.000000
v -13.020246 22.551728 60.000000
v -14.955441 21.358583 60.000000
v -16.794562 20.014979 60.000000
v -18.523482 18.523482 60.000000
v -20.125758 16.887516 60.000000
v -21.583148 15.112683 60.000000
v -22.876640 13.207834 60.000000
v -23.987852 11.185719 60.000000
v -24.900572 9.063067 60.000000
v -25.602183 6.860084 60.000000
v -26.084739 4.599443 60.000000
v -26.345497 2.304932 60.000000
v -26.386838 0.000000 60.000000
v -26.215572 -2.293565 60.000000
v -25.841757 -4.556599 60.000000
v -25.277239 -6.773016 60.000000
v -24.534155 -8.929702 60.000000
v -23.623659 -11.015893 60.000000
v -22.555062 -13.022171 60.000000
v -21.335536 -14.939303 60.000000
v -19.970394 -16.757150 60.000000
v -18.463870 -18.463870 60.000000
v -16.820243 -20.045585 60.000000
v -15.045069 -21.486585 60.000000
v -13.146298 -22.770056 60.000000
v -11.135058 -23.879208 60.000000
v -9.025955 -24.798607 60.000000
v -6.836856 -25.515494 60.000000
v -4.588179 -26.020854 60.000000
v -2.301832 -26.310060 60.000000
v -0.000000 -26.382989 60.000000
v 2.296018 -26.243600 60.000000
v 4.566706 -25.899075 60.000000
v 6.794835 -25.358669 60.000000
v 8.965498 -24.632502 60.000000
v 11.065712 -23.730496 60.000000
v 13.083707 -22.661645 60.000000
v 15.008060 -21.433732 60.000000
v 16.826898 -20.053516 60.000000
v 18.527331 -18.527331 60.000000
v 20.095278 -16.861940 60.000000
v 21.515723 -15.065472 60.000000
v 22.773390 -13.148223 60.000000
v 23.853709 -11.123167 60.000000
v 24.743915 -9.006049 60.000000
v 25.434064 -6.815037 60.000000
v 25.917786 -4.570005 60.000000
v 26.192627 -2.291558 60.000000
v 26.432846 0.000000 61.875000
v 26.285760 2.299706 61.875000
v 25.942960 4.574444 61.875000
v 25.413904 6.809635 61.875000
v 24.707639 8.992845 61.875000
v 23.831795 11.112949 61.875000
v 22.792099 13.159024 61.875000
v 21.592493 15.119227 61.875000
v 20.235840 16.979886 61.875000
v 18.725061 18.725061 61.875000
v 17.064502 20.336681 61.875000
v 15.261228 21.795292 61.875000
v 13.326011 23.081328 61.875000
v 11.273779 24.176697 61.875000
v 9.123432 25.066425 61.875000
v 6.897025 25.740049 61.875000
v 4.618450 26.192533 61.875000
v 2.311844 26.424495 61.875000
v 0.000000 26.441726 61.875000
v -2.296930 26.254033 61.875000
v -4.562218 25.873623 61.875000
v -6.782675 25.313286 61.875000
v -8.948099 24.584701 61.875000
v -11.050159 23.697142 61.875000
v -13.080927 22.656831 61.875000
v -15.031372 21.467024 61.875000
v -16.890083 20.128817 61.875000
v -18.642524 18.642524 61.875000
v -20.270965 17.009359 61.875000
v -21.755151 15.233121 61.875000
v -23.073638 13.321571 61.875000
v -24.205562 11.287239 61.875000
v -25.132586 9.147513 61.875000
v -25.840667 6.923986 61.875000
v -26.321373 4.641168 61.875000
v -26.572503 2.324793 61.875000
v -26.597920 0.000000 61.875000
v -26.406620 -2.310280 61.875000
v -26.011208 -4.586478 61.875000
v -25.426034 -6.812885 61.875000
v -24.665314 -8.977440 61.875000
v -23.741554 -11.070868 61.875000
v -22.664521 -13.085367 61.875000
v -21.440935 -15.013104 61.875000
v -20.074882 -16.844826 61.875000
v -18.568867 -18.568867 61.875000
v -16.925264 -20.170744 61.875000
v -15.147902 -21.633447 61.875000
v -13.243474 -22.938370 61.875000
v -11.222506 -24.066743 61.875000
v -9.099730 -25.001303 61.875000
v -6.893775 -25.727920 61.875000
v -4.626271 -26.236889 61.875000
v -2.320522 -26.523687 61.875000
v -0.000000 -26.589040 61.875000
v 2.313056 -26.438348 61.875000
v 4.598704 -26.080545 61.875000
v 6.839846 -25.526651 61.875000
v 9.022186 -24.788252 61.875000
v 11.133658 -23.876207 61.875000
v 13.163464 -22.799789 61.875000
v 15.100959 -21.566404 61.875000
v 16.934629 -20.181905 61.875000
v 18.651404 -18.651404 61.875000
v 20.236461 -16.980407 61.875000
v 21.673588 -15.176010 61.875000
v 22.946060 -13.247914 61.875000
v 24.037878 -11.209047 61.875000
v 24.935142 -9.075650 61.875000
v 25.627302 -6.866815 61.875000
v 26.108049 -4.603553 61.875000
v 26.375678 -2.307573 61.875000
v 26.589676 0.000000 63.750000
v 26.429813 2.312309 63.750000
v 26.075457 4.597807 63.750000
v 25.537697 6.842805 63.750000
v 24.826580 9.036136 63.750000
v 23.949919 11.168031 63.750000
v 22.912776 13.228697 63.750000
v 21.717693 15.206892 63.750000
v 20.365656 17.088815 63.750000
v 18.857579 18.857579 63.750000
v 17.196032 20.493433 63.750000
v 15.386874 21.974733 63.750000
v 13.440457 23.279554 63.750000
v 11.372156 24.387668 63.750000
v 9.202101 25.282566 63.750000
v 6.954126 25.953152 63.750000
v 4.654116 26.394805 63.750000
v 2.328038 26.609592 63.750000
v 0.000000 26.605590 63.750000
v -2.309297 26.395388 63.750000
v -4.583451 25.994040 63.750000
v -6.810413 25.416807 63.750000
v -8.981718 24.677068 63.750000
v -11.091023 23.784775 63.750000
v -13.132243 22.745711 63.750000
v -15.097652 21.561681 63.750000
v -16.976313 20.231582 63.750000
v -18.753167 18.753167 63.750000
v -20.408986 17.125173 63.750000
v -21.921242 15.349419 63.750000
v -23.265772 13.432499 63.750000
v -24.418987 11.386760 63.750000
v -25.360252 9.230377 63.750000
v -26.074042 6.986518 63.750000
v -26.551495 4.681745 63.750000
v -26.791116 2.343919 63.750000
v -26.798500 0.000000 63.750000
v -26.585118 -2.325896 63.750000
v -26.166403 -4.613843 63.750000
v -25.559436 -6.848630 63.750000
v -24.780657 -9.019421 63.750000
v -23.843957 -11.118620 63.750000
v -22.759494 -13.140200 63.750000
v -21.533374 -15.077831 63.750000
v -20.168251 -16.923172 63.750000
v -18.664670 -18.664670 63.750000
v -17.022901 -20.287103 63.750000
v -15.244903 -21.771978 63.750000
v -13.336045 -23.098707 63.750000
v -11.306271 -24.246376 63.750000
v -9.170516 -25.195786 63.750000
v -6.948301 -25.931413 63.750000
v -4.662602 -26.442933 63.750000
v -2.338228 -26.726064 63.750000
v -0.000000 -26.782585 63.750000
v 2.328908 -26.619543 63.750000
v 4.628199 -26.247819 63.750000
v 6.881023 -25.680326 63.750000
v 9.073839 -24.930169 63.750000
v 11.195628 -24.009102 63.750000
v 13.236654 -22.926558 63.750000
v 15.187071 -21.689386 63.750000
v 17.035674 -20.302325 63.750000
v 18.769081 -18.769081 63.750000
v 20.371550 -17.093760 63.750000
v 21.825470 -15.282358 63.750000
v 23.112489 -13.344002 63.750000
v 24.215057 -11.291666 63.750000
v 25.118099 -9.142240 63.750000
v 25.810523 -6.915909 63.750000
v 26.286242 -4.634974 63.750000
v 26.544540 -2.322346 63.750000
v 26.727644 0.000000 65.625000
v 26.553629 2.323142 65.625000
v 26.187134 4.617498 65.625000
v 25.640991 6.870483 65.625000
v 24.926238 9.072409 65.625000
v 24.050749 11.215048 65.625000
v 23.018689 13.289846 65.625000
v 21.830918 15.286173 65.625000
v 20.486239 17.189996 65.625000
v 18.983288 18.983288 65.625000
v 17.322671 20.644355 65.625000
v 15.508950 22.149076 65.625000
v 13.552088 23.472905 65.625000
v 11.468040 24.593291 65.625000
v 9.278371 25.492114 65.625000
v 7.008933 26.157693 65.625000
v 4.687829 26.585997 65.625000
v 2.343018 26.780821 65.625000
v 0.000000 26.752861 65.625000
v -2.320010 26.517831 65.625000
v -4.601065 26.093935 65.625000
v -6.832465 25.499106 65.625000
v -9.007721 24.748511 65.625000
v -11.122712 23.852732 65.625000
v -13.173371 22.816948 65.625000
v -15.153367 21.641251 65.625000
v -17.052214 20.322037 65.625000
v -18.854204 18.854204 65.625000
v -20.538400 17.233764 65.625000
v -22.079735 15.460397 65.625000
v -23.451066 13.539480 65.625000
v -24.625858 11.483226 65.625000
v -25.581043 9.310738 65.625000
v -26.299577 7.046951 65.625000
v -26.772257 4.720671 65.625000
v -26.998477 2.362061 65.625000
v -26.985812 0.000000 65.625000
v -26.748491 -2.340190 65.625000
v -26.305029 -4.638286 65.625000
v -25.675438 -6.879713 65.625000
v -24.878484 -9.055028 65.625000
v -23.929451 -11.158486 65.625000
v -22.838786 -13.185979 65.625000
v -21.611815 -15.132756 65.625000
v -20.249541 -16.991383 65.625000
v -18.750337 -18.750337 65.625000
v -17.112192 -20.393516 65.625000
v -15.335078 -21.900761 65.625000
v -13.423004 -23.249325 65.625000
v -11.385373 -24.416012 65.625000
v -9.237426 -25.379620 65.625000
v -6.999702 -26.123245 65.625000
v -4.696653 -26.636044 65.625000
v -2.354683 -26.914149 65.625000
v -0.000000 -26.960595 65.625000
v 2.343322 -26.784288 65.625000
v 4.654720 -26.398228 65.625000
v 6.917731 -25.817323 65.625000
v 9.119715 -25.056211 65.625000
v 11.250823 -24.127468 65.625000
v 13.302455 -23.040528 65.625000
v 15.265562 -21.801482 65.625000
v 17.129164 -20.413743 65.625000
v 18.879421 -18.879421 65.625000
v 20.499471 -17.201098 65.625000
v 21.970102 -15.383631 65.625000
v 23.271164 -13.435613 65.625000
v 24.383444 -11.370187 65.625000
v 25.290690 -9.205058 65.625000
v 25.981360 -6.961684 65.625000
v 26.449784 -4.663811 65.625000
v 26.696493 -2.335641 65.625000
v 26.844112 0.000000 67.500000
v 26.654654 2.331980 67.500000
v 26.275595 4.633096 67.500000
v 25.721597 6.892081 67.500000
v 25.004658 9.100951 67.500000
v 24.132552 11.253194 67.500000
v 23.108307 13.341587 67.500000
v 21.930790 15.356104 67.500000
v 20.596320 17.282365 67.500000
v 19.100992 19.100992 67.500000
v 17.443268 20.788077 67.500000
v 15.626350 22.316741 67.500000
v 13.659858 23.659569 67.500000
v 11.560476 24.791522 67.500000
v 9.351420 25.692817 67.500000
v 7.060800 26.351264 67.500000
v 4.719148 26.763621 67.500000
v 2.356568 26.935694 67.500000
v 0.000000 26.881136 67.500000
v -2.328871 26.619120 67.500000
v -4.614701 26.171271 67.500000
v -6.848347 25.558378 67.500000
v -9.025534 24.797451 67.500000
v -11.144578 23.899625 67.500000
v -13.203590 22.869290 67.500000
v -15.197699 21.704563 67.500000
v -17.116828 20.399042 67.500000
v -18.944483 18.944483 67.500000
v -20.657803 17.333955 67.500000
v -22.228932 15.564866 67.500000
v -23.627505 13.641346 67.500000
v -24.823850 11.575551 67.500000
v -25.792361 9.387652 67.500000
v -26.514483 7.104534 67.500000
v -26.980776 4.757439 67.500000
v -27.191722 2.378967 67.500000
v -27.157129 0.000000 67.500000
v -26.894240 -2.352941 67.500000
v -26.424888 -4.659421 67.500000
v -25.772173 -6.905633 67.500000
v -24.957255 -9.083698 67.500000
v -23.996776 -11.189881 67.500000
v -22.901353 -13.222102 67.500000
v -21.675344 -15.177239 67.500000
v -20.317892 -17.048736 67.500000
v -18.824999 -18.824999 67.500000
v -17.192217 -20.488886 67.500000
v -15.417453 -22.018405 67.500000
v -13.503350 -23.388488 67.500000
v -11.458836 -24.573553 67.500000
v -9.299572 -25.550363 67.500000
v -7.047248 -26.300688 67.500000
v -4.727908 -26.813299 67.500000
v -2.369625 -27.084935 67.500000
v -0.000000 -27.120105 67.500000
v 2.356050 -26.929774 67.500000
v 4.677816 -26.529211 67.500000
v 6.949367 -25.935392 67.500000
v 9.159115 -25.164462 67.500000
v 11.298496 -24.229703 67.500000
v 13.360099 -23.140370 67.500000
v 15.335645 -21.901571 67.500000
v 17.214273 -20.515171 67.500000
v 18.981507 -18.981507 67.500000
v 20.619160 -17.301530 67.500000
v 22.106213 -15.478937 67.500000
v 23.420552 -13.521862 67.500000
v 24.541225 -11.443761 67.500000
v 25.450818 -9.263340 67.500000
v 26.137469 -7.003514 67.500000
v 26.596144 -4.689618 67.500000
v 26.828907 -2.347225 67.500000
v 26.936615 0.000000 69.375000
v 26.730535 2.338619 69.375000
v 26.338662 4.644217 69.375000
v 25.777552 6.907074 69.375000
v 25.060093 9.121128 69.375000
v 24.193784 11.281747 69.375000
v 23.180242 13.383119 69.375000
v 22.016036 15.415794 69.375000
v 20.694693 17.364910 69.375000
v 19.209516 19.209516 69.375000
v 17.556668 20.923222 69.375000
v 15.737946 22.476117 69.375000
v 13.762696 23.837689 69.375000
v 11.648491 24.980270 69.375000
v 9.420420 25.882392 69.375000
v 7.109083 26.531458 69.375000
v 4.747644 26.925226 69.375000
v 2.368477 27.071810 69.375000
v 0.000000 26.988151 69.375000
v -2.335702 26.697193 69.375000
v -4.624040 26.224233 69.375000
v -6.857640 25.593059 69.375000
v -9.034668 24.822547 69.375000
v -11.156079 23.924290 69.375000
v -13.222293 22.901683 69.375000
v -15.229938 21.750606 69.375000
v -17.169292 20.461565 69.375000
v -19.022922 19.022922 69.375000
v -20.765833 17.424603 69.375000
v -22.367145 15.661644 69.375000
v -23.793057 13.736928 69.375000
v -25.010604 11.662636 69.375000
v -25.991579 9.460161 69.375000
v -26.715951 7.158517 69.375000
v -27.174177 4.791541 69.375000
v -27.368033 2.394393 69.375000
v -27.309804 0.000000 69.375000
v -27.019991 -2.363943 69.375000
v -26.523936 -4.676886 69.375000
v -25.847952 -6.925938 69.375000
v -25.015614 -9.104939 69.375000
v -24.044856 -11.212300 69.375000
v -22.946315 -13.248061 69.375000
v -21.723189 -15.210741 69.375000
v -20.372555 -17.094603 69.375000
v -18.887864 -18.887864 69.375000
v -17.262112 -20.572183 69.375000
v -15.491088 -22.123567 69.375000
v -13.576102 -23.514498 69.375000
v -11.525695 -24.716932 69.375000
v -9.356075 -25.705605 69.375000
v -7.090219 -26.461058 69.375000
v -4.755863 -26.971840 69.375000
v -2.382798 -27.235509 69.375000
v -0.000000 -27.258268 69.375000
v 2.366860 -27.053333 69.375000
v 4.697063 -26.638366 69.375000
v 6.975372 -26.032444 69.375000
v 9.191399 -25.253160 69.375000
v 11.337967 -24.314350 69.375000
v 13.408887 -23.224874 69.375000
v 15.396597 -21.988619 69.375000
v 17.290221 -20.605683 69.375000
v 19.074458 -19.074458 69.375000
v 20.729573 -17.394177 69.375000
v 22.232539 -15.567391 69.375000
v 23.559130 -13.601870 69.375000
v 24.686598 -11.511550 69.375000
v 25.596418 -9.316334 69.375000
v 26.276565 -7.040784 69.375000
v 26.722890 -4.711966 69.375000
v 26.939287 -2.356882 69.375000
v 27.002914 0.000000 71.250000
v 26.779175 2.342874 71.250000
v 26.374428 4.650523 71.250000
v 25.807156 6.915007 71.250000
v 25.091046 9.132394 71.250000
v 24.233113 11.300086 71.250000
v 23.233283 13.413742 71.250000
v 22.085509 15.464440 71.250000
v 20.780231 17.436684 71.250000
v 19.307728 19.307728 71.250000
v 17.661731 21.048431 71.250000
v 15.842608 22.625588 71.250000
v 13.859519 24.005391 71.250000
v 11.731103 25.157432 71.250000
v 9.484541 26.058562 71.250000
v 7.153146 26.695904 71.250000
v 4.772897 27.068446 71.250000
v 2.378546 27.186906 71.250000
v 0.000000 27.071829 71.250000
v -2.340341 26.750220 71.250000
v -4.628806 26.251263 71.250000
v -6.859997 25.601858 71.250000
v -9.034736 24.822732 71.250000
v -11.156790 23.925814 71.250000
v -13.228996 22.913293 71.250000
v -15.249498 21.778541 71.250000
v -17.208850 20.508708 71.250000
v -19.088524 19.088524 71.250000
v -20.861188 17.504615 71.250000
v -22.492723 15.749574 71.250000
v -23.945709 13.825062 71.250000
v -25.183774 11.743387 71.250000
v -26.176084 9.527316 71.250000
v -26.901202 7.208155 71.250000
v -27.349641 4.822480 71.250000
v -27.524682 2.408098 71.250000
v -27.441322 0.000000 71.250000
v -27.123534 -2.373002 71.250000
v -26.600326 -4.690355 71.250000
v -25.901296 -6.940231 71.250000
v -25.052420 -9.118335 71.250000
v -24.072816 -11.225338 71.250000
v -22.972975 -13.263453 71.250000
v -21.754732 -15.232827 71.250000
v -20.412904 -17.128460 71.250000
v -18.938235 -18.938235 71.250000
v -17.321078 -20.642457 71.250000
v -15.555094 -22.214976 71.250000
v -13.640315 -23.625719 71.250000
v -11.585015 -24.844145 71.250000
v -9.406087 -25.843012 71.250000
v -7.127921 -26.601764 71.250000
v -4.780035 -27.108926 71.250000
v -2.393961 -27.363101 71.250000
v -0.000000 -27.372407 71.250000
v 2.375535 -27.152488 71.250000
v 4.712072 -26.723491 71.250000
v 6.995241 -26.106594 71.250000
v 9.215993 -25.320733 71.250000
v 11.368634 -24.380114 71.250000
v 13.448200 -23.292965 71.250000
v 15.447769 -22.061700 71.250000
v 17.356295 -20.684426 71.250000
v 19.157439 -19.157439 71.250000
v 20.829700 -17.478194 71.250000
v 22.347842 -15.648127 71.250000
v 23.685401 -13.674773 71.250000
v 24.817803 -11.572731 71.250000
v 25.725490 -9.363313 71.250000
v 26.396465 -7.072912 71.250000
v 26.827731 -4.730453 71.250000
v 27.025324 -2.364410 71.250000
v 27.041038 0.000000 73.125000
v 26.798770 2.344589 73.125000
v 26.381292 4.651734 73.125000
v 25.809014 6.915505 73.125000
v 25.096298 9.134305 73.125000
v 24.249450 11.307704 73.125000
v 23.266411 13.432869 73.125000
v 22.138206 15.501339 73.125000
v 20.851905 17.496826 73.125000
v 19.394554 19.394554 73.125000
v 17.757341 21.162375 73.125000
v 15.939213 22.763555 73.125000
v 13.949251 24.160811 73.125000
v 11.807339 25.320919 73.125000
v 9.542968 26.219088 73.125000
v 7.192375 26.842307 73.125000
v 4.794513 27.191036 73.125000
v 2.386594 27.278889 73.125000
v 0.000000 27.130314 73.125000
v -2.342652 26.776635 73.125000
v -4.628777 26.251100 73.125000
v -6.855155 25.583787 73.125000
v -9.025456 24.797236 73.125000
v -11.146413 23.903560 73.125000
v -13.223353 22.903519 73.125000
v -15.255928 21.787723 73.125000
v -17.234870 20.539718 73.125000
v -19.140400 19.140400 73.125000
v -20.942649 17.572969 73.125000
v -22.604077 15.827545 73.125000
v -24.083496 13.904613 73.125000
v -25.341057 11.816729 73.125000
v -26.343316 9.588183 73.125000
v -27.067535 7.252724 73.125000
v -27.504456 4.849778 73.125000
v -27.659085 2.419856 73.125000
v -27.549347 0.000000 73.125000
v -27.202868 -2.379943 73.125000
v -26.652439 -4.699544 73.125000
v -25.930968 -6.948182 73.125000
v -25.066770 -9.123558 73.125000
v -24.080007 -11.228691 73.125000
v -22.980834 -13.267991 73.125000
v -21.769522 -15.243184 73.125000
v -20.438447 -17.149893 73.125000
v -18.975522 -18.975522 73.125000
v -17.368399 -20.698852 73.125000
v -15.608641 -22.291449 73.125000
v -13.695097 -23.720603 73.125000
v -11.635907 -24.953283 73.125000
v -9.448799 -25.960362 73.125000
v -7.159697 -26.720354 73.125000
v -4.799970 -27.221982 73.125000
v -2.402888 -27.465138 73.125000
v -0.000000 -27.460071 73.125000
v 2.381879 -27.225003 73.125000
v 4.722501 -26.782632 73.125000
v 7.008531 -26.156196 73.125000
v 9.232408 -25.365831 73.125000
v 11.389983 -24.425897 73.125000
v 13.477507 -23.343727 73.125000
v 15.488594 -22.120005 73.125000
v 17.411849 -20.750633 73.125000
v 19.229676 -19.229676 73.125000
v 20.918578 -17.552771 73.125000
v 22.450928 -15.720309 73.125000
v 23.797919 -13.739735 73.125000
v 24.933146 -11.626517 73.125000
v 25.836134 -9.403584 73.125000
v 26.495126 -7.099348 73.125000
v 26.908562 -4.744706 73.125000
v 27.084942 -2.369625 73.125000
v 27.049331 0.000000 75.000000
v 26.787858 2.343634 75.000000
v 26.358001 4.647627 75.000000
v 25.782066 6.908284 75.000000
v 25.074938 9.126531 75.000000
v 24.241971 11.304217 75.000000
v 23.278824 13.440035 75.000000
v 22.173287 15.525903 75.000000
v 20.908799 17.544565 75.000000
v 19.468990 19.468990 75.000000
v 17.842429 21.263779 75.000000
v 16.026669 22.888456 75.000000
v 14.030837 24.302122 75.000000
v 11.876247 25.468694 75.000000
v 9.594914 26.361808 75.000000
v 7.226186 26.968492 75.000000
v 4.812125 27.290920 75.000000
v 2.392455 27.345886 75.000000
v 0.000000 27.162016 75.000000
v -2.342524 26.775172 75.000000
v -4.623787 26.222801 75.000000
v -6.842937 25.538187 75.000000
v -9.006663 24.745603 75.000000
v -11.124783 23.857175 75.000000
v -13.205161 22.872011 75.000000
v -15.248919 21.777713 75.000000
v -17.246854 20.554001 75.000000
v -19.177774 19.177774 75.000000
v -21.009099 17.628727 75.000000
v -22.699703 15.894503 75.000000
v -24.204534 13.974494 75.000000
v -25.480236 11.881629 75.000000
v -26.490815 9.641868 75.000000
v -27.212370 7.291533 75.000000
v -27.636066 4.872984 75.000000
v -27.768846 2.429459 75.000000
v -27.631764 0.000000 75.000000
v -27.256241 -2.384612 75.000000
v -26.678920 -4.704213 75.000000
v -25.935996 -6.949529 75.000000
v -25.058015 -9.120371 75.000000
v -24.066010 -11.222165 75.000000
v -22.969598 -13.261504 75.000000
v -21.767282 -15.241615 75.000000
v -20.448834 -17.158609 75.000000
v -18.999243 -18.999243 75.000000
v -17.403449 -20.740623 75.000000
v -15.650976 -22.351911 75.000000
v -13.739620 -23.797721 75.000000
v -11.677544 -25.042574 75.000000
v -9.483459 -26.055591 75.000000
v -7.184940 -26.814561 75.000000
v -4.815253 -27.308655 75.000000
v -2.409376 -27.539298 75.000000
v -0.000000 -27.519079 75.000000
v 2.385722 -27.268927 75.000000
v 4.728053 -26.814120 75.000000
v 7.014876 -26.179874 75.000000
v 9.240240 -25.387349 75.000000
v 11.401599 -24.450807 75.000000
v 13.496378 -23.376412 75.000000
v 15.518598 -22.162855 75.000000
v 17.456320 -20.803632 75.000000
v 19.290459 -19.290459 75.000000
v 20.995303 -17.617151 75.000000
v 22.540664 -15.783143 75.000000
v 23.895309 -13.795963 75.000000
v 25.031033 -11.672162 75.000000
v 25.926584 -9.436505 75.000000
v 26.570683 -7.119593 75.000000
v 26.963509 -4.754394 75.000000
v 27.116338 -2.372372 75.000000
v 27.026486 0.000000 76.875000
v 26.745348 2.339915 76.875000
v 26.303676 4.638048 76.875000
v 25.725608 6.893156 76.875000
v 25.026380 9.108857 76.875000
v 24.210134 11.289371 76.875000
v 23.269946 13.434909 76.875000
v 22.190086 15.537665 76.875000
v 20.950122 17.579240 76.875000
v 19.530122 19.530122 76.875000
v 17.915985 21.351439 76.875000
v 16.103928 22.998792 76.875000
v 14.103260 24.427562 76.875000
v 11.936918 25.598804 76.875000
v 9.639634 26.484677 76.875000
v 7.254037 27.072436 76.875000
v 4.825403 27.366223 76.875000
v 2.395989 27.386275 76.875000
v 0.000000 27.165639 76.875000
v -2.339875 26.744895 76.875000
v -4.613731 26.165771 76.875000
v -6.823258 25.464745 76.875000
v -8.978310 24.667704 76.875000
v -11.091876 23.786605 76.875000
v -13.174368 22.818674 76.875000
v -15.228311 21.748282 76.875000
v -17.244445 20.551130 76.875000
v -19.200004 19.200004 76.875000
v -21.059537 17.671050 76.875000
v -22.778213 15.949476 76.875000
v -24.307052 14.033683 76.875000
v -25.599216 11.937110 76.875000
v -26.616264 9.687528 76.875000
v -27.333300 7.323936 76.875000
v -27.742119 4.891684 76.875000
v -27.851809 2.436718 76.875000
v -27.686723 0.000000 76.875000
v -27.282186 -2.386882 76.875000
v -26.678706 -4.704176 76.875000
v -25.915694 -6.944089 76.875000
v -25.025775 -9.108637 76.875000
v -24.030654 -11.205678 76.875000
v -22.939184 -13.243944 76.875000
v -21.747909 -15.228050 76.875000
v -20.443859 -17.154435 76.875000
v -19.009039 -19.009039 76.875000
v -17.425701 -20.767142 76.875000
v -15.681437 -22.395413 76.875000
v -13.773141 -23.855781 76.875000
v -11.709174 -25.110405 76.875000
v -9.509387 -26.126827 76.875000
v -7.203104 -26.882350 76.875000
v -4.825515 -27.366856 76.875000
v -2.413248 -27.583556 76.875000
v -0.000000 -27.547570 76.875000
v 2.386922 -27.282639 76.875000
v 4.728492 -26.816611 76.875000
v 7.013987 -26.176558 76.875000
v 9.239185 -25.384451 76.875000
v 11.403173 -24.454182 76.875000
v 13.504486 -23.390456 76.875000
v 15.537404 -22.189713 76.875000
v 17.489229 -20.842852 76.875000
v 19.339157 -19.339157 76.875000
v 21.059044 -17.670636 76.875000
v 22.615992 -15.835888 76.875000
v 23.976291 -13.842718 76.875000
v 25.109993 -11.708982 76.875000
v 25.995240 -9.461494 76.875000
v 26.621487 -7.133206 76.875000
v 26.990960 -4.759235 76.875000
v 27.118022 -2.372519 76.875000
v 26.971578 0.000000 78.750000
v 26.670545 2.333370 78.750000
v 26.217833 4.622911 78.750000
v 25.639317 6.870034 78.750000
v 24.950381 9.081196 78.750000
v 24.153688 11.263050 78.750000
v 23.239442 13.417298 78.750000
v 22.188124 15.536292 78.750000
v 20.975226 17.600305 78.750000
v 19.577136 19.577136 78.750000
v 17.977073 21.424242 78.750000
v 16.170000 23.093153 78.750000
v 14.165559 24.535468 78.750000
v 11.988496 25.709412 78.750000
v 9.676440 26.585799 78.750000
v 7.275441 27.152316 78.750000
v 4.834059 27.415314 78.750000
v 2.397078 27.398723 78.750000
v 0.000000 27.140214 78.750000
v -2.334654 26.685215 78.750000
v -4.598568 26.079775 78.750000
v -6.796129 25.363498 78.750000
v -8.940472 24.563745 78.750000
v -11.047806 23.692096 78.750000
v -13.131067 22.743675 78.750000
v -15.194095 21.699416 78.750000
v -17.227433 20.530856 78.750000
v -19.206587 19.206587 78.750000
v -21.093100 17.699213 78.750000
v -22.838352 15.991586 78.750000
v -24.389425 14.081241 78.750000
v -25.696066 11.982272 78.750000
v -26.717533 9.724387 78.750000
v -27.428135 7.349347 78.750000
v -27.820512 4.905507 78.750000
v -27.906094 2.441467 78.750000
v -27.712676 0.000000 78.750000
v -27.279547 -2.386651 78.750000
v -26.651047 -4.699299 78.750000
v -25.869678 -6.931759 78.750000
v -24.969950 -9.088318 78.750000
v -23.974007 -11.179263 78.750000
v -22.889718 -13.215385 78.750000
v -21.711478 -15.202541 78.750000
v -20.423465 -17.137322 78.750000
v -19.004673 -19.004673 78.750000
v -17.434738 -20.777912 78.750000
v -15.699458 -22.421150 78.750000
v -13.795010 -23.893658 78.750000
v -11.730137 -25.155360 78.750000
v -9.525986 -26.172431 78.750000
v -7.213716 -26.921955 78.750000
v -4.830443 -27.394805 78.750000
v -2.414357 -27.596224 78.750000
v -0.000000 -27.544040 78.750000
v 2.385368 -27.264877 78.750000
v 4.723642 -26.789106 78.750000
v 7.005665 -26.145496 78.750000
v 9.229042 -25.356585 78.750000
v 11.394507 -24.435599 78.750000
v 13.501616 -23.385485 78.750000
v 15.544738 -22.200186 78.750000
v 17.510193 -20.867836 78.750000
v 19.375222 -19.375222 78.750000
v 21.109053 -17.712599 78.750000
v 22.675950 -15.877871 78.750000
v 24.039701 -13.879328 78.750000
v 25.168706 -11.736360 78.750000
v 26.040698 -9.478039 78.750000
v 26.646137 -7.139811 78.750000
v 26.989607 -4.758996 78.750000
v 27.088852 -2.369967 78.750000
v 26.884085 0.000000 80.625000
v 26.563175 2.323977 80.625000
v 26.100404 4.602205 80.625000
v 25.523255 6.838936 80.625000
v 24.847043 9.043584 80.625000
v 24.072683 11.225276 80.625000
v 23.187224 13.387150 80.625000
v 22.167117 15.521582 80.625000
v 20.983609 17.607339 80.625000
v 19.609333 19.609333 80.625000
v 18.024851 21.481181 80.625000
v 16.223975 23.170238 80.625000
v 14.216845 24.624299 80.625000
v 12.030194 25.798833 80.625000
v 9.704709 26.663468 80.625000
v 7.289969 27.206536 80.625000
v 4.837854 27.436836 80.625000
v 2.395633 27.382210 80.625000
v 0.000000 27.085117 80.625000
v -2.326841 26.595911 80.625000
v -4.578320 25.964946 80.625000
v -6.761656 25.234844 80.625000
v -8.893344 24.434262 80.625000
v -10.992825 23.574190 80.625000
v -13.075503 22.647435 80.625000
v -15.146413 21.631320 80.625000
v -17.195759 20.493107 80.625000
v -19.197169 19.197169 80.625000
v -21.109077 17.712619 80.625000
v -22.879027 16.020067 80.625000
v -24.450200 14.116329 80.625000
v -25.769051 12.016306 80.625000
v -26.792721 9.751753 80.625000
v -27.494947 7.367249 80.625000
v -27.869435 4.914133 80.625000
v -27.930142 2.443571 80.625000
v -27.708412 0.000000 80.625000
v -27.247510 -2.383848 80.625000
v -26.595523 -4.689508 80.625000
v -25.797870 -6.912519 80.625000
v -24.890714 -9.059479 80.625000
v -23.896385 -11.143067 80.625000
v -22.821534 -13.176019 80.625000
v -21.658238 -15.165262 80.625000
v -20.387739 -17.107344 80.625000
v -18.986038 -18.986038 80.625000
v -17.430260 -20.772575 80.625000
v -15.704585 -22.428472 80.625000
v -13.804682 -23.910410 80.625000
v -11.739876 -25.176246 80.625000
v -9.532756 -26.191031 80.625000
v -7.216386 -26.931921 80.625000
v -4.829784 -27.391068 80.625000
v -2.412587 -27.575992 80.625000
v -0.000000 -27.507380 80.625000
v 2.380984 -27.214773 80.625000
v 4.713393 -26.730982 80.625000
v 6.989798 -26.086281 80.625000
v 9.209719 -25.303496 80.625000
v 11.375518 -24.394878 80.625000
v 13.487666 -23.361323 80.625000
v 15.540431 -22.194036 80.625000
v 17.518924 -20.878241 80.625000
v 19.398201 -19.398201 80.625000
v 21.144678 -17.742492 80.625000
v 22.719683 -15.908493 80.625000
v 24.084509 -13.905198 80.625000
v 25.206029 -11.753764 80.625000
v 26.061778 -9.485711 80.625000
v 26.643510 -7.139107 80.625000
v 26.958469 -4.753505 80.625000
v 27.028060 -2.364649 80.625000
v 26.763904 0.000000 82.500000
v 26.423387 2.311747 82.500000
v 25.951734 4.575991 82.500000
v 25.377874 6.799981 82.500000
v 24.716820 8.996187 82.500000
v 23.967465 11.176212 82.500000
v 23.113449 13.344556 82.500000
v 22.126977 15.493476 82.500000
v 20.974927 17.600054 82.500000
v 19.626140 19.626140 82.500000
v 18.058580 21.521377 82.500000
v 16.265038 23.228881 82.500000
v 14.256319 24.692669 82.500000
v 12.061312 25.865568 82.500000
v 9.723901 26.716197 82.500000
v 7.297265 27.233762 82.500000
v 4.836602 27.429735 82.500000
v 2.391595 27.336056 82.500000
v 0.000000 27.000087 82.500000
v -2.316449 26.477135 82.500000
v -4.553077 25.821785 82.500000
v -6.720040 25.079530 82.500000
v -8.837238 24.280113 82.500000
v -10.927320 23.433714 82.500000
v -13.008061 22.530623 82.500000
v -15.085557 21.544407 82.500000
v -17.149512 20.437993 82.500000
v -19.171553 19.171553 82.500000
v -21.106920 17.710809 82.500000
v -22.899321 16.034277 82.500000
v -24.488128 14.138227 82.500000
v -25.816669 12.038511 82.500000
v -26.840193 9.769031 82.500000
v -27.532106 7.377206 82.500000
v -27.887409 4.917303 82.500000
v -27.922744 2.442924 82.500000
v -27.673077 0.000000 82.500000
v -27.185615 -2.378433 82.500000
v -26.512054 -4.674790 82.500000
v -25.700507 -6.886430 82.500000
v -24.788520 -9.022283 82.500000
v -23.798338 -11.097347 82.500000
v -22.735164 -13.126153 82.500000
v -21.588604 -15.116503 82.500000
v -20.336911 -17.064694 82.500000
v -18.953150 -18.953150 82.500000
v -17.412083 -20.750913 82.500000
v -15.696482 -22.416899 82.500000
v -13.801733 -23.905302 82.500000
v -11.737950 -25.172115 82.500000
v -9.529303 -26.181546 82.500000
v -7.210815 -26.911129 82.500000
v -4.823353 -27.354593 82.500000
v -2.407859 -27.521956 82.500000
v -0.000000 -27.436893 82.500000
v 2.373731 -27.131867 82.500000
v 4.697704 -26.642003 82.500000
v 6.966371 -25.998850 82.500000
v 9.181232 -25.225227 82.500000
v 11.346240 -24.332089 82.500000
v 13.462648 -23.317990 82.500000
v 15.524423 -22.171174 82.500000
v 17.515235 -20.873845 82.500000
v 19.407737 -19.407737 82.500000
v 21.165370 -17.759854 82.500000
v 22.746459 -15.927242 82.500000
v 24.109844 -13.919825 82.500000
v 25.221014 -11.760752 82.500000
v 26.057550 -9.484173 82.500000
v 26.612786 -7.130874 82.500000
v 26.896919 -4.742653 82.500000
v 26.935268 -2.356531 82.500000
v 26.611356 0.000000 84.375000
v 26.251759 2.296731 84.375000
v 25.772579 4.544401 84.375000
v 25.204006 6.753393 84.375000
v 24.560501 8.939291 84.375000
v 23.838673 11.116156 84.375000
v 23.018515 13.289746 84.375000
v 22.067817 15.452052 84.375000
v 20.948997 17.578296 84.375000
v 19.627118 19.627118 84.375000
v 18.077640 21.544092 84.375000
v 16.292481 23.268074 84.375000
v 14.283284 24.739374 84.375000
v 12.081251 25.908325 84.375000
v 9.733565 26.742751 84.375000
v 7.297048 27.232953 84.375000
v 4.830175 27.393284 84.375000
v 2.384935 27.259933 84.375000
v 0.000000 26.885233 84.375000
v -2.303525 26.329409 84.375000
v -4.522991 25.651155 84.375000
v -6.671570 24.898640 84.375000
v -8.772579 24.102462 84.375000
v -10.851803 23.271766 84.375000
v -12.929264 22.394142 84.375000
v -15.011957 21.439296 84.375000
v -17.088934 20.365798 84.375000
v -19.129698 19.129698 84.375000
v -21.086253 17.693467 84.375000
v -22.898518 16.033715 84.375000
v -24.502189 14.146346 84.375000
v -25.837682 12.048309 84.375000
v -26.858612 9.775735 84.375000
v -27.538318 7.378870 84.375000
v -27.873313 4.914817 84.375000
v -27.883066 2.439452 84.375000
v -27.606197 0.000000 84.375000
v -27.093771 -2.370398 84.375000
v -26.400901 -4.655191 84.375000
v -25.578129 -6.853639 84.375000
v -24.664085 -8.976993 84.375000
v -23.680642 -11.042465 84.375000
v -22.631327 -13.066203 84.375000
v -21.503146 -15.056665 84.375000
v -20.271347 -17.009680 84.375000
v -18.906155 -18.906155 84.375000
v -17.380150 -20.712856 84.375000
v -15.674936 -22.386128 84.375000
v -13.785864 -23.877816 84.375000
v -11.724042 -25.142288 84.375000
v -9.515351 -26.143213 84.375000
v -7.196802 -26.858829 84.375000
v -4.811033 -27.284726 84.375000
v -2.400132 -27.433638 84.375000
v -0.000000 -27.332320 84.375000
v 2.363604 -27.016122 84.375000
v 4.676601 -26.522325 84.375000
v 6.935462 -25.883495 84.375000
v 9.143705 -25.122124 84.375000
v 11.306818 -24.247549 84.375000
v 13.426685 -23.255700 84.375000
v 15.496760 -22.131666 84.375000
v 17.499042 -20.854546 84.375000
v 19.403575 -19.403575 84.375000
v 21.170696 -17.764323 84.375000
v 22.755684 -15.933701 84.375000
v 24.115001 -13.922802 84.375000
v 25.212931 -11.756983 84.375000
v 26.027352 -9.473181 84.375000
v 26.553463 -7.114979 84.375000
v 26.804697 -4.726391 84.375000
v 26.810506 -2.345615 84.375000
v 26.427185 0.000000 86.250000
v 26.049290 2.279018 86.250000
v 25.564099 4.507640 86.250000
v 25.002851 6.699494 86.250000
v 24.379202 8.873304 86.250000
v 23.687225 11.045535 86.250000
v 22.903057 13.223086 86.250000
v 21.989941 15.397523 86.250000
v 20.905802 17.542050 86.250000
v 19.611975 19.611975 86.250000
v 18.081541 21.548742 86.250000
v 16.305720 23.286981 86.250000
v 14.297162 24.763410 86.250000
v 12.089518 25.926056 86.250000
v 9.733353 26.742169 86.250000
v 7.289123 27.203376 86.250000
v 4.818504 27.327096 86.250000
v 2.375656 27.153878 86.250000
v 0.000000 26.741033 86.250000
v -2.288145 26.153620 86.250000
v -4.488274 25.454266 86.250000
v -6.616624 24.693577 86.250000
v -8.699893 23.902758 86.250000
v -10.766901 23.089693 86.250000
v -12.839757 22.239112 86.250000
v -14.926178 21.316792 86.250000
v -17.014406 20.276979 86.250000
v -19.071722 19.071722 86.250000
v -21.046884 17.660432 86.250000
v -22.876111 16.018025 86.250000
v -24.491609 14.140237 86.250000
v -25.831139 12.045258 86.250000
v -26.846971 9.771498 86.250000
v -27.512650 7.371992 86.250000
v -27.826414 4.906548 86.250000
v -27.810673 2.433119 86.250000
v -27.507691 0.000000 86.250000
v -26.972257 -2.359767 86.250000
v -26.262664 -4.630816 86.250000
v -25.431576 -6.814370 86.250000
v -24.518379 -8.923960 86.250000
v -23.544279 -10.978877 86.250000
v -22.510913 -12.996682 86.250000
v -21.402581 -14.986248 86.250000
v -20.191544 -16.942717 86.250000
v -18.845318 -18.845318 86.250000
v -17.334526 -20.658484 86.250000
v -15.639864 -22.336041 86.250000
v -13.756909 -23.827665 86.250000
v -11.697966 -25.086368 86.250000
v -9.490744 -26.075606 86.250000
v -7.174246 -26.774651 86.250000
v -4.792786 -27.181237 86.250000
v -2.389403 -27.311001 86.250000
v -0.000000 -27.193842 86.250000
v 2.350639 -26.867927 86.250000
v 4.650183 -26.372497 86.250000
v 6.897240 -25.740850 86.250000
v 9.097371 -24.994822 86.250000
v 11.257511 -24.141811 86.250000
v 13.380010 -23.174858 86.250000
v 15.457593 -22.075730 86.250000
v 17.470362 -20.820366 86.250000
v 19.385571 -19.385571 86.250000
v 21.160342 -17.755635 86.250000
v 22.746911 -15.927559 86.250000
v 24.099465 -13.913833 86.250000
v 25.181285 -11.742226 86.250000
v 25.970804 -9.452600 86.250000
v 26.465377 -7.091376 86.250000
v 26.681920 -4.704742 86.250000
v 26.654206 -2.331941 86.250000
v 26.212543 0.000000 88.125000
v 25.817377 2.258728 88.125000
v 25.327830 4.465980 88.125000
v 24.775953 6.638697 88.125000
v 24.174342 8.798741 88.125000
v 23.514299 10.964898 88.125000
v 22.767930 13.145070 88.125000
v 21.893846 15.330236 88.125000
v 20.845488 17.491441 88.125000
v 19.580564 19.580564 88.125000
v 18.069935 21.534910 88.125000
v 16.304305 23.284961 88.125000
v 14.297502 24.764000 88.125000
v 12.085747 25.917969 88.125000
v 9.723024 26.713788 88.125000
v 7.273382 27.144630 88.125000
v 4.801584 27.231139 88.125000
v 2.363794 27.018287 88.125000
v 0.000000 26.568329 88.125000
v -2.270419 25.951005 88.125000
v -4.449197 25.232648 88.125000
v -6.555654 24.466034 88.125000
v -8.619800 23.682706 88.125000
v -10.673346 22.889064 88.125000
v -12.740301 22.066848 88.125000
v -14.828908 21.177876 88.125000
v -16.926447 20.172154 88.125000
v -18.997901 18.997901 88.125000
v -20.988806 17.611699 88.125000
v -22.831817 15.987010 88.125000
v -24.455880 14.119609 88.125000
v -25.796398 12.029058 88.125000
v -26.804609 9.756080 88.125000
v -27.454549 7.356424 88.125000
v -27.746379 4.892435 88.125000
v -27.705533 2.423920 88.125000
v -27.377868 0.000000 88.125000
v -26.821718 -2.346596 88.125000
v -26.098269 -4.601829 88.125000
v -25.261965 -6.768923 88.125000
v -24.352602 -8.863622 88.125000
v -23.390422 -10.907133 88.125000
v -22.374968 -12.918194 88.125000
v -21.287755 -14.905847 88.125000
v -20.098116 -16.864322 88.125000
v -18.771025 -18.771025 88.125000
v -17.275400 -20.588020 88.125000
v -15.591317 -22.266708 88.125000
v -13.714840 -23.754799 88.125000
v -11.659673 -25.004250 88.125000
v -9.455453 -25.978644 88.125000
v -7.143155 -26.658617 88.125000
v -4.768643 -27.044320 88.125000
v -2.375707 -27.154451 88.125000
v -0.000000 -27.022082 88.125000
v 2.334905 -26.688090 88.125000
v 4.618612 -26.193450 88.125000
v 6.851966 -25.571885 88.125000
v 9.042563 -24.844239 88.125000
v 11.198685 -24.015657 88.125000
v 13.322963 -23.076049 88.125000
v 15.407175 -22.003726 88.125000
v 17.429316 -20.771449 88.125000
v 19.353687 -19.353687 88.125000
v 21.134125 -17.733636 88.125000
v 22.719852 -15.908612 88.125000
v 24.062918 -13.892732 88.125000
v 25.125821 -11.716363 88.125000
v 25.887822 -9.422397 88.125000
v 26.348698 -7.060112 88.125000
v 26.529080 -4.677793 88.125000
v 26.467205 -2.315580 88.125000
v 25.968972 0.000000 90.000000
v 25.557795 2.236017 90.000000
v 25.065657 4.419752 90.000000
v 24.525171 6.571500 90.000000
v 23.947617 8.716220 90.000000
v 23.321312 10.874906 90.000000
v 22.614194 13.056311 90.000000
v 21.780207 15.250665 90.000000
v 20.768365 17.426727 90.000000
v 19.532892 19.532892 90.000000
v 18.042620 21.502357 90.000000
v 16.287931 23.261576 90.000000
v 14.283996 24.740607 90.000000
v 12.069699 25.883553 90.000000
v 9.702448 26.657257 90.000000
v 7.249808 27.056651 90.000000
v 4.779472 27.105733 90.000000
v 2.349414 26.853920 90.000000
v 0.000000 26.368309 90.000000
v -2.250482 25.723124 90.000000
v -4.406081 24.988128 90.000000
v -6.489184 24.217963 90.000000
v -8.533003 23.444232 90.000000
v -10.571960 22.671642 90.000000
v -12.631751 21.878834 90.000000
v -14.720943 21.023685 90.000000
v -16.825703 20.052092 90.000000
v -18.908664 18.908664 90.000000
v -20.912200 17.547419 90.000000
v -22.765581 15.940632 90.000000
v -24.394771 14.084328 90.000000
v -25.733141 11.999561 90.000000
v -26.731234 9.729374 90.000000
v -27.363859 7.332124 90.000000
v -27.633286 4.872494 90.000000
v -27.568023 2.411889 90.000000
v -27.217429 0.000000 90.000000
v -26.643152 -2.330974 90.000000
v -25.908950 -4.568447 90.000000
v -25.070675 -6.717667 90.000000
v -24.168167 -8.796493 90.000000
v -23.220409 -10.827855 90.000000
v -22.224670 -12.831419 90.000000
v -21.159632 -14.816134 90.000000
v -19.991785 -16.775100 90.000000
v -18.683772 -18.683772 90.000000
v -17.203083 -20.501836 90.000000
v -15.529474 -22.178388 90.000000
v -13.659768 -23.659412 90.000000
v -11.609255 -24.896127 90.000000
v -9.409575 -25.852596 90.000000
v -7.103641 -26.511147 90.000000
v -4.738716 -26.874594 90.000000
v -2.359117 -26.964830 90.000000
v -0.000000 -26.818092 90.000000
v 2.316509 -26.477823 90.000000
v 4.582117 -25.986479 90.000000
v 6.799983 -25.377883 90.000000
v 8.979711 -24.671552 90.000000
v 11.130801 -23.870079 90.000000
v 13.255979 -22.960029 90.000000
v 15.345856 -21.916154 90.000000
v 17.376124 -20.708058 90.000000
v 19.308000 -19.308000 90.000000
v 21.091993 -17.698284 90.000000
v 22.674382 -15.876773 90.000000
v 24.005247 -13.859436 90.000000
v 25.046539 -11.679393 90.000000
v 25.778619 -9.382650 90.000000
v 26.203939 -7.021324 90.000000
v 26.347041 -4.645694 90.000000
v 26.250726 -2.296641 90.000000
v 25.698375 0.000000 91.875000
v 25.272660 2.211071 91.875000
v 24.779780 4.369344 91.875000
v 24.252645 6.498477 91.875000
v 23.700966 8.626446 91.875000
v 23.109890 10.776319 91.875000
v 22.443096 12.957527 91.875000
v 21.649866 15.159399 91.875000
v 20.674900 17.348301 91.875000
v 19.469120 19.469120 91.875000
v 17.999544 21.451022 91.875000
v 16.256443 23.216607 91.875000
v 14.256479 24.692947 91.875000
v 12.041269 25.822584 91.875000
v 9.671616 26.572545 91.875000
v 7.218475 26.939717 91.875000
v 4.752285 26.951549 91.875000
v 2.332612 26.661877 91.875000
v 0.000000 26.142488 91.875000
v -2.228497 25.471834 91.875000
v -4.359295 24.722792 91.875000
v -6.417796 23.951541 91.875000
v -8.440271 23.189453 91.875000
v -10.463640 22.439349 91.875000
v -12.515047 21.676698 91.875000
v -14.603173 20.855493 91.875000
v -16.712935 19.917700 91.875000
v -18.804583 18.804583 91.875000
v -20.817432 17.467899 91.875000
v -22.677585 15.879016 91.875000
v -24.308334 14.034423 91.875000
v -25.641381 11.956772 91.875000
v -26.626922 9.691407 91.875000
v -27.240821 7.299156 91.875000
v -27.487621 4.846809 91.875000
v -27.398922 2.397095 91.875000
v -27.027447 0.000000 91.875000
v -26.437895 -2.313016 91.875000
v -25.696230 -4.530939 91.875000
v -24.859314 -6.661033 91.875000
v -23.966666 -8.723153 91.875000
v -23.035722 -10.741733 91.875000
v -22.061311 -12.737104 91.875000
v -21.019271 -14.717852 91.875000
v -19.873371 -16.675739 91.875000
v -18.584160 -18.584160 91.875000
v -17.118003 -20.400442 91.875000
v -15.454649 -22.071526 91.875000
v -13.591943 -23.541936 91.875000
v -11.546938 -24.762488 91.875000
v -9.353336 -25.698079 91.875000
v -7.055919 -26.333047 91.875000
v -4.703186 -26.673093 91.875000
v -2.339744 -26.743401 91.875000
v -0.000000 -26.583335 91.875000
v 2.295591 -26.238720 91.875000
v 4.540987 -25.753217 91.875000
v 6.741714 -25.160418 91.875000
v 8.909329 -24.478180 91.875000
v 11.054412 -23.706263 91.875000
v 13.179584 -22.827709 91.875000
v 15.274078 -21.813644 91.875000
v 17.311105 -20.630571 91.875000
v 19.248696 -19.248696 91.875000
v 21.034032 -17.649648 91.875000
v 22.610549 -15.832077 91.875000
v 23.926549 -13.813999 91.875000
v 24.943691 -11.631434 91.875000
v 25.643702 -9.333544 91.875000
v 26.031943 -6.975238 91.875000
v 26.137021 -4.608662 91.875000
v 26.006356 -2.275261 91.875000
v 25.402977 0.000000 93.750000
v 24.964391 2.184101 93.750000
v 24.472672 4.315192 93.750000
v 23.960751 6.420264 93.750000
v 23.436536 8.530201 93.750000
v 22.881844 10.669979 93.750000
v 22.256043 12.849533 93.750000
v 21.503818 15.057135 93.750000
v 20.565709 17.256679 93.750000
v 19.389560 19.389560 93.750000
v 17.940816 21.381031 93.750000
v 16.209844 23.150056 93.750000
v 14.214939 24.620997 93.750000
v 12.000491 25.735135 93.750000
v 9.630632 26.459944 93.750000
v 7.179550 26.794444 93.750000
v 4.720202 26.769598 93.750000
v 2.313514 26.443585 93.750000
v 0.000000 25.892679 93.750000
v -2.204649 25.199256 93.750000
v -4.309246 24.438949 93.750000
v -6.342122 23.669122 93.750000
v -8.342428 22.920632 93.750000
v -10.349340 22.194232 93.750000
v -12.391195 21.462179 93.750000
v -14.476570 20.674685 93.750000
v -16.589006 19.770007 93.750000
v -18.686371 18.686371 93.750000
v -20.705049 17.373599 93.750000
v -22.568238 15.802450 93.750000
v -24.196903 13.970089 93.750000
v -25.521462 11.900853 93.750000
v -26.492122 9.642344 93.750000
v -27.086072 7.257691 93.750000
v -27.310271 4.815538 93.750000
v -27.199394 2.379639 93.750000
v -26.809354 0.000000 93.750000
v -26.207589 -2.292867 93.750000
v -25.461884 -4.489617 93.750000
v -24.629696 -6.599507 93.750000
v -23.749847 -8.644237 93.750000
v -22.837954 -10.649513 93.750000
v -21.886273 -12.636046 93.750000
v -20.867810 -14.611798 93.750000
v -19.743775 -16.566994 93.750000
v -18.472884 -18.472884 93.750000
v -17.020700 -20.284481 93.750000
v -15.367280 -21.946750 93.750000
v -13.511751 -23.403039 93.750000
v -11.473085 -24.604111 93.750000
v -9.287082 -25.516049 93.750000
v -7.000306 -26.125499 93.750000
v -4.662305 -26.441245 93.750000
v -2.317735 -26.491828 93.750000
v -0.000000 -26.319652 93.750000
v 2.272319 -25.972724 93.750000
v 4.495563 -25.495607 93.750000
v 6.677649 -24.921324 93.750000
v 8.832011 -24.265750 93.750000
v 10.970152 -23.525566 93.750000
v 13.094383 -22.680137 93.750000
v 15.192363 -21.696943 93.750000
v 17.234668 -20.539477 93.750000
v 19.176073 -19.176073 93.750000
v 20.960463 -17.587917 93.750000
v 22.528568 -15.774673 93.750000
v 23.827133 -13.756602 93.750000
v 24.817785 -11.572723 93.750000
v 25.483871 -9.275370 93.750000
v 25.833870 -6.922165 93.750000
v 25.900572 -4.566970 93.750000
v 25.736019 -2.251610 93.750000
v 25.085289 0.000000 95.625000
v 24.635665 2.155341 95.625000
v 24.147032 4.257773 95.625000
v 23.652061 6.337551 95.625000
v 23.156640 8.428328 95.625000
v 22.639131 10.556800 95.625000
v 22.054583 12.733219 95.625000
v 21.343193 14.944665 95.625000
v 20.441550 17.152497 95.625000
v 19.294672 19.294672 95.625000
v 17.866693 21.292696 95.625000
v 16.148290 23.062149 95.625000
v 14.159515 24.524999 95.625000
v 11.947537 25.621576 95.625000
v 9.579719 26.320062 95.625000
v 7.133283 26.621773 95.625000
v 4.683458 26.561210 95.625000
v 2.292270 26.200769 95.625000
v 0.000000 25.620959 95.625000
v -2.179144 24.907732 95.625000
v -4.256372 24.139085 95.625000
v -6.262831 23.373204 95.625000
v -8.240338 22.640142 95.625000
v -10.230057 21.938428 95.625000
v -12.261246 21.237102 95.625000
v -14.342167 20.482737 95.625000
v -16.454869 19.610149 95.625000
v -18.554864 18.554864 95.625000
v -20.575772 17.265123 95.625000
v -22.438177 15.711381 95.625000
v -24.061095 13.891680 95.625000
v -25.374057 11.832117 95.625000
v -26.327644 9.582479 95.625000
v -26.900631 7.208002 95.625000
v -27.102505 4.778903 95.625000
v -26.970967 2.359654 95.625000
v -26.564905 0.000000 95.625000
v -25.954158 -2.270695 95.625000
v -25.207913 -4.444835 95.625000
v -24.383800 -6.533620 95.625000
v -23.519578 -8.560426 95.625000
v -22.628789 -10.551978 95.625000
v -21.701006 -12.529082 95.625000
v -20.706452 -14.498814 95.625000
v -19.603968 -16.449683 95.625000
v -18.350726 -18.350726 95.625000
v -16.911817 -20.154719 95.625000
v -15.267926 -21.804858 95.625000
v -13.419707 -23.243614 95.625000
v -11.388189 -24.422050 95.625000
v -9.211279 -25.307781 95.625000
v -6.937214 -25.890034 95.625000
v -4.616390 -26.180846 95.625000
v -2.293265 -26.212137 95.625000
v -0.000000 -26.029235 95.625000
v 2.246892 -25.682091 95.625000
v 4.446236 -25.215860 95.625000
v 6.608339 -24.662658 95.625000
v 8.748416 -24.036077 95.625000
v 10.878721 -23.329492 95.625000
v 13.001055 -22.518487 95.625000
v 15.101312 -21.566909 95.625000
v 17.147310 -20.435369 95.625000
v 19.090534 -19.090534 95.625000
v 20.871643 -17.513388 95.625000
v 22.428829 -15.704835 95.625000
v 23.707518 -13.687542 95.625000
v 24.669569 -11.503609 95.625000
v 25.300198 -9.208519 95.625000
v 25.611177 -6.862494 95.625000
v 25.639551 -4.520945 95.625000
v 25.441939 -2.225881 95.625000
v 24.748057 0.000000 97.500000
v 24.289364 2.125044 97.500000
v 23.805733 4.197593 97.500000
v 23.329298 6.251066 97.500000
v 22.863720 8.321714 97.500000
v 22.383822 10.437747 97.500000
v 21.840373 12.609545 97.500000
v 21.169240 14.822862 97.500000
v 20.303307 17.036498 97.500000
v 19.185058 19.185058 97.500000
v 17.777589 21.186506 97.500000
v 16.072097 22.953333 97.500000
v 14.090493 24.405450 97.500000
v 11.882714 25.482563 97.500000
v 9.519211 26.153817 97.500000
v 7.080010 26.422958 97.500000
v 4.642338 26.328009 97.500000
v 2.269055 25.935421 97.500000
v 0.000000 25.329633 97.500000
v -2.152202 24.599784 97.500000
v -4.201136 23.825823 97.500000
v -6.180617 23.066377 97.500000
v -8.134888 22.350421 97.500000
v -10.106811 21.674127 97.500000
v -12.126286 21.003344 97.500000
v -14.201043 20.281191 97.500000
v -16.311551 19.439350 97.500000
v -18.411011 18.411011 97.500000
v -20.430482 17.143210 97.500000
v -22.288253 15.606403 97.500000
v -23.901791 13.799705 97.500000
v -25.200152 11.751024 97.500000
v -26.134647 9.512233 97.500000
v -26.685878 7.150460 97.500000
v -26.865951 4.737192 97.500000
v -26.715503 2.337304 97.500000
v -26.296151 0.000000 97.500000
v -25.679766 -2.246688 97.500000
v -24.936506 -4.396979 97.500000
v -24.123745 -6.463938 97.500000
v -23.277821 -8.472434 97.500000
v -22.409969 -10.449940 97.500000
v -21.507003 -12.417074 97.500000
v -20.536444 -14.379773 97.500000
v -19.454977 -16.324664 97.500000
v -18.218540 -18.218540 97.500000
v -16.792093 -20.012037 97.500000
v -15.157257 -21.646806 97.500000
v -13.316446 -23.064762 97.500000
v -11.292860 -24.217617 97.500000
v -9.126497 -25.074845 97.500000
v -6.867139 -25.628511 97.500000
v -4.565816 -25.894027 97.500000
v -2.266541 -25.906680 97.500000
v -0.000000 -25.714575 97.500000
v 2.219530 -25.369347 97.500000
v 4.393436 -24.916416 97.500000
v 6.534387 -24.386665 97.500000
v 8.659259 -23.791120 97.500000
v 10.780876 -23.119664 97.500000
v 12.900333 -22.344032 97.500000
v 15.001591 -21.424493 97.500000
v 17.049611 -20.318935 97.500000
v 18.992587 -18.992587 97.500000
v 20.768061 -17.426472 97.500000
v 22.311886 -15.622951 97.500000
v 23.568421 -13.607234 97.500000
v 24.500028 -11.424551 97.500000
v 25.094016 -9.133475 97.500000
v 25.365590 -6.796689 97.500000
v 25.356084 -4.470962 97.500000
v 25.126598 -2.198292 97.500000
v 24.394216 0.000000 99.375000
v 23.928530 2.093475 99.375000
v 23.451777 4.135181 99.375000
v 22.995281 6.161567 99.375000
v 22.560302 8.211278 99.375000
v 22.118067 10.313824 99.375000
v 21.615154 12.479515 99.375000
v 20.983303 14.692667 99.375000
v 20.151981 16.909520 99.375000
v 19.061451 19.061451 99.375000
v 17.674059 21.063124 99.375000
v 15.981725 22.824269 99.375000
v 14.008307 24.263100 99.375000
v 11.806458 25.319031 99.375000
v 9.449546 25.962413 99.375000
v 7.020144 26.199534 99.375000
v 4.597177 26.071885 99.375000
v 2.244063 25.649761 99.375000
v 0.000000 25.021189 99.375000
v -2.124056 24.278073 99.375000
v -4.144015 23.501875 99.375000
v -6.096189 22.751286 99.375000
v -8.026977 22.053938 99.375000
v -9.980633 21.403536 99.375000
v -11.987412 20.762806 99.375000
v -14.054309 20.071634 99.375000
v -16.160136 19.258901 99.375000
v -18.255861 18.255861 99.375000
v -20.270208 17.008724 99.375000
v -22.119519 15.488254 99.375000
v -23.720126 13.694821 99.375000
v -25.001028 11.658171 99.375000
v -25.914610 9.432147 99.375000
v -26.443529 7.085522 99.375000
v -26.602560 4.690749 99.375000
v -26.435159 2.312777 99.375000
v -26.005395 0.000000 99.375000
v -25.386780 -2.221055 99.375000
v -24.649998 -4.346460 99.375000
v -23.851742 -6.391055 99.375000
v -23.026593 -8.380994 99.375000
v -22.183269 -10.344228 99.375000
v -21.305780 -12.300898 99.375000
v -20.359056 -14.255565 99.375000
v -19.297870 -16.192836 99.375000
v -18.077244 -18.077244 99.375000
v -16.662351 -19.857416 99.375000
v -15.036047 -21.473701 99.375000
v -13.202718 -22.867778 99.375000
v -11.187821 -23.992359 99.375000
v -9.033408 -24.819085 99.375000
v -6.790656 -25.343073 99.375000
v -4.511010 -25.583208 99.375000
v -2.237793 -25.578092 99.375000
v -0.000000 -25.378423 99.375000
v 2.190474 -25.037238 99.375000
v 4.337626 -24.599900 99.375000
v 6.456433 -24.095737 99.375000
v 8.565296 -23.532957 99.375000
v 10.677420 -22.897801 99.375000
v 12.793001 -22.158128 99.375000
v 14.893922 -21.270726 99.375000
v 16.942219 -20.190951 99.375000
v 18.882834 -18.882834 99.375000
v 20.650332 -17.327686 99.375000
v 22.178451 -15.529518 99.375000
v 23.410752 -13.516204 99.375000
v 24.310362 -11.336108 99.375000
v 24.866888 -9.050807 99.375000
v 25.099078 -6.725278 99.375000
v 25.052533 -4.417437 99.375000
v 24.792694 -2.169080 99.375000
v 24.026835 0.000000 101.250000
v 23.556304 2.060910 101.250000
v 23.088239 4.071079 101.250000
v 22.652888 6.069823 101.250000
v 22.248955 8.097957 101.250000
v 21.844063 10.186054 101.250000
v 21.380724 12.344167 101.250000
v 20.786804 14.555077 101.250000
v 19.988670 16.772486 101.250000
v 18.924705 18.924705 101.250000
v 17.556796 20.923374 101.250000
v 15.877780 22.675820 101.250000
v 13.913526 24.098935 101.250000
v 11.719325 25.132173 101.250000
v 9.371259 25.747324 101.250000
v 6.954164 25.953294 101.250000
v 4.548347 25.794959 101.250000
v 2.217505 25.346200 101.250000
v 0.000000 24.698257 101.250000
v -2.094946 23.945346 101.250000
v -4.085496 23.169998 101.250000
v -6.010257 22.430584 101.250000
v -7.917498 21.753147 101.250000
v -9.852544 21.128849 101.250000
v -11.845718 20.517386 101.250000
v -13.903089 19.855669 101.250000
v -16.001752 19.070145 101.250000
v -18.090545 18.090545 101.250000
v -20.096110 16.862638 101.250000
v -21.933209 15.357798 101.250000
v -23.517466 13.577815 101.250000
v -24.778234 11.554280 101.250000
v -25.669310 9.342865 101.250000
v -26.175597 7.013730 101.250000
v -26.314570 4.639969 101.250000
v -26.132349 2.286284 101.250000
v -25.695154 0.000000 101.250000
v -25.077726 -2.194017 101.250000
v -24.350831 -4.293708 101.250000
v -23.570068 -6.315581 101.250000
v -22.767938 -8.286852 101.250000
v -21.950471 -10.235673 101.250000
v -21.098855 -12.181429 101.250000
v -20.175571 -14.127087 101.250000
v -19.133743 -16.055116 101.250000
v -17.927808 -17.927808 101.250000
v -16.523486 -19.691924 101.250000
v -14.905160 -21.286774 101.250000
v -13.079367 -22.654128 101.250000
v -11.073888 -23.748029 101.250000
v -8.932766 -24.542573 101.250000
v -6.708407 -25.036114 101.250000
v -4.452443 -25.251059 101.250000
v -2.207272 -25.229238 101.250000
v -0.000000 -25.023732 101.250000
v 2.159980 -24.688684 101.250000
v 4.279292 -24.269072 101.250000
v 6.375147 -23.792371 101.250000
v 8.467311 -23.263745 101.250000
v 10.569183 -22.665685 101.250000
v 12.679878 -21.962193 101.250000
v 14.779075 -21.106706 101.250000
v 16.825850 -20.052268 101.250000
v 18.761967 -18.761967 101.250000
v 20.519189 -17.217644 101.250000
v 22.029385 -15.425141 101.250000
v 23.235597 -13.415078 101.250000
v 24.101968 -11.238932 101.250000
v 24.620586 -8.961161 101.250000
v 24.813811 -6.648841 101.250000
v 24.731448 -4.360822 101.250000
v 24.443090 -2.138493 101.250000
v 23.649065 0.000000 103.125000
v 23.175881 2.027627 103.125000
v 22.718218 4.005835 103.125000
v 22.304999 5.976606 103.125000
v 21.932249 7.982686 103.125000
v 21.564013 10.055464 103.125000
v 21.138910 12.204555 103.125000
v 20.581217 14.411123 103.125000
v 19.814555 16.626386 103.125000
v 18.775779 18.775779 103.125000
v 17.426614 20.768229 103.125000
v 15.760996 22.509035 103.125000
v 13.806844 23.914156 103.125000
v 11.621980 24.923417 103.125000
v 9.284974 25.510257 103.125000
v 6.882611 25.686253 103.125000
v 4.496257 25.499539 103.125000
v 2.189605 25.027296 103.125000
v 0.000000 24.363563 103.125000
v -2.065118 23.604402 103.125000
v -4.026065 22.832950 103.125000
v -5.923524 22.106894 103.125000
v -7.807328 21.450458 103.125000
v -9.723545 20.852210 103.125000
v -11.702284 20.268950 103.125000
v -13.748505 19.634900 103.125000
v -15.837551 18.874458 103.125000
v -17.916259 17.916259 103.125000
v -19.909459 16.706020 103.125000
v -21.730720 15.216014 103.125000
v -23.295382 13.449595 103.125000
v -24.533562 11.440188 103.125000
v -25.400781 9.245128 103.125000
v -25.884358 6.935693 103.125000
v -26.004460 4.585288 103.125000
v -25.809696 2.258056 103.125000
v -25.368106 0.000000 103.125000
v -24.755245 -2.165803 103.125000
v -24.041515 -4.239168 103.125000
v -23.281021 -6.238131 103.125000
v -22.503896 -8.190748 103.125000
v -21.713335 -10.125095 103.125000
v -20.887724 -12.059533 103.125000
v -19.987264 -13.995233 103.125000
v -18.963704 -15.912437 103.125000
v -17.771236 -17.771236 103.125000
v -16.376456 -19.516700 103.125000
v -14.765534 -21.087367 103.125000
v -12.947324 -22.425423 103.125000
v -10.951962 -23.486559 103.125000
v -8.825398 -24.247582 103.125000
v -6.621086 -24.710231 103.125000
v -4.390621 -24.900446 103.125000
v -2.175245 -24.863164 103.125000
v -0.000000 -24.653608 103.125000
v 2.128313 -24.326725 103.125000
v 4.218937 -23.926783 103.125000
v 6.291213 -23.479125 103.125000
v 8.366106 -22.985687 103.125000
v 10.457014 -22.425139 103.125000
v 12.561805 -21.757684 103.125000
v 14.657851 -20.933581 103.125000
v 16.701272 -19.903801 103.125000
v 18.630757 -18.630757 103.125000
v 20.375470 -17.097050 103.125000
v 21.865682 -15.310516 103.125000
v 23.044196 -13.304573 103.125000
v 23.876414 -11.133755 103.125000
v 24.357058 -8.865244 103.125000
v 24.512126 -6.568004 103.125000
v 24.395525 -4.301589 103.125000
v 24.080765 -2.106794 103.125000
v 23.264092 0.000000 105.000000
v 22.790454 1.993906 105.000000
v 22.344788 3.939989 105.000000
v 21.954459 5.882679 105.000000
v 21.612720 7.866387 105.000000
v 21.280101 9.923074 105.000000
v 20.891541 12.061737 105.000000
v 20.368049 14.261861 105.000000
v 19.630879 16.472264 105.000000
v 18.615725 18.615725 105.000000
v 17.284438 20.598791 105.000000
v 15.632223 22.325129 105.000000
v 13.689067 23.710159 105.000000
v 11.515187 24.694399 105.000000
v 9.191386 25.253126 105.000000
v 6.806073 25.400612 105.000000
v 4.441339 25.188086 105.000000
v 2.160595 24.695710 105.000000
v 0.000000 24.019886 105.000000
v -2.034814 23.258036 105.000000
v -3.966202 22.493449 105.000000
v -5.836676 21.782770 105.000000
v -7.697315 21.148199 105.000000
v -9.594602 20.575690 105.000000
v -11.558155 20.019311 105.000000
v -13.591660 19.410902 105.000000
v -15.668697 18.673226 105.000000
v -17.734246 17.734246 105.000000
v -19.711620 16.540013 105.000000
v -21.513583 15.063973 105.000000
v -23.055622 13.311170 105.000000
v -24.269007 11.316824 105.000000
v -25.111275 9.139757 105.000000
v -25.572301 6.852077 105.000000
v -25.674908 4.527179 105.000000
v -25.469985 2.228335 105.000000
v -25.027051 0.000000 105.000000
v -24.422049 -2.136652 105.000000
v -23.724584 -4.183284 105.000000
v -22.986893 -6.159319 105.000000
v -22.236475 -8.093415 105.000000
v -21.473582 -10.013296 105.000000
v -20.673848 -11.936052 105.000000
v -19.795386 -13.860878 105.000000
v -18.788864 -15.765729 105.000000
v -17.608561 -17.608561 105.000000
v -16.222262 -19.332939 105.000000
v -14.618171 -20.876911 105.000000
v -12.807587 -22.183392 105.000000
v -10.823011 -23.210022 105.000000
v -8.712188 -23.936539 105.000000
v -6.529433 -24.368177 105.000000
v -4.326074 -24.534384 105.000000
v -2.141988 -24.483040 105.000000
v -0.000000 -24.271257 105.000000
v 2.095744 -23.954468 105.000000
v 4.157071 -23.575923 105.000000
v 6.205323 -23.158582 105.000000
v 8.262487 -22.700996 105.000000
v 10.341768 -22.177994 105.000000
v 12.439634 -21.546078 105.000000
v 14.531080 -20.752532 105.000000
v 16.569295 -19.746517 105.000000
v 18.490040 -18.490040 105.000000
v 20.220110 -16.966687 105.000000
v 21.688457 -15.186421 105.000000
v 22.837929 -13.185484 105.000000
v 23.635414 -11.021375 105.000000
v 24.078391 -8.763817 105.000000
v 24.196488 -6.483430 105.000000
v 24.047561 -4.240234 105.000000
v 23.708766 -2.074248 105.000000
v 22.875082 0.000000 106.875000
v 22.403167 1.960023 106.875000
v 21.970955 3.874072 106.875000
v 21.604036 5.788784 106.875000
v 21.292832 7.749957 106.875000
v 20.994459 9.789877 106.875000
v 20.640422 11.916753 106.875000
v 20.148819 14.108355 106.875000
v 19.438932 16.311201 106.875000
v 18.445667 18.445667 106.875000
v 17.131286 20.416271 106.875000
v 15.492414 22.125460 106.875000
v 13.561096 23.488506 106.875000
v 11.399790 24.446929 106.875000
v 9.091253 24.978012 106.875000
v 6.725180 25.098712 106.875000
v 4.384047 24.863164 106.875000
v 2.130713 24.354161 106.875000
v 0.000000 23.670012 106.875000
v -2.004278 22.909006 106.875000
v -3.906372 22.154136 106.875000
v -5.750367 21.460662 106.875000
v -7.588265 20.848587 106.875000
v -9.466633 20.301259 106.875000
v -11.414332 19.770203 106.875000
v -13.433630 19.185212 106.875000
v -15.496349 18.467830 106.875000
v -17.545780 17.545780 106.875000
v -19.504026 16.365821 106.875000
v -21.283440 14.902825 106.875000
v -22.800077 13.163631 106.875000
v -23.986732 11.185197 106.875000
v -24.803222 9.027635 106.875000
v -25.242086 6.763597 106.875000
v -25.328737 4.466140 106.875000
v -25.116112 2.197375 106.875000
v -24.674855 0.000000 106.875000
v -24.080876 -2.106804 106.875000
v -23.402562 -4.126503 106.875000
v -22.689930 -6.079748 106.875000
v -21.967621 -7.995560 106.875000
v -21.232867 -9.901049 106.875000
v -20.458632 -11.811797 106.875000
v -19.601153 -13.724875 106.875000
v -18.610320 -15.615912 106.875000
v -17.440823 -17.440823 106.875000
v -16.061940 -19.141875 106.875000
v -14.464119 -20.656903 106.875000
v -12.661209 -21.929857 106.875000
v -10.688051 -22.920600 106.875000
v -8.594061 -23.611988 106.875000
v -6.434215 -24.012818 106.875000
v -4.259351 -24.155978 106.875000
v -2.107786 -24.092108 106.875000
v -0.000000 -23.879925 106.875000
v 2.062549 -23.575038 106.875000
v 4.094203 -23.219380 106.875000
v 6.118165 -22.833304 106.875000
v 8.157252 -22.411866 106.875000
v 10.224293 -21.926067 106.875000
v 12.314218 -21.328852 106.875000
v 14.399600 -20.564760 106.875000
v 16.430764 -19.581423 106.875000
v 18.340710 -18.340710 106.875000
v 20.054120 -16.827404 106.875000
v 21.498922 -15.053707 106.875000
v 22.618287 -13.058674 106.875000
v 23.380796 -10.902644 106.875000
v 23.786778 -8.657679 106.875000
v 23.869444 -6.395798 106.875000
v 23.690405 -4.177258 106.875000
v 23.330157 -2.041124 106.875000
v 22.485138 0.000000 108.750000
v 22.017074 1.926244 108.750000
v 21.599613 3.808595 108.750000
v 21.256384 5.695631 108.750000
v 20.974945 7.634256 108.750000
v 20.709136 9.656829 108.750000
v 20.387312 11.770620 108.750000
v 19.925035 13.951660 108.750000
v 19.240029 16.144301 108.750000
v 18.266783 18.266783 108.750000
v 16.968249 20.221971 108.750000
v 15.342600 21.911504 108.750000
v 13.423911 23.250896 108.750000
v 11.276699 24.182959 108.750000
v 8.985379 24.687127 108.750000
v 6.640585 24.783002 108.750000
v 4.324843 24.527404 108.750000
v 2.100199 24.005385 108.750000
v 0.000000 23.316691 108.750000
v -1.973743 22.559990 108.750000
v -3.847021 21.817538 108.750000
v -5.665221 21.142892 108.750000
v -7.480937 20.553706 108.750000
v -9.340499 20.030765 108.750000
v -11.271761 19.523263 108.750000
v -13.275446 18.959301 108.750000
v -15.321645 18.259625 108.750000
v -17.352147 17.352147 108.750000
v -19.288159 16.184687 108.750000
v -21.042017 14.733779 108.750000
v -22.530750 13.008135 108.750000
v -23.689030 11.046376 108.750000
v -24.479185 8.909695 108.750000
v -24.896494 6.670996 108.750000
v -24.968866 4.402685 108.750000
v -24.751036 2.165435 108.750000
v -24.314409 0.000000 108.750000
v -23.734448 -2.076495 108.750000
v -23.077921 -4.069260 108.750000
v -22.392307 -6.000001 108.750000
v -21.699197 -7.897862 108.750000
v -20.992763 -9.789086 108.750000
v -20.243409 -11.687538 108.750000
v -19.405731 -13.588039 108.750000
v -18.429141 -15.463886 108.750000
v -17.269065 -17.269065 108.750000
v -15.896543 -18.944762 108.750000
v -14.304457 -20.428882 108.750000
v -12.509275 -21.666701 108.750000
v -10.548133 -22.620544 108.750000
v -8.471968 -23.276542 108.750000
v -6.336216 -23.647078 108.750000
v -4.191007 -23.768380 108.750000
v -2.072924 -23.693628 108.750000
v -0.000000 -23.482856 108.750000
v 2.028996 -23.191531 108.750000
v 4.030834 -22.859996 108.750000
v 6.030411 -22.505800 108.750000
v 8.051180 -22.120435 108.750000
v 10.105416 -21.671134 108.750000
v 12.186397 -21.107459 108.750000
v 14.264254 -20.371465 108.750000
v 16.286542 -19.409545 108.750000
v 18.183701 -18.183701 108.750000
v 19.878575 -16.680105 108.750000
v 21.298369 -14.913278 108.750000
v 22.386847 -12.925052 108.750000
v 23.114473 -10.778456 108.750000
v 23.484484 -8.547653 108.750000
v 23.533586 -6.305805 108.750000
v 23.326918 -4.113165 108.750000
v 22.947976 -2.007688 108.750000
v 22.097256 0.000000 110.625000
v 21.635093 1.892825 110.625000
v 21.233511 3.744041 110.625000
v 20.914011 5.603892 110.625000
v 20.661288 7.520094 110.625000
v 20.426080 9.524837 110.625000
v 20.133900 11.624313 110.625000
v 19.698175 13.792811 110.625000
v 19.035490 15.972672 110.625000
v 18.080289 18.080289 110.625000
v 16.796475 20.017259 110.625000
v 15.183881 21.684829 110.625000
v 13.278555 22.999132 110.625000
v 11.146873 23.904546 110.625000
v 8.874603 24.382771 110.625000
v 6.552962 24.455987 110.625000
v 4.264195 24.183453 110.625000
v 2.069290 23.652089 110.625000
v 0.000000 22.962604 110.625000
v -1.943434 22.213555 110.625000
v -3.788568 21.486039 110.625000
v -5.581815 20.831618 110.625000
v -7.376032 20.265481 110.625000
v -9.216996 19.765913 110.625000
v -11.131323 19.280018 110.625000
v -13.118084 18.734565 110.625000
v -15.145690 18.049930 110.625000
v -17.154626 17.154626 110.625000
v -19.065524 15.997874 110.625000
v -20.791091 14.558079 110.625000
v -22.249719 12.845881 110.625000
v -23.378279 10.901470 110.625000
v -24.141812 8.786901 110.625000
v -24.538379 6.575039 110.625000
v -24.598263 4.337337 110.625000
v -24.377731 2.132775 110.625000
v -23.948582 0.000000 110.625000
v -23.385429 -2.045960 110.625000
v -22.753050 -4.011977 110.625000
v -22.096098 -5.920632 110.625000
v -21.432958 -7.800959 110.625000
v -20.754742 -9.678095 110.625000
v -20.029431 -11.563997 110.625000
v -19.210224 -13.451143 110.625000
v -18.246362 -15.310516 110.625000
v -17.094311 -17.094311 110.625000
v -15.727126 -18.742859 110.625000
v -14.140278 -20.194410 110.625000
v -12.352892 -21.395836 110.625000
v -10.404323 -22.312143 110.625000
v -8.346873 -22.932844 110.625000
v -6.236223 -23.273899 110.625000
v -4.121596 -23.374735 110.625000
v -2.037684 -23.290830 110.625000
v -0.000000 -23.083234 110.625000
v 1.995351 -22.806967 110.625000
v 3.967449 -22.500522 110.625000
v 5.942709 -22.178490 110.625000
v 7.945021 -21.828765 110.625000
v 9.985936 -21.414909 110.625000
v 12.056987 -20.883314 110.625000
v 14.125871 -20.173834 110.625000
v 16.137499 -19.231922 110.625000
v 18.019974 -18.019974 110.625000
v 19.694595 -16.525727 110.625000
v 21.088147 -14.766080 110.625000
v 22.145249 -12.785566 110.625000
v 22.838410 -10.649725 110.625000
v 23.173803 -8.434575 110.625000
v 23.191507 -6.214146 110.625000
v 22.959925 -4.048454 110.625000
v 22.565188 -1.974198 110.625000
v 21.714290 0.000000 112.500000
v 21.259978 1.860007 112.500000
v 20.875220 3.680865 112.500000
v 20.579250 5.514193 112.500000
v 20.353936 7.408227 112.500000
v 20.147112 9.394752 112.500000
v 19.881788 11.478755 112.500000
v 19.469668 13.632809 112.500000
v 18.826623 15.797412 112.500000
v 17.887418 17.887418 112.500000
v 16.617147 19.803545 112.500000
v 15.017395 21.447063 112.500000
v 13.126109 22.735088 112.500000
v 11.011303 23.613815 112.500000
v 8.759779 24.067296 112.500000
v 6.462987 24.120195 112.500000
v 4.202567 23.833941 112.500000
v 2.038216 23.296918 112.500000
v 0.000000 22.610321 112.500000
v -1.913563 21.872121 112.500000
v -3.731406 21.161855 112.500000
v -5.500682 20.528825 112.500000
v -7.274187 19.985664 112.500000
v -9.096848 19.508254 112.500000
v -10.993826 19.041865 112.500000
v -12.962457 18.512308 112.500000
v -14.969542 17.840005 112.500000
v -16.954473 16.954473 112.500000
v -18.837628 15.806647 112.500000
v -20.532465 14.376987 112.500000
v -21.959102 12.678094 112.500000
v -23.056905 10.751611 112.500000
v -23.793793 8.660232 112.500000
v -24.170620 6.476498 112.500000
v -24.219894 4.270621 112.500000
v -23.999137 2.099652 112.500000
v -23.580180 0.000000 112.500000
v -23.036395 -2.015423 112.500000
v -22.430226 -3.955054 112.500000
v -21.803251 -5.842164 112.500000
v -21.170537 -7.705445 112.500000
v -20.520162 -9.568709 112.500000
v -19.817851 -11.441842 112.500000
v -19.015662 -13.314910 112.500000
v -18.062967 -15.156629 112.500000
v -16.917559 -16.917559 112.500000
v -15.554734 -18.537410 112.500000
v -13.972672 -19.955043 112.500000
v -12.193164 -21.119180 112.500000
v -10.257688 -21.997684 112.500000
v -8.219732 -22.583527 112.500000
v -6.135016 -22.896193 112.500000
v -4.051665 -22.978135 112.500000
v -2.002342 -22.886868 112.500000
v -0.000000 -22.684149 112.500000
v 1.961868 -22.424252 112.500000
v 3.904513 -22.143591 112.500000
v 5.855675 -21.853676 112.500000
v 7.839485 -21.538808 112.500000
v 9.866613 -21.159020 112.500000
v 11.926771 -20.657773 112.500000
v 13.985261 -19.973022 112.500000
v 15.984500 -19.049585 112.500000
v 17.850504 -17.850504 112.500000
v 19.503327 -16.365235 112.500000
v 20.869641 -14.613080 112.500000
v 21.895166 -12.641180 112.500000
v 22.554593 -10.517380 112.500000
v 22.857030 -8.319279 112.500000
v 22.845768 -6.121505 112.500000
v 22.592182 -3.983611 112.500000
v 22.184649 -1.940905 112.500000
v 21.338918 0.000000 114.375000
v 20.894286 1.828013 114.375000
v 20.527108 3.619483 114.375000
v 20.254240 5.427107 114.375000
v 20.054787 7.299346 114.375000
v 19.873909 9.267356 114.375000
v 19.632470 11.334812 114.375000
v 19.240876 13.472606 114.375000
v 18.614706 15.619593 114.375000
v 17.689398 17.689398 114.375000
v 16.431465 19.582258 114.375000
v 14.844308 21.199869 114.375000
v 12.967679 22.460679 114.375000
v 10.870994 23.312921 114.375000
v 8.641769 23.743064 114.375000
v 6.371331 23.778132 114.375000
v 4.140411 23.481439 114.375000
v 2.007201 22.942417 114.375000
v 0.000000 22.262276 114.375000
v -1.884326 21.537940 114.375000
v -3.675890 20.847010 114.375000
v -5.422299 20.236296 114.375000
v -7.175971 19.715818 114.375000
v -8.980699 19.259171 114.375000
v -10.859997 18.810067 114.375000
v -12.809407 18.293728 114.375000
v -14.794201 17.631042 114.375000
v -16.752905 16.752905 114.375000
v -18.605960 15.612254 114.375000
v -20.267938 14.191763 114.375000
v -21.661027 12.506000 114.375000
v -22.727344 10.597935 114.375000
v -23.437818 8.530668 114.375000
v -23.796076 6.376139 114.375000
v -23.836682 4.203050 114.375000
v -23.618124 2.066318 114.375000
v -23.211905 0.000000 114.375000
v -22.689794 -1.985100 114.375000
v -22.111583 -3.898869 114.375000
v -21.515570 -5.765080 114.375000
v -20.913424 -7.611864 114.375000
v -20.290257 -9.461502 114.375000
v -19.609718 -11.321676 114.375000
v -18.822993 -13.180002 114.375000
v -17.879882 -15.003002 114.375000
v -16.739769 -16.739769 114.375000
v -15.380386 -18.329630 114.375000
v -13.802713 -19.712317 114.375000
v -12.031185 -20.838625 114.375000
v -10.109281 -21.679422 114.375000
v -8.091486 -22.231176 114.375000
v -6.033359 -22.516802 114.375000
v -3.981742 -22.581579 114.375000
v -1.967163 -22.484776 114.375000
v -0.000000 -22.288547 114.375000
v 1.928787 -22.046140 114.375000
v 3.842461 -21.791682 114.375000
v 5.769888 -21.533514 114.375000
v 7.735239 -21.252393 114.375000
v 9.748159 -20.904995 114.375000
v 11.796490 -20.432121 114.375000
v 13.843202 -19.770141 114.375000
v 15.828394 -18.863545 114.375000
v 17.676262 -17.676262 114.375000
v 19.305927 -16.199596 114.375000
v 20.644247 -14.455257 114.375000
v 21.638276 -12.492864 114.375000
v 22.265000 -10.382340 114.375000
v 22.536422 -8.202587 114.375000
v 22.498859 -6.028551 114.375000
v 22.226335 -3.919103 114.375000
v 21.809069 -1.908046 114.375000
v 20.973617 0.000000 116.250000
v 20.540355 1.797048 116.250000
v 20.191321 3.560275 116.250000
v 19.940908 5.343150 116.250000
v 19.765552 7.194072 116.250000
v 19.607993 9.143357 116.250000
v 19.387322 11.193275 116.250000
v 19.013079 13.313101 116.250000
v 18.400968 15.440246 116.250000
v 17.487438 17.487438 116.250000
v 16.240624 19.354822 116.250000
v 14.665788 20.944916 116.250000
v 12.804373 22.177824 116.250000
v 10.726950 23.004019 116.250000
v 8.521422 23.412414 116.250000
v 6.278653 23.432251 116.250000
v 4.078165 23.128423 116.250000
v 1.976456 22.590999 116.250000
v 0.000000 21.920736 116.250000
v -1.855903 21.213072 116.250000
v -3.622342 20.543324 116.250000
v -5.347090 19.955612 116.250000
v -7.081881 19.457309 116.250000
v -8.869112 19.019872 116.250000
v -10.730480 18.585737 116.250000
v -12.659692 18.079914 116.250000
v -14.620599 17.424151 116.250000
v -16.551083 16.551083 116.250000
v -18.371968 15.415912 116.250000
v -19.999282 14.003648 116.250000
v -21.357595 12.330814 116.250000
v -22.392002 10.441562 116.250000
v -23.076536 8.399172 116.250000
v -23.417547 6.274713 116.250000
v -23.451465 4.135126 116.250000
v -23.237449 2.033013 116.250000
v -22.846327 0.000000 116.250000
v -22.347921 -1.955190 116.250000
v -21.799096 -3.843769 116.250000
v -21.234696 -5.689820 116.250000
v -20.662957 -7.520701 116.250000
v -20.066120 -9.356986 116.250000
v -19.405966 -11.204040 116.250000
v -18.633076 -13.047020 116.250000
v -17.697961 -14.850353 116.250000
v -16.561847 -16.561847 116.250000
v -15.205061 -18.120686 116.250000
v -13.631443 -19.467718 116.250000
v -11.868018 -20.556011 116.250000
v -9.960122 -21.359551 116.250000
v -7.963047 -21.878293 116.250000
v -5.931983 -22.138463 116.250000
v -3.912331 -22.187933 116.250000
v -1.932400 -22.087435 116.250000
v -0.000000 -21.899208 116.250000
v 1.896335 -21.675205 116.250000
v 3.781701 -21.447093 116.250000
v 5.685880 -21.219992 116.250000
v 7.632893 -20.971200 116.250000
v 9.631231 -20.654241 116.250000
v 11.666835 -20.207551 116.250000
v 13.700430 -19.566241 116.250000
v 15.670000 -18.674778 116.250000
v 17.498202 -17.498202 116.250000
v 19.103540 -16.029773 116.250000
v 20.413353 -14.293583 116.250000
v 21.376240 -12.341578 116.250000
v 21.971568 -10.245510 116.250000
v 22.214170 -8.085297 116.250000
v 22.153167 -5.935923 116.250000
v 21.864891 -3.855370 116.250000
v 21.440985 -1.875843 116.250000
v 20.620640 0.000000 118.125000
v 20.200288 1.767296 118.125000
v 19.869766 3.503576 118.125000
v 19.640954 5.262778 118.125000
v 19.487738 7.092957 118.125000
v 19.350715 9.023387 118.125000
v 19.147588 11.054865 118.125000
v 18.787463 13.155123 118.125000
v 18.186577 15.260350 118.125000
v 17.282708 17.282708 118.125000
v 16.045798 19.122637 118.125000
v 14.482992 20.683856 118.125000
v 12.637288 21.888425 118.125000
v 10.580160 22.689226 118.125000
v 8.399568 23.077624 118.125000
v 6.185584 23.084913 118.125000
v 4.016244 22.777250 118.125000
v 1.946178 22.244921 118.125000
v 0.000000 21.587782 118.125000
v -1.828458 20.899368 118.125000
v -3.571044 20.252399 118.125000
v -5.275419 19.688133 118.125000
v -6.992342 19.211301 118.125000
v -8.762567 18.791386 118.125000
v -10.605831 18.369838 118.125000
v -12.513990 17.871830 118.125000
v -14.449589 17.220350 118.125000
v -16.350103 16.350103 118.125000
v -18.137042 15.218785 118.125000
v -19.728213 13.813844 118.125000
v -21.050855 12.153717 118.125000
v -22.053224 10.283587 118.125000
v -22.712520 8.266681 118.125000
v -23.037735 6.172942 118.125000
v -23.066959 4.067327 118.125000
v -22.859725 1.999967 118.125000
v -22.485850 0.000000 118.125000
v -22.012896 -1.925879 118.125000
v -21.494557 -3.790070 118.125000
v -20.962094 -5.616776 118.125000
v -20.420313 -7.432386 118.125000
v -19.848707 -9.255604 118.125000
v -19.207408 -11.089402 118.125000
v -18.446670 -12.916498 118.125000
v -17.517986 -14.699335 118.125000
v -16.384640 -16.384640 118.125000
v -15.029691 -17.911688 118.125000
v -13.459860 -19.222672 118.125000
v -11.704683 -20.273106 118.125000
v -9.811192 -21.040170 118.125000
v -7.835284 -21.527267 118.125000
v -5.831585 -21.763773 118.125000
v -3.843911 -21.799902 118.125000
v -1.898289 -21.697539 118.125000
v -0.000000 -21.518708 118.125000
v 1.864717 -21.313816 118.125000
v 3.722602 -21.111924 118.125000
v 5.604135 -20.914916 118.125000
v 7.533001 -20.696750 118.125000
v 9.516424 -20.408036 118.125000
v 11.538436 -19.985157 118.125000
v 13.557631 -19.362303 118.125000
v 15.510096 -18.484213 118.125000
v 17.317245 -17.317245 118.125000
v 18.897284 -15.856704 118.125000
v 20.178315 -14.129008 118.125000
v 21.110675 -12.188254 118.125000
v 21.676172 -10.107765 118.125000
v 21.892371 -7.968171 118.125000
v 21.810952 -5.844227 118.125000
v 21.510193 -3.792827 118.125000
v 21.082736 -1.844500 118.125000
v 20.282003 0.000000 120.000000
v 19.875937 1.738919 120.000000
v 19.564106 3.449680 120.000000
v 19.355848 5.186384 120.000000
v 19.222647 6.996471 120.000000
v 19.103252 8.907993 120.000000
v 18.914371 10.920217 120.000000
v 18.565107 12.999428 120.000000
v 17.972623 15.080822 120.000000
v 17.076326 17.076326 120.000000
v 15.848124 18.887058 120.000000
v 14.297043 20.418294 120.000000
v 12.467491 21.594327 120.000000
v 10.431579 22.370594 120.000000
v 8.277006 22.740887 120.000000
v 6.092726 22.738365 120.000000
v 3.955036 22.430124 120.000000
v 1.916549 21.906261 120.000000
v 0.000000 21.265292 120.000000
v -1.802132 20.598461 120.000000
v -3.522239 19.975611 120.000000
v -5.207593 19.435001 120.000000
v -6.907701 18.978753 120.000000
v -8.661458 18.574556 120.000000
v -10.486516 18.163179 120.000000
v -12.372888 17.670315 120.000000
v -14.281942 17.020556 120.000000
v -16.150981 16.150981 120.000000
v -17.902497 15.021978 120.000000
v -19.456376 13.623501 120.000000
v -20.742774 11.975846 120.000000
v -21.713263 10.125061 120.000000
v -22.348234 8.134092 120.000000
v -22.659212 6.071517 120.000000
v -22.685728 4.000106 120.000000
v -22.487392 1.967392 120.000000
v -22.132693 0.000000 120.000000
v -21.686644 -1.897336 120.000000
v -21.199565 -3.738055 120.000000
v -20.699046 -5.546293 120.000000
v -20.186496 -7.347284 120.000000
v -19.638819 -9.157732 120.000000
v -19.014732 -10.978161 120.000000
v -18.264433 -12.788894 120.000000
v -17.340649 -14.550533 120.000000
v -16.208925 -16.208925 120.000000
v -14.855145 -17.703672 120.000000
v -13.288905 -18.978523 120.000000
v -11.542146 -19.991582 120.000000
v -9.663418 -20.723267 120.000000
v -7.709017 -21.180350 120.000000
v -5.732818 -21.395167 120.000000
v -3.776924 -21.420000 120.000000
v -1.865046 -21.317577 120.000000
v -0.000000 -21.149404 120.000000
v 1.834123 -20.964120 120.000000
v 3.665496 -20.788061 120.000000
v 5.525084 -20.619893 120.000000
v 7.436054 -20.430391 120.000000
v 9.404267 -20.167515 120.000000
v 11.411862 -19.765924 120.000000
v 13.415434 -19.159225 120.000000
v 15.349412 -18.292717 120.000000
v 17.134270 -17.134270 120.000000
v 18.688234 -15.681290 120.000000
v 19.940440 -13.962447 120.000000
v 20.843136 -12.033790 120.000000
v 21.380598 -9.969937 120.000000
v 21.573003 -7.851931 120.000000
v 21.474320 -5.754027 120.000000
v 21.164396 -3.731854 120.000000
v 20.736445 -1.814204 120.000000
v 19.959472 0.000000 121.875000
v 19.568900 1.712057 121.875000
v 19.275750 3.398835 121.875000
v 19.086822 5.114299 121.875000
v 18.971369 6.905014 121.875000
v 18.866599 8.797640 121.875000
v 18.688627 10.789884 121.875000
v 18.346974 12.846689 121.875000
v 17.760110 14.902502 121.875000
v 16.869344 16.869344 121.875000
v 15.648684 18.649376 121.875000
v 14.109022 20.149772 121.875000
v 12.296006 21.297308 121.875000
v 10.282123 22.050085 121.875000
v 8.154490 22.404278 121.875000
v 6.000644 22.394708 121.875000
v 3.894901 22.089083 121.875000
v 1.887734 21.576900 121.875000
v 0.000000 20.954926 121.875000
v -1.777048 20.311757 121.875000
v -3.476129 19.714105 121.875000
v -5.143857 19.197136 121.875000
v -6.828234 18.760418 121.875000
v -8.566093 18.370046 121.875000
v -10.372912 17.966411 121.875000
v -12.236880 17.476076 121.875000
v -14.118337 16.825579 121.875000
v -15.954645 15.954645 121.875000
v -17.669559 14.826520 121.875000
v -19.185322 13.433707 121.875000
v -20.435219 11.798279 121.875000
v -21.374256 9.966979 121.875000
v -21.986005 8.002251 121.875000
v -22.284395 5.971086 121.875000
v -22.310162 3.933883 121.875000
v -22.122700 1.935485 121.875000
v -21.788870 0.000000 121.875000
v -21.370881 -1.869710 121.875000
v -20.915514 -3.687970 121.875000
v -20.446638 -5.478660 121.875000
v -19.962341 -7.265698 121.875000
v -19.437111 -9.063674 121.875000
v -18.828499 -10.870639 121.875000
v -18.086913 -12.664593 121.875000
v -17.166558 -14.404453 121.875000
v -16.035400 -16.035400 121.875000
v -14.682221 -17.497590 121.875000
v -13.119453 -18.736521 121.875000
v -11.381307 -19.713003 121.875000
v -9.517664 -20.410696 121.875000
v -7.585006 -20.839633 121.875000
v -5.636282 -21.034893 121.875000
v -3.711777 -21.050533 121.875000
v -1.832870 -20.949805 121.875000
v -0.000000 -20.793416 121.875000
v 1.804718 -20.628024 121.875000
v 3.610676 -20.477160 121.875000
v 5.449102 -20.336324 121.875000
v 7.342478 -20.173292 121.875000
v 9.295220 -19.933664 121.875000
v 11.287611 -19.550716 121.875000
v 13.274402 -18.957811 121.875000
v 15.188617 -18.101089 121.875000
v 16.950099 -16.950099 121.875000
v 18.477407 -15.504386 121.875000
v 19.700970 -13.794768 121.875000
v 20.575091 -11.879035 121.875000
v 21.086525 -9.832808 121.875000
v 21.257906 -7.737245 121.875000
v 21.145206 -5.665841 121.875000
v 20.829454 -3.672795 121.875000
v 20.404005 -1.785119 121.875000
v 19.654562 0.000000 123.750000
v 19.280516 1.686827 123.750000
v 19.005857 3.351245 123.750000
v 18.834874 5.046789 123.750000
v 18.734782 6.818903 123.750000
v 18.641571 8.692707 123.750000
v 18.471162 10.664331 123.750000
v 18.133908 12.697499 123.750000
v 17.549943 14.726151 123.750000
v 16.662734 16.662734 123.750000
v 15.448499 18.410805 123.750000
v 13.919950 19.879749 123.750000
v 12.123805 20.999047 123.750000
v 10.132655 21.729549 123.750000
v 8.032729 22.069741 123.750000
v 5.909857 22.055888 123.750000
v 3.836166 21.755976 123.750000
v 1.859879 21.258513 123.750000
v 0.000000 20.658124 123.750000
v -1.753310 20.040428 123.750000
v -3.432875 19.468799 123.750000
v -5.084400 18.975240 123.750000
v -6.754140 18.556848 123.750000
v -8.476699 18.178340 123.750000
v -10.265304 17.780029 123.750000
v -12.106371 17.289689 123.750000
v -13.959360 16.636118 123.750000
v -15.761927 15.761927 123.750000
v -17.439356 14.633357 123.750000
v -18.916494 13.245471 123.750000
v -20.129937 11.622025 123.750000
v -21.038203 9.810275 123.750000
v -21.628007 7.871951 123.750000
v -21.915523 5.872247 123.750000
v -21.942452 3.869046 123.750000
v -21.767687 1.904426 123.750000
v -21.456176 0.000000 123.750000
v -21.067107 -1.843133 123.750000
v -20.643590 -3.640022 123.750000
v -20.205765 -5.414118 123.750000
v -19.748506 -7.187868 123.750000
v -19.244084 -8.973664 123.750000
v -18.649139 -10.767085 123.750000
v -17.914551 -12.543904 123.750000
v -16.996223 -14.261524 123.750000
v -15.864682 -15.864682 123.750000
v -14.511644 -17.294303 123.750000
v -12.952306 -18.497810 123.750000
v -11.222998 -19.438804 123.750000
v -9.374725 -20.104162 123.750000
v -7.463950 -20.507034 123.750000
v -5.542528 -20.684997 123.750000
v -3.648837 -20.693582 123.750000
v -1.801938 -20.596244 123.750000
v -0.000000 -20.452615 123.750000
v 1.776649 -20.307194 123.750000
v 3.558393 -20.180648 123.750000
v 5.376508 -20.065400 123.750000
v 7.252631 -19.926440 123.750000
v 9.189672 -19.707314 123.750000
v 11.166111 -19.340272 123.750000
v 13.135032 -18.758769 123.750000
v 15.028315 -17.910048 123.750000
v 16.765489 -16.765489 123.750000
v 18.265752 -15.326786 123.750000
v 19.461065 -13.626784 123.750000
v 20.307913 -11.724779 123.750000
v 20.795507 -9.697104 123.750000
v 20.948768 -7.624728 123.750000
v 20.825363 -5.580139 123.750000
v 20.507106 -3.615956 123.750000
v 20.087070 -1.757391 123.750000
v 19.368534 0.000000 125.625000
v 19.011868 1.663323 125.625000
v 18.755336 3.307072 125.625000
v 18.600770 4.984061 125.625000
v 18.513556 6.738383 125.625000
v 18.428802 8.593492 125.625000
v 18.262631 10.543935 125.625000
v 17.926626 12.552358 125.625000
v 17.342928 14.552444 125.625000
v 16.457386 16.457386 125.625000
v 15.248513 18.172470 125.625000
v 13.730782 19.609588 125.625000
v 11.951795 20.701116 125.625000
v 9.983977 21.410707 125.625000
v 7.912373 21.739067 125.625000
v 5.820841 21.723673 125.625000
v 3.779120 21.432457 125.625000
v 1.833111 20.952559 125.625000
v 0.000000 20.376097 125.625000
v -1.731000 19.785420 125.625000
v -3.392599 19.240385 125.625000
v -5.029353 18.769801 125.625000
v -6.685551 18.368400 125.625000
v -8.393420 17.999747 125.625000
v -10.163892 17.604377 125.625000
v -11.981671 17.111599 125.625000
v -13.805502 16.452757 125.625000
v -15.573561 15.573561 125.625000
v -17.212909 14.443345 125.625000
v -18.651216 13.059722 125.625000
v -19.828540 11.448013 125.625000
v -20.706953 9.655811 125.625000
v -21.276238 7.743917 125.625000
v -21.554643 5.775549 125.625000
v -21.584582 3.805944 125.625000
v -21.424168 1.874372 125.625000
v -21.136183 0.000000 125.625000
v -20.776597 -1.817717 125.625000
v -20.384767 -3.594384 125.625000
v -19.977128 -5.352855 125.625000
v -19.545477 -7.113972 125.625000
v -19.060087 -8.887865 125.625000
v -18.476953 -10.667674 125.625000
v -17.747676 -12.427057 125.625000
v -16.830059 -14.122096 125.625000
v -15.697300 -15.697300 125.625000
v -14.344053 -17.094576 125.625000
v -12.788185 -18.263421 125.625000
v -11.067970 -19.170287 125.625000
v -9.235321 -19.805210 125.625000
v -7.346478 -20.184282 125.625000
v -5.452047 -20.347316 125.625000
v -3.588429 -20.350994 125.625000
v -1.772403 -20.258664 125.625000
v -0.000000 -20.128620 125.625000
v 1.750040 -20.003045 125.625000
v 3.508857 -19.899717 125.625000
v 5.307564 -19.808098 125.625000
v 7.166804 -19.690633 125.625000
v 9.087937 -19.489143 125.625000
v 11.047717 -19.135207 125.625000
v 12.997744 -18.562703 125.625000
v 14.869038 -17.720230 125.625000
v 16.581125 -16.581125 125.625000
v 18.054138 -15.149220 125.625000
v 19.221793 -13.459245 125.625000
v 20.042862 -11.571752 125.625000
v 20.508964 -9.563487 125.625000
v 20.647111 -7.514934 125.625000
v 20.516346 -5.497338 125.625000
v 20.198868 -3.561605 125.625000
v 19.787055 -1.731143 125.625000
v 19.102395 0.000000 127.500000
v 18.763787 1.641619 127.500000
v 18.524853 3.266431 127.500000
v 18.385050 4.926259 127.500000
v 18.308162 6.663626 127.500000
v 18.228750 8.500206 127.500000
v 18.063537 10.428988 127.500000
v 17.725720 12.411683 127.500000
v 17.139762 14.381968 127.500000
v 16.254095 16.254095 127.500000
v 15.049589 17.935401 127.500000
v 13.542396 19.340547 127.500000
v 11.780812 20.404965 127.500000
v 9.836826 21.095142 127.500000
v 7.794017 21.413887 127.500000
v 5.734018 21.399648 127.500000
v 3.724022 21.119977 127.500000
v 1.807540 20.660281 127.500000
v 0.000000 20.109831 127.500000
v -1.710180 19.547448 127.500000
v -3.355385 19.029335 127.500000
v -4.978790 18.581099 127.500000
v -6.622526 18.195241 127.500000
v -8.316320 17.834406 127.500000
v -10.068787 17.439651 127.500000
v -11.863001 16.942121 127.500000
v -13.657158 16.275967 127.500000
v -15.390176 15.390176 127.500000
v -16.991124 14.257246 127.500000
v -18.390688 12.877299 127.500000
v -19.532499 11.277094 127.500000
v -20.382190 9.504371 127.500000
v -20.932515 7.618813 127.500000
v -21.203600 5.681487 127.500000
v -21.238319 3.744889 127.500000
v -21.093736 1.845463 127.500000
v -20.830233 0.000000 127.500000
v -20.500407 -1.793553 127.500000
v -20.139809 -3.551192 127.500000
v -19.761234 -5.295007 127.500000
v -19.353568 -7.044123 127.500000
v -18.885327 -8.806373 127.500000
v -18.312117 -10.572506 127.500000
v -17.586511 -12.314208 127.500000
v -16.668385 -13.986435 127.500000
v -15.533693 -15.533693 127.500000
v -14.180004 -16.899070 127.500000
v -12.627729 -18.034267 127.500000
v -10.916893 -18.908613 127.500000
v -9.100095 -19.515217 127.500000
v -7.233149 -19.872914 127.500000
v -5.365271 -20.023464 127.500000
v -3.530838 -20.024380 127.500000
v -1.744400 -19.938586 127.500000
v -0.000000 -19.822796 127.500000
v 1.724992 -19.716745 127.500000
v 3.462238 -19.635327 127.500000
v 5.242476 -19.565186 127.500000
v 7.085223 -19.466489 127.500000
v 8.990258 -19.279671 127.500000
v 10.932706 -18.936003 127.500000
v 12.862890 -18.370110 127.500000
v 14.711245 -17.532180 127.500000
v 16.397613 -16.397613 127.500000
v 17.843347 -14.972346 127.500000
v 18.984125 -13.292827 127.500000
v 19.781078 -11.420611 127.500000
v 20.228169 -9.432550 127.500000
v 20.354285 -7.408354 127.500000
v 20.219513 -5.417802 127.500000
v 19.906037 -3.509971 127.500000
v 19.505131 -1.706478 127.500000
v 18.856909 0.000000 129.375000
v 18.536860 1.621765 129.375000
v 18.314843 3.229401 129.375000
v 18.188038 4.873470 129.375000
v 18.118871 6.594730 129.375000
v 18.041704 8.412985 129.375000
v 17.874239 10.319697 129.375000
v 17.531658 12.275799 129.375000
v 16.941037 14.215218 129.375000
v 16.053565 16.053565 129.375000
v 14.852504 17.700525 129.375000
v 13.355595 19.073767 129.375000
v 11.611618 20.111913 129.375000
v 9.691871 20.784285 129.375000
v 7.678193 21.095661 129.375000
v 5.649765 21.085211 129.375000
v 3.671089 20.819781 129.375000
v 1.783255 20.382702 129.375000
v 0.000000 19.860089 129.375000
v -1.690894 19.327011 129.375000
v -3.321279 18.835909 129.375000
v -4.932735 18.409218 129.375000
v -6.565062 18.037358 129.375000
v -8.245391 17.682299 129.375000
v -9.980022 17.285905 129.375000
v -11.750493 16.781443 129.375000
v -13.514628 16.106106 129.375000
v -15.212299 15.212299 129.375000
v -16.774795 14.075725 129.375000
v -18.135980 12.698950 129.375000
v -19.243134 11.110028 129.375000
v -20.065430 9.356664 129.375000
v -20.598465 7.497228 129.375000
v -20.864031 5.590500 129.375000
v -20.905207 3.686152 129.375000
v -20.777753 1.817818 129.375000
v -20.539440 0.000000 129.375000
v -20.239370 -1.770715 129.375000
v -19.909275 -3.510542 129.375000
v -19.558408 -5.240660 129.375000
v -19.172934 -6.978377 129.375000
v -18.719864 -8.729216 129.375000
v -18.154685 -10.481612 129.375000
v -17.431169 -12.205436 129.375000
v -16.511424 -13.854730 129.375000
v -15.374215 -15.374215 129.375000
v -14.019966 -16.708345 129.375000
v -12.471492 -17.811137 129.375000
v -10.770353 -18.654799 129.375000
v -8.969611 -19.235393 129.375000
v -7.124452 -19.574271 129.375000
v -5.282576 -19.714841 129.375000
v -3.476306 -19.715112 129.375000
v -1.718040 -19.637283 129.375000
v -0.000000 -19.536259 129.375000
v 1.701586 -19.449219 129.375000
v 3.418664 -19.388209 129.375000
v 5.181395 -19.337228 129.375000
v 7.008046 -19.254447 129.375000
v 8.896809 -19.079269 129.375000
v 10.821287 -18.743019 129.375000
v 12.730742 -18.181384 129.375000
v 14.555320 -17.346354 129.375000
v 16.215480 -16.215480 129.375000
v 17.634075 -14.796746 129.375000
v 18.748924 -13.128138 129.375000
v 19.523579 -11.271943 129.375000
v 19.954249 -9.304819 129.375000
v 20.071467 -7.305416 129.375000
v 19.936021 -5.341841 129.375000
v 19.629685 -3.461243 129.375000
v 19.242232 -1.683477 129.375000
v 18.632605 0.000000 131.250000
v 18.331443 1.603793 131.250000
v 18.125515 3.196017 131.250000
v 18.009851 4.825725 131.250000
v 17.945775 6.531728 131.250000
v 17.867788 8.331887 131.250000
v 17.694956 10.216187 131.250000
v 17.344787 12.144951 131.250000
v 16.747237 14.052601 131.250000
v 15.856403 15.856403 131.250000
v 14.657952 17.468666 131.250000
v 13.171097 18.810276 131.250000
v 11.444902 19.823151 131.250000
v 9.549711 20.479420 131.250000
v 7.565369 20.785681 131.250000
v 5.568405 20.781570 131.250000
v 3.620506 20.532911 131.250000
v 1.760327 20.120635 131.250000
v 0.000000 19.627420 131.250000
v -1.673168 19.124393 131.250000
v -3.290291 18.660165 131.250000
v -4.891160 18.254056 131.250000
v -6.513092 17.894572 131.250000
v -8.180554 17.543255 131.250000
v -9.897550 17.143059 131.250000
v -11.644197 16.629636 131.250000
v -13.378121 15.943424 131.250000
v -15.040357 15.040357 131.250000
v -16.564601 13.899351 131.250000
v -17.888028 12.525332 131.250000
v -18.961615 10.947494 131.250000
v -19.758018 9.213315 131.250000
v -20.275524 7.379687 131.250000
v -20.537365 5.502970 131.250000
v -20.586572 3.629968 131.250000
v -20.477356 1.791536 131.250000
v -20.264696 0.000000 131.250000
v -19.994109 -1.749258 131.250000
v -19.693528 -3.472500 131.250000
v -19.368795 -5.189853 131.250000
v -19.003572 -6.916735 131.250000
v -18.563628 -8.656362 131.250000
v -18.004595 -10.394958 131.250000
v -17.281664 -12.100752 131.250000
v -16.359308 -13.727089 131.250000
v -15.219128 -15.219128 131.250000
v -13.864326 -16.522861 131.250000
v -12.319944 -17.594703 131.250000
v -10.628856 -18.409719 131.250000
v -8.844354 -18.966777 131.250000
v -7.020804 -19.289500 131.250000
v -5.204277 -19.422627 131.250000
v -3.425033 -19.424329 131.250000
v -1.693412 -19.355783 131.250000
v -0.000000 -19.269880 131.250000
v 1.679884 -19.201159 131.250000
v 3.378227 -19.158878 131.250000
v 5.124418 -19.124590 131.250000
v 6.935371 -19.054775 131.250000
v 8.807694 -18.888161 131.250000
v 10.713595 -18.556491 131.250000
v 12.601506 -17.996815 131.250000
v 14.401569 -17.163121 131.250000
v 16.035173 -16.035173 131.250000
v 17.426926 -14.622927 131.250000
v 18.516951 -12.965709 131.250000
v 19.271254 -11.126264 131.250000
v 19.688179 -9.180749 131.250000
v 19.799657 -7.206486 131.250000
v 19.666831 -5.269712 131.250000
v 19.370668 -3.415571 131.250000
v 18.999062 -1.662203 131.250000
v 18.429783 0.000000 133.125000
v 18.147668 1.587715 133.125000
v 17.956870 3.166281 133.125000
v 17.850414 4.783004 133.125000
v 17.788787 6.474589 133.125000
v 17.706978 8.256899 133.125000
v 17.525772 10.118509 133.125000
v 17.165338 12.019299 133.125000
v 16.558749 13.894440 133.125000
v 15.663127 15.663127 133.125000
v 14.466537 17.240548 133.125000
v 12.989541 18.550988 133.125000
v 11.281271 19.539735 133.125000
v 9.410872 20.181681 133.125000
v 7.455956 20.485070 133.125000
v 5.490212 20.489749 133.125000
v 3.572422 20.260213 133.125000
v 1.738810 19.874687 133.125000
v 0.000000 19.412166 133.125000
v -1.657007 18.939680 133.125000
v -3.262397 18.501973 133.125000
v -4.853989 18.115334 133.125000
v -6.466493 17.766543 133.125000
v -8.121663 17.416963 133.125000
v -9.821253 17.010909 133.125000
v -11.544083 16.486659 133.125000
v -13.247761 15.788067 133.125000
v -14.874679 14.874679 133.125000
v -16.361110 13.728601 133.125000
v -17.647644 12.357013 133.125000
v -18.688967 10.790080 133.125000
v -19.461132 9.074875 133.125000
v -19.964939 7.266643 133.125000
v -20.224829 5.419227 133.125000
v -20.283525 3.576533 133.125000
v -20.193464 1.766699 133.125000
v -20.006678 0.000000 133.125000
v -19.765041 -1.729217 133.125000
v -19.492742 -3.437096 133.125000
v -19.192373 -5.142581 133.125000
v -18.845333 -6.859140 133.125000
v -18.416421 -8.587718 133.125000
v -17.861677 -10.312444 133.125000
v -17.137915 -12.000098 133.125000
v -16.212081 -13.603552 133.125000
v -15.068614 -15.068614 133.125000
v -13.713386 -16.342977 133.125000
v -12.173471 -17.385518 133.125000
v -10.492824 -18.174104 133.125000
v -8.724730 -18.710243 133.125000
v -6.922553 -19.019557 133.125000
v -5.130635 -19.147790 133.125000
v -3.377180 -19.152942 133.125000
v -1.670586 -19.094881 133.125000
v -0.000000 -19.024296 133.125000
v 1.659925 -18.973029 133.125000
v 3.340980 -18.947639 133.125000
v 5.071596 -18.927453 133.125000
v 6.867236 -18.867577 133.125000
v 8.722954 -18.706435 133.125000
v 10.609700 -18.376540 133.125000
v 12.475314 -17.816594 133.125000
v 14.250231 -16.982764 133.125000
v 15.857062 -15.857062 133.125000
v 17.222414 -14.451321 133.125000
v 18.288863 -12.805999 133.125000
v 19.024872 -10.984015 133.125000
v 19.430792 -9.060727 133.125000
v 19.539688 -7.111865 133.125000
v 19.412710 -5.201620 133.125000
v 19.129630 -3.373070 133.125000
v 18.776103 -1.642696 133.125000
v 18.248533 0.000000 135.000000
v 17.985457 1.573524 135.000000
v 17.808709 3.140156 135.000000
v 17.709469 4.745238 135.000000
v 17.647663 6.423224 135.000000
v 17.559104 8.187945 135.000000
v 17.366653 10.026642 135.000000
v 16.993436 11.898932 135.000000
v 16.375860 13.740978 135.000000
v 15.474166 15.474166 135.000000
v 14.278786 17.016795 135.000000
v 12.811490 18.296703 135.000000
v 11.121266 19.262597 135.000000
v 9.275817 19.892053 135.000000
v 7.350301 20.194787 135.000000
v 5.415412 20.210592 135.000000
v 3.526952 20.002339 135.000000
v 1.718738 19.645268 135.000000
v 0.000000 19.214472 135.000000
v -1.642404 18.772765 135.000000
v -3.237544 18.361023 135.000000
v -4.821106 17.992614 135.000000
v -6.425090 17.652789 135.000000
v -8.068515 17.302986 135.000000
v -9.750948 16.889138 135.000000
v -11.450050 16.352366 135.000000
v -13.123591 15.640087 135.000000
v -14.715503 14.715503 135.000000
v -16.164784 13.563864 135.000000
v -17.415513 12.194473 135.000000
v -18.426069 10.638296 135.000000
v -19.175784 8.941815 135.000000
v -19.667775 7.158485 135.000000
v -19.927448 5.339544 135.000000
v -19.996967 3.526005 135.000000
v -19.926788 1.743368 135.000000
v -19.765858 0.000000 135.000000
v -19.552389 -1.710612 135.000000
v -19.306916 -3.404330 135.000000
v -19.028967 -5.098796 135.000000
v -18.697935 -6.805492 135.000000
v -18.277933 -8.523140 135.000000
v -17.725666 -10.233918 135.000000
v -16.999755 -11.903357 135.000000
v -16.069711 -13.484088 135.000000
v -14.922780 -14.922780 135.000000
v -13.567371 -16.168963 135.000000
v -12.032384 -17.184025 135.000000
v -10.362603 -17.948554 135.000000
v -8.611073 -18.466506 135.000000
v -6.829980 -18.765215 135.000000
v -5.061854 -18.891095 135.000000
v -3.332870 -18.901644 135.000000
v -1.649612 -18.855146 135.000000
v -0.000000 -18.799919 135.000000
v 1.641732 -18.765081 135.000000
v 3.306942 -18.754602 135.000000
v 5.022928 -18.745822 135.000000
v 6.803626 -18.692809 135.000000
v 8.642570 -18.534051 135.000000
v 10.509611 -18.203180 135.000000
v 12.352239 -17.640825 135.000000
v 14.101476 -16.805484 135.000000
v 15.681442 -15.681442 135.000000
v 17.020973 -14.282292 135.000000
v 18.065215 -12.649400 135.000000
v 18.785082 -10.845572 135.000000
v 19.182775 -8.945075 135.000000
v 19.292227 -7.021796 135.000000
v 19.174240 -5.137722 135.000000
v 18.907015 -3.333817 135.000000
v 18.573626 -1.624982 135.000000
v 18.086161 0.000000 136.875000
v 17.841738 1.560950 136.875000
v 17.677936 3.117097 136.875000
v 17.584254 4.711687 136.875000
v 17.520279 6.376860 136.875000
v 17.422897 8.124430 136.875000
v 17.217268 9.940394 136.875000
v 16.829657 11.784253 136.875000
v 16.199895 13.593326 136.875000
v 15.291352 15.291352 136.875000
v 14.096753 16.799856 136.875000
v 12.638942 18.050280 136.875000
v 10.966602 18.994711 136.875000
v 9.145834 19.613305 136.875000
v 7.249221 19.917072 136.875000
v 5.344395 19.945554 136.875000
v 3.484186 19.759798 136.875000
v 1.700071 19.431904 136.875000
v 0.000000 19.032974 136.875000
v -1.629179 18.621601 136.875000
v -3.215299 18.234866 136.875000
v -4.791833 17.883364 136.875000
v -6.388044 17.551006 136.875000
v -8.020258 17.199499 136.875000
v -9.685952 16.776561 136.875000
v -11.361757 16.226271 136.875000
v -13.005745 15.499643 136.875000
v -14.563503 14.563503 136.875000
v -15.976813 13.406138 136.875000
v -17.193234 12.038832 136.875000
v -18.174748 10.493195 136.875000
v -18.903810 8.814991 136.875000
v -19.385656 7.055802 136.875000
v -19.646444 5.264249 136.875000
v -19.727596 3.478507 136.875000
v -19.677458 1.721555 136.875000
v -19.541859 0.000000 136.875000
v -19.355396 -1.693378 136.875000
v -19.135092 -3.374033 136.875000
v -18.877624 -5.058244 136.875000
v -18.560617 -6.755512 136.875000
v -18.147733 -8.462427 136.875000
v -17.596525 -10.159358 136.875000
v -16.867537 -11.810777 136.875000
v -15.932858 -13.369255 136.875000
v -14.782467 -14.782467 136.875000
v -13.427157 -16.001862 136.875000
v -11.897450 -16.991320 136.875000
v -10.238753 -17.734040 136.875000
v -8.503691 -18.236225 136.875000
v -6.743157 -18.526670 136.875000
v -4.997838 -18.652184 136.875000
v -3.291939 -18.669513 136.875000
v -1.630367 -18.635180 136.875000
v -0.000000 -18.595046 136.875000
v 1.625149 -18.575533 136.875000
v 3.275831 -18.578163 136.875000
v 4.978098 -18.578514 136.875000
v 6.744329 -18.529890 136.875000
v 8.566599 -18.371130 136.875000
v 10.413801 -18.037232 136.875000
v 12.233272 -17.470923 136.875000
v 13.956836 -16.633109 136.875000
v 15.510316 -15.510316 136.875000
v 16.824905 -14.117772 136.875000
v 17.848365 -12.497560 136.875000
v 18.554004 -10.712159 136.875000
v 18.945720 -8.834534 136.875000
v 19.058086 -6.936576 136.875000
v 18.951294 -5.077984 136.875000
v 18.701715 -3.297617 136.875000
v 18.389626 -1.608884 136.875000
v 17.939925 0.000000 138.750000
v 17.713472 1.549728 138.750000
v 17.561556 3.096576 138.750000
v 17.472146 4.681647 138.750000
v 17.404657 6.334777 138.750000
v 17.297200 8.065817 138.750000
v 17.077348 9.859612 138.750000
v 16.674555 11.675649 138.750000
v 16.032073 13.452507 138.750000
v 15.116336 15.116336 138.750000
v 13.922258 16.591901 138.750000
v 12.473638 17.814201 138.750000
v 10.818740 18.738608 138.750000
v 9.021988 19.347716 138.750000
v 7.153356 19.653683 138.750000
v 5.277435 19.695655 138.750000
v 3.444152 19.532759 138.750000
v 1.682749 19.233906 138.750000
v 0.000000 18.866232 138.750000
v -1.617158 18.484196 138.750000
v -3.195261 18.121228 138.750000
v -4.765560 17.785312 138.750000
v -6.354623 17.459185 138.750000
v -7.976174 17.104959 138.750000
v -9.625711 16.672221 138.750000
v -11.278960 16.108025 138.750000
v -12.894387 15.366932 138.750000
v -14.419282 14.419282 138.750000
v -15.798198 13.256262 138.750000
v -16.982090 11.890988 138.750000
v -17.936402 10.355587 138.750000
v -18.646535 8.695022 138.750000
v -19.119651 6.958984 138.750000
v -19.382489 5.193522 138.750000
v -19.475614 3.434076 138.750000
v -19.445213 1.701236 138.750000
v -19.334032 0.000000 138.750000
v -19.173171 -1.677435 138.750000
v -18.976317 -3.346037 138.750000
v -18.737505 -5.020699 138.750000
v -18.432805 -6.708992 138.750000
v -18.025605 -8.405477 138.750000
v -17.474427 -10.088865 138.750000
v -16.741776 -11.722718 138.750000
v -15.802279 -13.259686 138.750000
v -14.648536 -14.648536 138.750000
v -13.293561 -15.842649 138.750000
v -11.769324 -16.808336 138.750000
v -10.121687 -17.531275 138.750000
v -8.402737 -18.019727 138.750000
v -6.662014 -18.303734 138.750000
v -4.938383 -18.430296 138.750000
v -3.254158 -18.455249 138.750000
v -1.612701 -18.433259 138.750000
v -0.000000 -18.407725 138.750000
v 1.610005 -18.402447 138.750000
v 3.247352 -18.416646 138.750000
v 4.936787 -18.424339 138.750000
v 6.689146 -18.378278 138.750000
v 8.495121 -18.217846 138.750000
v 10.322765 -17.879554 138.750000
v 12.119407 -17.308307 138.750000
v 13.817806 -16.467420 138.750000
v 15.345590 -15.345590 138.750000
v 16.636352 -13.959557 138.750000
v 17.640447 -12.351974 138.750000
v 18.333481 -10.584840 138.750000
v 18.720908 -8.729703 138.750000
v 18.837766 -6.856386 138.750000
v 18.743462 -5.022296 138.750000
v 18.512394 -3.264235 138.750000
v 18.221952 -1.594214 138.750000
v 17.809603 0.000000 140.625000
v 17.600411 1.539836 140.625000
v 17.459313 3.078548 140.625000
v 17.372902 4.655055 140.625000
v 17.300589 6.296900 140.625000
v 17.181853 8.012030 140.625000
v 16.946786 9.784231 140.625000
v 16.528079 11.573085 140.625000
v 15.872390 13.318517 140.625000
v 14.949148 14.949148 140.625000
v 13.755351 16.392989 140.625000
v 12.315630 17.588543 140.625000
v 10.677726 18.494364 140.625000
v 8.904307 19.095347 140.625000
v 7.062713 19.404644 140.625000
v 5.214525 19.460872 140.625000
v 3.406838 19.321139 140.625000
v 1.666758 19.051133 140.625000
v 0.000000 18.714056 140.625000
v -1.606320 18.360327 140.625000
v -3.177388 18.019866 140.625000
v -4.742223 17.698218 140.625000
v -6.324751 17.377110 140.625000
v -7.936179 17.019191 140.625000
v -9.570153 16.575991 140.625000
v -11.201605 15.997549 140.625000
v -12.789489 15.241920 140.625000
v -14.282844 14.282844 140.625000
v -15.628969 13.114262 140.625000
v -16.782129 11.750973 140.625000
v -17.711085 10.225500 140.625000
v -18.403999 8.581926 140.625000
v -18.869771 6.868035 140.625000
v -19.135556 5.127357 140.625000
v -19.240944 3.392698 140.625000
v -19.229928 1.682401 140.625000
v -19.142212 0.000000 140.625000
v -19.005519 -1.662767 140.625000
v -18.830383 -3.320305 140.625000
v -18.608407 -4.986108 140.625000
v -18.314319 -6.665867 140.625000
v -17.911405 -8.352225 140.625000
v -17.359270 -10.022379 140.625000
v -16.622414 -11.639139 140.625000
v -15.677952 -13.155364 140.625000
v -14.520992 -14.520992 140.625000
v -13.166606 -15.691349 140.625000
v -11.648029 -16.635110 140.625000
v -10.011422 -17.340291 140.625000
v -8.308214 -17.817022 140.625000
v -6.586545 -18.096385 140.625000
v -4.883473 -18.225368 140.625000
v -3.219508 -18.258739 140.625000
v -1.596600 -18.249226 140.625000
v -0.000000 -18.237760 140.625000
v 1.596283 -18.245603 140.625000
v 3.221464 -18.269830 140.625000
v 4.898939 -18.283091 140.625000
v 6.638016 -18.237798 140.625000
v 8.428076 -18.074067 140.625000
v 10.236457 -17.730064 140.625000
v 12.010620 -17.152943 140.625000
v 13.684391 -16.308423 140.625000
v 15.187296 -15.187296 140.625000
v 16.455369 -13.807694 140.625000
v 17.441523 -12.212686 140.625000
v 18.123569 -10.463648 140.625000
v 18.508371 -8.630595 140.625000
v 18.631258 -6.781223 140.625000
v 18.550684 -4.970641 140.625000
v 18.338934 -3.233649 140.625000
v 18.070431 -1.580958 140.625000
v 17.694886 0.000000 142.500000
v 17.502217 1.531246 142.500000
v 17.370862 3.062952 142.500000
v 17.286193 4.631822 142.500000
v 17.207776 6.263118 142.500000
v 17.076603 7.962951 142.500000
v 16.825381 9.714138 142.500000
v 16.390083 11.476460 142.500000
v 15.720749 13.191275 142.500000
v 14.789731 14.789731 142.500000
v 13.595999 16.203080 142.500000
v 12.164899 17.373276 142.500000
v 10.543539 18.261945 142.500000
v 8.792764 18.856144 142.500000
v 6.977261 19.169866 142.500000
v 5.155628 19.241067 142.500000
v 3.372209 19.124746 142.500000
v 1.652078 18.883341 142.500000
v 0.000000 18.576153 142.500000
v -1.596639 18.249668 142.500000
v -3.161621 17.930443 142.500000
v -4.721735 17.621754 142.500000
v -6.298315 17.304477 142.500000
v -7.900151 16.941929 142.500000
v -9.519152 16.487655 142.500000
v -11.129576 15.894681 142.500000
v -12.690955 15.124491 142.500000
v -14.154111 14.154111 142.500000
v -15.469067 12.980088 142.500000
v -16.593303 11.618756 142.500000
v -17.498745 10.102905 142.500000
v -18.176135 8.475671 142.500000
v -18.635920 6.782920 142.500000
v -18.905507 5.065715 142.500000
v -19.023402 3.354339 142.500000
v -19.031372 1.665029 142.500000
v -18.966126 0.000000 142.500000
v -18.852140 -1.649349 142.500000
v -18.696978 -3.296782 142.500000
v -18.490027 -4.954388 142.500000
v -18.204878 -6.626034 142.500000
v -17.804889 -8.302556 142.500000
v -17.250854 -9.959785 142.500000
v -16.509296 -11.559934 142.500000
v -15.559767 -13.056195 142.500000
v -14.399758 -14.399758 142.500000
v -13.046236 -15.547898 142.500000
v -11.533524 -16.471580 142.500000
v -9.907919 -17.161019 142.500000
v -8.220083 -17.628024 142.500000
v -6.516705 -17.904501 142.500000
v -4.833062 -18.037234 142.500000
v -3.187952 -18.079773 142.500000
v -1.582042 -18.082824 142.500000
v -0.000000 -18.084859 142.500000
v 1.583955 -18.104689 142.500000
v 3.198113 -18.137397 142.500000
v 4.864475 -18.154467 142.500000
v 6.590837 -18.108177 142.500000
v 8.365355 -17.939563 142.500000
v 10.154772 -17.588581 142.500000
v 11.906817 -17.004698 142.500000
v 13.556515 -16.156026 142.500000
v 15.035378 -15.035378 142.500000
v 16.281912 -13.662146 142.500000
v 17.251553 -12.079667 142.500000
v 17.924219 -10.348552 142.500000
v 18.308033 -8.537176 142.500000
v 18.438447 -6.711046 142.500000
v 18.372794 -4.922975 142.500000
v 18.181117 -3.205821 142.500000
v 17.934793 -1.569091 142.500000
v 17.595386 0.000000 144.375000
v 17.418480 1.523920 144.375000
v 17.295787 3.049714 144.375000
v 17.211615 4.611838 144.375000
v 17.125844 6.233297 144.375000
v 16.981119 7.918426 144.375000
v 16.712858 9.649173 144.375000
v 16.260344 11.385615 144.375000
v 15.576978 13.070636 144.375000
v 14.637953 14.637953 144.375000
v 13.444100 16.022054 144.375000
v 12.021360 17.168282 144.375000
v 10.416106 18.041225 144.375000
v 8.687291 18.629955 144.375000
v 6.896930 18.949160 144.375000
v 5.100682 19.036005 144.375000
v 3.340214 18.943295 144.375000
v 1.638680 18.730192 144.375000
v 0.000000 18.452147 144.375000
v -1.588078 18.151813 144.375000
v -3.147885 17.852541 144.375000
v -4.703984 17.555506 144.375000
v -6.275175 17.240901 144.375000
v -7.867929 16.872829 144.375000
v -9.472539 16.406918 144.375000
v -11.062705 15.799180 144.375000
v -12.598625 15.014457 144.375000
v -14.032938 14.032938 144.375000
v -15.318358 12.853629 144.375000
v -16.415481 11.494244 144.375000
v -17.299248 9.987726 144.375000
v -17.962790 8.376187 144.375000
v -18.417912 6.703572 144.375000
v -18.692113 5.008537 144.375000
v -18.822714 3.318952 144.375000
v -18.849223 1.649093 144.375000
v -18.805415 0.000000 144.375000
v -18.712648 -1.637145 144.375000
v -18.575704 -3.275398 144.375000
v -18.381971 -4.925434 144.375000
v -18.104113 -6.589358 144.375000
v -17.705725 -8.256315 144.375000
v -17.148895 -9.900919 144.375000
v -16.402187 -11.484935 144.375000
v -15.447534 -12.962020 144.375000
v -14.284684 -14.284684 144.375000
v -12.932332 -15.412153 144.375000
v -11.425710 -16.317605 144.375000
v -9.811092 -16.993309 144.375000
v -8.138262 -17.452560 144.375000
v -6.452420 -17.727878 144.375000
v -4.787086 -17.865648 144.375000
v -3.159437 -17.918059 144.375000
v -1.568997 -17.933720 144.375000
v -0.000000 -17.948654 144.375000
v 1.572986 -17.979314 144.375000
v 3.177227 -18.018951 144.375000
v 4.833289 -18.038080 144.375000
v 6.547481 -17.989056 144.375000
v 8.306812 -17.814015 144.375000
v 10.077553 -17.454834 144.375000
v 11.807845 -16.863350 144.375000
v 13.434032 -16.010055 144.375000
v 14.889699 -14.889699 144.375000
v 16.115850 -13.522804 144.375000
v 17.070405 -11.952827 144.375000
v 17.735285 -10.239472 144.375000
v 18.119725 -8.449366 144.375000
v 18.259126 -6.645778 144.375000
v 18.209540 -4.879232 144.375000
v 18.038640 -3.180699 144.375000
v 17.814690 -1.558583 144.375000
v 17.510652 0.000000 146.250000
v 17.348725 1.517817 146.250000
v 17.233608 3.038750 146.250000
v 17.148698 4.594980 146.250000
v 17.054354 6.207277 146.250000
v 16.895006 7.878271 146.250000
v 16.608870 9.589135 146.250000
v 16.138572 11.300349 146.250000
v 15.440837 12.956401 146.250000
v 14.493618 14.493618 146.250000
v 13.299495 15.849721 146.250000
v 11.884881 16.973369 146.250000
v 10.295308 17.831997 146.250000
v 8.587779 18.416551 146.250000
v 6.821625 18.742262 146.250000
v 5.049603 18.845375 146.250000
v 3.310790 18.776423 146.250000
v 1.626526 18.591277 146.250000
v 0.000000 18.341584 146.250000
v -1.580595 18.066283 146.250000
v -3.136093 17.785670 146.250000
v -4.688842 17.498996 146.250000
v -6.255166 17.185928 146.250000
v -7.839322 16.811479 146.250000
v -9.430106 16.333422 146.250000
v -11.000780 15.710742 146.250000
v -12.512290 14.911566 146.250000
v -13.919122 13.919122 146.250000
v -15.176645 12.734718 146.250000
v -16.248469 11.377301 146.250000
v -17.112389 9.879842 146.250000
v -17.763738 8.283367 146.250000
v -18.215490 6.629896 146.250000
v -18.495077 4.955741 146.250000
v -18.638532 3.286476 146.250000
v -18.683087 1.634558 146.250000
v -18.659644 0.000000 146.250000
v -18.586579 -1.626115 146.250000
v -18.466087 -3.256069 146.250000
v -18.283772 -4.899122 146.250000
v -18.011578 -6.555678 146.250000
v -17.613506 -8.213313 146.250000
v -17.053030 -9.845572 146.250000
v -16.300776 -11.413926 146.250000
v -15.340994 -12.872623 146.250000
v -14.175558 -14.175558 146.250000
v -12.824719 -15.283905 146.250000
v -11.324439 -16.172975 146.250000
v -9.720812 -16.836941 146.250000
v -8.062641 -17.290389 146.250000
v -6.393590 -17.566244 146.250000
v -4.745461 -17.710301 146.250000
v -3.133902 -17.773242 146.250000
v -1.557431 -17.801516 146.250000
v -0.000000 -17.828712 146.250000
v 1.563337 -17.869021 146.250000
v 3.158726 -17.914025 146.250000
v 4.805260 -17.933474 146.250000
v 6.507789 -17.880004 146.250000
v 8.252262 -17.697033 146.250000
v 10.004602 -17.328478 146.250000
v 11.713496 -16.728606 146.250000
v 13.316734 -15.870265 146.250000
v 14.750054 -14.750054 146.250000
v 15.956981 -13.389497 146.250000
v 16.897874 -11.832019 146.250000
v 17.556549 -10.136278 146.250000
v 17.943201 -8.367052 146.250000
v 18.093015 -6.585319 146.250000
v 18.060599 -4.839323 146.250000
v 17.911133 -3.158216 146.250000
v 17.709705 -1.549398 146.250000
v 17.440180 0.000000 148.125000
v 17.292427 1.512891 148.125000
v 17.183792 3.029966 148.125000
v 17.096923 4.581107 148.125000
v 16.992814 6.184878 148.125000
v 16.817812 7.842275 148.125000
v 16.513018 9.533795 148.125000
v 16.024421 11.220420 148.125000
v 15.312034 12.848322 148.125000
v 14.356484 14.356484 148.125000
v 13.161979 15.685836 148.125000
v 11.755284 16.788285 148.125000
v 10.180993 17.633997 148.125000
v 8.494092 18.215640 148.125000
v 6.751226 18.548840 148.125000
v 5.002290 18.668801 148.125000
v 3.283862 18.623706 148.125000
v 1.615576 18.466122 148.125000
v 0.000000 18.243952 148.125000
v -1.574143 17.992537 148.125000
v -3.126150 17.729280 148.125000
v -4.676164 17.451683 148.125000
v -6.238102 17.139045 148.125000
v -7.814109 16.757410 148.125000
v -9.391611 16.266748 148.125000
v -10.943549 15.629008 148.125000
v -12.431696 14.815518 148.125000
v -13.812414 13.812414 148.125000
v -15.043683 12.623149 148.125000
v -16.092019 11.267753 148.125000
v -16.937910 9.779107 148.125000
v -17.578700 8.197083 148.125000
v -18.028342 6.561780 148.125000
v -18.314042 4.907233 148.125000
v -18.470454 3.256839 148.125000
v -18.532515 1.621385 148.125000
v -18.528320 0.000000 148.125000
v -18.473410 -1.616214 148.125000
v -18.367589 -3.238702 148.125000
v -18.194896 -4.875308 148.125000
v -17.926762 -6.524808 148.125000
v -17.527757 -8.173327 148.125000
v -16.962835 -9.793498 148.125000
v -16.204695 -11.346650 148.125000
v -15.239833 -12.787738 148.125000
v -14.072116 -14.072116 148.125000
v -12.723177 -15.162892 148.125000
v -11.229526 -16.037425 148.125000
v -9.636923 -16.691640 148.125000
v -7.993081 -17.141217 148.125000
v -6.340097 -17.419274 148.125000
v -4.708089 -17.570828 148.125000
v -3.111275 -17.644918 148.125000
v -1.547304 -17.685765 148.125000
v -0.000000 -17.724547 148.125000
v 1.554962 -17.773300 148.125000
v 3.142517 -17.822101 148.125000
v 4.780250 -17.840136 148.125000
v 6.471584 -17.780531 148.125000
v 8.201494 -17.588160 148.125000
v 9.935682 -17.209105 148.125000
v 11.623521 -16.600108 148.125000
v 13.204365 -15.736349 148.125000
v 14.616186 -14.616186 148.125000
v 15.805045 -13.262007 148.125000
v 16.733691 -11.717057 148.125000
v 17.387727 -10.038809 148.125000
v 17.778156 -8.290090 148.125000
v 17.939773 -6.529543 148.125000
v 17.925588 -4.803147 148.125000
v 17.798170 -3.138298 148.125000
v 17.619372 -1.541495 148.125000
v 17.383429 0.000000 150.000000
v 17.249022 1.509094 150.000000
v 17.145769 3.023262 150.000000
v 17.055729 4.570069 150.000000
v 16.940688 6.165906 150.000000
v 16.749045 7.810208 150.000000
v 16.424858 9.482896 150.000000
v 15.917502 11.145555 150.000000
v 15.190236 12.746122 150.000000
v 14.226265 14.226265 150.000000
v 13.031310 15.530111 150.000000
v 11.632363 16.612736 150.000000
v 10.072979 17.446911 150.000000
v 8.406073 18.026882 150.000000
v 6.685595 18.368520 150.000000
v 4.958631 18.505863 150.000000
v 3.259347 18.484673 150.000000
v 1.605785 18.354209 150.000000
v 0.000000 18.158692 150.000000
v -1.568671 17.929990 150.000000
v -3.117950 17.682776 150.000000
v -4.665793 17.412978 150.000000
v -6.223779 17.099692 150.000000
v -7.792049 16.710103 150.000000
v -9.356789 16.206434 150.000000
v -10.890730 15.553575 150.000000
v -12.356557 14.725971 150.000000
v -13.712526 13.712526 150.000000
v -14.919186 12.518684 150.000000
v -15.945843 11.165400 150.000000
v -16.775513 9.685347 150.000000
v -17.407358 8.117184 150.000000
v -17.856115 6.499094 150.000000
v -18.148614 4.862906 150.000000
v -18.318036 3.229964 150.000000
v -18.397012 1.609530 150.000000
v -18.410907 0.000000 150.000000
v -18.372573 -1.607392 150.000000
v -18.279624 -3.223191 150.000000
v -18.114758 -4.853835 150.000000
v -17.849101 -6.496542 150.000000
v -17.447951 -8.136113 150.000000
v -16.877832 -9.744421 150.000000
v -16.113522 -11.282810 150.000000
v -15.143688 -12.707063 150.000000
v -13.974051 -13.974051 150.000000
v -12.627448 -15.048807 150.000000
v -11.140755 -15.910647 150.000000
v -9.559240 -16.557089 150.000000
v -7.929426 -17.004709 150.000000
v -6.291811 -17.286608 150.000000
v -4.674865 -17.446834 150.000000
v -3.091479 -17.532647 150.000000
v -1.538574 -17.585985 150.000000
v -0.000000 -17.635643 150.000000
v 1.547815 -17.691605 150.000000
v 3.128502 -17.742618 150.000000
v 4.758110 -17.757509 150.000000
v 6.438669 -17.690098 150.000000
v 8.154272 -17.486893 150.000000
v 9.870528 -17.096256 150.000000
v 11.537634 -16.477449 150.000000
v 13.096628 -15.607953 150.000000
v 14.487790 -14.487790 150.000000
v 15.659731 -13.140075 150.000000
v 16.577539 -11.607718 150.000000
v 17.228487 -9.946872 150.000000
v 17.624233 -8.218315 150.000000
v 17.799014 -6.478311 150.000000
v 17.804083 -4.770590 150.000000
v 17.699284 -3.120861 150.000000
v 17.543182 -1.534830 150.000000
v 17.339832 0.000000 151.875000
v 17.217920 1.506373 151.875000
v 17.118941 3.018531 151.875000
v 17.024525 4.561708 151.875000
v 16.897413 6.150155 151.875000
v 16.688177 7.781825 151.875000
v 16.343915 9.436163 151.875000
v 15.817396 11.075460 151.875000
v 15.075078 12.649492 151.875000
v 14.102650 14.102650 151.875000
v 12.907221 15.382227 151.875000
v 11.515888 16.446392 151.875000
v 9.971068 17.270396 151.875000
v 8.323548 17.849906 151.875000
v 6.624583 18.200893 151.875000
v 4.918504 18.356107 151.875000
v 3.237155 18.358821 151.875000
v 1.597104 18.254986 151.875000
v 0.000000 18.085212 151.875000
v -1.564124 17.878020 151.875000
v -3.111382 17.645523 151.875000
v -4.657561 17.382256 151.875000
v -6.211978 17.067269 151.875000
v -7.772884 16.669004 151.875000
v -9.325351 16.151982 151.875000
v -10.842019 15.484008 151.875000
v -12.286560 14.642552 151.875000
v -13.619148 13.619148 151.875000
v -14.802844 12.421061 151.875000
v -15.809630 11.070022 151.875000
v -16.624878 9.598378 151.875000
v -17.249368 8.043512 151.875000
v -17.698434 6.441703 151.875000
v -17.998375 4.822650 151.875000
v -18.180810 3.205767 151.875000
v -18.276060 1.598948 151.875000
v -18.306837 0.000000 151.875000
v -18.283463 -1.599596 151.875000
v -18.201568 -3.209427 151.875000
v -18.042733 -4.834536 151.875000
v -17.777987 -6.470658 151.875000
v -17.373516 -8.101403 151.875000
v -16.797500 -9.698041 151.875000
v -16.026795 -11.222083 151.875000
v -15.052160 -12.630262 151.875000
v -13.881025 -13.881025 151.875000
v -12.537250 -14.941312 151.875000
v -11.057889 -15.792301 151.875000
v -9.487565 -16.432945 151.875000
v -7.871510 -16.880508 151.875000
v -6.248591 -17.167862 151.875000
v -4.645676 -17.337899 151.875000
v -3.074432 -17.435970 151.875000
v -1.531198 -17.501676 151.875000
v -0.000000 -17.561457 151.875000
v 1.541845 -17.623363 151.875000
v 3.116577 -17.674986 151.875000
v 4.738682 -17.685002 151.875000
v 6.408836 -17.608131 151.875000
v 8.110344 -17.392688 151.875000
v 9.808853 -16.989433 151.875000
v 11.455524 -16.360183 151.875000
v 12.993194 -15.484686 151.875000
v 14.364528 -14.364528 151.875000
v 15.520695 -13.023410 151.875000
v 16.429063 -11.503754 151.875000
v 17.078463 -9.860255 151.875000
v 17.481046 -8.151546 151.875000
v 17.670321 -6.431471 151.875000
v 17.695630 -4.741530 151.875000
v 17.613981 -3.105820 151.875000
v 17.480601 -1.529354 151.875000
v 17.308807 0.000000 153.750000
v 17.198516 1.504675 153.750000
v 17.102691 3.015666 153.750000
v 17.002702 4.555860 153.750000
v 16.862401 6.137412 153.750000
v 16.634660 7.756869 153.750000
v 16.269688 9.393309 153.750000
v 15.723658 11.009824 153.750000
v 14.966174 12.558111 153.750000
v 13.985307 13.985307 153.750000
v 12.789429 15.241848 153.750000
v 11.405616 16.288907 153.750000
v 9.875048 17.104086 153.750000
v 8.246335 17.684322 153.750000
v 6.568036 18.045530 153.750000
v 4.881782 18.219058 153.750000
v 3.217196 18.245626 153.750000
v 1.589484 18.167880 153.750000
v 0.000000 18.022894 153.750000
v -1.560446 17.835979 153.750000
v -3.106328 17.616861 153.750000
v -4.651293 17.358864 153.750000
v -6.202471 17.041150 153.750000
v -7.756342 16.633530 153.750000
v -9.296993 16.102865 153.750000
v -10.797092 15.419846 153.750000
v -12.221376 14.564869 153.750000
v -13.531948 13.531948 153.750000
v -14.694331 12.330007 153.750000
v -15.683053 10.981392 153.750000
v -16.485668 9.518005 153.750000
v -17.104377 7.975902 153.750000
v -17.554915 6.389466 153.750000
v -17.862897 4.786349 153.750000
v -18.058296 3.184165 153.750000
v -18.169123 1.589592 153.750000
v -18.215525 0.000000 153.750000
v -18.205454 -1.592771 153.750000
v -18.132769 -3.197296 153.750000
v -17.978163 -4.817234 153.750000
v -17.712779 -6.446924 153.750000
v -17.303845 -8.068916 153.750000
v -16.721282 -9.654037 153.750000
v -15.944020 -11.164123 153.750000
v -14.964822 -12.556977 153.750000
v -13.792676 -13.792676 153.750000
v -12.452279 -14.840048 153.750000
v -10.980676 -15.682031 153.750000
v -9.421690 -16.318845 153.750000
v -7.819159 -16.768240 153.750000
v -6.210294 -17.062641 153.750000
v -4.620408 -17.243597 153.750000
v -3.060053 -17.354421 153.750000
v -1.525131 -17.432326 153.750000
v -0.000000 -17.501438 153.750000
v 1.537000 -17.567991 153.750000
v 3.106634 -17.618599 153.750000
v 4.721801 -17.622002 153.750000
v 6.381865 -17.534030 153.750000
v 8.069443 -17.304976 153.750000
v 9.750352 -16.888105 153.750000
v 11.376855 -16.247832 153.750000
v 12.893712 -15.366127 153.750000
v 14.246035 -14.246035 153.750000
v 15.387565 -12.911700 153.750000
v 16.287885 -11.404900 153.750000
v 16.937263 -9.778733 153.750000
v 17.348185 -8.089591 153.750000
v 17.553257 -6.388863 153.750000
v 17.599758 -4.715841 153.750000
v 17.541752 -3.093084 153.750000
v 17.431083 -1.525022 153.750000
v 17.292692 0.000000 155.625000
v 17.193104 1.504202 155.625000
v 17.099287 3.015066 155.625000
v 16.992514 4.553130 155.625000
v 16.837900 6.128495 155.625000
v 16.590738 7.736388 155.625000
v 16.204404 9.355617 155.625000
v 15.638476 10.950178 155.625000
v 14.865637 12.473751 155.625000
v 13.876238 13.876238 155.625000
v 12.679783 15.111177 155.625000
v 11.303206 16.142651 155.625000
v 9.786360 16.950472 155.625000
v 8.175629 17.532692 155.625000
v 6.516896 17.905023 155.625000
v 4.849156 18.097296 155.625000
v 3.199916 18.147625 155.625000
v 1.583139 18.095367 155.625000
v 0.000000 17.974149 155.625000
v -1.557842 17.806217 155.625000
v -3.103194 17.599088 155.625000
v -4.647595 17.345059 155.625000
v -6.196070 17.023564 155.625000
v -7.743450 16.605883 155.625000
v -9.272969 16.061254 155.625000
v -10.757436 15.363210 155.625000
v -12.162720 14.494965 155.625000
v -13.452862 13.452862 155.625000
v -14.595777 12.247311 155.625000
v -15.568411 10.901119 155.625000
v -16.360314 9.445631 155.625000
v -16.974900 7.915526 155.625000
v -17.428119 6.343316 155.625000
v -17.744751 4.754692 155.625000
v -17.953048 3.165607 155.625000
v -18.078719 1.581683 155.625000
v -18.139444 0.000000 155.625000
v -18.140975 -1.587130 155.625000
v -18.075615 -3.187219 155.625000
v -17.923401 -4.802561 155.625000
v -17.655795 -6.426184 155.625000
v -17.241221 -8.039714 155.625000
v -16.651413 -9.613698 155.625000
v -15.867362 -11.110446 155.625000
v -14.883741 -12.488942 155.625000
v -13.710943 -13.710943 155.625000
v -12.374313 -14.747131 155.625000
v -10.910704 -15.582100 155.625000
v -9.362984 -16.217164 155.625000
v -7.773511 -16.670348 155.625000
v -6.177820 -16.973422 155.625000
v -4.599725 -17.166408 155.625000
v -3.048775 -17.290463 155.625000
v -1.520585 -17.380369 155.625000
v -0.000000 -17.457987 155.625000
v 1.533489 -17.527862 155.625000
v 3.099090 -17.575814 155.625000
v 4.708097 -17.570856 155.625000
v 6.358608 -17.470131 155.625000
v 8.032651 -17.226076 155.625000
v 9.696345 -16.794563 155.625000
v 11.303189 -16.142627 155.625000
v 12.799973 -15.254413 155.625000
v 14.134319 -14.134319 155.625000
v 15.262531 -12.806784 155.625000
v 16.156341 -11.312791 155.625000
v 16.807323 -9.703712 155.625000
v 17.228140 -8.033613 155.625000
v 17.450327 -6.351399 155.625000
v 17.518953 -4.694189 155.625000
v 17.485040 -3.083084 155.625000
v 17.397016 -1.522042 155.625000
v 17.311979 0.000000 157.500000
v 17.222044 1.506734 157.500000
v 17.128961 3.020298 157.500000
v 17.014049 4.558901 157.500000
v 16.843803 6.130643 157.500000
v 16.575999 7.729515 157.500000
v 16.167191 9.334132 157.500000
v 15.580308 10.909449 157.500000
v 14.791019 12.411138 157.500000
v 13.791831 13.791831 157.500000
v 12.593264 15.008067 157.500000
v 11.222018 16.026702 157.500000
v 9.716570 16.829594 157.500000
v 8.121096 17.415747 157.500000
v 6.478867 17.800541 157.500000
v 4.826357 18.012210 157.500000
v 3.189095 18.086256 157.500000
v 1.579941 18.058813 157.500000
v 0.000000 17.960186 157.500000
v -1.558150 17.809732 157.500000
v -3.105638 17.612950 157.500000
v -4.651942 17.361285 157.500000
v -6.200079 17.034577 157.500000
v -7.743341 16.605648 157.500000
v -9.264223 16.046106 157.500000
v -10.735757 15.332250 157.500000
v -12.124976 14.449984 157.500000
v -13.397818 13.397818 157.500000
v -14.524484 12.187489 157.500000
v -15.484171 10.842133 157.500000
v -16.268230 9.392467 157.500000
v -16.881086 7.871780 157.500000
v -17.338724 6.310779 157.500000
v -17.664974 4.733315 157.500000
v -17.886323 3.153841 157.500000
v -18.026222 1.577090 157.500000
v -18.100004 0.000000 157.500000
v -18.111402 -1.584542 157.500000
v -18.051376 -3.182945 157.500000
v -17.899517 -4.796161 157.500000
v -17.627780 -6.415987 157.500000
v -17.205903 -8.023244 157.500000
v -16.607470 -9.588327 157.500000
v -15.815495 -11.074129 157.500000
v -14.826460 -12.440877 157.500000
v -13.652013 -13.652013 157.500000
v -12.317987 -14.680005 157.500000
v -10.860898 -15.510970 157.500000
v -9.322558 -16.147144 157.500000
v -7.743802 -16.606636 157.500000
v -6.158516 -16.920382 157.500000
v -4.589097 -17.126742 157.500000
v -3.044222 -17.264640 157.500000
v -1.519366 -17.366435 157.500000
v -0.000000 -17.451797 157.500000
v 1.533126 -17.523714 157.500000
v 3.097604 -17.567388 157.500000
v 4.703119 -17.552280 157.500000
v 6.346551 -17.437006 157.500000
v 8.009419 -17.176254 157.500000
v 9.658236 -16.728556 157.500000
v 11.247820 -16.063552 157.500000
v 12.727040 -15.167495 157.500000
v 14.046026 -14.046026 157.500000
v 15.163588 -12.723761 157.500000
v 16.053500 -11.240782 157.500000
v 16.708508 -9.646662 157.500000
v 17.141297 -7.993118 157.500000
v 17.382199 -6.326603 157.500000
v 17.473979 -4.682139 157.500000
v 17.464574 -3.079476 157.500000
v 17.399025 -1.522217 157.500000
v 17.366807 0.000000 159.375000
v 17.285480 1.512284 159.375000
v 17.191832 3.031384 159.375000
v 17.067379 4.573190 159.375000
v 16.880119 6.143861 159.375000
v 16.590386 7.736224 159.375000
v 16.157927 9.328783 159.375000
v 15.548978 10.887512 159.375000
v 14.742106 12.370096 159.375000
v 13.731858 13.731858 159.375000
v 12.529649 14.932255 159.375000
v 11.161852 15.940776 159.375000
v 9.665518 16.741168 159.375000
v 8.082615 17.333224 159.375000
v 6.453867 17.731855 159.375000
v 4.813337 17.963620 159.375000
v 3.184710 18.061388 159.375000
v 1.579882 18.058129 159.375000
v 0.000000 17.980953 159.375000
v -1.561366 17.846494 159.375000
v -3.113657 17.658424 159.375000
v -4.664329 17.407514 159.375000
v -6.214481 17.074148 159.375000
v -7.755984 16.632761 159.375000
v -9.270706 16.057334 159.375000
v -10.731987 15.326865 159.375000
v -12.108053 14.429816 159.375000
v -13.366707 13.366707 159.375000
v -14.480331 12.150441 159.375000
v -15.430213 10.804351 159.375000
v -16.209301 9.358444 159.375000
v -16.822830 7.844615 159.375000
v -17.286639 6.291822 159.375000
v -17.623485 4.722198 159.375000
v -17.858045 3.148855 159.375000
v -18.011551 1.575807 159.375000
v -18.097108 0.000000 159.375000
v -18.116611 -1.584998 159.375000
v -18.059897 -3.184447 159.375000
v -17.906319 -4.797984 159.375000
v -17.628513 -6.416254 159.375000
v -17.197647 -8.019395 159.375000
v -16.589201 -9.577779 159.375000
v -15.788176 -11.055000 159.375000
v -14.792759 -12.412599 159.375000
v -13.615703 -13.615703 159.375000
v -12.283164 -14.638505 159.375000
v -10.831169 -15.468513 159.375000
v -9.300367 -16.108708 159.375000
v -7.730022 -16.577085 159.375000
v -6.152392 -16.903558 159.375000
v -4.588544 -17.124680 159.375000
v -3.046412 -17.277063 159.375000
v -1.521484 -17.390640 159.375000
v -0.000000 -17.482961 159.375000
v 1.535916 -17.555597 159.375000
v 3.102174 -17.593305 159.375000
v 4.706845 -17.566184 159.375000
v 6.345634 -17.434485 159.375000
v 7.999635 -17.155272 159.375000
v 9.635857 -16.689793 159.375000
v 11.210525 -16.010289 159.375000
v 12.674642 -15.105050 159.375000
v 13.980854 -13.980854 159.375000
v 15.090428 -12.662373 159.375000
v 15.979077 -11.188670 159.375000
v 16.640575 -9.607440 159.375000
v 17.087479 -7.968022 159.375000
v 17.348774 -6.314437 159.375000
v 17.464815 -4.679683 159.375000
v 17.480407 -3.082267 159.375000
v 17.437218 -1.525559 159.375000
v 17.452345 0.000000 161.250000
v 17.378594 1.520430 161.250000
v 17.283074 3.047472 161.250000
v 17.147654 4.594700 161.250000
v 16.941978 6.166376 161.250000
v 16.629035 7.754246 161.250000
v 16.171805 9.336796 161.250000
v 15.539805 10.881089 161.250000
v 14.714422 12.346866 161.250000
v 13.692128 13.692128 161.250000
v 12.485110 14.879175 161.250000
v 11.119304 15.880011 161.250000
v 9.630267 16.680112 161.250000
v 8.057749 17.279899 161.250000
v 6.439969 17.693669 161.250000
v 4.808671 17.946206 161.250000
v 3.185826 18.067717 161.250000
v 1.582499 18.088047 161.250000
v 0.000000 18.031222 161.250000
v -1.567037 17.911317 161.250000
v -3.126343 17.730369 161.250000
v -4.683392 17.478659 161.250000
v -6.237452 17.137259 161.250000
v -7.779090 16.682311 161.250000
v -9.289670 16.090180 161.250000
v -10.742934 15.342500 161.250000
v -12.108351 14.430171 161.250000
v -13.355563 13.355563 161.250000
v -14.459039 12.132574 161.250000
v -15.401998 10.784595 161.250000
v -16.178790 9.340829 161.250000
v -16.795244 7.831751 161.250000
v -17.266865 6.284625 161.250000
v -17.615201 4.719979 161.250000
v -17.863060 3.149739 161.250000
v -18.029487 1.577376 161.250000
v -18.125474 0.000000 161.250000
v -18.151266 -1.588030 161.250000
v -18.095796 -3.190777 161.250000
v -17.938415 -4.806584 161.250000
v -17.652632 -6.425033 161.250000
v -17.211184 -8.025707 161.250000
v -16.591502 -9.579108 161.250000
v -15.780548 -11.049659 161.250000
v -14.778106 -12.400303 161.250000
v -13.597875 -13.597875 161.250000
v -12.266154 -14.618234 161.250000
v -10.818312 -15.450151 161.250000
v -9.293703 -16.097165 161.250000
v -7.729957 -16.576946 161.250000
v -6.157714 -16.918179 161.250000
v -4.596788 -17.155445 161.250000
v -3.054502 -17.322944 161.250000
v -1.526516 -17.448161 161.250000
v -0.000000 -17.546597 161.250000
v 1.541423 -17.618543 161.250000
v 3.111907 -17.648500 161.250000
v 4.717891 -17.607410 161.250000
v 6.353956 -17.457351 161.250000
v 8.000864 -17.157908 161.250000
v 9.626234 -16.673127 161.250000
v 11.187813 -15.977853 161.250000
v 12.638818 -15.062357 161.250000
v 13.934440 -13.934440 161.250000
v 15.038369 -12.618690 161.250000
v 15.928164 -11.153020 161.250000
v 16.598487 -9.583141 161.250000
v 17.061601 -7.955955 161.250000
v 17.344984 -6.313058 161.250000
v 17.486450 -4.685480 161.250000
v 17.527601 -3.090589 161.250000
v 17.506721 -1.531640 161.250000
v 17.563752 0.000000 163.125000
v 17.496542 1.530749 163.125000
v 17.397814 3.067704 163.125000
v 17.249971 4.622116 163.125000
v 17.024462 6.196397 163.125000
v 16.687050 7.781299 163.125000
v 16.204002 9.355385 163.125000
v 15.548114 10.886907 163.125000
v 14.703516 12.337715 163.125000
v 13.668492 13.668492 163.125000
v 12.455872 14.844330 163.125000
v 11.091029 15.839630 163.125000
v 9.607943 16.641446 163.125000
v 8.044112 17.250655 163.125000
v 6.435279 17.680784 163.125000
v 4.810956 17.954730 163.125000
v 3.191517 18.099991 163.125000
v 1.587335 18.143317 163.125000
v 0.000000 18.105751 163.125000
v -1.574706 17.998975 163.125000
v -3.142778 17.823579 163.125000
v -4.707747 17.569550 163.125000
v -6.267135 17.218813 163.125000
v -7.810333 16.749313 163.125000
v -9.318333 16.139826 163.125000
v -10.765389 15.374569 163.125000
v -12.122268 14.446756 163.125000
v -13.360440 13.360440 163.125000
v -14.456376 12.130340 163.125000
v -15.395067 10.779742 163.125000
v -16.172061 9.336944 163.125000
v -16.793557 7.830964 163.125000
v -17.274524 6.287413 163.125000
v -17.635152 4.725325 163.125000
v -17.896310 3.155602 163.125000
v -18.074878 1.581347 163.125000
v -18.179856 0.000000 163.125000
v -18.210028 -1.593171 163.125000
v -18.153663 -3.200981 163.125000
v -17.990357 -4.820502 163.125000
v -17.694709 -6.440347 163.125000
v -17.241177 -8.039693 163.125000
v -16.609211 -9.589333 163.125000
v -15.787710 -11.054673 163.125000
v -14.777942 -12.400166 163.125000
v -13.594388 -13.594388 163.125000
v -12.263283 -14.614812 163.125000
v -10.819147 -15.451343 163.125000
v -9.299891 -16.107884 163.125000
v -7.741428 -16.601547 163.125000
v -6.172776 -16.959561 163.125000
v -4.612570 -17.214345 163.125000
v -3.067660 -17.397566 163.125000
v -1.534047 -17.534232 163.125000
v -0.000000 -17.637856 163.125000
v 1.549214 -17.707596 163.125000
v 3.125907 -17.727898 163.125000
v 4.734871 -17.670778 163.125000
v 6.369609 -17.500358 163.125000
v 8.010659 -17.178913 163.125000
v 9.626385 -16.673388 163.125000
v 11.176191 -15.961255 163.125000
v 12.615613 -15.034702 163.125000
v 13.902440 -13.902440 163.125000
v 15.002766 -12.588815 163.125000
v 15.895906 -11.130434 163.125000
v 16.577270 -9.570891 163.125000
v 17.058645 -7.954577 163.125000
v 17.365822 -6.320642 163.125000
v 17.533923 -4.698201 163.125000
v 17.601248 -3.103575 163.125000
v 17.602671 -1.540034 163.125000
v 17.696185 0.000000 165.000000
v 17.634457 1.542815 165.000000
v 17.531149 3.091214 165.000000
v 17.369390 4.654114 165.000000
v 17.122616 6.232122 165.000000
v 16.759503 7.815084 165.000000
v 16.249685 9.381760 165.000000
v 15.569235 10.901696 165.000000
v 14.704964 12.338930 165.000000
v 13.656849 13.656849 165.000000
v 12.438216 14.823289 165.000000
v 11.073744 15.814945 165.000000
v 9.595728 16.620289 165.000000
v 8.039367 17.240477 165.000000
v 6.437942 17.688100 165.000000
v 4.818809 17.984039 165.000000
v 3.200867 18.153020 165.000000
v 1.593931 18.218718 165.000000
v 0.000000 18.199295 165.000000
v -1.583912 18.104200 165.000000
v -3.162033 17.932783 165.000000
v -4.735986 17.674942 165.000000
v -6.301646 17.313630 165.000000
v -7.847357 16.828712 165.000000
v -9.353885 16.201404 165.000000
v -10.796120 15.418458 165.000000
v -12.146199 14.475276 165.000000
v -13.377419 13.377419 165.000000
v -14.468166 12.140232 165.000000
v -15.405045 10.786729 165.000000
v -16.184583 9.344174 165.000000
v -16.813119 7.840086 165.000000
v -17.304865 6.298456 165.000000
v -17.678487 4.736936 165.000000
v -17.952834 3.165569 165.000000
v -18.142645 1.587276 165.000000
v -18.255045 0.000000 165.000000
v -18.287564 -1.599955 165.000000
v -18.228064 -3.214099 165.000000
v -18.056650 -4.838265 165.000000
v -17.749254 -6.460200 165.000000
v -17.282224 -8.058833 165.000000
v -16.637110 -9.605440 165.000000
v -15.804718 -11.066583 165.000000
v -14.787692 -12.408347 165.000000
v -13.601099 -13.601099 165.000000
v -12.270894 -14.623882 165.000000
v -10.830529 -15.467598 165.000000
v -9.316299 -16.136302 165.000000
v -7.762297 -16.646300 165.000000
v -6.195906 -17.023112 165.000000
v -4.634658 -17.296778 165.000000
v -3.085069 -17.496297 165.000000
v -1.543663 -17.644153 165.000000
v -0.000000 -17.751936 165.000000
v 1.558857 -17.817822 165.000000
v 3.143280 -17.826429 165.000000
v 4.756392 -17.751098 165.000000
v 6.390676 -17.558239 165.000000
v 8.026561 -17.213015 165.000000
v 9.633315 -16.685391 165.000000
v 11.172158 -15.955496 165.000000
v 12.601078 -15.017380 165.000000
v 13.880529 -13.880529 165.000000
v 14.979006 -12.568878 165.000000
v 15.877498 -11.117544 165.000000
v 16.572008 -9.567853 165.000000
v 17.073658 -7.961577 165.000000
v 17.406347 -6.335392 165.000000
v 17.602330 -4.716530 165.000000
v 17.696482 -3.120367 165.000000
v 17.720226 -1.550319 165.000000
v 17.844822 0.000000 166.875000
v 17.787472 1.556202 166.875000
v 17.678156 3.117136 166.875000
v 17.500943 4.689363 166.875000
v 17.231455 6.271737 166.875000
v 16.841446 7.853295 166.875000
v 16.304010 9.413124 166.875000
v 15.598507 10.922192 166.875000
v 14.714367 12.346820 166.875000
v 13.653136 13.653136 166.875000
v 12.428478 14.811684 166.875000
v 11.064222 15.801347 166.875000
v 9.590859 16.611855 166.875000
v 8.041221 17.244455 166.875000
v 6.446137 17.710616 166.875000
v 4.830872 18.029060 166.875000
v 3.212972 18.221671 166.875000
v 1.601835 18.309060 166.875000
v 0.000000 18.306606 166.875000
v -1.594192 18.221698 166.875000
v -3.183171 18.052660 166.875000
v -4.766688 17.789524 166.875000
v -6.339074 17.416462 166.875000
v -7.887774 16.915386 166.875000
v -9.393488 16.269999 166.875000
v -10.831881 15.469530 166.875000
v -12.176544 14.511440 166.875000
v -13.402608 13.402608 166.875000
v -14.490288 12.158795 166.875000
v -15.427639 10.802549 166.875000
v -16.211939 9.359967 166.875000
v -16.849409 7.857009 166.875000
v -17.353269 6.316073 166.875000
v -17.740479 4.753547 166.875000
v -18.027781 3.178784 166.875000
v -18.227786 1.594725 166.875000
v -18.345878 0.000000 166.875000
v -18.378551 -1.607915 166.875000
v -18.313538 -3.229171 166.875000
v -18.131751 -4.858388 166.875000
v -17.810713 -6.482569 166.875000
v -17.328856 -8.080578 166.875000
v -16.669915 -9.624380 166.875000
v -15.826585 -11.081894 166.875000
v -14.802752 -12.420984 166.875000
v -13.613863 -13.613863 166.875000
v -12.285348 -14.641108 166.875000
v -10.849344 -15.494469 166.875000
v -9.340331 -16.177928 166.875000
v -7.790466 -16.706709 166.875000
v -6.225471 -17.104342 166.875000
v -4.661847 -17.398251 166.875000
v -3.105930 -17.614602 166.875000
v -1.554963 -17.773309 166.875000
v -0.000000 -17.884094 166.875000
v 1.569925 -17.944325 166.875000
v 3.163136 -17.939035 166.875000
v 4.781063 -17.843170 166.875000
v 6.415232 -17.625705 166.875000
v 8.046099 -17.254915 166.875000
v 9.644016 -16.703926 166.875000
v 11.172205 -15.955563 166.875000
v 12.591260 -15.005679 166.875000
v 13.864391 -13.864391 166.875000
v 14.962504 -12.555031 166.875000
v 15.868177 -11.111017 166.875000
v 16.577845 -9.571223 166.875000
v 17.101754 -7.974679 166.875000
v 17.461688 -6.355535 166.875000
v 17.686832 -4.739172 166.875000
v 17.808492 -3.140118 166.875000
v 17.854583 -1.562074 166.875000
v 18.004892 0.000000 168.750000
v 17.950753 1.570487 168.750000
v 17.833929 3.144603 168.750000
v 17.639658 4.726532 168.750000
v 17.345981 6.313421 168.750000
v 16.927913 7.893616 168.750000
v 16.362118 9.446673 168.750000
v 15.631266 10.945131 168.750000
v 14.727339 12.357705 168.750000
v 13.653317 13.653317 168.750000
v 12.423032 14.805193 168.750000
v 11.059284 15.794295 168.750000
v 9.590622 16.611445 168.750000
v 8.047431 17.257772 168.750000
v 6.458079 17.743426 168.750000
v 4.845811 18.084813 168.750000
v 3.226940 18.300887 168.750000
v 1.610596 18.409201 168.750000
v 0.000000 18.422455 168.750000
v -1.605081 18.346159 168.750000
v -3.205244 18.177844 168.750000
v -4.798413 17.907921 168.750000
v -6.377483 17.521990 168.750000
v -7.929166 17.004151 168.750000
v -9.434274 16.340641 168.750000
v -10.869403 15.523116 168.750000
v -12.209698 14.550952 168.750000
v -13.432136 13.432136 168.750000
v -14.518677 12.182617 168.750000
v -15.458645 10.824260 168.750000
v -16.249825 9.381841 168.750000
v -16.898044 7.879687 168.750000
v -17.415267 6.338639 168.750000
v -17.816550 4.773930 168.750000
v -18.116427 3.194415 168.750000
v -18.325402 1.603265 168.750000
v -18.447253 0.000000 168.750000
v -18.477683 -1.616588 168.750000
v -18.404604 -3.245228 168.750000
v -18.210059 -4.879371 168.750000
v -17.873453 -6.505405 168.750000
v -17.375514 -8.102335 168.750000
v -16.702261 -9.643055 168.750000
v -15.848251 -11.097065 168.750000
v -14.818470 -12.434173 168.750000
v -13.628518 -13.628518 168.750000
v -12.303014 -14.662161 168.750000
v -10.872509 -15.527552 168.750000
v -9.369442 -16.228349 168.750000
v -7.823890 -16.778387 168.750000
v -6.259886 -17.198895 168.750000
v -4.692973 -17.514412 168.750000
v -3.129467 -17.748090 168.750000
v -1.567553 -17.917208 168.750000
v -0.000000 -18.029691 168.750000
v 1.581994 -18.082278 168.750000
v 3.184587 -18.060689 168.750000
v 4.807490 -17.941796 168.750000
v 6.441343 -17.697444 168.750000
v 8.066785 -17.299275 168.750000
v 9.655454 -16.723737 168.750000
v 11.172792 -15.956401 168.750000
v 12.582180 -14.994858 168.750000
v 13.849698 -13.849698 168.750000
v 14.948677 -12.543429 168.750000
v 15.863202 -11.107533 168.750000
v 16.589969 -9.578223 168.750000
v 17.138115 -7.991634 168.750000
v 17.527055 -6.379326 168.750000
v 17.782675 -4.764853 168.750000
v 17.932550 -3.161992 168.750000
v 18.001008 -1.574884 168.750000
v 18.171746 0.000000 170.625000
v 18.119564 1.585256 170.625000
v 17.993625 3.172762 170.625000
v 17.780599 4.764297 170.625000
v 17.461204 6.355358 170.625000
v 17.013926 7.933724 170.625000
v 16.419127 9.479588 170.625000
v 15.662824 10.967227 170.625000
v 14.739477 12.367890 170.625000
v 13.653354 13.653354 170.625000
v 12.418263 14.799509 170.625000
v 11.055779 15.789288 170.625000
v 9.592340 16.614420 170.625000
v 8.055790 17.275697 170.625000
v 6.472019 17.781727 170.625000
v 4.862318 18.146419 170.625000
v 3.241895 18.385699 170.625000
v 1.619771 18.514069 170.625000
v 0.000000 18.541652 170.625000
v -1.616115 18.472281 170.625000
v -3.227304 18.302948 170.625000
v -4.829706 18.024707 170.625000
v -6.414911 17.624824 170.625000
v -7.969079 17.089745 170.625000
v -9.473334 16.408296 170.625000
v -10.905385 15.574503 170.625000
v -12.242042 14.589497 170.625000
v -13.462147 13.462147 170.625000
v -14.549318 12.208327 170.625000
v -15.493952 10.848982 170.625000
v -16.294072 9.407387 170.625000
v -16.954805 7.906155 170.625000
v -17.486574 6.364592 170.625000
v -17.902311 4.796910 170.625000
v -18.214223 3.211659 170.625000
v -18.430729 1.612480 170.625000
v -18.554159 0.000000 170.625000
v -18.579691 -1.625512 170.625000
v -18.495759 -3.261301 170.625000
v -18.285901 -4.899692 170.625000
v -17.931730 -6.526616 170.625000
v -17.416505 -8.121450 170.625000
v -16.728644 -9.658287 170.625000
v -15.864536 -11.108468 170.625000
v -14.830108 -12.443938 170.625000
v -13.640847 -13.640847 170.625000
v -12.320250 -14.682703 170.625000
v -10.896966 -15.562480 170.625000
v -9.401133 -16.283240 170.625000
v -7.860589 -16.857087 170.625000
v -6.297630 -17.302597 170.625000
v -4.726923 -17.641117 170.625000
v -3.154945 -17.892583 170.625000
v -1.581057 -18.071562 170.625000
v -0.000000 -18.184253 170.625000
v 1.594654 -18.226973 170.625000
v 3.206759 -18.186436 170.625000
v 4.834284 -18.041792 170.625000
v 6.467063 -17.768109 170.625000
v 8.086094 -17.340685 170.625000
v 9.664541 -16.739476 170.625000
v 11.170311 -15.952857 170.625000
v 12.569786 -14.980088 170.625000
v 13.832053 -13.832053 170.625000
v 14.932894 -12.530186 170.625000
v 15.857817 -11.103763 170.625000
v 16.603588 -9.586086 170.625000
v 17.177979 -8.010223 170.625000
v 17.597749 -6.405057 170.625000
v 17.885226 -4.792332 170.625000
v 18.064059 -3.185181 170.625000
v 18.154902 -1.588348 170.625000
v 18.340989 0.000000 172.500000
v 18.289387 1.600114 172.500000
v 18.152570 3.200788 172.500000
v 17.918933 4.801364 172.500000
v 17.572171 6.395747 172.500000
v 17.094487 7.971290 172.500000
v 16.470102 9.509018 172.500000
v 15.688414 10.985145 172.500000
v 14.746297 12.373613 172.500000
v 13.649144 13.649144 172.500000
v 12.410517 14.790278 172.500000
v 11.050539 15.781805 172.500000
v 9.593346 16.616163 172.500000
v 8.064119 17.293560 172.500000
v 6.486244 17.820809 172.500000
v 4.879119 18.209121 172.500000
v 3.256984 18.471274 172.500000
v 1.628926 18.618712 172.500000
v 0.000000 18.659102 172.500000
v -1.626835 18.594813 172.500000
v -3.248398 18.422582 172.500000
v -4.859101 18.134410 172.500000
v -6.449368 17.719492 172.500000
v -8.005011 17.166802 172.500000
v -9.507701 16.467821 172.500000
v -10.936462 15.618886 172.500000
v -12.269907 14.622706 172.500000
v -13.488770 13.488770 172.500000
v -14.578228 12.232586 172.500000
v -15.529542 10.873903 172.500000
v -16.340669 9.434289 172.500000
v -17.015693 7.934548 172.500000
v -17.563166 6.392470 172.500000
v -17.993644 4.821382 172.500000
v -18.316880 3.229760 172.500000
v -18.539226 1.621972 172.500000
v -18.661735 0.000000 172.500000
v -18.679367 -1.634233 172.500000
v -18.581469 -3.276414 172.500000
v -18.353484 -4.917801 172.500000
v -17.979609 -6.544043 172.500000
v -17.445904 -8.135159 172.500000
v -16.743315 -9.666758 172.500000
v -15.870032 -11.112316 172.500000
v -14.832738 -12.446145 172.500000
v -13.646510 -13.646510 172.500000
v -12.333360 -14.698326 172.500000
v -10.919668 -15.594903 172.500000
v -9.432973 -16.338388 172.500000
v -7.898677 -16.938768 172.500000
v -6.337289 -17.411559 172.500000
v -4.762682 -17.774570 172.500000
v -3.181692 -18.044274 172.500000
v -1.595132 -18.232442 172.500000
v -0.000000 -18.343622 172.500000
v 1.607512 -18.373942 172.500000
v 3.228804 -18.311456 172.500000
v 4.860064 -18.138008 172.500000
v 6.490422 -17.832288 172.500000
v 8.101438 -17.373590 172.500000
v 9.668074 -16.745596 172.500000
v 11.161000 -15.939559 172.500000
v 12.549851 -14.956330 172.500000
v 13.806884 -13.806884 172.500000
v 14.910375 -12.511291 172.500000
v 15.847165 -11.096304 172.500000
v 16.613882 -9.592029 172.500000
v 17.216635 -8.028249 172.500000
v 17.669202 -6.431063 172.500000
v 17.990047 -4.820418 172.500000
v 18.198669 -3.208916 172.500000
v 18.311929 -1.602086 172.500000
v 18.508780 0.000000 174.375000
v 18.456206 1.614709 174.375000
v 18.306483 3.227927 174.375000
v 18.050086 4.836506 174.375000
v 17.674042 6.432825 174.375000
v 17.164579 8.003975 174.375000
v 16.509972 9.532037 174.375000
v 15.703071 10.995409 174.375000
v 14.743095 12.370926 174.375000
v 13.636375 13.636375 174.375000
v 12.395976 14.772949 174.375000
v 11.040296 15.767177 174.375000
v 9.590933 16.611984 174.375000
v 8.070251 17.306708 174.375000
v 6.499080 17.856075 174.375000
v 4.894988 18.268346 174.375000
v 3.271395 18.553004 174.375000
v 1.637649 18.718417 174.375000
v 0.000000 18.769913 174.375000
v -1.636794 18.708643 174.375000
v -3.267588 18.531413 174.375000
v -4.885121 18.231520 174.375000
v -6.478816 17.800400 174.375000
v -8.034376 17.229776 174.375000
v -9.534288 16.513872 174.375000
v -10.959138 15.651271 174.375000
v -12.289506 14.646062 174.375000
v -13.508060 13.508060 174.375000
v -14.601434 12.252058 174.375000
v -15.561512 10.896288 174.375000
v -16.385836 9.460367 174.375000
v -17.077049 7.963159 174.375000
v -17.641449 6.420962 174.375000
v -18.086912 4.846374 174.375000
v -18.420581 3.248045 174.375000
v -18.646755 1.631380 174.375000
v -18.765410 0.000000 174.375000
v -18.771639 -1.642306 174.375000
v -18.656156 -3.289584 174.375000
v -18.406802 -4.932088 174.375000
v -18.010794 -6.555393 174.375000
v -17.457323 -8.140483 174.375000
v -16.740020 -9.664855 174.375000
v -15.858845 -11.104483 174.375000
v -14.821027 -12.436318 174.375000
v -13.640878 -13.640878 174.375000
v -12.338492 -14.704442 174.375000
v -10.937549 -15.620439 174.375000
v -9.462618 -16.389735 174.375000
v -7.936434 -17.019737 174.375000
v -6.377640 -17.522421 174.375000
v -4.799407 -17.911630 174.375000
v -3.209166 -18.200085 174.375000
v -1.609497 -18.396640 174.375000
v -0.000000 -18.504276 174.375000
v 1.620220 -18.519202 174.375000
v 3.249922 -18.431226 174.375000
v 4.883473 -18.225368 174.375000
v 6.509403 -17.884436 174.375000
v 8.110082 -17.392126 174.375000
v 9.662603 -16.736120 174.375000
v 11.140754 -15.910645 174.375000
v 12.517738 -14.918060 174.375000
v 13.769193 -13.769193 174.375000
v 14.875957 -12.482410 174.375000
v 15.826103 -11.081557 174.375000
v 16.615884 -9.593185 174.375000
v 17.249396 -8.043526 174.375000
v 17.737047 -6.455757 174.375000
v 18.093064 -4.848022 174.375000
v 18.332509 -3.232516 174.375000
v 18.468302 -1.615767 174.375000
v 18.672629 0.000000 176.250000
v 18.617235 1.628797 176.250000
v 18.452074 3.253598 176.250000
v 18.170144 4.868675 176.250000
v 17.762275 6.464940 176.250000
v 17.219133 8.029414 176.250000
v 16.533336 9.545526 176.250000
v 15.701309 10.994175 176.250000
v 14.724559 12.355372 176.250000
v 13.610149 13.610149 176.250000
v 12.370336 14.742392 176.250000
v 11.021440 15.740248 176.250000
v 9.582211 16.596876 176.250000
v 8.071969 17.310393 176.250000
v 6.508902 17.883060 176.250000
v 4.908792 18.319863 176.250000
v 3.284402 18.626770 176.250000
v 1.645576 18.809014 176.250000
v 0.000000 18.869703 176.250000
v -1.645578 18.809045 176.250000
v -3.283967 18.624305 176.250000
v -4.906286 18.310508 176.250000
v -6.501139 17.861733 176.250000
v -8.054413 17.272743 176.250000
v -9.549742 16.540639 176.250000
v -10.969591 15.666199 176.250000
v -12.296728 14.654669 176.250000
v -13.515829 13.515829 176.250000
v -14.614880 12.263340 176.250000
v -15.586103 10.913507 176.250000
v -16.426204 9.483673 176.250000
v -17.135891 7.990597 176.250000
v -17.718720 6.449086 176.250000
v -18.179499 4.871182 176.250000
v -18.522538 3.266023 176.250000
v -18.750087 1.640420 176.250000
v -18.861270 0.000000 176.250000
v -18.851743 -1.649314 176.250000
v -18.714153 -3.299810 176.250000
v -18.439353 -4.940810 176.250000
v -18.018149 -6.558070 176.250000
v -17.443289 -8.133939 176.250000
v -16.711310 -9.648280 176.250000
v -15.823921 -11.080028 176.250000
v -14.788641 -12.409143 176.250000
v -13.618582 -13.618582 176.250000
v -12.331373 -14.695958 176.250000
v -10.947435 -15.634557 176.250000
v -9.487890 -16.433507 176.250000
v -7.972483 -17.097045 176.250000
v -6.417883 -17.632987 176.250000
v -4.836658 -18.050654 176.250000
v -3.237119 -18.358612 176.250000
v -1.624019 -18.562626 176.250000
v -0.000000 -18.664196 176.250000
v 1.632533 -18.659934 176.250000
v 3.269441 -18.541922 176.250000
v 4.903199 -18.298988 176.250000
v 6.521871 -17.918692 176.250000
v 8.108941 -17.389679 176.250000
v 9.644063 -16.704007 176.250000
v 11.104613 -15.859030 176.250000
v 12.467788 -14.858531 176.250000
v 13.712903 -13.712903 176.250000
v 14.823470 -12.438368 176.250000
v 15.788703 -11.055369 176.250000
v 16.604179 -9.586427 176.250000
v 17.271548 -8.053855 176.250000
v 17.797328 -6.477698 176.250000
v 18.191018 -4.874269 176.250000
v 18.462844 -3.255498 176.250000
v 18.621553 -1.629175 176.250000
v 18.834367 0.000000 178.125000
v 18.773674 1.642484 178.125000
v 18.589276 3.277791 178.125000
v 18.277368 4.897406 178.125000
v 17.833325 6.490799 178.125000
v 17.252941 8.045179 178.125000
v 16.533707 9.545740 178.125000
v 15.675905 10.976387 178.125000
v 14.683340 12.320785 178.125000
v 13.563561 13.563561 178.125000
v 12.327581 14.691439 178.125000
v 10.989121 15.694091 178.125000
v 9.563567 16.564584 178.125000
v 8.066806 17.299321 178.125000
v 6.514167 17.897526 178.125000
v 4.919646 18.360367 178.125000
v 3.295533 18.689899 178.125000
v 1.652489 18.888034 178.125000
v 0.000000 18.955738 178.125000
v -1.652889 18.892604 178.125000
v -3.296764 18.696878 178.125000
v -4.921138 18.365936 178.125000
v -6.514014 17.897106 178.125000
v -8.061843 17.288678 178.125000
v -9.549890 16.540895 178.125000
v -10.962968 15.656741 178.125000
v -12.286397 14.642358 178.125000
v -13.507026 13.507026 178.125000
v -14.614098 12.262684 178.125000
v -15.599816 10.923109 178.125000
v -16.459472 9.502881 178.125000
v -17.191122 8.016352 178.125000
v -17.794854 6.476797 178.125000
v -18.271799 4.895914 178.125000
v -18.623055 3.283747 178.125000
v -18.848753 1.649052 178.125000
v -18.947438 0.000000 178.125000
v -18.915911 -1.654928 178.125000
v -18.749562 -3.306054 178.125000
v -18.443165 -4.941831 178.125000
v -17.991978 -6.548544 178.125000
v -17.392983 -8.110481 178.125000
v -16.646006 -9.610576 178.125000
v -15.754535 -11.031444 178.125000
v -14.726058 -12.356629 178.125000
v -13.571862 -13.571862 178.125000
v -12.306313 -14.666093 178.125000
v -10.945726 -15.632117 178.125000
v -9.507031 -16.466661 178.125000
v -8.006464 -17.169918 178.125000
v -6.458500 -17.744583 178.125000
v -4.875220 -18.194570 178.125000
v -3.266215 -18.523628 178.125000
v -1.639022 -18.734103 178.125000
v -0.000000 -18.826066 178.125000
v 1.644523 -18.796980 178.125000
v 3.287081 -18.641961 178.125000
v 4.918099 -18.354597 178.125000
v 6.525330 -17.928197 178.125000
v 8.093817 -17.357246 178.125000
v 9.606426 -16.638818 178.125000
v 11.044863 -15.773699 178.125000
v 12.391017 -14.767039 178.125000
v 13.628398 -13.628398 178.125000
v 14.743434 -12.371210 178.125000
v 15.726391 -11.011738 178.125000
v 16.571772 -9.567717 178.125000
v 17.278118 -8.056919 178.125000
v 17.847255 -6.495870 178.125000
v 18.283138 -4.898952 178.125000
v 18.590472 -3.278002 178.125000
v 18.773384 -1.642458 178.125000
v 19.044308 0.000000 180.000000
v 18.971839 1.659821 180.000000
v 18.754982 3.307009 180.000000
v 18.395389 4.929030 180.000000
v 17.895796 6.513537 180.000000
v 17.260005 8.048472 180.000000
v 16.492855 9.522154 180.000000
v 15.600184 10.923366 180.000000
v 14.588786 12.241445 180.000000
v 13.466359 13.466359 180.000000
v 12.241445 14.588786 180.000000
v 10.923366 15.600184 180.000000
v 9.522154 16.492855 180.000000
v 8.048472 17.260005 180.000000
v 6.513537 17.895796 180.000000
v 4.929030 18.395389 180.000000
v 3.307009 18.754982 180.000000
v 1.659821 18.971839 180.000000
v 0.000000 19.044308 180.000000
v -1.659821 18.971839 180.000000
v -3.307009 18.754982 180.000000
v -4.929030 18.395389 180.000000
v -6.513537 17.895796 180.000000
v -8.048472 17.260005 180.000000
v -9.522154 16.492855 180.000000
v -10.923366 15.600184 180.000000
v -12.241445 14.588786 180.000000
v -13.466359 13.466359 180.000000
v -14.588786 12.241445 180.000000
v -15.600184 10.923366 180.000000
v -16.492855 9.522154 180.000000
v -17.260005 8.048472 180.000000
v -17.895796 6.513537 180.000000
v -18.395389 4.929030 180.000000
v -18.754982 3.307009 180.000000
v -18.971839 1.659821 180.000000
v -19.044308 0.000000 180.000000
v -18.971839 -1.659821 180.000000
v -18.754982 -3.307009 180.000000
v -18.395389 -4.929030 180.000000
v -17.895796 -6.513537 180.000000
v -17.260005 -8.048472 180.000000
v -16.492855 -9.522154 180.000000
v -15.600184 -10.923366 180.000000
v -14.588786 -12.241445 180.000000
v -13.466359 -13.466359 180.000000
v -12.241445 -14.588786 180.000000
v -10.923366 -15.600184 180.000000
v -9.522154 -16.492855 180.000000
v -8.048472 -17.260005 180.000000
v -6.513537 -17.895796 180.000000
v -4.929030 -18.395389 180.000000
v -3.307009 -18.754982 180.000000
v -1.659821 -18.971839 180.000000
v -0.000000 -19.044308 180.000000
v 1.659821 -18.971839 180.000000
v 3.307009 -18.754982 180.000000
v 4.929030 -18.395389 180.000000
v 6.513537 -17.895796 180.000000
v 8.048472 -17.260005 180.000000
v 9.522154 -16.492855 180.000000
v 10.923366 -15.600184 180.000000
v 12.241445 -14.588786 180.000000
v 13.466359 -13.466359 180.000000
v 14.588786 -12.241445 180.000000
v 15.600184 -10.923366 180.000000
v 16.492855 -9.522154 180.000000
v 17.260005 -8.048472 180.000000
v 17.895796 -6.513537 180.000000
v 18.395389 -4.929030 180.000000
v 18.754982 -3.307009 180.000000
v 18.971839 -1.659821 180.000000
v 0.000000 0.000000 0.000000
f 1 73 2
f 2 73 74
f 2 74 3
f 3 74 75
f 3 75 4
f 4 75 76
f 4 76 5
f 5 76 77
f 5 77 6
f 6 77 78
f 6 78 7
f 7 78 79
f 7 79 8
f 8 79 80
f 8 80 9
f 9 80 81
f 9 81 10
f 10 81 82
f 10 82 11
f 11 82 83
f 11 83 12
f 12 83 84
f 12 84 13
f 13 84 85
f 13 85 14
f 14 85 86
f 14 86 15
f 15 86 87
f 15 87 16
f 16 87 88
f 16 88 17
f 17 88 89
f 17 89 18
f 18 89 90
f 18 90 19
f 19 90 91
f 19 91 20
f 20 91 92
f 20 92 21
f 21 92 93
f 21 93 22
f 22 93 94
f 22 94 23
f 23 94 95
f 23 95 24
f 24 95 96
f 24 96 25
f 25 96 97
f 25 97 26
f 26 97 98
f 26 98 27
f 27 98 99
f 27 99 28
f 28 99 100
f 28 100 29
f 29 100 101
f 29 101 30
f 30 101 102
f 30 102 31
f 31 102 103
f 31 103 32
f 32 103 104
f 32 104 33
f 33 104 105
f 33 105 34
f 34 105 106
f 34 106 35
f 35 106 107
f 35 107 36
f 36 107 108
f 36 108 37
f 37 108 109
f 37 109 38
f 38 109 110
f 38 110 39
f 39 110 111
f 39 111 40
f 40 111 112
f 40 112 41
f 41 112 113
f 41 113 42
f 42 113 114
f 42 114 43
f 43 114 115
f 43 115 44
f 44 115 116
f 44 116 45
f 45 116 117
f 45 117 46
f 46 117 118
f 46 118 47
f 47 118 119
f 47 119 48
f 48 119 120
f 48 120 49
f 49 120 121
f 49 121 50
f 50 121 122
f 50 122 51
f 51 122 123
f 51 123 52
f 52 123 124
f 52 124 53
f 53 124 125
f 53 125 54
f 54 125 126
f 54 126 55
f 55 126 127
f 55 127 56
f 56 127 128
f 56 128 57
f 57 128 129
f 57 129 58
f 58 129 130
f 58 130 59
f 59 130 131
f 59 131 60
f 60 131 132
f 60 132 61
f 61 132 133
f 61 133 62
f 62 133 134
f 62 134 63
f 63 134 135
f 63 135 64
f 64 135 136
f 64 136 65
f 65 136 137
f 65 137 66
f 66 137 138
f 66 138 67
f 67 138 139
f 67 139 68
f 68 139 140
f 68 140 69
f 69 140 141
f 69 141 70
f 70 141 142
f 70 142 71
f 71 142 143
f 71 143 72
f 72 143 144
f 72 144 1
f 1 144 73
f 73 145 74
f 74 145 146
f 74 146 75
f 75 146 147
f 75 147 76
f 76 147 148
f 76 148 77
f 77 148 149
f 77 149 78
f 78 149 150
f 78 150 79
f 79 150 151
f 79 151 80
f 80 151 152
f 80 152 81
f 81 152 153
f 81 153 82
f 82 153 154
f 82 154 83
f 83 154 155
f 83 155 84
f 84 155 156
f 84 156 85
f 85 156 157
f 85 157 86
f 86 157 158
f 86 158 87
f 87 158 159
f 87 159 88
f 88 159 160
f 88 160 89
f 89 160 161
f 89 161 90
f 90 161 162
f 90 162 91
f 91 162 163
f 91 163 92
f 92 163 164
f 92 164 93
f 93 164 165
f 93 165 94
f 94 165 166
f 94 166 95
f 95 166 167
f 95 167 96
f 96 167 168
f 96 168 97
f 97 168 169
f 97 169 98
f 98 169 170
f 98 170 99
f 99 170 171
f 99 171 100
f 100 171 172
f 100 172 101
f 101 172 173
f 101 173 102
f 102 173 174
f 102 174 103
f 103 174 175
f 103 175 104
f 104 175 176
f 104 176 105
f 105 176 177
f 105 177 106
f 106 177 178
f 106 178 107
f 107 178 179
f 107 179 108
f 108 179 180
f 108 180 109
f 109 180 181
f 109 181 110
f 110 181 182
f 110 182 111
f 111 182 183
f 111 183 112
f 112 183 184
f 112 184 113
f 113 184 185
f 113 185 114
f 114 185 186
f 114 186 115
f 115 186 187
f 115 187 116
f 116 187 188
f 116 188 117
f 117 188 189
f 117 189 118
f 118 189 190
f 118 190 119
f 119 190 191
f 119 191 120
f 120 191 192
f 120 192 121
f 121 192 193
f 121 193 122
f 122 193 194
f 122 194 123
f 123 194 195
f 123 195 124
f 124 195 196
f 124 196 125
f 125 196 197
f 125 197 126
f 126 197 198
f 126 198 127
f 127 198 199
f 127 199 128
f 128 199 200
f 128 200 129
f 129 200 201
f 129 201 130
f 130 201 202
f 130 202 131
f 131 202 203
f 131 203 132
f 132 203 204
f 132 204 133
f 133 204 205
f 133 205 134
f 134 205 206
f 134 206 135
f 135 206 207
f 135 207 136
f 136 207 208
f 136 208 137
f 137 208 209
f 137 209 138
f 138 209 210
f 138 210 139
f 139 210 211
f 139 211 140
f 140 211 212
f 140 212 141
f 141 212 213
f 141 213 142
f 142 213 214
f 142 214 143
f 143 214 215
f 143 215 144
f 144 215 216
f 144 216 73
f 73 216 145
f 145 217 146
f 146 217 218
f 146 218 147
f 147 218 219
f 147 219 148
f 148 219 220
f 148 220 149
f 149 220 221
f 149 221 150
f 150 221 222
f 150 222 151
f 151 222 223
f 151 223 152
f 152 223 224
f 152 224 153
f 153 224 225
f 153 225 154
f 154 225 226
f 154 226 155
f 155 226 227
f 155 227 156
f 156 227 228
f 156 228 157
f 157 228 229
f 157 229 158
f 158 229 230
f 158 230 159
f 159 230 231
f 159 231 160
f 160 231 232
f 160 232 161
f 161 232 233
f 161 233 162
f 162 233 234
f 162 234 163
f 163 234 235
f 163 235 164
f 164 235 236
f 164 236 165
f 165 236 237
f 165 237 166
f 166 237 238
f 166 238 167
f 167 238 239
f 167 239 168
f 168 239 240
f 168 240 169
f 169 240 241
f 169 241 170
f 170 241 242
f 170 242 171
f 171 242 243
f 171 243 172
f 172 243 244
f 172 244 173
f 173 244 245
f 173 245 174
f 174 245 246
f 174 246 175
f 175 246 247
f 175 247 176
f 176 247 248
f 176 248 177
f 177 248 249
f 177 249 178
f 178 249 250
f 178 250 179
f 179 250 251
f 179 251 180
f 180 251 252
f 180 252 181
f 181 252 253
f 181 253 182
f 182 253 254
f 182 254 183
f 183 254 255
f 183 255 184
f 184 255 256
f 184 256 185
f 185 256 257
f 185 257 186
f 186 257 258
f 186 258 187
f 187 258 259
f 187 259 188
f 188 259 260
f 188 260 189
f 189 260 261
f 189 261 190
f 190 261 262
f 190 262 191
f 191 262 263
f 191 263 192
f 192 263 264
f 192 264 193
f 193 264 265
f 193 265 194
f 194 265 266
f 194 266 195
f 195 266 267
f 195 267 196
f 196 267 268
f 196 268 197
f 197 268 269
f 197 269 198
f 198 269 270
f 198 270 199
f 199 270 271
f 199 271 200
f 200 271 272
f 200 272 201
f 201 272 273
f 201 273 202
f 202 273 274
f 202 274 203
f 203 274 275
f 203 275 204
f 204 275 276
f 204 276 205
f 205 276 277
f 205 277 206
f 206 277 278
f 206 278 207
f 207 278 279
f 207 279 208
f 208 279 280
f 208 280 209
f 209 280 281
f 209 281 210
f 210 281 282
f 210 282 211
f 211 282 283
f 211 283 212
f 212 283 284
f 212 284 213
f 213 284 285
f 213 285 214
f 214 285 286
f 214 286 215
f 215 286 287
f 215 287 216
f 216 287 288
f 216 288 145
f 145 288 217
f 217 289 218
f 218 289 290
f 218 290 219
f 219 290 291
f 219 291 220
f 220 291 292
f 220 292 221
f 221 292 293
f 221 293 222
f 222 293 294
f 222 294 223
f 223 294 295
f 223 295 224
f 224 295 296
f 224 296 225
f 225 296 297
f 225 297 226
f 226 297 298
f 226 298 227
f 227 298 299
f 227 299 228
f 228 299 300
f 228 300 229
f 229 300 301
f 229 301 230
f 230 301 302
f 230 302 231
f 231 302 303
f 231 303 232
f 232 303 304
f 232 304 233
f 233 304 305
f 233 305 234
f 234 305 306
f 234 306 235
f 235 306 307
f 235 307 236
f 236 307 308
f 236 308 237
f 237 308 309
f 237 309 238
f 238 309 310
f 238 310 239
f 239 310 311
f 239 311 240
f 240 311 312
f 240 312 241
f 241 312 313
f 241 313 242
f 242 313 314
f 242 314 243
f 243 314 315
f 243 315 244
f 244 315 316
f 244 316 245
f 245 316 317
f 245 317 246
f 246 317 318
f 246 318 247
f 247 318 319
f 247 319 248
f 248 319 320
f 248 320 249
f 249 320 321
f 249 321 250
f 250 321 322
f 250 322 251
f 251 322 323
f 251 323 252
f 252 323 324
f 252 324 253
f 253 324 325
f 253 325 254
f 254 325 326
f 254 326 255
f 255 326 327
f 255 327 256
f 256 327 328
f 256 328 257
f 257 328 329
f 257 329 258
f 258 329 330
f 258 330 259
f 259 330 331
f 259 331 260
f 260 331 332
f 260 332 261
f 261 332 333
f 261 333 262
f 262 333 334
f 262 334 263
f 263 334 335
f 263 335 264
f 264 335 336
f 264 336 265
f 265 336 337
f 265 337 266
f 266 337 338
f 266 338 267
f 267 338 339
f 267 339 268
f 268 339 340
f 268 340 269
f 269 340 341
f 269 341 270
f 270 341 342
f 270 342 271
f 271 342 343
f 271 343 272
f 272 343 344
f 272 344 273
f 273 344 345
f 273 345 274
f 274 345 346
f 274 346 275
f 275 346 347
f 275 347 276
f 276 347 348
f 276 348 277
f 277 348 349
f 277 349 278
f 278 349 350
f 278 350 279
f 279 350 351
f 279 351 280
f 280 351 352
f 280 352 281
f 281 352 353
f 281 353 282
f 282 353 354
f 282 354 283
f 283 354 355
f 283 355 284
f 284 355 356
f 284 356 285
f 285 356 357
f 285 357 286
f 286 357 358
f 286 358 287
f 287 358 359
f 287 359 288
f 288 359 360
f 288 360 217
f 217 360 289
f 289 361 290
f 290 361 362
f 290 362 291
f 291 362 363
f 291 363 292
f 292 363 364
f 292 364 293
f 293 364 365
f 293 365 294
f 294 365 366
f 294 366 295
f 295 366 367
f 295 367 296
f 296 367 368
f 296 368 297
f 297 368 369
f 297 369 298
f 298 369 370
f 298 370 299
f 299 370 371
f 299 371 300
f 300 371 372
f 300 372 301
f 301 372 373
f 301 373 302
f 302 373 374
f 302 374 303
f 303 374 375
f 303 375 304
f 304 375 376
f 304 376 305
f 305 376 377
f 305 377 306
f 306 377 378
f 306 378 307
f 307 378 379
f 307 379 308
f 308 379 380
f 308 380 309
f 309 380 381
f 309 381 310
f 310 381 382
f 310 382 311
f 311 382 383
f 311 383 312
f 312 383 384
f 312 384 313
f 313 384 385
f 313 385 314
f 314 385 386
f 314 386 315
f 315 386 387
f 315 387 316
f 316 387 388
f 316 388 317
f 317 388 389
f 317 389 318
f 318 389 390
f 318 390 319
f 319 390 391
f 319 391 320
f 320 391 392
f 320 392 321
f 321 392 393
f 321 393 322
f 322 393 394
f 322 394 323
f 323 394 395
f 323 395 324
f 324 395 396
f 324 396 325
f 325 396 397
f 325 397 326
f 326 397 398
f 326 398 327
f 327 398 399
f 327 399 328
f 328 399 400
f 328 400 329
f 329 400 401
f 329 401 330
f 330 401 402
f 330 402 331
f 331 402 403
f 331 403 332
f 332 403 404
f 332 404 333
f 333 404 405
f 333 405 334
f 334 405 406
f 334 406 335
f 335 406 407
f 335 407 336
f 336 407 408
f 336 408 337
f 337 408 409
f 337 409 338
f 338 409 410
f 338 410 339
f 339 410 411
f 339 411 340
f 340 411 412
f 340 412 341
f 341 412 413
f 341 413 342
f 342 413 414
f 342 414 343
f 343 414 415
f 343 415 344
f 344 415 416
f 344 416 345
f 345 416 417
f 345 417 346
f 346 417 418
f 346 418 347
f 347 418 419
f 347 419 348
f 348 419 420
f 348 420 349
f 349 420 421
f 349 421 350
f 350 421 422
f 350 422 351
f 351 422 423
f 351 423 352
f 352 423 424
f 352 424 353
f 353 424 425
f 353 425 354
f 354 425 426
f 354 426 355
f 355 426 427
f 355 427 356
f 356 427 428
f 356 428 357
f 357 428 429
f 357 429 358
f 358 429 430
f 358 430 359
f 359 430 431
f 359 431 360
f 360 431 432
f 360 432 289
f 289 432 361
f 361 433 362
f 362 433 434
f 362 434 363
f 363 434 435
f 363 435 364
f 364 435 436
f 364 436 365
f 365 436 437
f 365 437 366
f 366 437 438
f 366 438 367
f 367 438 439
f 367 439 368
f 368 439 440
f 368 440 369
f 369 440 441
f 369 441 370
f 370 441 442
f 370 442 371
f 371 442 443
f 371 443 372
f 372 443 444
f 372 444 373
f 373 444 445
f 373 445 374
f 374 445 446
f 374 446 375
f 375 446 447
f 375 447 376
f 376 447 448
f 376 448 377
f 377 448 449
f 377 449 378
f 378 449 450
f 378 450 379
f 379 450 451
f 379 451 380
f 380 451 452
f 380 452 381
f 381 452 453
f 381 453 382
f 382 453 454
f 382 454 383
f 383 454 455
f 383 455 384
f 384 455 456
f 384 456 385
f 385 456 457
f 385 457 386
f 386 457 458
f 386 458 387
f 387 458 459
f 387 459 388
f 388 459 460
f 388 460 389
f 389 460 461
f 389 461 390
f 390 461 462
f 390 462 391
f 391 462 463
f 391 463 392
f 392 463 464
f 392 464 393
f 393 464 465
f 393 465 394
f 394 465 466
f 394 466 395
f 395 466 467
f 395 467 396
f 396 467 468
f 396 468 397
f 397 468 469
f 397 469 398
f 398 469 470
f 398 470 399
f 399 470 471
f 399 471 400
f 400 471 472
f 400 472 401
f 401 472 473
f 401 473 402
f 402 473 474
f 402 474 403
f 403 474 475
f 403 475 404
f 404 475 476
f 404 476 405
f 405 476 477
f 405 477 406
f 406 477 478
f 406 478 407
f 407 478 479
f 407 479 408
f 408 479 480
f 408 480 409
f 409 480 481
f 409 481 410
f 410 481 482
f 410 482 411
f 411 482 483
f 411 483 412
f 412 483 484
f 412 484 413
f 413 484 485
f 413 485 414
f 414 485 486
f 414 486 415
f 415 486 487
f 415 487 416
f 416 487 488
f 416 488 417
f 417 488 489
f 417 489 418
f 418 489 490
f 418 490 419
f 419 490 491
f 419 491 420
f 420 491 492
f 420 492 421
f 421 492 493
f 421 493 422
f 422 493 494
f 422 494 423
f 423 494 495
f 423 495 424
f 424 495 496
f 424 496 425
f 425 496 497
f 425 497 426
f 426 497 498
f 426 498 427
f 427 498 499
f 427 499 428
f 428 499 500
f 428 500 429
f 429 500 501
f 429 501 430
f 430 501 502
f 430 502 431
f 431 502 503
f 431 503 432
f 432 503 504
f 432 504 361
f 361 504 433
f 433 505 434
f 434 505 506
f 434 506 435
f 435 506 507
f 435 507 436
f 436 507 508
f 436 508 437
f 437 508 509
f 437 509 438
f 438 509 510
f 438 510 439
f 439 510 511
f 439 511 440
f 440 511 512
f 440 512 441
f 441 512 513
f 441 513 442
f 442 513 514
f 442 514 443
f 443 514 515
f 443 515 444
f 444 515 516
f 444 516 445
f 445 516 517
f 445 517 446
f 446 517 518
f 446 518 447
f 447 518 519
f 447 519 448
f 448 519 520
f 448 520 449
f 449 520 521
f 449 521 450
f 450 521 522
f 450 522 451
f 451 522 523
f 451 523 452
f 452 523 524
f 452 524 453
f 453 524 525
f 453 525 454
f 454 525 526
f 454 526 455
f 455 526 527
f 455 527 456
f 456 527 528
f 456 528 457
f 457 528 529
f 457 529 458
f 458 529 530
f 458 530 459
f 459 530 531
f 459 531 460
f 460 531 532
f 460 532 461
f 461 532 533
f 461 533 462
f 462 533 534
f 462 534 463
f 463 534 535
f 463 535 464
f 464 535 536
f 464 536 465
f 465 536 537
f 465 537 466
f 466 537 538
f 466 538 467
f 467 538 539
f 467 539 468
f 468 539 540
f 468 540 469
f 469 540 541
f 469 541 470
f 470 541 542
f 470 542 471
f 471 542 543
f 471 543 472
f 472 543 544
f 472 544 473
f 473 544 545
f 473 545 474
f 474 545 546
f 474 546 475
f 475 546 547
f 475 547 476
f 476 547 548
f 476 548 477
f 477 548 549
f 477 549 478
f 478 549 550
f 478 550 479
f 479 550 551
f 479 551 480
f 480 551 552
f 480 552 481
f 481 552 553
f 481 553 482
f 482 553 554
f 482 554 483
f 483 554 555
f 483 555 484
f 484 555 556
f 484 556 485
f 485 556 557
f 485 557 486
f 486 557 558
f 486 558 487
f 487 558 559
f 487 559 488
f 488 559 560
f 488 560 489
f 489 560 561
f 489 561 490
f 490 561 562
f 490 562 491
f 491 562 563
f 491 563 492
f 492 563 564
f 492 564 493
f 493 564 565
f 493 565 494
f 494 565 566
f 494 566 495
f 495 566 567
f 495 567 496
f 496 567 568
f 496 568 497
f 497 568 569
f 497 569 498
f 498 569 570
f 498 570 499
f 499 570 571
f 499 571 500
f 500 571 572
f 500 572 501
f 501 572 573
f 501 573 502
f 502 573 574
f 502 574 503
f 503 574 575
f 503 575 504
f 504 575 576
f 504 576 433
f 433 576 505
f 505 577 506
f 506 577 578
f 506 578 507
f 507 578 579
f 507 579 508
f 508 579 580
f 508 580 509
f 509 580 581
f 509 581 510
f 510 581 582
f 510 582 511
f 511 582 583
f 511 583 512
f 512 583 584
f 512 584 513
f 513 584 585
f 513 585 514
f 514 585 586
f 514 586 515
f 515 586 587
f 515 587 516
f 516 587 588
f 516 588 517
f 517 588 589
f 517 589 518
f 518 589 590
f 518 590 519
f 519 590 591
f 519 591 520
f 520 591 592
f 520 592 521
f 521 592 593
f 521 593 522
f 522 593 594
f 522 594 523
f 523 594 595
f 523 595 524
f 524 595 596
f 524 596 525
f 525 596 597
f 525 597 526
f 526 597 598
f 526 598 527
f 527 598 599
f 527 599 528
f 528 599 600
f 528 600 529
f 529 600 601
f 529 601 530
f 530 601 602
f 530 602 531
f 531 602 603
f 531 603 532
f 532 603 604
f 532 604 533
f 533 604 605
f 533 605 534
f 534 605 606
f 534 606 535
f 535 606 607
f 535 607 536
f 536 607 608
f 536 608 537
f 537 608 609
f 537 609 538
f 538 609 610
f 538 610 539
f 539 610 611
f 539 611 540
f 540 611 612
f 540 612 541
f 541 612 613
f 541 613 542
f 542 613 614
f 542 614 543
f 543 614 615
f 543 615 544
f 544 615 616
f 544 616 545
f 545 616 617
f 545 617 546
f 546 617 618
f 546 618 547
f 547 618 619
f 547 619 548
f 548 619 620
f 548 620 549
f 549 620 621
f 549 621 550
f 550 621 622
f 550 622 551
f 551 622 623
f 551 623 552
f 552 623 624
f 552 624 553
f 553 624 625
f 553 625 554
f 554 625 626
f 554 626 555
f 555 626 627
f 555 627 556
f 556 627 628
f 556 628 557
f 557 628 629
f 557 629 558
f 558 629 630
f 558 630 559
f 559 630 631
f 559 631 560
f 560 631 632
f 560 632 561
f 561 632 633
f 561 633 562
f 562 633 634
f 562 634 563
f 563 634 635
f 563 635 564
f 564 635 636
f 564 636 565
f 565 636 637
f 565 637 566
f 566 637 638
f 566 638 567
f 567 638 639
f 567 639 568
f 568 639 640
f 568 640 569
f 569 640 641
f 569 641 570
f 570 641 642
f 570 642 571
f 571 642 643
f 571 643 572
f 572 643 644
f 572 644 573
f 573 644 645
f 573 645 574
f 574 645 646
f 574 646 575
f 575 646 647
f 575 647 576
f 576 647 648
f 576 648 505
f 505 648 577
f 577 649 578
f 578 649 650
f 578 650 579
f 579 650 651
f 579 651 580
f 580 651 652
f 580 652 581
f 581 652 653
f 581 653 582
f 582 653 654
f 582 654 583
f 583 654 655
f 583 655 584
f 584 655 656
f 584 656 585
f 585 656 657
f 585 657 586
f 586 657 658
f 586 658 587
f 587 658 659
f 587 659 588
f 588 659 660
f 588 660 589
f 589 660 661
f 589 661 590
f 590 661 662
f 590 662 591
f 591 662 663
f 591 663 592
f 592 663 664
f 592 664 593
f 593 664 665
f 593 665 594
f 594 665 666
f 594 666 595
f 595 666 667
f 595 667 596
f 596 667 668
f 596 668 597
f 597 668 669
f 597 669 598
f 598 669 670
f 598 670 599
f 599 670 671
f 599 671 600
f 600 671 672
f 600 672 601
f 601 672 673
f 601 673 602
f 602 673 674
f 602 674 603
f 603 674 675
f 603 675 604
f 604 675 676
f 604 676 605
f 605 676 677
f 605 677 606
f 606 677 678
f 606 678 607
f 607 678 679
f 607 679 608
f 608 679 680
f 608 680 609
f 609 680 681
f 609 681 610
f 610 681 682
f 610 682 611
f 611 682 683
f 611 683 612
f 612 683 684
f 612 684 613
f 613 684 685
f 613 685 614
f 614 685 686
f 614 686 615
f 615 686 687
f 615 687 616
f 616 687 688
f 616 688 617
f 617 688 689
f 617 689 618
f 618 689 690
f 618 690 619
f 619 690 691
f 619 691 620
f 620 691 692
f 620 692 621
f 621 692 693
f 621 693 622
f 622 693 694
f 622 694 623
f 623 694 695
f 623 695 624
f 624 695 696
f 624 696 625
f 625 696 697
f 625 697 626
f 626 697 698
f 626 698 627
f 627 698 699
f 627 699 628
f 628 699 700
f 628 700 629
f 629 700 701
f 629 701 630
f 630 701 702
f 630 702 631
f 631 702 703
f 631 703 632
f 632 703 704
f 632 704 633
f 633 704 705
f 633 705 634
f 634 705 706
f 634 706 635
f 635 706 707
f 635 707 636
f 636 707 708
f 636 708 637
f 637 708 709
f 637 709 638
f 638 709 710
f 638 710 639
f 639 710 711
f 639 711 640
f 640 711 712
f 640 712 641
f 641 712 713
f 641 713 642
f 642 713 714
f 642 714 643
f 643 714 715
f 643 715 644
f 644 715 716
f 644 716 645
f 645 716 717
f 645 717 646
f 646 717 718
f 646 718 647
f 647 718 719
f 647 719 648
f 648 719 720
f 648 720 577
f 577 720 649
f 649 721 650
f 650 721 722
f 650 722 651
f 651 722 723
f 651 723 652
f 652 723 724
f 652 724 653
f 653 724 725
f 653 725 654
f 654 725 726
f 654 726 655
f 655 726 727
f 655 727 656
f 656 727 728
f 656 728 657
f 657 728 729
f 657 729 658
f 658 729 730
f 658 730 659
f 659 730 731
f 659 731 660
f 660 731 732
f 660 732 661
f 661 732 733
f 661 733 662
f 662 733 734
f 662 734 663
f 663 734 735
f 663 735 664
f 664 735 736
f 664 736 665
f 665 736 737
f 665 737 666
f 666 737 738
f 666 738 667
f 667 738 739
f 667 739 668
f 668 739 740
f 668 740 669
f 669 740 741
f 669 741 670
f 670 741 742
f 670 742 671
f 671 742 743
f 671 743 672
f 672 743 744
f 672 744 673
f 673 744 745
f 673 745 674
f 674 745 746
f 674 746 675
f 675 746 747
f 675 747 676
f 676 747 748
f 676 748 677
f 677 748 749
f 677 749 678
f 678 749 750
f 678 750 679
f 679 750 751
f 679 751 680
f 680 751 752
f 680 752 681
f 681 752 753
f 681 753 682
f 682 753 754
f 682 754 683
f 683 754 755
f 683 755 684
f 684 755 756
f 684 756 685
f 685 756 757
f 685 757 686
f 686 757 758
f 686 758 687
f 687 758 759
f 687 759 688
f 688 759 760
f 688 760 689
f 689 760 761
f 689 761 690
f 690 761 762
f 690 762 691
f 691 762 763
f 691 763 692
f 692 763 764
f 692 764 693
f 693 764 765
f 693 765 694
f 694 765 766
f 694 766 695
f 695 766 767
f 695 767 696
f 696 767 768
f 696 768 697
f 697 768 769
f 697 769 698
f 698 769 770
f 698 770 699
f 699 770 771
f 699 771 700
f 700 771 772
f 700 772 701
f 701 772 773
f 701 773 702
f 702 773 774
f 702 774 703
f 703 774 775
f 703 775 704
f 704 775 776
f 704 776 705
f 705 776 777
f 705 777 706
f 706 777 778
f 706 778 707
f 707 778 779
f 707 779 708
f 708 779 780
f 708 780 709
f 709 780 781
f 709 781 710
f 710 781 782
f 710 782 711
f 711 782 783
f 711 783 712
f 712 783 784
f 712 784 713
f 713 784 785
f 713 785 714
f 714 785 786
f 714 786 715
f 715 786 787
f 715 787 716
f 716 787 788
f 716 788 717
f 717 788 789
f 717 789 718
f 718 789 790
f 718 790 719
f 719 790 791
f 719 791 720
f 720 791 792
f 720 792 649
f 649 792 721
f 721 793 722
f 722 793 794
f 722 794 723
f 723 794 795
f 723 795 724
f 724 795 796
f 724 796 725
f 725 796 797
f 725 797 726
f 726 797 798
f 726 798 727
f 727 798 799
f 727 799 728
f 728 799 800
f 728 800 729
f 729 800 801
f 729 801 730
f 730 801 802
f 730 802 731
f 731 802 803
f 731 803 732
f 732 803 804
f 732 804 733
f 733 804 805
f 733 805 734
f 734 805 806
f 734 806 735
f 735 806 807
f 735 807 736
f 736 807 808
f 736 808 737
f 737 808 809
f 737 809 738
f 738 809 810
f 738 810 739
f 739 810 811
f 739 811 740
f 740 811 812
f 740 812 741
f 741 812 813
f 741 813 742
f 742 813 814
f 742 814 743
f 743 814 815
f 743 815 744
f 744 815 816
f 744 816 745
f 745 816 817
f 745 817 746
f 746 817 818
f 746 818 747
f 747 818 819
f 747 819 748
f 748 819 820
f 748 820 749
f 749 820 821
f 749 821 750
f 750 821 822
f 750 822 751
f 751 822 823
f 751 823 752
f 752 823 824
f 752 824 753
f 753 824 825
f 753 825 754
f 754 825 826
f 754 826 755
f 755 826 827
f 755 827 756
f 756 827 828
f 756 828 757
f 757 828 829
f 757 829 758
f 758 829 830
f 758 830 759
f 759 830 831
f 759 831 760
f 760 831 832
f 760 832 761
f 761 832 833
f 761 833 762
f 762 833 834
f 762 834 763
f 763 834 835
f 763 835 764
f 764 835 836
f 764 836 765
f 765 836 837
f 765 837 766
f 766 837 838
f 766 838 767
f 767 838 839
f 767 839 768
f 768 839 840
f 768 840 769
f 769 840 841
f 769 841 770
f 770 841 842
f 770 842 771
f 771 842 843
f 771 843 772
f 772 843 844
f 772 844 773
f 773 844 845
f 773 845 774
f 774 845 846
f 774 846 775
f 775 846 847
f 775 847 776
f 776 847 848
f 776 848 777
f 777 848 849
f 777 849 778
f 778 849 850
f 778 850 779
f 779 850 851
f 779 851 780
f 780 851 852
f 780 852 781
f 781 852 853
f 781 853 782
f 782 853 854
f 782 854 783
f 783 854 855
f 783 855 784
f 784 855 856
f 784 856 785
f 785 856 857
f 785 857 786
f 786 857 858
f 786 858 787
f 787 858 859
f 787 859 788
f 788 859 860
f 788 860 789
f 789 860 861
f 789 861 790
f 790 861 862
f 790 862 791
f 791 862 863
f 791 863 792
f 792 863 864
f 792 864 721
f 721 864 793
f 793 865 794
f 794 865 866
f 794 866 795
f 795 866 867
f 795 867 796
f 796 867 868
f 796 868 797
f 797 868 869
f 797 869 798
f 798 869 870
f 798 870 799
f 799 870 871
f 799 871 800
f 800 871 872
f 800 872 801
f 801 872 873
f 801 873 802
f 802 873 874
f 802 874 803
f 803 874 875
f 803 875 804
f 804 875 876
f 804 876 805
f 805 876 877
f 805 877 806
f 806 877 878
f 806 878 807
f 807 878 879
f 807 879 808
f 808 879 880
f 808 880 809
f 809 880 881
f 809 881 810
f 810 881 882
f 810 882 811
f 811 882 883
f 811 883 812
f 812 883 884
f 812 884 813
f 813 884 885
f 813 885 814
f 814 885 886
f 814 886 815
f 815 886 887
f 815 887 816
f 816 887 888
f 816 888 817
f 817 888 889
f 817 889 818
f 818 889 890
f 818 890 819
f 819 890 891
f 819 891 820
f 820 891 892
f 820 892 821
f 821 892 893
f 821 893 822
f 822 893 894
f 822 894 823
f 823 894 895
f 823 895 824
f 824 895 896
f 824 896 825
f 825 896 897
f 825 897 826
f 826 897 898
f 826 898 827
f 827 898 899
f 827 899 828
f 828 899 900
f 828 900 829
f 829 900 901
f 829 901 830
f 830 901 902
f 830 902 831
f 831 902 903
f 831 903 832
f 832 903 904
f 832 904 833
f 833 904 905
f 833 905 834
f 834 905 906
f 834 906 835
f 835 906 907
f 835 907 836
f 836 907 908
f 836 908 837
f 837 908 909
f 837 909 838
f 838 909 910
f 838 910 839
f 839 910 911
f 839 911 840
f 840 911 912
f 840 912 841
f 841 912 913
f 841 913 842
f 842 913 914
f 842 914 843
f 843 914 915
f 843 915 844
f 844 915 916
f 844 916 845
f 845 916 917
f 845 917 846
f 846 917 918
f 846 918 847
f 847 918 919
f 847 919 848
f 848 919 920
f 848 920 849
f 849 920 921
f 849 921 850
f 850 921 922
f 850 922 851
f 851 922 923
f 851 923 852
f 852 923 924
f 852 924 853
f 853 924 925
f 853 925 854
f 854 925 926
f 854 926 855
f 855 926 927
f 855 927 856
f 856 927 928
f 856 928 857
f 857 928 929
f 857 929 858
f 858 929 930
f 858 930 859
f 859 930 931
f 859 931 860
f 860 931 932
f 860 932 861
f 861 932 933
f 861 933 862
f 862 933 934
f 862 934 863
f 863 934 935
f 863 935 864
f 864 935 936
f 864 936 793
f 793 936 865
f 865 937 866
f 866 937 938
f 866 938 867
f 867 938 939
f 867 939 868
f 868 939 940
f 868 940 869
f 869 940 941
f 869 941 870
f 870 941 942
f 870 942 871
f 871 942 943
f 871 943 872
f 872 943 944
f 872 944 873
f 873 944 945
f 873 945 874
f 874 945 946
f 874 946 875
f 875 946 947
f 875 947 876
f 876 947 948
f 876 948 877
f 877 948 949
f 877 949 878
f 878 949 950
f 878 950 879
f 879 950 951
f 879 951 880
f 880 951 952
f 880 952 881
f 881 952 953
f 881 953 882
f 882 953 954
f 882 954 883
f 883 954 955
f 883 955 884
f 884 955 956
f 884 956 885
f 885 956 957
f 885 957 886
f 886 957 958
f 886 958 887
f 887 958 959
f 887 959 888
f 888 959 960
f 888 960 889
f 889 960 961
f 889 961 890
f 890 961 962
f 890 962 891
f 891 962 963
f 891 963 892
f 892 963 964
f 892 964 893
f 893 964 965
f 893 965 894
f 894 965 966
f 894 966 895
f 895 966 967
f 895 967 896
f 896 967 968
f 896 968 897
f 897 968 969
f 897 969 898
f 898 969 970
f 898 970 899
f 899 970 971
f 899 971 900
f 900 971 972
f 900 972 901
f 901 972 973
f 901 973 902
f 902 973 974
f 902 974 903
f 903 974 975
f 903 975 904
f 904 975 976
f 904 976 905
f 905 976 977
f 905 977 906
f 906 977 978
f 906 978 907
f 907 978 979
f 907 979 908
f 908 979 980
f 908 980 909
f 909 980 981
f 909 981 910
f 910 981 982
f 910 982 911
f 911 982 983
f 911 983 912
f 912 983 984
f 912 984 913
f 913 984 985
f 913 985 914
f 914 985 986
f 914 986 915
f 915 986 987
f 915 987 916
f 916 987 988
f 916 988 917
f 917 988 989
f 917 989 918
f 918 989 990
f 918 990 919
f 919 990 991
f 919 991 920
f 920 991 992
f 920 992 921
f 921 992 993
f 921 993 922
f 922 993 994
f 922 994 923
f 923 994 995
f 923 995 924
f 924 995 996
f 924 996 925
f 925 996 997
f 925 997 926
f 926 997 998
f 926 998 927
f 927 998 999
f 927 999 928
f 928 999 1000
f 928 1000 929
f 929 1000 1001
f 929 1001 930
f 930 1001 1002
f 930 1002 931
f 931 1002 1003
f 931 1003 932
f 932 1003 1004
f 932 1004 933
f 933 1004 1005
f 933 1005 934
f 934 1005 1006
f 934 1006 935
f 935 1006 1007
f 935 1007 936
f 936 1007 1008
f 936 1008 865
f 865 1008 937
f 937 1009 938
f 938 1009 1010
f 938 1010 939
f 939 1010 1011
f 939 1011 940
f 940 1011 1012
f 940 1012 941
f 941 1012 1013
f 941 1013 942
f 942 1013 1014
f 942 1014 943
f 943 1014 1015
f 943 1015 944
f 944 1015 1016
f 944 1016 945
f 945 1016 1017
f 945 1017 946
f 946 1017 1018
f 946 1018 947
f 947 1018 1019
f 947 1019 948
f 948 1019 1020
f 948 1020 949
f 949 1020 1021
f 949 1021 950
f 950 1021 1022
f 950 1022 951
f 951 1022 1023
f 951 1023 952
f 952 1023 1024
f 952 1024 953
f 953 1024 1025
f 953 1025 954
f 954 1025 1026
f 954 1026 955
f 955 1026 1027
f 955 1027 956
f 956 1027 1028
f 956 1028 957
f 957 1028 1029
f 957 1029 958
f 958 1029 1030
f 958 1030 959
f 959 1030 1031
f 959 1031 960
f 960 1031 1032
f 960 1032 961
f 961 1032 1033
f 961 1033 962
f 962 1033 1034
f 962 1034 963
f 963 1034 1035
f 963 1035 964
f 964 1035 1036
f 964 1036 965
f 965 1036 1037
f 965 1037 966
f 966 1037 1038
f 966 1038 967
f 967 1038 1039
f 967 1039 968
f 968 1039 1040
f 968 1040 969
f 969 1040 1041
f 969 1041 970
f 970 1041 1042
f 970 1042 971
f 971 1042 1043
f 971 1043 972
f 972 1043 1044
f 972 1044 973
f 973 1044 1045
f 973 1045 974
f 974 1045 1046
f 974 1046 975
f 975 1046 1047
f 975 1047 976
f 976 1047 1048
f 976 1048 977
f 977 1048 1049
f 977 1049 978
f 978 1049 1050
f 978 1050 979
f 979 1050 1051
f 979 1051 980
f 980 1051 1052
f 980 1052 981
f 981 1052 1053
f 981 1053 982
f 982 1053 1054
f 982 1054 983
f 983 1054 1055
f 983 1055 984
f 984 1055 1056
f 984 1056 985
f 985 1056 1057
f 985 1057 986
f 986 1057 1058
f 986 1058 987
f 987 1058 1059
f 987 1059 988
f 988 1059 1060
f 988 1060 989
f 989 1060 1061
f 989 1061 990
f 990 1061 1062
f 990 1062 991
f 991 1062 1063
f 991 1063 992
f 992 1063 1064
f 992 1064 993
f 993 1064 1065
f 993 1065 994
f 994 1065 1066
f 994 1066 995
f 995 1066 1067
f 995 1067 996
f 996 1067 1068
f 996 1068 997
f 997 1068 1069
f 997 1069 998
f 998 1069 1070
f 998 1070 999
f 999 1070 1071
f 999 1071 1000
f 1000 1071 1072
f 1000 1072 1001
f 1001 1072 1073
f 1001 1073 1002
f 1002 1073 1074
f 1002 1074 1003
f 1003 1074 1075
f 1003 1075 1004
f 1004 1075 1076
f 1004 1076 1005
f 1005 1076 1077
f 1005 1077 1006
f 1006 1077 1078
f 1006 1078 1007
f 1007 1078 1079
f 1007 1079 1008
f 1008 1079 1080
f 1008 1080 937
f 937 1080 1009
f 1009 1081 1010
f 1010 1081 1082
f 1010 1082 1011
f 1011 1082 1083
f 1011 1083 1012
f 1012 1083 1084
f 1012 1084 1013
f 1013 1084 1085
f 1013 1085 1014
f 1014 1085 1086
f 1014 1086 1015
f 1015 1086 1087
f 1015 1087 1016
f 1016 1087 1088
f 1016 1088 1017
f 1017 1088 1089
f 1017 1089 1018
f 1018 1089 1090
f 1018 1090 1019
f 1019 1090 1091
f 1019 1091 1020
f 1020 1091 1092
f 1020 1092 1021
f 1021 1092 1093
f 1021 1093 1022
f 1022 1093 1094
f 1022 1094 1023
f 1023 1094 1095
f 1023 1095 1024
f 1024 1095 1096
f 1024 1096 1025
f 1025 1096 1097
f 1025 1097 1026
f 1026 1097 1098
f 1026 1098 1027
f 1027 1098 1099
f 1027 1099 1028
f 1028 1099 1100
f 1028 1100 1029
f 1029 1100 1101
f 1029 1101 1030
f 1030 1101 1102
f 1030 1102 1031
f 1031 1102 1103
f 1031 1103 1032
f 1032 1103 1104
f 1032 1104 1033
f 1033 1104 1105
f 1033 1105 1034
f 1034 1105 1106
f 1034 1106 1035
f 1035 1106 1107
f 1035 1107 1036
f 1036 1107 1108
f 1036 1108 1037
f 1037 1108 1109
f 1037 1109 1038
f 1038 1109 1110
f 1038 1110 1039
f 1039 1110 1111
f 1039 1111 1040
f 1040 1111 1112
f 1040 1112 1041
f 1041 1112 1113
f 1041 1113 1042
f 1042 1113 1114
f 1042 1114 1043
f 1043 1114 1115
f 1043 1115 1044
f 1044 1115 1116
f 1044 1116 1045
f 1045 1116 1117
f 1045 1117 1046
f 1046 1117 1118
f 1046 1118 1047
f 1047 1118 1119
f 1047 1119 1048
f 1048 1119 1120
f 1048 1120 1049
f 1049 1120 1121
f 1049 1121 1050
f 1050 1121 1122
f 1050 1122 1051
f 1051 1122 1123
f 1051 1123 1052
f 1052 1123 1124
f 1052 1124 1053
f 1053 1124 1125
f 1053 1125 1054
f 1054 1125 1126
f 1054 1126 1055
f 1055 1126 1127
f 1055 1127 1056
f 1056 1127 1128
f 1056 1128 1057
f 1057 1128 1129
f 1057 1129 1058
f 1058 1129 1130
f 1058 1130 1059
f 1059 1130 1131
f 1059 1131 1060
f 1060 1131 1132
f 1060 1132 1061
f 1061 1132 1133
f 1061 1133 1062
f 1062 1133 1134
f 1062 1134 1063
f 1063 1134 1135
f 1063 1135 1064
f 1064 1135 1136
f 1064 1136 1065
f 1065 1136 1137
f 1065 1137 1066
f 1066 1137 1138
f 1066 1138 1067
f 1067 1138 1139
f 1067 1139 1068
f 1068 1139 1140
f 1068 1140 1069
f 1069 1140 1141
f 1069 1141 1070
f 1070 1141 1142
f 1070 1142 1071
f 1071 1142 1143
f 1071 1143 1072
f 1072 1143 1144
f 1072 1144 1073
f 1073 1144 1145
f 1073 1145 1074
f 1074 1145 1146
f 1074 1146 1075
f 1075 1146 1147
f 1075 1147 1076
f 1076 1147 1148
f 1076 1148 1077
f 1077 1148 1149
f 1077 1149 1078
f 1078 1149 1150
f 1078 1150 1079
f 1079 1150 1151
f 1079 1151 1080
f 1080 1151 1152
f 1080 1152 1009
f 1009 1152 1081
f 1081 1153 1082
f 1082 1153 1154
f 1082 1154 1083
f 1083 1154 1155
f 1083 1155 1084
f 1084 1155 1156
f 1084 1156 1085
f 1085 1156 1157
f 1085 1157 1086
f 1086 1157 1158
f 1086 1158 1087
f 1087 1158 1159
f 1087 1159 1088
f 1088 1159 1160
f 1088 1160 1089
f 1089 1160 1161
f 1089 1161 1090
f 1090 1161 1162
f 1090 1162 1091
f 1091 1162 1163
f 1091 1163 1092
f 1092 1163 1164
f 1092 1164 1093
f 1093 1164 1165
f 1093 1165 1094
f 1094 1165 1166
f 1094 1166 1095
f 1095 1166 1167
f 1095 1167 1096
f 1096 1167 1168
f 1096 1168 1097
f 1097 1168 1169
f 1097 1169 1098
f 1098 1169 1170
f 1098 1170 1099
f 1099 1170 1171
f 1099 1171 1100
f 1100 1171 1172
f 1100 1172 1101
f 1101 1172 1173
f 1101 1173 1102
f 1102 1173 1174
f 1102 1174 1103
f 1103 1174 1175
f 1103 1175 1104
f 1104 1175 1176
f 1104 1176 1105
f 1105 1176 1177
f 1105 1177 1106
f 1106 1177 1178
f 1106 1178 1107
f 1107 1178 1179
f 1107 1179 1108
f 1108 1179 1180
f 1108 1180 1109
f 1109 1180 1181
f 1109 1181 1110
f 1110 1181 1182
f 1110 1182 1111
f 1111 1182 1183
f 1111 1183 1112
f 1112 1183 1184
f 1112 1184 1113
f 1113 1184 1185
f 1113 1185 1114
f 1114 1185 1186
f 1114 1186 1115
f 1115 1186 1187
f 1115 1187 1116
f 1116 1187 1188
f 1116 1188 1117
f 1117 1188 1189
f 1117 1189 1118
f 1118 1189 1190
f 1118 1190 1119
f 1119 1190 1191
f 1119 1191 1120
f 1120 1191 1192
f 1120 1192 1121
f 1121 1192 1193
f 1121 1193 1122
f 1122 1193 1194
f 1122 1194 1123
f 1123 1194 1195
f 1123 1195 1124
f 1124 1195 1196
f 1124 1196 1125
f 1125 1196 1197
f 1125 1197 1126
f 1126 1197 1198
f 1126 1198 1127
f 1127 1198 1199
f 1127 1199 1128
f 1128 1199 1200
f 1128 1200 1129
f 1129 1200 1201
f 1129 1201 1130
f 1130 1201 1202
f 1130 1202 1131
f 1131 1202 1203
f 1131 1203 1132
f 1132 1203 1204
f 1132 1204 1133
f 1133 1204 1205
f 1133 1205 1134
f 1134 1205 1206
f 1134 1206 1135
f 1135 1206 1207
f 1135 1207 1136
f 1136 1207 1208
f 1136 1208 1137
f 1137 1208 1209
f 1137 1209 1138
f 1138 1209 1210
f 1138 1210 1139
f 1139 1210 1211
f 1139 1211 1140
f 1140 1211 1212
f 1140 1212 1141
f 1141 1212 1213
f 1141 1213 1142
f 1142 1213 1214
f 1142 1214 1143
f 1143 1214 1215
f 1143 1215 1144
f 1144 1215 1216
f 1144 1216 1145
f 1145 1216 1217
f 1145 1217 1146
f 1146 1217 1218
f 1146 1218 1147
f 1147 1218 1219
f 1147 1219 1148
f 1148 1219 1220
f 1148 1220 1149
f 1149 1220 1221
f 1149 1221 1150
f 1150 1221 1222
f 1150 1222 1151
f 1151 1222 1223
f 1151 1223 1152
f 1152 1223 1224
f 1152 1224 1081
f 1081 1224 1153
f 1153 1225 1154
f 1154 1225 1226
f 1154 1226 1155
f 1155 1226 1227
f 1155 1227 1156
f 1156 1227 1228
f 1156 1228 1157
f 1157 1228 1229
f 1157 1229 1158
f 1158 1229 1230
f 1158 1230 1159
f 1159 1230 1231
f 1159 1231 1160
f 1160 1231 1232
f 1160 1232 1161
f 1161 1232 1233
f 1161 1233 1162
f 1162 1233 1234
f 1162 1234 1163
f 1163 1234 1235
f 1163 1235 1164
f 1164 1235 1236
f 1164 1236 1165
f 1165 1236 1237
f 1165 1237 1166
f 1166 1237 1238
f 1166 1238 1167
f 1167 1238 1239
f 1167 1239 1168
f 1168 1239 1240
f 1168 1240 1169
f 1169 1240 1241
f 1169 1241 1170
f 1170 1241 1242
f 1170 1242 1171
f 1171 1242 1243
f 1171 1243 1172
f 1172 1243 1244
f 1172 1244 1173
f 1173 1244 1245
f 1173 1245 1174
f 1174 1245 1246
f 1174 1246 1175
f 1175 1246 1247
f 1175 1247 1176
f 1176 1247 1248
f 1176 1248 1177
f 1177 1248 1249
f 1177 1249 1178
f 1178 1249 1250
f 1178 1250 1179
f 1179 1250 1251
f 1179 1251 1180
f 1180 1251 1252
f 1180 1252 1181
f 1181 1252 1253
f 1181 1253 1182
f 1182 1253 1254
f 1182 1254 1183
f 1183 1254 1255
f 1183 1255 1184
f 1184 1255 1256
f 1184 1256 1185
f 1185 1256 1257
f 1185 1257 1186
f 1186 1257 1258
f 1186 1258 1187
f 1187 1258 1259
f 1187 1259 1188
f 1188 1259 1260
f 1188 1260 1189
f 1189 1260 1261
f 1189 1261 1190
f 1190 1261 1262
f 1190 1262 1191
f 1191 1262 1263
f 1191 1263 1192
f 1192 1263 1264
f 1192 1264 1193
f 1193 1264 1265
f 1193 1265 1194
f 1194 1265 1266
f 1194 1266 1195
f 1195 1266 1267
f 1195 1267 1196
f 1196 1267 1268
f 1196 1268 1197
f 1197 1268 1269
f 1197 1269 1198
f 1198 1269 1270
f 1198 1270 1199
f 1199 1270 1271
f 1199 1271 1200
f 1200 1271 1272
f 1200 1272 1201
f 1201 1272 1273
f 1201 1273 1202
f 1202 1273 1274
f 1202 1274 1203
f 1203 1274 1275
f 1203 1275 1204
f 1204 1275 1276
f 1204 1276 1205
f 1205 1276 1277
f 1205 1277 1206
f 1206 1277 1278
f 1206 1278 1207
f 1207 1278 1279
f 1207 1279 1208
f 1208 1279 1280
f 1208 1280 1209
f 1209 1280 1281
f 1209 1281 1210
f 1210 1281 1282
f 1210 1282 1211
f 1211 1282 1283
f 1211 1283 1212
f 1212 1283 1284
f 1212 1284 1213
f 1213 1284 1285
f 1213 1285 1214
f 1214 1285 1286
f 1214 1286 1215
f 1215 1286 1287
f 1215 1287 1216
f 1216 1287 1288
f 1216 1288 1217
f 1217 1288 1289
f 1217 1289 1218
f 1218 1289 1290
f 1218 1290 1219
f 1219 1290 1291
f 1219 1291 1220
f 1220 1291 1292
f 1220 1292 1221
f 1221 1292 1293
f 1221 1293 1222
f 1222 1293 1294
f 1222 1294 1223
f 1223 1294 1295
f 1223 1295 1224
f 1224 1295 1296
f 1224 1296 1153
f 1153 1296 1225
f 1225 1297 1226
f 1226 1297 1298
f 1226 1298 1227
f 1227 1298 1299
f 1227 1299 1228
f 1228 1299 1300
f 1228 1300 1229
f 1229 1300 1301
f 1229 1301 1230
f 1230 1301 1302
f 1230 1302 1231
f 1231 1302 1303
f 1231 1303 1232
f 1232 1303 1304
f 1232 1304 1233
f 1233 1304 1305
f 1233 1305 1234
f 1234 1305 1306
f 1234 1306 1235
f 1235 1306 1307
f 1235 1307 1236
f 1236 1307 1308
f 1236 1308 1237
f 1237 1308 1309
f 1237 1309 1238
f 1238 1309 1310
f 1238 1310 1239
f 1239 1310 1311
f 1239 1311 1240
f 1240 1311 1312
f 1240 1312 1241
f 1241 1312 1313
f 1241 1313 1242
f 1242 1313 1314
f 1242 1314 1243
f 1243 1314 1315
f 1243 1315 1244
f 1244 1315 1316
f 1244 1316 1245
f 1245 1316 1317
f 1245 1317 1246
f 1246 1317 1318
f 1246 1318 1247
f 1247 1318 1319
f 1247 1319 1248
f 1248 1319 1320
f 1248 1320 1249
f 1249 1320 1321
f 1249 1321 1250
f 1250 1321 1322
f 1250 1322 1251
f 1251 1322 1323
f 1251 1323 1252
f 1252 1323 1324
f 1252 1324 1253
f 1253 1324 1325
f 1253 1325 1254
f 1254 1325 1326
f 1254 1326 1255
f 1255 1326 1327
f 1255 1327 1256
f 1256 1327 1328
f 1256 1328 1257
f 1257 1328 1329
f 1257 1329 1258
f 1258 1329 1330
f 1258 1330 1259
f 1259 1330 1331
f 1259 1331 1260
f 1260 1331 1332
f 1260 1332 1261
f 1261 1332 1333
f 1261 1333 1262
f 1262 1333 1334
f 1262 1334 1263
f 1263 1334 1335
f 1263 1335 1264
f 1264 1335 1336
f 1264 1336 1265
f 1265 1336 1337
f 1265 1337 1266
f 1266 1337 1338
f 1266 1338 1267
f 1267 1338 1339
f 1267 1339 1268
f 1268 1339 1340
f 1268 1340 1269
f 1269 1340 1341
f 1269 1341 1270
f 1270 1341 1342
f 1270 1342 1271
f 1271 1342 1343
f 1271 1343 1272
f 1272 1343 1344
f 1272 1344 1273
f 1273 1344 1345
f 1273 1345 1274
f 1274 1345 1346
f 1274 1346 1275
f 1275 1346 1347
f 1275 1347 1276
f 1276 1347 1348
f 1276 1348 1277
f 1277 1348 1349
f 1277 1349 1278
f 1278 1349 1350
f 1278 1350 1279
f 1279 1350 1351
f 1279 1351 1280
f 1280 1351 1352
f 1280 1352 1281
f 1281 1352 1353
f 1281 1353 1282
f 1282 1353 1354
f 1282 1354 1283
f 1283 1354 1355
f 1283 1355 1284
f 1284 1355 1356
f 1284 1356 1285
f 1285 1356 1357
f 1285 1357 1286
f 1286 1357 1358
f 1286 1358 1287
f 1287 1358 1359
f 1287 1359 1288
f 1288 1359 1360
f 1288 1360 1289
f 1289 1360 1361
f 1289 1361 1290
f 1290 1361 1362
f 1290 1362 1291
f 1291 1362 1363
f 1291 1363 1292
f 1292 1363 1364
f 1292 1364 1293
f 1293 1364 1365
f 1293 1365 1294
f 1294 1365 1366
f 1294 1366 1295
f 1295 1366 1367
f 1295 1367 1296
f 1296 1367 1368
f 1296 1368 1225
f 1225 1368 1297
f 1297 1369 1298
f 1298 1369 1370
f 1298 1370 1299
f 1299 1370 1371
f 1299 1371 1300
f 1300 1371 1372
f 1300 1372 1301
f 1301 1372 1373
f 1301 1373 1302
f 1302 1373 1374
f 1302 1374 1303
f 1303 1374 1375
f 1303 1375 1304
f 1304 1375 1376
f 1304 1376 1305
f 1305 1376 1377
f 1305 1377 1306
f 1306 1377 1378
f 1306 1378 1307
f 1307 1378 1379
f 1307 1379 1308
f 1308 1379 1380
f 1308 1380 1309
f 1309 1380 1381
f 1309 1381 1310
f 1310 1381 1382
f 1310 1382 1311
f 1311 1382 1383
f 1311 1383 1312
f 1312 1383 1384
f 1312 1384 1313
f 1313 1384 1385
f 1313 1385 1314
f 1314 1385 1386
f 1314 1386 1315
f 1315 1386 1387
f 1315 1387 1316
f 1316 1387 1388
f 1316 1388 1317
f 1317 1388 1389
f 1317 1389 1318
f 1318 1389 1390
f 1318 1390 1319
f 1319 1390 1391
f 1319 1391 1320
f 1320 1391 1392
f 1320 1392 1321
f 1321 1392 1393
f 1321 1393 1322
f 1322 1393 1394
f 1322 1394 1323
f 1323 1394 1395
f 1323 1395 1324
f 1324 1395 1396
f 1324 1396 1325
f 1325 1396 1397
f 1325 1397 1326
f 1326 1397 1398
f 1326 1398 1327
f 1327 1398 1399
f 1327 1399 1328
f 1328 1399 1400
f 1328 1400 1329
f 1329 1400 1401
f 1329 1401 1330
f 1330 1401 1402
f 1330 1402 1331
f 1331 1402 1403
f 1331 1403 1332
f 1332 1403 1404
f 1332 1404 1333
f 1333 1404 1405
f 1333 1405 1334
f 1334 1405 1406
f 1334 1406 1335
f 1335 1406 1407
f 1335 1407 1336
f 1336 1407 1408
f 1336 1408 1337
f 1337 1408 1409
f 1337 1409 1338
f 1338 1409 1410
f 1338 1410 1339
f 1339 1410 1411
f 1339 1411 1340
f 1340 1411 1412
f 1340 1412 1341
f 1341 1412 1413
f 1341 1413 1342
f 1342 1413 1414
f 1342 1414 1343
f 1343 1414 1415
f 1343 1415 1344
f 1344 1415 1416
f 1344 1416 1345
f 1345 1416 1417
f 1345 1417 1346
f 1346 1417 1418
f 1346 1418 1347
f 1347 1418 1419
f 1347 1419 1348
f 1348 1419 1420
f 1348 1420 1349
f 1349 1420 1421
f 1349 1421 1350
f 1350 1421 1422
f 1350 1422 1351
f 1351 1422 1423
f 1351 1423 1352
f 1352 1423 1424
f 1352 1424 1353
f 1353 1424 1425
f 1353 1425 1354
f 1354 1425 1426
f 1354 1426 1355
f 1355 1426 1427
f 1355 1427 1356
f 1356 1427 1428
f 1356 1428 1357
f 1357 1428 1429
f 1357 1429 1358
f 1358 1429 1430
f 1358 1430 1359
f 1359 1430 1431
f 1359 1431 1360
f 1360 1431 1432
f 1360 1432 1361
f 1361 1432 1433
f 1361 1433 1362
f 1362 1433 1434
f 1362 1434 1363
f 1363 1434 1435
f 1363 1435 1364
f 1364 1435 1436
f 1364 1436 1365
f 1365 1436 1437
f 1365 1437 1366
f 1366 1437 1438
f 1366 1438 1367
f 1367 1438 1439
f 1367 1439 1368
f 1368 1439 1440
f 1368 1440 1297
f 1297 1440 1369
f 1369 1441 1370
f 1370 1441 1442
f 1370 1442 1371
f 1371 1442 1443
f 1371 1443 1372
f 1372 1443 1444
f 1372 1444 1373
f 1373 1444 1445
f 1373 1445 1374
f 1374 1445 1446
f 1374 1446 1375
f 1375 1446 1447
f 1375 1447 1376
f 1376 1447 1448
f 1376 1448 1377
f 1377 1448 1449
f 1377 1449 1378
f 1378 1449 1450
f 1378 1450 1379
f 1379 1450 1451
f 1379 1451 1380
f 1380 1451 1452
f 1380 1452 1381
f 1381 1452 1453
f 1381 1453 1382
f 1382 1453 1454
f 1382 1454 1383
f 1383 1454 1455
f 1383 1455 1384
f 1384 1455 1456
f 1384 1456 1385
f 1385 1456 1457
f 1385 1457 1386
f 1386 1457 1458
f 1386 1458 1387
f 1387 1458 1459
f 1387 1459 1388
f 1388 1459 1460
f 1388 1460 1389
f 1389 1460 1461
f 1389 1461 1390
f 1390 1461 1462
f 1390 1462 1391
f 1391 1462 1463
f 1391 1463 1392
f 1392 1463 1464
f 1392 1464 1393
f 1393 1464 1465
f 1393 1465 1394
f 1394 1465 1466
f 1394 1466 1395
f 1395 1466 1467
f 1395 1467 1396
f 1396 1467 1468
f 1396 1468 1397
f 1397 1468 1469
f 1397 1469 1398
f 1398 1469 1470
f 1398 1470 1399
f 1399 1470 1471
f 1399 1471 1400
f 1400 1471 1472
f 1400 1472 1401
f 1401 1472 1473
f 1401 1473 1402
f 1402 1473 1474
f 1402 1474 1403
f 1403 1474 1475
f 1403 1475 1404
f 1404 1475 1476
f 1404 1476 1405
f 1405 1476 1477
f 1405 1477 1406
f 1406 1477 1478
f 1406 1478 1407
f 1407 1478 1479
f 1407 1479 1408
f 1408 1479 1480
f 1408 1480 1409
f 1409 1480 1481
f 1409 1481 1410
f 1410 1481 1482
f 1410 1482 1411
f 1411 1482 1483
f 1411 1483 1412
f 1412 1483 1484
f 1412 1484 1413
f 1413 1484 1485
f 1413 1485 1414
f 1414 1485 1486
f 1414 1486 1415
f 1415 1486 1487
f 1415 1487 1416
f 1416 1487 1488
f 1416 1488 1417
f 1417 1488 1489
f 1417 1489 1418
f 1418 1489 1490
f 1418 1490 1419
f 1419 1490 1491
f 1419 1491 1420
f 1420 1491 1492
f 1420 1492 1421
f 1421 1492 1493
f 1421 1493 1422
f 1422 1493 1494
f 1422 1494 1423
f 1423 1494 1495
f 1423 1495 1424
f 1424 1495 1496
f 1424 1496 1425
f 1425 1496 1497
f 1425 1497 1426
f 1426 1497 1498
f 1426 1498 1427
f 1427 1498 1499
f 1427 1499 1428
f 1428 1499 1500
f 1428 1500 1429
f 1429 1500 1501
f 1429 1501 1430
f 1430 1501 1502
f 1430 1502 1431
f 1431 1502 1503
f 1431 1503 1432
f 1432 1503 1504
f 1432 1504 1433
f 1433 1504 1505
f 1433 1505 1434
f 1434 1505 1506
f 1434 1506 1435
f 1435 1506 1507
f 1435 1507 1436
f 1436 1507 1508
f 1436 1508 1437
f 1437 1508 1509
f 1437 1509 1438
f 1438 1509 1510
f 1438 1510 1439
f 1439 1510 1511
f 1439 1511 1440
f 1440 1511 1512
f 1440 1512 1369
f 1369 1512 1441
f 1441 1513 1442
f 1442 1513 1514
f 1442 1514 1443
f 1443 1514 1515
f 1443 1515 1444
f 1444 1515 1516
f 1444 1516 1445
f 1445 1516 1517
f 1445 1517 1446
f 1446 1517 1518
f 1446 1518 1447
f 1447 1518 1519
f 1447 1519 1448
f 1448 1519 1520
f 1448 1520 1449
f 1449 1520 1521
f 1449 1521 1450
f 1450 1521 1522
f 1450 1522 1451
f 1451 1522 1523
f 1451 1523 1452
f 1452 1523 1524
f 1452 1524 1453
f 1453 1524 1525
f 1453 1525 1454
f 1454 1525 1526
f 1454 1526 1455
f 1455 1526 1527
f 1455 1527 1456
f 1456 1527 1528
f 1456 1528 1457
f 1457 1528 1529
f 1457 1529 1458
f 1458 1529 1530
f 1458 1530 1459
f 1459 1530 1531
f 1459 1531 1460
f 1460 1531 1532
f 1460 1532 1461
f 1461 1532 1533
f 1461 1533 1462
f 1462 1533 1534
f 1462 1534 1463
f 1463 1534 1535
f 1463 1535 1464
f 1464 1535 1536
f 1464 1536 1465
f 1465 1536 1537
f 1465 1537 1466
f 1466 1537 1538
f 1466 1538 1467
f 1467 1538 1539
f 1467 1539 1468
f 1468 1539 1540
f 1468 1540 1469
f 1469 1540 1541
f 1469 1541 1470
f 1470 1541 1542
f 1470 1542 1471
f 1471 1542 1543
f 1471 1543 1472
f 1472 1543 1544
f 1472 1544 1473
f 1473 1544 1545
f 1473 1545 1474
f 1474 1545 1546
f 1474 1546 1475
f 1475 1546 1547
f 1475 1547 1476
f 1476 1547 1548
f 1476 1548 1477
f 1477 1548 1549
f 1477 1549 1478
f 1478 1549 1550
f 1478 1550 1479
f 1479 1550 1551
f 1479 1551 1480
f 1480 1551 1552
f 1480 1552 1481
f 1481 1552 1553
f 1481 1553 1482
f 1482 1553 1554
f 1482 1554 1483
f 1483 1554 1555
f 1483 1555 1484
f 1484 1555 1556
f 1484 1556 1485
f 1485 1556 1557
f 1485 1557 1486
f 1486 1557 1558
f 1486 1558 1487
f 1487 1558 1559
f 1487 1559 1488
f 1488 1559 1560
f 1488 1560 1489
f 1489 1560 1561
f 1489 1561 1490
f 1490 1561 1562
f 1490 1562 1491
f 1491 1562 1563
f 1491 1563 1492
f 1492 1563 1564
f 1492 1564 1493
f 1493 1564 1565
f 1493 1565 1494
f 1494 1565 1566
f 1494 1566 1495
f 1495 1566 1567
f 1495 1567 1496
f 1496 1567 1568
f 1496 1568 1497
f 1497 1568 1569
f 1497 1569 1498
f 1498 1569 1570
f 1498 1570 1499
f 1499 1570 1571
f 1499 1571 1500
f 1500 1571 1572
f 1500 1572 1501
f 1501 1572 1573
f 1501 1573 1502
f 1502 1573 1574
f 1502 1574 1503
f 1503 1574 1575
f 1503 1575 1504
f 1504 1575 1576
f 1504 1576 1505
f 1505 1576 1577
f 1505 1577 1506
f 1506 1577 1578
f 1506 1578 1507
f 1507 1578 1579
f 1507 1579 1508
f 1508 1579 1580
f 1508 1580 1509
f 1509 1580 1581
f 1509 1581 1510
f 1510 1581 1582
f 1510 1582 1511
f 1511 1582 1583
f 1511 1583 1512
f 1512 1583 1584
f 1512 1584 1441
f 1441 1584 1513
f 1513 1585 1514
f 1514 1585 1586
f 1514 1586 1515
f 1515 1586 1587
f 1515 1587 1516
f 1516 1587 1588
f 1516 1588 1517
f 1517 1588 1589
f 1517 1589 1518
f 1518 1589 1590
f 1518 1590 1519
f 1519 1590 1591
f 1519 1591 1520
f 1520 1591 1592
f 1520 1592 1521
f 1521 1592 1593
f 1521 1593 1522
f 1522 1593 1594
f 1522 1594 1523
f 1523 1594 1595
f 1523 1595 1524
f 1524 1595 1596
f 1524 1596 1525
f 1525 1596 1597
f 1525 1597 1526
f 1526 1597 1598
f 1526 1598 1527
f 1527 1598 1599
f 1527 1599 1528
f 1528 1599 1600
f 1528 1600 1529
f 1529 1600 1601
f 1529 1601 1530
f 1530 1601 1602
f 1530 1602 1531
f 1531 1602 1603
f 1531 1603 1532
f 1532 1603 1604
f 1532 1604 1533
f 1533 1604 1605
f 1533 1605 1534
f 1534 1605 1606
f 1534 1606 1535
f 1535 1606 1607
f 1535 1607 1536
f 1536 1607 1608
f 1536 1608 1537
f 1537 1608 1609
f 1537 1609 1538
f 1538 1609 1610
f 1538 1610 1539
f 1539 1610 1611
f 1539 1611 1540
f 1540 1611 1612
f 1540 1612 1541
f 1541 1612 1613
f 1541 1613 1542
f 1542 1613 1614
f 1542 1614 1543
f 1543 1614 1615
f 1543 1615 1544
f 1544 1615 1616
f 1544 1616 1545
f 1545 1616 1617
f 1545 1617 1546
f 1546 1617 1618
f 1546 1618 1547
f 1547 1618 1619
f 1547 1619 1548
f 1548 1619 1620
f 1548 1620 1549
f 1549 1620 1621
f 1549 1621 1550
f 1550 1621 1622
f 1550 1622 1551
f 1551 1622 1623
f 1551 1623 1552
f 1552 1623 1624
f 1552 1624 1553
f 1553 1624 1625
f 1553 1625 1554
f 1554 1625 1626
f 1554 1626 1555
f 1555 1626 1627
f 1555 1627 1556
f 1556 1627 1628
f 1556 1628 1557
f 1557 1628 1629
f 1557 1629 1558
f 1558 1629 1630
f 1558 1630 1559
f 1559 1630 1631
f 1559 1631 1560
f 1560 1631 1632
f 1560 1632 1561
f 1561 1632 1633
f 1561 1633 1562
f 1562 1633 1634
f 1562 1634 1563
f 1563 1634 1635
f 1563 1635 1564
f 1564 1635 1636
f 1564 1636 1565
f 1565 1636 1637
f 1565 1637 1566
f 1566 1637 1638
f 1566 1638 1567
f 1567 1638 1639
f 1567 1639 1568
f 1568 1639 1640
f 1568 1640 1569
f 1569 1640 1641
f 1569 1641 1570
f 1570 1641 1642
f 1570 1642 1571
f 1571 1642 1643
f 1571 1643 1572
f 1572 1643 1644
f 1572 1644 1573
f 1573 1644 1645
f 1573 1645 1574
f 1574 1645 1646
f 1574 1646 1575
f 1575 1646 1647
f 1575 1647 1576
f 1576 1647 1648
f 1576 1648 1577
f 1577 1648 1649
f 1577 1649 1578
f 1578 1649 1650
f 1578 1650 1579
f 1579 1650 1651
f 1579 1651 1580
f 1580 1651 1652
f 1580 1652 1581
f 1581 1652 1653
f 1581 1653 1582
f 1582 1653 1654
f 1582 1654 1583
f 1583 1654 1655
f 1583 1655 1584
f 1584 1655 1656
f 1584 1656 1513
f 1513 1656 1585
f 1585 1657 1586
f 1586 1657 1658
f 1586 1658 1587
f 1587 1658 1659
f 1587 1659 1588
f 1588 1659 1660
f 1588 1660 1589
f 1589 1660 1661
f 1589 1661 1590
f 1590 1661 1662
f 1590 1662 1591
f 1591 1662 1663
f 1591 1663 1592
f 1592 1663 1664
f 1592 1664 1593
f 1593 1664 1665
f 1593 1665 1594
f 1594 1665 1666
f 1594 1666 1595
f 1595 1666 1667
f 1595 1667 1596
f 1596 1667 1668
f 1596 1668 1597
f 1597 1668 1669
f 1597 1669 1598
f 1598 1669 1670
f 1598 1670 1599
f 1599 1670 1671
f 1599 1671 1600
f 1600 1671 1672
f 1600 1672 1601
f 1601 1672 1673
f 1601 1673 1602
f 1602 1673 1674
f 1602 1674 1603
f 1603 1674 1675
f 1603 1675 1604
f 1604 1675 1676
f 1604 1676 1605
f 1605 1676 1677
f 1605 1677 1606
f 1606 1677 1678
f 1606 1678 1607
f 1607 1678 1679
f 1607 1679 1608
f 1608 1679 1680
f 1608 1680 1609
f 1609 1680 1681
f 1609 1681 1610
f 1610 1681 1682
f 1610 1682 1611
f 1611 1682 1683
f 1611 1683 1612
f 1612 1683 1684
f 1612 1684 1613
f 1613 1684 1685
f 1613 1685 1614
f 1614 1685 1686
f 1614 1686 1615
f 1615 1686 1687
f 1615 1687 1616
f 1616 1687 1688
f 1616 1688 1617
f 1617 1688 1689
f 1617 1689 1618
f 1618 1689 1690
f 1618 1690 1619
f 1619 1690 1691
f 1619 1691 1620
f 1620 1691 1692
f 1620 1692 1621
f 1621 1692 1693
f 1621 1693 1622
f 1622 1693 1694
f 1622 1694 1623
f 1623 1694 1695
f 1623 1695 1624
f 1624 1695 1696
f 1624 1696 1625
f 1625 1696 1697
f 1625 1697 1626
f 1626 1697 1698
f 1626 1698 1627
f 1627 1698 1699
f 1627 1699 1628
f 1628 1699 1700
f 1628 1700 1629
f 1629 1700 1701
f 1629 1701 1630
f 1630 1701 1702
f 1630 1702 1631
f 1631 1702 1703
f 1631 1703 1632
f 1632 1703 1704
f 1632 1704 1633
f 1633 1704 1705
f 1633 1705 1634
f 1634 1705 1706
f 1634 1706 1635
f 1635 1706 1707
f 1635 1707 1636
f 1636 1707 1708
f 1636 1708 1637
f 1637 1708 1709
f 1637 1709 1638
f 1638 1709 1710
f 1638 1710 1639
f 1639 1710 1711
f 1639 1711 1640
f 1640 1711 1712
f 1640 1712 1641
f 1641 1712 1713
f 1641 1713 1642
f 1642 1713 1714
f 1642 1714 1643
f 1643 1714 1715
f 1643 1715 1644
f 1644 1715 1716
f 1644 1716 1645
f 1645 1716 1717
f 1645 1717 1646
f 1646 1717 1718
f 1646 1718 1647
f 1647 1718 1719
f 1647 1719 1648
f 1648 1719 1720
f 1648 1720 1649
f 1649 1720 1721
f 1649 1721 1650
f 1650 1721 1722
f 1650 1722 1651
f 1651 1722 1723
f 1651 1723 1652
f 1652 1723 1724
f 1652 1724 1653
f 1653 1724 1725
f 1653 1725 1654
f 1654 1725 1726
f 1654 1726 1655
f 1655 1726 1727
f 1655 1727 1656
f 1656 1727 1728
f 1656 1728 1585
f 1585 1728 1657
f 1657 1729 1658
f 1658 1729 1730
f 1658 1730 1659
f 1659 1730 1731
f 1659 1731 1660
f 1660 1731 1732
f 1660 1732 1661
f 1661 1732 1733
f 1661 1733 1662
f 1662 1733 1734
f 1662 1734 1663
f 1663 1734 1735
f 1663 1735 1664
f 1664 1735 1736
f 1664 1736 1665
f 1665 1736 1737
f 1665 1737 1666
f 1666 1737 1738
f 1666 1738 1667
f 1667 1738 1739
f 1667 1739 1668
f 1668 1739 1740
f 1668 1740 1669
f 1669 1740 1741
f 1669 1741 1670
f 1670 1741 1742
f 1670 1742 1671
f 1671 1742 1743
f 1671 1743 1672
f 1672 1743 1744
f 1672 1744 1673
f 1673 1744 1745
f 1673 1745 1674
f 1674 1745 1746
f 1674 1746 1675
f 1675 1746 1747
f 1675 1747 1676
f 1676 1747 1748
f 1676 1748 1677
f 1677 1748 1749
f 1677 1749 1678
f 1678 1749 1750
f 1678 1750 1679
f 1679 1750 1751
f 1679 1751 1680
f 1680 1751 1752
f 1680 1752 1681
f 1681 1752 1753
f 1681 1753 1682
f 1682 1753 1754
f 1682 1754 1683
f 1683 1754 1755
f 1683 1755 1684
f 1684 1755 1756
f 1684 1756 1685
f 1685 1756 1757
f 1685 1757 1686
f 1686 1757 1758
f 1686 1758 1687
f 1687 1758 1759
f 1687 1759 1688
f 1688 1759 1760
f 1688 1760 1689
f 1689 1760 1761
f 1689 1761 1690
f 1690 1761 1762
f 1690 1762 1691
f 1691 1762 1763
f 1691 1763 1692
f 1692 1763 1764
f 1692 1764 1693
f 1693 1764 1765
f 1693 1765 1694
f 1694 1765 1766
f 1694 1766 1695
f 1695 1766 1767
f 1695 1767 1696
f 1696 1767 1768
f 1696 1768 1697
f 1697 1768 1769
f 1697 1769 1698
f 1698 1769 1770
f 1698 1770 1699
f 1699 1770 1771
f 1699 1771 1700
f 1700 1771 1772
f 1700 1772 1701
f 1701 1772 1773
f 1701 1773 1702
f 1702 1773 1774
f 1702 1774 1703
f 1703 1774 1775
f 1703 1775 1704
f 1704 1775 1776
f 1704 1776 1705
f 1705 1776 1777
f 1705 1777 1706
f 1706 1777 1778
f 1706 1778 1707
f 1707 1778 1779
f 1707 1779 1708
f 1708 1779 1780
f 1708 1780 1709
f 1709 1780 1781
f 1709 1781 1710
f 1710 1781 1782
f 1710 1782 1711
f 1711 1782 1783
f 1711 1783 1712
f 1712 1783 1784
f 1712 1784 1713
f 1713 1784 1785
f 1713 1785 1714
f 1714 1785 1786
f 1714 1786 1715
f 1715 1786 1787
f 1715 1787 1716
f 1716 1787 1788
f 1716 1788 1717
f 1717 1788 1789
f 1717 1789 1718
f 1718 1789 1790
f 1718 1790 1719
f 1719 1790 1791
f 1719 1791 1720
f 1720 1791 1792
f 1720 1792 1721
f 1721 1792 1793
f 1721 1793 1722
f 1722 1793 1794
f 1722 1794 1723
f 1723 1794 1795
f 1723 1795 1724
f 1724 1795 1796
f 1724 1796 1725
f 1725 1796 1797
f 1725 1797 1726
f 1726 1797 1798
f 1726 1798 1727
f 1727 1798 1799
f 1727 1799 1728
f 1728 1799 1800
f 1728 1800 1657
f 1657 1800 1729
f 1729 1801 1730
f 1730 1801 1802
f 1730 1802 1731
f 1731 1802 1803
f 1731 1803 1732
f 1732 1803 1804
f 1732 1804 1733
f 1733 1804 1805
f 1733 1805 1734
f 1734 1805 1806
f 1734 1806 1735
f 1735 1806 1807
f 1735 1807 1736
f 1736 1807 1808
f 1736 1808 1737
f 1737 1808 1809
f 1737 1809 1738
f 1738 1809 1810
f 1738 1810 1739
f 1739 1810 1811
f 1739 1811 1740
f 1740 1811 1812
f 1740 1812 1741
f 1741 1812 1813
f 1741 1813 1742
f 1742 1813 1814
f 1742 1814 1743
f 1743 1814 1815
f 1743 1815 1744
f 1744 1815 1816
f 1744 1816 1745
f 1745 1816 1817
f 1745 1817 1746
f 1746 1817 1818
f 1746 1818 1747
f 1747 1818 1819
f 1747 1819 1748
f 1748 1819 1820
f 1748 1820 1749
f 1749 1820 1821
f 1749 1821 1750
f 1750 1821 1822
f 1750 1822 1751
f 1751 1822 1823
f 1751 1823 1752
f 1752 1823 1824
f 1752 1824 1753
f 1753 1824 1825
f 1753 1825 1754
f 1754 1825 1826
f 1754 1826 1755
f 1755 1826 1827
f 1755 1827 1756
f 1756 1827 1828
f 1756 1828 1757
f 1757 1828 1829
f 1757 1829 1758
f 1758 1829 1830
f 1758 1830 1759
f 1759 1830 1831
f 1759 1831 1760
f 1760 1831 1832
f 1760 1832 1761
f 1761 1832 1833
f 1761 1833 1762
f 1762 1833 1834
f 1762 1834 1763
f 1763 1834 1835
f 1763 1835 1764
f 1764 1835 1836
f 1764 1836 1765
f 1765 1836 1837
f 1765 1837 1766
f 1766 1837 1838
f 1766 1838 1767
f 1767 1838 1839
f 1767 1839 1768
f 1768 1839 1840
f 1768 1840 1769
f 1769 1840 1841
f 1769 1841 1770
f 1770 1841 1842
f 1770 1842 1771
f 1771 1842 1843
f 1771 1843 1772
f 1772 1843 1844
f 1772 1844 1773
f 1773 1844 1845
f 1773 1845 1774
f 1774 1845 1846
f 1774 1846 1775
f 1775 1846 1847
f 1775 1847 1776
f 1776 1847 1848
f 1776 1848 1777
f 1777 1848 1849
f 1777 1849 1778
f 1778 1849 1850
f 1778 1850 1779
f 1779 1850 1851
f 1779 1851 1780
f 1780 1851 1852
f 1780 1852 1781
f 1781 1852 1853
f 1781 1853 1782
f 1782 1853 1854
f 1782 1854 1783
f 1783 1854 1855
f 1783 1855 1784
f 1784 1855 1856
f 1784 1856 1785
f 1785 1856 1857
f 1785 1857 1786
f 1786 1857 1858
f 1786 1858 1787
f 1787 1858 1859
f 1787 1859 1788
f 1788 1859 1860
f 1788 1860 1789
f 1789 1860 1861
f 1789 1861 1790
f 1790 1861 1862
f 1790 1862 1791
f 1791 1862 1863
f 1791 1863 1792
f 1792 1863 1864
f 1792 1864 1793
f 1793 1864 1865
f 1793 1865 1794
f 1794 1865 1866
f 1794 1866 1795
f 1795 1866 1867
f 1795 1867 1796
f 1796 1867 1868
f 1796 1868 1797
f 1797 1868 1869
f 1797 1869 1798
f 1798 1869 1870
f 1798 1870 1799
f 1799 1870 1871
f 1799 1871 1800
f 1800 1871 1872
f 1800 1872 1729
f 1729 1872 1801
f 1801 1873 1802
f 1802 1873 1874
f 1802 1874 1803
f 1803 1874 1875
f 1803 1875 1804
f 1804 1875 1876
f 1804 1876 1805
f 1805 1876 1877
f 1805 1877 1806
f 1806 1877 1878
f 1806 1878 1807
f 1807 1878 1879
f 1807 1879 1808
f 1808 1879 1880
f 1808 1880 1809
f 1809 1880 1881
f 1809 1881 1810
f 1810 1881 1882
f 1810 1882 1811
f 1811 1882 1883
f 1811 1883 1812
f 1812 1883 1884
f 1812 1884 1813
f 1813 1884 1885
f 1813 1885 1814
f 1814 1885 1886
f 1814 1886 1815
f 1815 1886 1887
f 1815 1887 1816
f 1816 1887 1888
f 1816 1888 1817
f 1817 1888 1889
f 1817 1889 1818
f 1818 1889 1890
f 1818 1890 1819
f 1819 1890 1891
f 1819 1891 1820
f 1820 1891 1892
f 1820 1892 1821
f 1821 1892 1893
f 1821 1893 1822
f 1822 1893 1894
f 1822 1894 1823
f 1823 1894 1895
f 1823 1895 1824
f 1824 1895 1896
f 1824 1896 1825
f 1825 1896 1897
f 1825 1897 1826
f 1826 1897 1898
f 1826 1898 1827
f 1827 1898 1899
f 1827 1899 1828
f 1828 1899 1900
f 1828 1900 1829
f 1829 1900 1901
f 1829 1901 1830
f 1830 1901 1902
f 1830 1902 1831
f 1831 1902 1903
f 1831 1903 1832
f 1832 1903 1904
f 1832 1904 1833
f 1833 1904 1905
f 1833 1905 1834
f 1834 1905 1906
f 1834 1906 1835
f 1835 1906 1907
f 1835 1907 1836
f 1836 1907 1908
f 1836 1908 1837
f 1837 1908 1909
f 1837 1909 1838
f 1838 1909 1910
f 1838 1910 1839
f 1839 1910 1911
f 1839 1911 1840
f 1840 1911 1912
f 1840 1912 1841
f 1841 1912 1913
f 1841 1913 1842
f 1842 1913 1914
f 1842 1914 1843
f 1843 1914 1915
f 1843 1915 1844
f 1844 1915 1916
f 1844 1916 1845
f 1845 1916 1917
f 1845 1917 1846
f 1846 1917 1918
f 1846 1918 1847
f 1847 1918 1919
f 1847 1919 1848
f 1848 1919 1920
f 1848 1920 1849
f 1849 1920 1921
f 1849 1921 1850
f 1850 1921 1922
f 1850 1922 1851
f 1851 1922 1923
f 1851 1923 1852
f 1852 1923 1924
f 1852 1924 1853
f 1853 1924 1925
f 1853 1925 1854
f 1854 1925 1926
f 1854 1926 1855
f 1855 1926 1927
f 1855 1927 1856
f 1856 1927 1928
f 1856 1928 1857
f 1857 1928 1929
f 1857 1929 1858
f 1858 1929 1930
f 1858 1930 1859
f 1859 1930 1931
f 1859 1931 1860
f 1860 1931 1932
f 1860 1932 1861
f 1861 1932 1933
f 1861 1933 1862
f 1862 1933 1934
f 1862 1934 1863
f 1863 1934 1935
f 1863 1935 1864
f 1864 1935 1936
f 1864 1936 1865
f 1865 1936 1937
f 1865 1937 1866
f 1866 1937 1938
f 1866 1938 1867
f 1867 1938 1939
f 1867 1939 1868
f 1868 1939 1940
f 1868 1940 1869
f 1869 1940 1941
f 1869 1941 1870
f 1870 1941 1942
f 1870 1942 1871
f 1871 1942 1943
f 1871 1943 1872
f 1872 1943 1944
f 1872 1944 1801
f 1801 1944 1873
f 1873 1945 1874
f 1874 1945 1946
f 1874 1946 1875
f 1875 1946 1947
f 1875 1947 1876
f 1876 1947 1948
f 1876 1948 1877
f 1877 1948 1949
f 1877 1949 1878
f 1878 1949 1950
f 1878 1950 1879
f 1879 1950 1951
f 1879 1951 1880
f 1880 1951 1952
f 1880 1952 1881
f 1881 1952 1953
f 1881 1953 1882
f 1882 1953 1954
f 1882 1954 1883
f 1883 1954 1955
f 1883 1955 1884
f 1884 1955 1956
f 1884 1956 1885
f 1885 1956 1957
f 1885 1957 1886
f 1886 1957 1958
f 1886 1958 1887
f 1887 1958 1959
f 1887 1959 1888
f 1888 1959 1960
f 1888 1960 1889
f 1889 1960 1961
f 1889 1961 1890
f 1890 1961 1962
f 1890 1962 1891
f 1891 1962 1963
f 1891 1963 1892
f 1892 1963 1964
f 1892 1964 1893
f 1893 1964 1965
f 1893 1965 1894
f 1894 1965 1966
f 1894 1966 1895
f 1895 1966 1967
f 1895 1967 1896
f 1896 1967 1968
f 1896 1968 1897
f 1897 1968 1969
f 1897 1969 1898
f 1898 1969 1970
f 1898 1970 1899
f 1899 1970 1971
f 1899 1971 1900
f 1900 1971 1972
f 1900 1972 1901
f 1901 1972 1973
f 1901 1973 1902
f 1902 1973 1974
f 1902 1974 1903
f 1903 1974 1975
f 1903 1975 1904
f 1904 1975 1976
f 1904 1976 1905
f 1905 1976 1977
f 1905 1977 1906
f 1906 1977 1978
f 1906 1978 1907
f 1907 1978 1979
f 1907 1979 1908
f 1908 1979 1980
f 1908 1980 1909
f 1909 1980 1981
f 1909 1981 1910
f 1910 1981 1982
f 1910 1982 1911
f 1911 1982 1983
f 1911 1983 1912
f 1912 1983 1984
f 1912 1984 1913
f 1913 1984 1985
f 1913 1985 1914
f 1914 1985 1986
f 1914 1986 1915
f 1915 1986 1987
f 1915 1987 1916
f 1916 1987 1988
f 1916 1988 1917
f 1917 1988 1989
f 1917 1989 1918
f 1918 1989 1990
f 1918 1990 1919
f 1919 1990 1991
f 1919 1991 1920
f 1920 1991 1992
f 1920 1992 1921
f 1921 1992 1993
f 1921 1993 1922
f 1922 1993 1994
f 1922 1994 1923
f 1923 1994 1995
f 1923 1995 1924
f 1924 1995 1996
f 1924 1996 1925
f 1925 1996 1997
f 1925 1997 1926
f 1926 1997 1998
f 1926 1998 1927
f 1927 1998 1999
f 1927 1999 1928
f 1928 1999 2000
f 1928 2000 1929
f 1929 2000 2001
f 1929 2001 1930
f 1930 2001 2002
f 1930 2002 1931
f 1931 2002 2003
f 1931 2003 1932
f 1932 2003 2004
f 1932 2004 1933
f 1933 2004 2005
f 1933 2005 1934
f 1934 2005 2006
f 1934 2006 1935
f 1935 2006 2007
f 1935 2007 1936
f 1936 2007 2008
f 1936 2008 1937
f 1937 2008 2009
f 1937 2009 1938
f 1938 2009 2010
f 1938 2010 1939
f 1939 2010 2011
f 1939 2011 1940
f 1940 2011 2012
f 1940 2012 1941
f 1941 2012 2013
f 1941 2013 1942
f 1942 2013 2014
f 1942 2014 1943
f 1943 2014 2015
f 1943 2015 1944
f 1944 2015 2016
f 1944 2016 1873
f 1873 2016 1945
f 1945 2017 1946
f 1946 2017 2018
f 1946 2018 1947
f 1947 2018 2019
f 1947 2019 1948
f 1948 2019 2020
f 1948 2020 1949
f 1949 2020 2021
f 1949 2021 1950
f 1950 2021 2022
f 1950 2022 1951
f 1951 2022 2023
f 1951 2023 1952
f 1952 2023 2024
f 1952 2024 1953
f 1953 2024 2025
f 1953 2025 1954
f 1954 2025 2026
f 1954 2026 1955
f 1955 2026 2027
f 1955 2027 1956
f 1956 2027 2028
f 1956 2028 1957
f 1957 2028 2029
f 1957 2029 1958
f 1958 2029 2030
f 1958 2030 1959
f 1959 2030 2031
f 1959 2031 1960
f 1960 2031 2032
f 1960 2032 1961
f 1961 2032 2033
f 1961 2033 1962
f 1962 2033 2034
f 1962 2034 1963
f 1963 2034 2035
f 1963 2035 1964
f 1964 2035 2036
f 1964 2036 1965
f 1965 2036 2037
f 1965 2037 1966
f 1966 2037 2038
f 1966 2038 1967
f 1967 2038 2039
f 1967 2039 1968
f 1968 2039 2040
f 1968 2040 1969
f 1969 2040 2041
f 1969 2041 1970
f 1970 2041 2042
f 1970 2042 1971
f 1971 2042 2043
f 1971 2043 1972
f 1972 2043 2044
f 1972 2044 1973
f 1973 2044 2045
f 1973 2045 1974
f 1974 2045 2046
f 1974 2046 1975
f 1975 2046 2047
f 1975 2047 1976
f 1976 2047 2048
f 1976 2048 1977
f 1977 2048 2049
f 1977 2049 1978
f 1978 2049 2050
f 1978 2050 1979
f 1979 2050 2051
f 1979 2051 1980
f 1980 2051 2052
f 1980 2052 1981
f 1981 2052 2053
f 1981 2053 1982
f 1982 2053 2054
f 1982 2054 1983
f 1983 2054 2055
f 1983 2055 1984
f 1984 2055 2056
f 1984 2056 1985
f 1985 2056 2057
f 1985 2057 1986
f 1986 2057 2058
f 1986 2058 1987
f 1987 2058 2059
f 1987 2059 1988
f 1988 2059 2060
f 1988 2060 1989
f 1989 2060 2061
f 1989 2061 1990
f 1990 2061 2062
f 1990 2062 1991
f 1991 2062 2063
f 1991 2063 1992
f 1992 2063 2064
f 1992 2064 1993
f 1993 2064 2065
f 1993 2065 1994
f 1994 2065 2066
f 1994 2066 1995
f 1995 2066 2067
f 1995 2067 1996
f 1996 2067 2068
f 1996 2068 1997
f 1997 2068 2069
f 1997 2069 1998
f 1998 2069 2070
f 1998 2070 1999
f 1999 2070 2071
f 1999 2071 2000
f 2000 2071 2072
f 2000 2072 2001
f 2001 2072 2073
f 2001 2073 2002
f 2002 2073 2074
f 2002 2074 2003
f 2003 2074 2075
f 2003 2075 2004
f 2004 2075 2076
f 2004 2076 2005
f 2005 2076 2077
f 2005 2077 2006
f 2006 2077 2078
f 2006 2078 2007
f 2007 2078 2079
f 2007 2079 2008
f 2008 2079 2080
f 2008 2080 2009
f 2009 2080 2081
f 2009 2081 2010
f 2010 2081 2082
f 2010 2082 2011
f 2011 2082 2083
f 2011 2083 2012
f 2012 2083 2084
f 2012 2084 2013
f 2013 2084 2085
f 2013 2085 2014
f 2014 2085 2086
f 2014 2086 2015
f 2015 2086 2087
f 2015 2087 2016
f 2016 2087 2088
f 2016 2088 1945
f 1945 2088 2017
f 2017 2089 2018
f 2018 2089 2090
f 2018 2090 2019
f 2019 2090 2091
f 2019 2091 2020
f 2020 2091 2092
f 2020 2092 2021
f 2021 2092 2093
f 2021 2093 2022
f 2022 2093 2094
f 2022 2094 2023
f 2023 2094 2095
f 2023 2095 2024
f 2024 2095 2096
f 2024 2096 2025
f 2025 2096 2097
f 2025 2097 2026
f 2026 2097 2098
f 2026 2098 2027
f 2027 2098 2099
f 2027 2099 2028
f 2028 2099 2100
f 2028 2100 2029
f 2029 2100 2101
f 2029 2101 2030
f 2030 2101 2102
f 2030 2102 2031
f 2031 2102 2103
f 2031 2103 2032
f 2032 2103 2104
f 2032 2104 2033
f 2033 2104 2105
f 2033 2105 2034
f 2034 2105 2106
f 2034 2106 2035
f 2035 2106 2107
f 2035 2107 2036
f 2036 2107 2108
f 2036 2108 2037
f 2037 2108 2109
f 2037 2109 2038
f 2038 2109 2110
f 2038 2110 2039
f 2039 2110 2111
f 2039 2111 2040
f 2040 2111 2112
f 2040 2112 2041
f 2041 2112 2113
f 2041 2113 2042
f 2042 2113 2114
f 2042 2114 2043
f 2043 2114 2115
f 2043 2115 2044
f 2044 2115 2116
f 2044 2116 2045
f 2045 2116 2117
f 2045 2117 2046
f 2046 2117 2118
f 2046 2118 2047
f 2047 2118 2119
f 2047 2119 2048
f 2048 2119 2120
f 2048 2120 2049
f 2049 2120 2121
f 2049 2121 2050
f 2050 2121 2122
f 2050 2122 2051
f 2051 2122 2123
f 2051 2123 2052
f 2052 2123 2124
f 2052 2124 2053
f 2053 2124 2125
f 2053 2125 2054
f 2054 2125 2126
f 2054 2126 2055
f 2055 2126 2127
f 2055 2127 2056
f 2056 2127 2128
f 2056 2128 2057
f 2057 2128 2129
f 2057 2129 2058
f 2058 2129 2130
f 2058 2130 2059
f 2059 2130 2131
f 2059 2131 2060
f 2060 2131 2132
f 2060 2132 2061
f 2061 2132 2133
f 2061 2133 2062
f 2062 2133 2134
f 2062 2134 2063
f 2063 2134 2135
f 2063 2135 2064
f 2064 2135 2136
f 2064 2136 2065
f 2065 2136 2137
f 2065 2137 2066
f 2066 2137 2138
f 2066 2138 2067
f 2067 2138 2139
f 2067 2139 2068
f 2068 2139 2140
f 2068 2140 2069
f 2069 2140 2141
f 2069 2141 2070
f 2070 2141 2142
f 2070 2142 2071
f 2071 2142 2143
f 2071 2143 2072
f 2072 2143 2144
f 2072 2144 2073
f 2073 2144 2145
f 2073 2145 2074
f 2074 2145 2146
f 2074 2146 2075
f 2075 2146 2147
f 2075 2147 2076
f 2076 2147 2148
f 2076 2148 2077
f 2077 2148 2149
f 2077 2149 2078
f 2078 2149 2150
f 2078 2150 2079
f 2079 2150 2151
f 2079 2151 2080
f 2080 2151 2152
f 2080 2152 2081
f 2081 2152 2153
f 2081 2153 2082
f 2082 2153 2154
f 2082 2154 2083
f 2083 2154 2155
f 2083 2155 2084
f 2084 2155 2156
f 2084 2156 2085
f 2085 2156 2157
f 2085 2157 2086
f 2086 2157 2158
f 2086 2158 2087
f 2087 2158 2159
f 2087 2159 2088
f 2088 2159 2160
f 2088 2160 2017
f 2017 2160 2089
f 2089 2161 2090
f 2090 2161 2162
f 2090 2162 2091
f 2091 2162 2163
f 2091 2163 2092
f 2092 2163 2164
f 2092 2164 2093
f 2093 2164 2165
f 2093 2165 2094
f 2094 2165 2166
f 2094 2166 2095
f 2095 2166 2167
f 2095 2167 2096
f 2096 2167 2168
f 2096 2168 2097
f 2097 2168 2169
f 2097 2169 2098
f 2098 2169 2170
f 2098 2170 2099
f 2099 2170 2171
f 2099 2171 2100
f 2100 2171 2172
f 2100 2172 2101
f 2101 2172 2173
f 2101 2173 2102
f 2102 2173 2174
f 2102 2174 2103
f 2103 2174 2175
f 2103 2175 2104
f 2104 2175 2176
f 2104 2176 2105
f 2105 2176 2177
f 2105 2177 2106
f 2106 2177 2178
f 2106 2178 2107
f 2107 2178 2179
f 2107 2179 2108
f 2108 2179 2180
f 2108 2180 2109
f 2109 2180 2181
f 2109 2181 2110
f 2110 2181 2182
f 2110 2182 2111
f 2111 2182 2183
f 2111 2183 2112
f 2112 2183 2184
f 2112 2184 2113
f 2113 2184 2185
f 2113 2185 2114
f 2114 2185 2186
f 2114 2186 2115
f 2115 2186 2187
f 2115 2187 2116
f 2116 2187 2188
f 2116 2188 2117
f 2117 2188 2189
f 2117 2189 2118
f 2118 2189 2190
f 2118 2190 2119
f 2119 2190 2191
f 2119 2191 2120
f 2120 2191 2192
f 2120 2192 2121
f 2121 2192 2193
f 2121 2193 2122
f 2122 2193 2194
f 2122 2194 2123
f 2123 2194 2195
f 2123 2195 2124
f 2124 2195 2196
f 2124 2196 2125
f 2125 2196 2197
f 2125 2197 2126
f 2126 2197 2198
f 2126 2198 2127
f 2127 2198 2199
f 2127 2199 2128
f 2128 2199 2200
f 2128 2200 2129
f 2129 2200 2201
f 2129 2201 2130
f 2130 2201 2202
f 2130 2202 2131
f 2131 2202 2203
f 2131 2203 2132
f 2132 2203 2204
f 2132 2204 2133
f 2133 2204 2205
f 2133 2205 2134
f 2134 2205 2206
f 2134 2206 2135
f 2135 2206 2207
f 2135 2207 2136
f 2136 2207 2208
f 2136 2208 2137
f 2137 2208 2209
f 2137 2209 2138
f 2138 2209 2210
f 2138 2210 2139
f 2139 2210 2211
f 2139 2211 2140
f 2140 2211 2212
f 2140 2212 2141
f 2141 2212 2213
f 2141 2213 2142
f 2142 2213 2214
f 2142 2214 2143
f 2143 2214 2215
f 2143 2215 2144
f 2144 2215 2216
f 2144 2216 2145
f 2145 2216 2217
f 2145 2217 2146
f 2146 2217 2218
f 2146 2218 2147
f 2147 2218 2219
f 2147 2219 2148
f 2148 2219 2220
f 2148 2220 2149
f 2149 2220 2221
f 2149 2221 2150
f 2150 2221 2222
f 2150 2222 2151
f 2151 2222 2223
f 2151 2223 2152
f 2152 2223 2224
f 2152 2224 2153
f 2153 2224 2225
f 2153 2225 2154
f 2154 2225 2226
f 2154 2226 2155
f 2155 2226 2227
f 2155 2227 2156
f 2156 2227 2228
f 2156 2228 2157
f 2157 2228 2229
f 2157 2229 2158
f 2158 2229 2230
f 2158 2230 2159
f 2159 2230 2231
f 2159 2231 2160
f 2160 2231 2232
f 2160 2232 2089
f 2089 2232 2161
f 2161 2233 2162
f 2162 2233 2234
f 2162 2234 2163
f 2163 2234 2235
f 2163 2235 2164
f 2164 2235 2236
f 2164 2236 2165
f 2165 2236 2237
f 2165 2237 2166
f 2166 2237 2238
f 2166 2238 2167
f 2167 2238 2239
f 2167 2239 2168
f 2168 2239 2240
f 2168 2240 2169
f 2169 2240 2241
f 2169 2241 2170
f 2170 2241 2242
f 2170 2242 2171
f 2171 2242 2243
f 2171 2243 2172
f 2172 2243 2244
f 2172 2244 2173
f 2173 2244 2245
f 2173 2245 2174
f 2174 2245 2246
f 2174 2246 2175
f 2175 2246 2247
f 2175 2247 2176
f 2176 2247 2248
f 2176 2248 2177
f 2177 2248 2249
f 2177 2249 2178
f 2178 2249 2250
f 2178 2250 2179
f 2179 2250 2251
f 2179 2251 2180
f 2180 2251 2252
f 2180 2252 2181
f 2181 2252 2253
f 2181 2253 2182
f 2182 2253 2254
f 2182 2254 2183
f 2183 2254 2255
f 2183 2255 2184
f 2184 2255 2256
f 2184 2256 2185
f 2185 2256 2257
f 2185 2257 2186
f 2186 2257 2258
f 2186 2258 2187
f 2187 2258 2259
f 2187 2259 2188
f 2188 2259 2260
f 2188 2260 2189
f 2189 2260 2261
f 2189 2261 2190
f 2190 2261 2262
f 2190 2262 2191
f 2191 2262 2263
f 2191 2263 2192
f 2192 2263 2264
f 2192 2264 2193
f 2193 2264 2265
f 2193 2265 2194
f 2194 2265 2266
f 2194 2266 2195
f 2195 2266 2267
f 2195 2267 2196
f 2196 2267 2268
f 2196 2268 2197
f 2197 2268 2269
f 2197 2269 2198
f 2198 2269 2270
f 2198 2270 2199
f 2199 2270 2271
f 2199 2271 2200
f 2200 2271 2272
f 2200 2272 2201
f 2201 2272 2273
f 2201 2273 2202
f 2202 2273 2274
f 2202 2274 2203
f 2203 2274 2275
f 2203 2275 2204
f 2204 2275 2276
f 2204 2276 2205
f 2205 2276 2277
f 2205 2277 2206
f 2206 2277 2278
f 2206 2278 2207
f 2207 2278 2279
f 2207 2279 2208
f 2208 2279 2280
f 2208 2280 2209
f 2209 2280 2281
f 2209 2281 2210
f 2210 2281 2282
f 2210 2282 2211
f 2211 2282 2283
f 2211 2283 2212
f 2212 2283 2284
f 2212 2284 2213
f 2213 2284 2285
f 2213 2285 2214
f 2214 2285 2286
f 2214 2286 2215
f 2215 2286 2287
f 2215 2287 2216
f 2216 2287 2288
f 2216 2288 2217
f 2217 2288 2289
f 2217 2289 2218
f 2218 2289 2290
f 2218 2290 2219
f 2219 2290 2291
f 2219 2291 2220
f 2220 2291 2292
f 2220 2292 2221
f 2221 2292 2293
f 2221 2293 2222
f 2222 2293 2294
f 2222 2294 2223
f 2223 2294 2295
f 2223 2295 2224
f 2224 2295 2296
f 2224 2296 2225
f 2225 2296 2297
f 2225 2297 2226
f 2226 2297 2298
f 2226 2298 2227
f 2227 2298 2299
f 2227 2299 2228
f 2228 2299 2300
f 2228 2300 2229
f 2229 2300 2301
f 2229 2301 2230
f 2230 2301 2302
f 2230 2302 2231
f 2231 2302 2303
f 2231 2303 2232
f 2232 2303 2304
f 2232 2304 2161
f 2161 2304 2233
f 2233 2305 2234
f 2234 2305 2306
f 2234 2306 2235
f 2235 2306 2307
f 2235 2307 2236
f 2236 2307 2308
f 2236 2308 2237
f 2237 2308 2309
f 2237 2309 2238
f 2238 2309 2310
f 2238 2310 2239
f 2239 2310 2311
f 2239 2311 2240
f 2240 2311 2312
f 2240 2312 2241
f 2241 2312 2313
f 2241 2313 2242
f 2242 2313 2314
f 2242 2314 2243
f 2243 2314 2315
f 2243 2315 2244
f 2244 2315 2316
f 2244 2316 2245
f 2245 2316 2317
f 2245 2317 2246
f 2246 2317 2318
f 2246 2318 2247
f 2247 2318 2319
f 2247 2319 2248
f 2248 2319 2320
f 2248 2320 2249
f 2249 2320 2321
f 2249 2321 2250
f 2250 2321 2322
f 2250 2322 2251
f 2251 2322 2323
f 2251 2323 2252
f 2252 2323 2324
f 2252 2324 2253
f 2253 2324 2325
f 2253 2325 2254
f 2254 2325 2326
f 2254 2326 2255
f 2255 2326 2327
f 2255 2327 2256
f 2256 2327 2328
f 2256 2328 2257
f 2257 2328 2329
f 2257 2329 2258
f 2258 2329 2330
f 2258 2330 2259
f 2259 2330 2331
f 2259 2331 2260
f 2260 2331 2332
f 2260 2332 2261
f 2261 2332 2333
f 2261 2333 2262
f 2262 2333 2334
f 2262 2334 2263
f 2263 2334 2335
f 2263 2335 2264
f 2264 2335 2336
f 2264 2336 2265
f 2265 2336 2337
f 2265 2337 2266
f 2266 2337 2338
f 2266 2338 2267
f 2267 2338 2339
f 2267 2339 2268
f 2268 2339 2340
f 2268 2340 2269
f 2269 2340 2341
f 2269 2341 2270
f 2270 2341 2342
f 2270 2342 2271
f 2271 2342 2343
f 2271 2343 2272
f 2272 2343 2344
f 2272 2344 2273
f 2273 2344 2345
f 2273 2345 2274
f 2274 2345 2346
f 2274 2346 2275
f 2275 2346 2347
f 2275 2347 2276
f 2276 2347 2348
f 2276 2348 2277
f 2277 2348 2349
f 2277 2349 2278
f 2278 2349 2350
f 2278 2350 2279
f 2279 2350 2351
f 2279 2351 2280
f 2280 2351 2352
f 2280 2352 2281
f 2281 2352 2353
f 2281 2353 2282
f 2282 2353 2354
f 2282 2354 2283
f 2283 2354 2355
f 2283 2355 2284
f 2284 2355 2356
f 2284 2356 2285
f 2285 2356 2357
f 2285 2357 2286
f 2286 2357 2358
f 2286 2358 2287
f 2287 2358 2359
f 2287 2359 2288
f 2288 2359 2360
f 2288 2360 2289
f 2289 2360 2361
f 2289 2361 2290
f 2290 2361 2362
f 2290 2362 2291
f 2291 2362 2363
f 2291 2363 2292
f 2292 2363 2364
f 2292 2364 2293
f 2293 2364 2365
f 2293 2365 2294
f 2294 2365 2366
f 2294 2366 2295
f 2295 2366 2367
f 2295 2367 2296
f 2296 2367 2368
f 2296 2368 2297
f 2297 2368 2369
f 2297 2369 2298
f 2298 2369 2370
f 2298 2370 2299
f 2299 2370 2371
f 2299 2371 2300
f 2300 2371 2372
f 2300 2372 2301
f 2301 2372 2373
f 2301 2373 2302
f 2302 2373 2374
f 2302 2374 2303
f 2303 2374 2375
f 2303 2375 2304
f 2304 2375 2376
f 2304 2376 2233
f 2233 2376 2305
f 2305 2377 2306
f 2306 2377 2378
f 2306 2378 2307
f 2307 2378 2379
f 2307 2379 2308
f 2308 2379 2380
f 2308 2380 2309
f 2309 2380 2381
f 2309 2381 2310
f 2310 2381 2382
f 2310 2382 2311
f 2311 2382 2383
f 2311 2383 2312
f 2312 2383 2384
f 2312 2384 2313
f 2313 2384 2385
f 2313 2385 2314
f 2314 2385 2386
f 2314 2386 2315
f 2315 2386 2387
f 2315 2387 2316
f 2316 2387 2388
f 2316 2388 2317
f 2317 2388 2389
f 2317 2389 2318
f 2318 2389 2390
f 2318 2390 2319
f 2319 2390 2391
f 2319 2391 2320
f 2320 2391 2392
f 2320 2392 2321
f 2321 2392 2393
f 2321 2393 2322
f 2322 2393 2394
f 2322 2394 2323
f 2323 2394 2395
f 2323 2395 2324
f 2324 2395 2396
f 2324 2396 2325
f 2325 2396 2397
f 2325 2397 2326
f 2326 2397 2398
f 2326 2398 2327
f 2327 2398 2399
f 2327 2399 2328
f 2328 2399 2400
f 2328 2400 2329
f 2329 2400 2401
f 2329 2401 2330
f 2330 2401 2402
f 2330 2402 2331
f 2331 2402 2403
f 2331 2403 2332
f 2332 2403 2404
f 2332 2404 2333
f 2333 2404 2405
f 2333 2405 2334
f 2334 2405 2406
f 2334 2406 2335
f 2335 2406 2407
f 2335 2407 2336
f 2336 2407 2408
f 2336 2408 2337
f 2337 2408 2409
f 2337 2409 2338
f 2338 2409 2410
f 2338 2410 2339
f 2339 2410 2411
f 2339 2411 2340
f 2340 2411 2412
f 2340 2412 2341
f 2341 2412 2413
f 2341 2413 2342
f 2342 2413 2414
f 2342 2414 2343
f 2343 2414 2415
f 2343 2415 2344
f 2344 2415 2416
f 2344 2416 2345
f 2345 2416 2417
f 2345 2417 2346
f 2346 2417 2418
f 2346 2418 2347
f 2347 2418 2419
f 2347 2419 2348
f 2348 2419 2420
f 2348 2420 2349
f 2349 2420 2421
f 2349 2421 2350
f 2350 2421 2422
f 2350 2422 2351
f 2351 2422 2423
f 2351 2423 2352
f 2352 2423 2424
f 2352 2424 2353
f 2353 2424 2425
f 2353 2425 2354
f 2354 2425 2426
f 2354 2426 2355
f 2355 2426 2427
f 2355 2427 2356
f 2356 2427 2428
f 2356 2428 2357
f 2357 2428 2429
f 2357 2429 2358
f 2358 2429 2430
f 2358 2430 2359
f 2359 2430 2431
f 2359 2431 2360
f 2360 2431 2432
f 2360 2432 2361
f 2361 2432 2433
f 2361 2433 2362
f 2362 2433 2434
f 2362 2434 2363
f 2363 2434 2435
f 2363 2435 2364
f 2364 2435 2436
f 2364 2436 2365
f 2365 2436 2437
f 2365 2437 2366
f 2366 2437 2438
f 2366 2438 2367
f 2367 2438 2439
f 2367 2439 2368
f 2368 2439 2440
f 2368 2440 2369
f 2369 2440 2441
f 2369 2441 2370
f 2370 2441 2442
f 2370 2442 2371
f 2371 2442 2443
f 2371 2443 2372
f 2372 2443 2444
f 2372 2444 2373
f 2373 2444 2445
f 2373 2445 2374
f 2374 2445 2446
f 2374 2446 2375
f 2375 2446 2447
f 2375 2447 2376
f 2376 2447 2448
f 2376 2448 2305
f 2305 2448 2377
f 2377 2449 2378
f 2378 2449 2450
f 2378 2450 2379
f 2379 2450 2451
f 2379 2451 2380
f 2380 2451 2452
f 2380 2452 2381
f 2381 2452 2453
f 2381 2453 2382
f 2382 2453 2454
f 2382 2454 2383
f 2383 2454 2455
f 2383 2455 2384
f 2384 2455 2456
f 2384 2456 2385
f 2385 2456 2457
f 2385 2457 2386
f 2386 2457 2458
f 2386 2458 2387
f 2387 2458 2459
f 2387 2459 2388
f 2388 2459 2460
f 2388 2460 2389
f 2389 2460 2461
f 2389 2461 2390
f 2390 2461 2462
f 2390 2462 2391
f 2391 2462 2463
f 2391 2463 2392
f 2392 2463 2464
f 2392 2464 2393
f 2393 2464 2465
f 2393 2465 2394
f 2394 2465 2466
f 2394 2466 2395
f 2395 2466 2467
f 2395 2467 2396
f 2396 2467 2468
f 2396 2468 2397
f 2397 2468 2469
f 2397 2469 2398
f 2398 2469 2470
f 2398 2470 2399
f 2399 2470 2471
f 2399 2471 2400
f 2400 2471 2472
f 2400 2472 2401
f 2401 2472 2473
f 2401 2473 2402
f 2402 2473 2474
f 2402 2474 2403
f 2403 2474 2475
f 2403 2475 2404
f 2404 2475 2476
f 2404 2476 2405
f 2405 2476 2477
f 2405 2477 2406
f 2406 2477 2478
f 2406 2478 2407
f 2407 2478 2479
f 2407 2479 2408
f 2408 2479 2480
f 2408 2480 2409
f 2409 2480 2481
f 2409 2481 2410
f 2410 2481 2482
f 2410 2482 2411
f 2411 2482 2483
f 2411 2483 2412
f 2412 2483 2484
f 2412 2484 2413
f 2413 2484 2485
f 2413 2485 2414
f 2414 2485 2486
f 2414 2486 2415
f 2415 2486 2487
f 2415 2487 2416
f 2416 2487 2488
f 2416 2488 2417
f 2417 2488 2489
f 2417 2489 2418
f 2418 2489 2490
f 2418 2490 2419
f 2419 2490 2491
f 2419 2491 2420
f 2420 2491 2492
f 2420 2492 2421
f 2421 2492 2493
f 2421 2493 2422
f 2422 2493 2494
f 2422 2494 2423
f 2423 2494 2495
f 2423 2495 2424
f 2424 2495 2496
f 2424 2496 2425
f 2425 2496 2497
f 2425 2497 2426
f 2426 2497 2498
f 2426 2498 2427
f 2427 2498 2499
f 2427 2499 2428
f 2428 2499 2500
f 2428 2500 2429
f 2429 2500 2501
f 2429 2501 2430
f 2430 2501 2502
f 2430 2502 2431
f 2431 2502 2503
f 2431 2503 2432
f 2432 2503 2504
f 2432 2504 2433
f 2433 2504 2505
f 2433 2505 2434
f 2434 2505 2506
f 2434 2506 2435
f 2435 2506 2507
f 2435 2507 2436
f 2436 2507 2508
f 2436 2508 2437
f 2437 2508 2509
f 2437 2509 2438
f 2438 2509 2510
f 2438 2510 2439
f 2439 2510 2511
f 2439 2511 2440
f 2440 2511 2512
f 2440 2512 2441
f 2441 2512 2513
f 2441 2513 2442
f 2442 2513 2514
f 2442 2514 2443
f 2443 2514 2515
f 2443 2515 2444
f 2444 2515 2516
f 2444 2516 2445
f 2445 2516 2517
f 2445 2517 2446
f 2446 2517 2518
f 2446 2518 2447
f 2447 2518 2519
f 2447 2519 2448
f 2448 2519 2520
f 2448 2520 2377
f 2377 2520 2449
f 2449 2521 2450
f 2450 2521 2522
f 2450 2522 2451
f 2451 2522 2523
f 2451 2523 2452
f 2452 2523 2524
f 2452 2524 2453
f 2453 2524 2525
f 2453 2525 2454
f 2454 2525 2526
f 2454 2526 2455
f 2455 2526 2527
f 2455 2527 2456
f 2456 2527 2528
f 2456 2528 2457
f 2457 2528 2529
f 2457 2529 2458
f 2458 2529 2530
f 2458 2530 2459
f 2459 2530 2531
f 2459 2531 2460
f 2460 2531 2532
f 2460 2532 2461
f 2461 2532 2533
f 2461 2533 2462
f 2462 2533 2534
f 2462 2534 2463
f 2463 2534 2535
f 2463 2535 2464
f 2464 2535 2536
f 2464 2536 2465
f 2465 2536 2537
f 2465 2537 2466
f 2466 2537 2538
f 2466 2538 2467
f 2467 2538 2539
f 2467 2539 2468
f 2468 2539 2540
f 2468 2540 2469
f 2469 2540 2541
f 2469 2541 2470
f 2470 2541 2542
f 2470 2542 2471
f 2471 2542 2543
f 2471 2543 2472
f 2472 2543 2544
f 2472 2544 2473
f 2473 2544 2545
f 2473 2545 2474
f 2474 2545 2546
f 2474 2546 2475
f 2475 2546 2547
f 2475 2547 2476
f 2476 2547 2548
f 2476 2548 2477
f 2477 2548 2549
f 2477 2549 2478
f 2478 2549 2550
f 2478 2550 2479
f 2479 2550 2551
f 2479 2551 2480
f 2480 2551 2552
f 2480 2552 2481
f 2481 2552 2553
f 2481 2553 2482
f 2482 2553 2554
f 2482 2554 2483
f 2483 2554 2555
f 2483 2555 2484
f 2484 2555 2556
f 2484 2556 2485
f 2485 2556 2557
f 2485 2557 2486
f 2486 2557 2558
f 2486 2558 2487
f 2487 2558 2559
f 2487 2559 2488
f 2488 2559 2560
f 2488 2560 2489
f 2489 2560 2561
f 2489 2561 2490
f 2490 2561 2562
f 2490 2562 2491
f 2491 2562 2563
f 2491 2563 2492
f 2492 2563 2564
f 2492 2564 2493
f 2493 2564 2565
f 2493 2565 2494
f 2494 2565 2566
f 2494 2566 2495
f 2495 2566 2567
f 2495 2567 2496
f 2496 2567 2568
f 2496 2568 2497
f 2497 2568 2569
f 2497 2569 2498
f 2498 2569 2570
f 2498 2570 2499
f 2499 2570 2571
f 2499 2571 2500
f 2500 2571 2572
f 2500 2572 2501
f 2501 2572 2573
f 2501 2573 2502
f 2502 2573 2574
f 2502 2574 2503
f 2503 2574 2575
f 2503 2575 2504
f 2504 2575 2576
f 2504 2576 2505
f 2505 2576 2577
f 2505 2577 2506
f 2506 2577 2578
f 2506 2578 2507
f 2507 2578 2579
f 2507 2579 2508
f 2508 2579 2580
f 2508 2580 2509
f 2509 2580 2581
f 2509 2581 2510
f 2510 2581 2582
f 2510 2582 2511
f 2511 2582 2583
f 2511 2583 2512
f 2512 2583 2584
f 2512 2584 2513
f 2513 2584 2585
f 2513 2585 2514
f 2514 2585 2586
f 2514 2586 2515
f 2515 2586 2587
f 2515 2587 2516
f 2516 2587 2588
f 2516 2588 2517
f 2517 2588 2589
f 2517 2589 2518
f 2518 2589 2590
f 2518 2590 2519
f 2519 2590 2591
f 2519 2591 2520
f 2520 2591 2592
f 2520 2592 2449
f 2449 2592 2521
f 2521 2593 2522
f 2522 2593 2594
f 2522 2594 2523
f 2523 2594 2595
f 2523 2595 2524
f 2524 2595 2596
f 2524 2596 2525
f 2525 2596 2597
f 2525 2597 2526
f 2526 2597 2598
f 2526 2598 2527
f 2527 2598 2599
f 2527 2599 2528
f 2528 2599 2600
f 2528 2600 2529
f 2529 2600 2601
f 2529 2601 2530
f 2530 2601 2602
f 2530 2602 2531
f 2531 2602 2603
f 2531 2603 2532
f 2532 2603 2604
f 2532 2604 2533
f 2533 2604 2605
f 2533 2605 2534
f 2534 2605 2606
f 2534 2606 2535
f 2535 2606 2607
f 2535 2607 2536
f 2536 2607 2608
f 2536 2608 2537
f 2537 2608 2609
f 2537 2609 2538
f 2538 2609 2610
f 2538 2610 2539
f 2539 2610 2611
f 2539 2611 2540
f 2540 2611 2612
f 2540 2612 2541
f 2541 2612 2613
f 2541 2613 2542
f 2542 2613 2614
f 2542 2614 2543
f 2543 2614 2615
f 2543 2615 2544
f 2544 2615 2616
f 2544 2616 2545
f 2545 2616 2617
f 2545 2617 2546
f 2546 2617 2618
f 2546 2618 2547
f 2547 2618 2619
f 2547 2619 2548
f 2548 2619 2620
f 2548 2620 2549
f 2549 2620 2621
f 2549 2621 2550
f 2550 2621 2622
f 2550 2622 2551
f 2551 2622 2623
f 2551 2623 2552
f 2552 2623 2624
f 2552 2624 2553
f 2553 2624 2625
f 2553 2625 2554
f 2554 2625 2626
f 2554 2626 2555
f 2555 2626 2627
f 2555 2627 2556
f 2556 2627 2628
f 2556 2628 2557
f 2557 2628 2629
f 2557 2629 2558
f 2558 2629 2630
f 2558 2630 2559
f 2559 2630 2631
f 2559 2631 2560
f 2560 2631 2632
f 2560 2632 2561
f 2561 2632 2633
f 2561 2633 2562
f 2562 2633 2634
f 2562 2634 2563
f 2563 2634 2635
f 2563 2635 2564
f 2564 2635 2636
f 2564 2636 2565
f 2565 2636 2637
f 2565 2637 2566
f 2566 2637 2638
f 2566 2638 2567
f 2567 2638 2639
f 2567 2639 2568
f 2568 2639 2640
f 2568 2640 2569
f 2569 2640 2641
f 2569 2641 2570
f 2570 2641 2642
f 2570 2642 2571
f 2571 2642 2643
f 2571 2643 2572
f 2572 2643 2644
f 2572 2644 2573
f 2573 2644 2645
f 2573 2645 2574
f 2574 2645 2646
f 2574 2646 2575
f 2575 2646 2647
f 2575 2647 2576
f 2576 2647 2648
f 2576 2648 2577
f 2577 2648 2649
f 2577 2649 2578
f 2578 2649 2650
f 2578 2650 2579
f 2579 2650 2651
f 2579 2651 2580
f 2580 2651 2652
f 2580 2652 2581
f 2581 2652 2653
f 2581 2653 2582
f 2582 2653 2654
f 2582 2654 2583
f 2583 2654 2655
f 2583 2655 2584
f 2584 2655 2656
f 2584 2656 2585
f 2585 2656 2657
f 2585 2657 2586
f 2586 2657 2658
f 2586 2658 2587
f 2587 2658 2659
f 2587 2659 2588
f 2588 2659 2660
f 2588 2660 2589
f 2589 2660 2661
f 2589 2661 2590
f 2590 2661 2662
f 2590 2662 2591
f 2591 2662 2663
f 2591 2663 2592
f 2592 2663 2664
f 2592 2664 2521
f 2521 2664 2593
f 2593 2665 2594
f 2594 2665 2666
f 2594 2666 2595
f 2595 2666 2667
f 2595 2667 2596
f 2596 2667 2668
f 2596 2668 2597
f 2597 2668 2669
f 2597 2669 2598
f 2598 2669 2670
f 2598 2670 2599
f 2599 2670 2671
f 2599 2671 2600
f 2600 2671 2672
f 2600 2672 2601
f 2601 2672 2673
f 2601 2673 2602
f 2602 2673 2674
f 2602 2674 2603
f 2603 2674 2675
f 2603 2675 2604
f 2604 2675 2676
f 2604 2676 2605
f 2605 2676 2677
f 2605 2677 2606
f 2606 2677 2678
f 2606 2678 2607
f 2607 2678 2679
f 2607 2679 2608
f 2608 2679 2680
f 2608 2680 2609
f 2609 2680 2681
f 2609 2681 2610
f 2610 2681 2682
f 2610 2682 2611
f 2611 2682 2683
f 2611 2683 2612
f 2612 2683 2684
f 2612 2684 2613
f 2613 2684 2685
f 2613 2685 2614
f 2614 2685 2686
f 2614 2686 2615
f 2615 2686 2687
f 2615 2687 2616
f 2616 2687 2688
f 2616 2688 2617
f 2617 2688 2689
f 2617 2689 2618
f 2618 2689 2690
f 2618 2690 2619
f 2619 2690 2691
f 2619 2691 2620
f 2620 2691 2692
f 2620 2692 2621
f 2621 2692 2693
f 2621 2693 2622
f 2622 2693 2694
f 2622 2694 2623
f 2623 2694 2695
f 2623 2695 2624
f 2624 2695 2696
f 2624 2696 2625
f 2625 2696 2697
f 2625 2697 2626
f 2626 2697 2698
f 2626 2698 2627
f 2627 2698 2699
f 2627 2699 2628
f 2628 2699 2700
f 2628 2700 2629
f 2629 2700 2701
f 2629 2701 2630
f 2630 2701 2702
f 2630 2702 2631
f 2631 2702 2703
f 2631 2703 2632
f 2632 2703 2704
f 2632 2704 2633
f 2633 2704 2705
f 2633 2705 2634
f 2634 2705 2706
f 2634 2706 2635
f 2635 2706 2707
f 2635 2707 2636
f 2636 2707 2708
f 2636 2708 2637
f 2637 2708 2709
f 2637 2709 2638
f 2638 2709 2710
f 2638 2710 2639
f 2639 2710 2711
f 2639 2711 2640
f 2640 2711 2712
f 2640 2712 2641
f 2641 2712 2713
f 2641 2713 2642
f 2642 2713 2714
f 2642 2714 2643
f 2643 2714 2715
f 2643 2715 2644
f 2644 2715 2716
f 2644 2716 2645
f 2645 2716 2717
f 2645 2717 2646
f 2646 2717 2718
f 2646 2718 2647
f 2647 2718 2719
f 2647 2719 2648
f 2648 2719 2720
f 2648 2720 2649
f 2649 2720 2721
f 2649 2721 2650
f 2650 2721 2722
f 2650 2722 2651
f 2651 2722 2723
f 2651 2723 2652
f 2652 2723 2724
f 2652 2724 2653
f 2653 2724 2725
f 2653 2725 2654
f 2654 2725 2726
f 2654 2726 2655
f 2655 2726 2727
f 2655 2727 2656
f 2656 2727 2728
f 2656 2728 2657
f 2657 2728 2729
f 2657 2729 2658
f 2658 2729 2730
f 2658 2730 2659
f 2659 2730 2731
f 2659 2731 2660
f 2660 2731 2732
f 2660 2732 2661
f 2661 2732 2733
f 2661 2733 2662
f 2662 2733 2734
f 2662 2734 2663
f 2663 2734 2735
f 2663 2735 2664
f 2664 2735 2736
f 2664 2736 2593
f 2593 2736 2665
f 2665 2737 2666
f 2666 2737 2738
f 2666 2738 2667
f 2667 2738 2739
f 2667 2739 2668
f 2668 2739 2740
f 2668 2740 2669
f 2669 2740 2741
f 2669 2741 2670
f 2670 2741 2742
f 2670 2742 2671
f 2671 2742 2743
f 2671 2743 2672
f 2672 2743 2744
f 2672 2744 2673
f 2673 2744 2745
f 2673 2745 2674
f 2674 2745 2746
f 2674 2746 2675
f 2675 2746 2747
f 2675 2747 2676
f 2676 2747 2748
f 2676 2748 2677
f 2677 2748 2749
f 2677 2749 2678
f 2678 2749 2750
f 2678 2750 2679
f 2679 2750 2751
f 2679 2751 2680
f 2680 2751 2752
f 2680 2752 2681
f 2681 2752 2753
f 2681 2753 2682
f 2682 2753 2754
f 2682 2754 2683
f 2683 2754 2755
f 2683 2755 2684
f 2684 2755 2756
f 2684 2756 2685
f 2685 2756 2757
f 2685 2757 2686
f 2686 2757 2758
f 2686 2758 2687
f 2687 2758 2759
f 2687 2759 2688
f 2688 2759 2760
f 2688 2760 2689
f 2689 2760 2761
f 2689 2761 2690
f 2690 2761 2762
f 2690 2762 2691
f 2691 2762 2763
f 2691 2763 2692
f 2692 2763 2764
f 2692 2764 2693
f 2693 2764 2765
f 2693 2765 2694
f 2694 2765 2766
f 2694 2766 2695
f 2695 2766 2767
f 2695 2767 2696
f 2696 2767 2768
f 2696 2768 2697
f 2697 2768 2769
f 2697 2769 2698
f 2698 2769 2770
f 2698 2770 2699
f 2699 2770 2771
f 2699 2771 2700
f 2700 2771 2772
f 2700 2772 2701
f 2701 2772 2773
f 2701 2773 2702
f 2702 2773 2774
f 2702 2774 2703
f 2703 2774 2775
f 2703 2775 2704
f 2704 2775 2776
f 2704 2776 2705
f 2705 2776 2777
f 2705 2777 2706
f 2706 2777 2778
f 2706 2778 2707
f 2707 2778 2779
f 2707 2779 2708
f 2708 2779 2780
f 2708 2780 2709
f 2709 2780 2781
f 2709 2781 2710
f 2710 2781 2782
f 2710 2782 2711
f 2711 2782 2783
f 2711 2783 2712
f 2712 2783 2784
f 2712 2784 2713
f 2713 2784 2785
f 2713 2785 2714
f 2714 2785 2786
f 2714 2786 2715
f 2715 2786 2787
f 2715 2787 2716
f 2716 2787 2788
f 2716 2788 2717
f 2717 2788 2789
f 2717 2789 2718
f 2718 2789 2790
f 2718 2790 2719
f 2719 2790 2791
f 2719 2791 2720
f 2720 2791 2792
f 2720 2792 2721
f 2721 2792 2793
f 2721 2793 2722
f 2722 2793 2794
f 2722 2794 2723
f 2723 2794 2795
f 2723 2795 2724
f 2724 2795 2796
f 2724 2796 2725
f 2725 2796 2797
f 2725 2797 2726
f 2726 2797 2798
f 2726 2798 2727
f 2727 2798 2799
f 2727 2799 2728
f 2728 2799 2800
f 2728 2800 2729
f 2729 2800 2801
f 2729 2801 2730
f 2730 2801 2802
f 2730 2802 2731
f 2731 2802 2803
f 2731 2803 2732
f 2732 2803 2804
f 2732 2804 2733
f 2733 2804 2805
f 2733 2805 2734
f 2734 2805 2806
f 2734 2806 2735
f 2735 2806 2807
f 2735 2807 2736
f 2736 2807 2808
f 2736 2808 2665
f 2665 2808 2737
f 2737 2809 2738
f 2738 2809 2810
f 2738 2810 2739
f 2739 2810 2811
f 2739 2811 2740
f 2740 2811 2812
f 2740 2812 2741
f 2741 2812 2813
f 2741 2813 2742
f 2742 2813 2814
f 2742 2814 2743
f 2743 2814 2815
f 2743 2815 2744
f 2744 2815 2816
f 2744 2816 2745
f 2745 2816 2817
f 2745 2817 2746
f 2746 2817 2818
f 2746 2818 2747
f 2747 2818 2819
f 2747 2819 2748
f 2748 2819 2820
f 2748 2820 2749
f 2749 2820 2821
f 2749 2821 2750
f 2750 2821 2822
f 2750 2822 2751
f 2751 2822 2823
f 2751 2823 2752
f 2752 2823 2824
f 2752 2824 2753
f 2753 2824 2825
f 2753 2825 2754
f 2754 2825 2826
f 2754 2826 2755
f 2755 2826 2827
f 2755 2827 2756
f 2756 2827 2828
f 2756 2828 2757
f 2757 2828 2829
f 2757 2829 2758
f 2758 2829 2830
f 2758 2830 2759
f 2759 2830 2831
f 2759 2831 2760
f 2760 2831 2832
f 2760 2832 2761
f 2761 2832 2833
f 2761 2833 2762
f 2762 2833 2834
f 2762 2834 2763
f 2763 2834 2835
f 2763 2835 2764
f 2764 2835 2836
f 2764 2836 2765
f 2765 2836 2837
f 2765 2837 2766
f 2766 2837 2838
f 2766 2838 2767
f 2767 2838 2839
f 2767 2839 2768
f 2768 2839 2840
f 2768 2840 2769
f 2769 2840 2841
f 2769 2841 2770
f 2770 2841 2842
f 2770 2842 2771
f 2771 2842 2843
f 2771 2843 2772
f 2772 2843 2844
f 2772 2844 2773
f 2773 2844 2845
f 2773 2845 2774
f 2774 2845 2846
f 2774 2846 2775
f 2775 2846 2847
f 2775 2847 2776
f 2776 2847 2848
f 2776 2848 2777
f 2777 2848 2849
f 2777 2849 2778
f 2778 2849 2850
f 2778 2850 2779
f 2779 2850 2851
f 2779 2851 2780
f 2780 2851 2852
f 2780 2852 2781
f 2781 2852 2853
f 2781 2853 2782
f 2782 2853 2854
f 2782 2854 2783
f 2783 2854 2855
f 2783 2855 2784
f 2784 2855 2856
f 2784 2856 2785
f 2785 2856 2857
f 2785 2857 2786
f 2786 2857 2858
f 2786 2858 2787
f 2787 2858 2859
f 2787 2859 2788
f 2788 2859 2860
f 2788 2860 2789
f 2789 2860 2861
f 2789 2861 2790
f 2790 2861 2862
f 2790 2862 2791
f 2791 2862 2863
f 2791 2863 2792
f 2792 2863 2864
f 2792 2864 2793
f 2793 2864 2865
f 2793 2865 2794
f 2794 2865 2866
f 2794 2866 2795
f 2795 2866 2867
f 2795 2867 2796
f 2796 2867 2868
f 2796 2868 2797
f 2797 2868 2869
f 2797 2869 2798
f 2798 2869 2870
f 2798 2870 2799
f 2799 2870 2871
f 2799 2871 2800
f 2800 2871 2872
f 2800 2872 2801
f 2801 2872 2873
f 2801 2873 2802
f 2802 2873 2874
f 2802 2874 2803
f 2803 2874 2875
f 2803 2875 2804
f 2804 2875 2876
f 2804 2876 2805
f 2805 2876 2877
f 2805 2877 2806
f 2806 2877 2878
f 2806 2878 2807
f 2807 2878 2879
f 2807 2879 2808
f 2808 2879 2880
f 2808 2880 2737
f 2737 2880 2809
f 2809 2881 2810
f 2810 2881 2882
f 2810 2882 2811
f 2811 2882 2883
f 2811 2883 2812
f 2812 2883 2884
f 2812 2884 2813
f 2813 2884 2885
f 2813 2885 2814
f 2814 2885 2886
f 2814 2886 2815
f 2815 2886 2887
f 2815 2887 2816
f 2816 2887 2888
f 2816 2888 2817
f 2817 2888 2889
f 2817 2889 2818
f 2818 2889 2890
f 2818 2890 2819
f 2819 2890 2891
f 2819 2891 2820
f 2820 2891 2892
f 2820 2892 2821
f 2821 2892 2893
f 2821 2893 2822
f 2822 2893 2894
f 2822 2894 2823
f 2823 2894 2895
f 2823 2895 2824
f 2824 2895 2896
f 2824 2896 2825
f 2825 2896 2897
f 2825 2897 2826
f 2826 2897 2898
f 2826 2898 2827
f 2827 2898 2899
f 2827 2899 2828
f 2828 2899 2900
f 2828 2900 2829
f 2829 2900 2901
f 2829 2901 2830
f 2830 2901 2902
f 2830 2902 2831
f 2831 2902 2903
f 2831 2903 2832
f 2832 2903 2904
f 2832 2904 2833
f 2833 2904 2905
f 2833 2905 2834
f 2834 2905 2906
f 2834 2906 2835
f 2835 2906 2907
f 2835 2907 2836
f 2836 2907 2908
f 2836 2908 2837
f 2837 2908 2909
f 2837 2909 2838
f 2838 2909 2910
f 2838 2910 2839
f 2839 2910 2911
f 2839 2911 2840
f 2840 2911 2912
f 2840 2912 2841
f 2841 2912 2913
f 2841 2913 2842
f 2842 2913 2914
f 2842 2914 2843
f 2843 2914 2915
f 2843 2915 2844
f 2844 2915 2916
f 2844 2916 2845
f 2845 2916 2917
f 2845 2917 2846
f 2846 2917 2918
f 2846 2918 2847
f 2847 2918 2919
f 2847 2919 2848
f 2848 2919 2920
f 2848 2920 2849
f 2849 2920 2921
f 2849 2921 2850
f 2850 2921 2922
f 2850 2922 2851
f 2851 2922 2923
f 2851 2923 2852
f 2852 2923 2924
f 2852 2924 2853
f 2853 2924 2925
f 2853 2925 2854
f 2854 2925 2926
f 2854 2926 2855
f 2855 2926 2927
f 2855 2927 2856
f 2856 2927 2928
f 2856 2928 2857
f 2857 2928 2929
f 2857 2929 2858
f 2858 2929 2930
f 2858 2930 2859
f 2859 2930 2931
f 2859 2931 2860
f 2860 2931 2932
f 2860 2932 2861
f 2861 2932 2933
f 2861 2933 2862
f 2862 2933 2934
f 2862 2934 2863
f 2863 2934 2935
f 2863 2935 2864
f 2864 2935 2936
f 2864 2936 2865
f 2865 2936 2937
f 2865 2937 2866
f 2866 2937 2938
f 2866 2938 2867
f 2867 2938 2939
f 2867 2939 2868
f 2868 2939 2940
f 2868 2940 2869
f 2869 2940 2941
f 2869 2941 2870
f 2870 2941 2942
f 2870 2942 2871
f 2871 2942 2943
f 2871 2943 2872
f 2872 2943 2944
f 2872 2944 2873
f 2873 2944 2945
f 2873 2945 2874
f 2874 2945 2946
f 2874 2946 2875
f 2875 2946 2947
f 2875 2947 2876
f 2876 2947 2948
f 2876 2948 2877
f 2877 2948 2949
f 2877 2949 2878
f 2878 2949 2950
f 2878 2950 2879
f 2879 2950 2951
f 2879 2951 2880
f 2880 2951 2952
f 2880 2952 2809
f 2809 2952 2881
f 2881 2953 2882
f 2882 2953 2954
f 2882 2954 2883
f 2883 2954 2955
f 2883 2955 2884
f 2884 2955 2956
f 2884 2956 2885
f 2885 2956 2957
f 2885 2957 2886
f 2886 2957 2958
f 2886 2958 2887
f 2887 2958 2959
f 2887 2959 2888
f 2888 2959 2960
f 2888 2960 2889
f 2889 2960 2961
f 2889 2961 2890
f 2890 2961 2962
f 2890 2962 2891
f 2891 2962 2963
f 2891 2963 2892
f 2892 2963 2964
f 2892 2964 2893
f 2893 2964 2965
f 2893 2965 2894
f 2894 2965 2966
f 2894 2966 2895
f 2895 2966 2967
f 2895 2967 2896
f 2896 2967 2968
f 2896 2968 2897
f 2897 2968 2969
f 2897 2969 2898
f 2898 2969 2970
f 2898 2970 2899
f 2899 2970 2971
f 2899 2971 2900
f 2900 2971 2972
f 2900 2972 2901
f 2901 2972 2973
f 2901 2973 2902
f 2902 2973 2974
f 2902 2974 2903
f 2903 2974 2975
f 2903 2975 2904
f 2904 2975 2976
f 2904 2976 2905
f 2905 2976 2977
f 2905 2977 2906
f 2906 2977 2978
f 2906 2978 2907
f 2907 2978 2979
f 2907 2979 2908
f 2908 2979 2980
f 2908 2980 2909
f 2909 2980 2981
f 2909 2981 2910
f 2910 2981 2982
f 2910 2982 2911
f 2911 2982 2983
f 2911 2983 2912
f 2912 2983 2984
f 2912 2984 2913
f 2913 2984 2985
f 2913 2985 2914
f 2914 2985 2986
f 2914 2986 2915
f 2915 2986 2987
f 2915 2987 2916
f 2916 2987 2988
f 2916 2988 2917
f 2917 2988 2989
f 2917 2989 2918
f 2918 2989 2990
f 2918 2990 2919
f 2919 2990 2991
f 2919 2991 2920
f 2920 2991 2992
f 2920 2992 2921
f 2921 2992 2993
f 2921 2993 2922
f 2922 2993 2994
f 2922 2994 2923
f 2923 2994 2995
f 2923 2995 2924
f 2924 2995 2996
f 2924 2996 2925
f 2925 2996 2997
f 2925 2997 2926
f 2926 2997 2998
f 2926 2998 2927
f 2927 2998 2999
f 2927 2999 2928
f 2928 2999 3000
f 2928 3000 2929
f 2929 3000 3001
f 2929 3001 2930
f 2930 3001 3002
f 2930 3002 2931
f 2931 3002 3003
f 2931 3003 2932
f 2932 3003 3004
f 2932 3004 2933
f 2933 3004 3005
f 2933 3005 2934
f 2934 3005 3006
f 2934 3006 2935
f 2935 3006 3007
f 2935 3007 2936
f 2936 3007 3008
f 2936 3008 2937
f 2937 3008 3009
f 2937 3009 2938
f 2938 3009 3010
f 2938 3010 2939
f 2939 3010 3011
f 2939 3011 2940
f 2940 3011 3012
f 2940 3012 2941
f 2941 3012 3013
f 2941 3013 2942
f 2942 3013 3014
f 2942 3014 2943
f 2943 3014 3015
f 2943 3015 2944
f 2944 3015 3016
f 2944 3016 2945
f 2945 3016 3017
f 2945 3017 2946
f 2946 3017 3018
f 2946 3018 2947
f 2947 3018 3019
f 2947 3019 2948
f 2948 3019 3020
f 2948 3020 2949
f 2949 3020 3021
f 2949 3021 2950
f 2950 3021 3022
f 2950 3022 2951
f 2951 3022 3023
f 2951 3023 2952
f 2952 3023 3024
f 2952 3024 2881
f 2881 3024 2953
f 2953 3025 2954
f 2954 3025 3026
f 2954 3026 2955
f 2955 3026 3027
f 2955 3027 2956
f 2956 3027 3028
f 2956 3028 2957
f 2957 3028 3029
f 2957 3029 2958
f 2958 3029 3030
f 2958 3030 2959
f 2959 3030 3031
f 2959 3031 2960
f 2960 3031 3032
f 2960 3032 2961
f 2961 3032 3033
f 2961 3033 2962
f 2962 3033 3034
f 2962 3034 2963
f 2963 3034 3035
f 2963 3035 2964
f 2964 3035 3036
f 2964 3036 2965
f 2965 3036 3037
f 2965 3037 2966
f 2966 3037 3038
f 2966 3038 2967
f 2967 3038 3039
f 2967 3039 2968
f 2968 3039 3040
f 2968 3040 2969
f 2969 3040 3041
f 2969 3041 2970
f 2970 3041 3042
f 2970 3042 2971
f 2971 3042 3043
f 2971 3043 2972
f 2972 3043 3044
f 2972 3044 2973
f 2973 3044 3045
f 2973 3045 2974
f 2974 3045 3046
f 2974 3046 2975
f 2975 3046 3047
f 2975 3047 2976
f 2976 3047 3048
f 2976 3048 2977
f 2977 3048 3049
f 2977 3049 2978
f 2978 3049 3050
f 2978 3050 2979
f 2979 3050 3051
f 2979 3051 2980
f 2980 3051 3052
f 2980 3052 2981
f 2981 3052 3053
f 2981 3053 2982
f 2982 3053 3054
f 2982 3054 2983
f 2983 3054 3055
f 2983 3055 2984
f 2984 3055 3056
f 2984 3056 2985
f 2985 3056 3057
f 2985 3057 2986
f 2986 3057 3058
f 2986 3058 2987
f 2987 3058 3059
f 2987 3059 2988
f 2988 3059 3060
f 2988 3060 2989
f 2989 3060 3061
f 2989 3061 2990
f 2990 3061 3062
f 2990 3062 2991
f 2991 3062 3063
f 2991 3063 2992
f 2992 3063 3064
f 2992 3064 2993
f 2993 3064 3065
f 2993 3065 2994
f 2994 3065 3066
f 2994 3066 2995
f 2995 3066 3067
f 2995 3067 2996
f 2996 3067 3068
f 2996 3068 2997
f 2997 3068 3069
f 2997 3069 2998
f 2998 3069 3070
f 2998 3070 2999
f 2999 3070 3071
f 2999 3071 3000
f 3000 3071 3072
f 3000 3072 3001
f 3001 3072 3073
f 3001 3073 3002
f 3002 3073 3074
f 3002 3074 3003
f 3003 3074 3075
f 3003 3075 3004
f 3004 3075 3076
f 3004 3076 3005
f 3005 3076 3077
f 3005 3077 3006
f 3006 3077 3078
f 3006 3078 3007
f 3007 3078 3079
f 3007 3079 3008
f 3008 3079 3080
f 3008 3080 3009
f 3009 3080 3081
f 3009 3081 3010
f 3010 3081 3082
f 3010 3082 3011
f 3011 3082 3083
f 3011 3083 3012
f 3012 3083 3084
f 3012 3084 3013
f 3013 3084 3085
f 3013 3085 3014
f 3014 3085 3086
f 3014 3086 3015
f 3015 3086 3087
f 3015 3087 3016
f 3016 3087 3088
f 3016 3088 3017
f 3017 3088 3089
f 3017 3089 3018
f 3018 3089 3090
f 3018 3090 3019
f 3019 3090 3091
f 3019 3091 3020
f 3020 3091 3092
f 3020 3092 3021
f 3021 3092 3093
f 3021 3093 3022
f 3022 3093 3094
f 3022 3094 3023
f 3023 3094 3095
f 3023 3095 3024
f 3024 3095 3096
f 3024 3096 2953
f 2953 3096 3025
f 3025 3097 3026
f 3026 3097 3098
f 3026 3098 3027
f 3027 3098 3099
f 3027 3099 3028
f 3028 3099 3100
f 3028 3100 3029
f 3029 3100 3101
f 3029 3101 3030
f 3030 3101 3102
f 3030 3102 3031
f 3031 3102 3103
f 3031 3103 3032
f 3032 3103 3104
f 3032 3104 3033
f 3033 3104 3105
f 3033 3105 3034
f 3034 3105 3106
f 3034 3106 3035
f 3035 3106 3107
f 3035 3107 3036
f 3036 3107 3108
f 3036 3108 3037
f 3037 3108 3109
f 3037 3109 3038
f 3038 3109 3110
f 3038 3110 3039
f 3039 3110 3111
f 3039 3111 3040
f 3040 3111 3112
f 3040 3112 3041
f 3041 3112 3113
f 3041 3113 3042
f 3042 3113 3114
f 3042 3114 3043
f 3043 3114 3115
f 3043 3115 3044
f 3044 3115 3116
f 3044 3116 3045
f 3045 3116 3117
f 3045 3117 3046
f 3046 3117 3118
f 3046 3118 3047
f 3047 3118 3119
f 3047 3119 3048
f 3048 3119 3120
f 3048 3120 3049
f 3049 3120 3121
f 3049 3121 3050
f 3050 3121 3122
f 3050 3122 3051
f 3051 3122 3123
f 3051 3123 3052
f 3052 3123 3124
f 3052 3124 3053
f 3053 3124 3125
f 3053 3125 3054
f 3054 3125 3126
f 3054 3126 3055
f 3055 3126 3127
f 3055 3127 3056
f 3056 3127 3128
f 3056 3128 3057
f 3057 3128 3129
f 3057 3129 3058
f 3058 3129 3130
f 3058 3130 3059
f 3059 3130 3131
f 3059 3131 3060
f 3060 3131 3132
f 3060 3132 3061
f 3061 3132 3133
f 3061 3133 3062
f 3062 3133 3134
f 3062 3134 3063
f 3063 3134 3135
f 3063 3135 3064
f 3064 3135 3136
f 3064 3136 3065
f 3065 3136 3137
f 3065 3137 3066
f 3066 3137 3138
f 3066 3138 3067
f 3067 3138 3139
f 3067 3139 3068
f 3068 3139 3140
f 3068 3140 3069
f 3069 3140 3141
f 3069 3141 3070
f 3070 3141 3142
f 3070 3142 3071
f 3071 3142 3143
f 3071 3143 3072
f 3072 3143 3144
f 3072 3144 3073
f 3073 3144 3145
f 3073 3145 3074
f 3074 3145 3146
f 3074 3146 3075
f 3075 3146 3147
f 3075 3147 3076
f 3076 3147 3148
f 3076 3148 3077
f 3077 3148 3149
f 3077 3149 3078
f 3078 3149 3150
f 3078 3150 3079
f 3079 3150 3151
f 3079 3151 3080
f 3080 3151 3152
f 3080 3152 3081
f 3081 3152 3153
f 3081 3153 3082
f 3082 3153 3154
f 3082 3154 3083
f 3083 3154 3155
f 3083 3155 3084
f 3084 3155 3156
f 3084 3156 3085
f 3085 3156 3157
f 3085 3157 3086
f 3086 3157 3158
f 3086 3158 3087
f 3087 3158 3159
f 3087 3159 3088
f 3088 3159 3160
f 3088 3160 3089
f 3089 3160 3161
f 3089 3161 3090
f 3090 3161 3162
f 3090 3162 3091
f 3091 3162 3163
f 3091 3163 3092
f 3092 3163 3164
f 3092 3164 3093
f 3093 3164 3165
f 3093 3165 3094
f 3094 3165 3166
f 3094 3166 3095
f 3095 3166 3167
f 3095 3167 3096
f 3096 3167 3168
f 3096 3168 3025
f 3025 3168 3097
f 3097 3169 3098
f 3098 3169 3170
f 3098 3170 3099
f 3099 3170 3171
f 3099 3171 3100
f 3100 3171 3172
f 3100 3172 3101
f 3101 3172 3173
f 3101 3173 3102
f 3102 3173 3174
f 3102 3174 3103
f 3103 3174 3175
f 3103 3175 3104
f 3104 3175 3176
f 3104 3176 3105
f 3105 3176 3177
f 3105 3177 3106
f 3106 3177 3178
f 3106 3178 3107
f 3107 3178 3179
f 3107 3179 3108
f 3108 3179 3180
f 3108 3180 3109
f 3109 3180 3181
f 3109 3181 3110
f 3110 3181 3182
f 3110 3182 3111
f 3111 3182 3183
f 3111 3183 3112
f 3112 3183 3184
f 3112 3184 3113
f 3113 3184 3185
f 3113 3185 3114
f 3114 3185 3186
f 3114 3186 3115
f 3115 3186 3187
f 3115 3187 3116
f 3116 3187 3188
f 3116 3188 3117
f 3117 3188 3189
f 3117 3189 3118
f 3118 3189 3190
f 3118 3190 3119
f 3119 3190 3191
f 3119 3191 3120
f 3120 3191 3192
f 3120 3192 3121
f 3121 3192 3193
f 3121 3193 3122
f 3122 3193 3194
f 3122 3194 3123
f 3123 3194 3195
f 3123 3195 3124
f 3124 3195 3196
f 3124 3196 3125
f 3125 3196 3197
f 3125 3197 3126
f 3126 3197 3198
f 3126 3198 3127
f 3127 3198 3199
f 3127 3199 3128
f 3128 3199 3200
f 3128 3200 3129
f 3129 3200 3201
f 3129 3201 3130
f 3130 3201 3202
f 3130 3202 3131
f 3131 3202 3203
f 3131 3203 3132
f 3132 3203 3204
f 3132 3204 3133
f 3133 3204 3205
f 3133 3205 3134
f 3134 3205 3206
f 3134 3206 3135
f 3135 3206 3207
f 3135 3207 3136
f 3136 3207 3208
f 3136 3208 3137
f 3137 3208 3209
f 3137 3209 3138
f 3138 3209 3210
f 3138 3210 3139
f 3139 3210 3211
f 3139 3211 3140
f 3140 3211 3212
f 3140 3212 3141
f 3141 3212 3213
f 3141 3213 3142
f 3142 3213 3214
f 3142 3214 3143
f 3143 3214 3215
f 3143 3215 3144
f 3144 3215 3216
f 3144 3216 3145
f 3145 3216 3217
f 3145 3217 3146
f 3146 3217 3218
f 3146 3218 3147
f 3147 3218 3219
f 3147 3219 3148
f 3148 3219 3220
f 3148 3220 3149
f 3149 3220 3221
f 3149 3221 3150
f 3150 3221 3222
f 3150 3222 3151
f 3151 3222 3223
f 3151 3223 3152
f 3152 3223 3224
f 3152 3224 3153
f 3153 3224 3225
f 3153 3225 3154
f 3154 3225 3226
f 3154 3226 3155
f 3155 3226 3227
f 3155 3227 3156
f 3156 3227 3228
f 3156 3228 3157
f 3157 3228 3229
f 3157 3229 3158
f 3158 3229 3230
f 3158 3230 3159
f 3159 3230 3231
f 3159 3231 3160
f 3160 3231 3232
f 3160 3232 3161
f 3161 3232 3233
f 3161 3233 3162
f 3162 3233 3234
f 3162 3234 3163
f 3163 3234 3235
f 3163 3235 3164
f 3164 3235 3236
f 3164 3236 3165
f 3165 3236 3237
f 3165 3237 3166
f 3166 3237 3238
f 3166 3238 3167
f 3167 3238 3239
f 3167 3239 3168
f 3168 3239 3240
f 3168 3240 3097
f 3097 3240 3169
f 3169 3241 3170
f 3170 3241 3242
f 3170 3242 3171
f 3171 3242 3243
f 3171 3243 3172
f 3172 3243 3244
f 3172 3244 3173
f 3173 3244 3245
f 3173 3245 3174
f 3174 3245 3246
f 3174 3246 3175
f 3175 3246 3247
f 3175 3247 3176
f 3176 3247 3248
f 3176 3248 3177
f 3177 3248 3249
f 3177 3249 3178
f 3178 3249 3250
f 3178 3250 3179
f 3179 3250 3251
f 3179 3251 3180
f 3180 3251 3252
f 3180 3252 3181
f 3181 3252 3253
f 3181 3253 3182
f 3182 3253 3254
f 3182 3254 3183
f 3183 3254 3255
f 3183 3255 3184
f 3184 3255 3256
f 3184 3256 3185
f 3185 3256 3257
f 3185 3257 3186
f 3186 3257 3258
f 3186 3258 3187
f 3187 3258 3259
f 3187 3259 3188
f 3188 3259 3260
f 3188 3260 3189
f 3189 3260 3261
f 3189 3261 3190
f 3190 3261 3262
f 3190 3262 3191
f 3191 3262 3263
f 3191 3263 3192
f 3192 3263 3264
f 3192 3264 3193
f 3193 3264 3265
f 3193 3265 3194
f 3194 3265 3266
f 3194 3266 3195
f 3195 3266 3267
f 3195 3267 3196
f 3196 3267 3268
f 3196 3268 3197
f 3197 3268 3269
f 3197 3269 3198
f 3198 3269 3270
f 3198 3270 3199
f 3199 3270 3271
f 3199 3271 3200
f 3200 3271 3272
f 3200 3272 3201
f 3201 3272 3273
f 3201 3273 3202
f 3202 3273 3274
f 3202 3274 3203
f 3203 3274 3275
f 3203 3275 3204
f 3204 3275 3276
f 3204 3276 3205
f 3205 3276 3277
f 3205 3277 3206
f 3206 3277 3278
f 3206 3278 3207
f 3207 3278 3279
f 3207 3279 3208
f 3208 3279 3280
f 3208 3280 3209
f 3209 3280 3281
f 3209 3281 3210
f 3210 3281 3282
f 3210 3282 3211
f 3211 3282 3283
f 3211 3283 3212
f 3212 3283 3284
f 3212 3284 3213
f 3213 3284 3285
f 3213 3285 3214
f 3214 3285 3286
f 3214 3286 3215
f 3215 3286 3287
f 3215 3287 3216
f 3216 3287 3288
f 3216 3288 3217
f 3217 3288 3289
f 3217 3289 3218
f 3218 3289 3290
f 3218 3290 3219
f 3219 3290 3291
f 3219 3291 3220
f 3220 3291 3292
f 3220 3292 3221
f 3221 3292 3293
f 3221 3293 3222
f 3222 3293 3294
f 3222 3294 3223
f 3223 3294 3295
f 3223 3295 3224
f 3224 3295 3296
f 3224 3296 3225
f 3225 3296 3297
f 3225 3297 3226
f 3226 3297 3298
f 3226 3298 3227
f 3227 3298 3299
f 3227 3299 3228
f 3228 3299 3300
f 3228 3300 3229
f 3229 3300 3301
f 3229 3301 3230
f 3230 3301 3302
f 3230 3302 3231
f 3231 3302 3303
f 3231 3303 3232
f 3232 3303 3304
f 3232 3304 3233
f 3233 3304 3305
f 3233 3305 3234
f 3234 3305 3306
f 3234 3306 3235
f 3235 3306 3307
f 3235 3307 3236
f 3236 3307 3308
f 3236 3308 3237
f 3237 3308 3309
f 3237 3309 3238
f 3238 3309 3310
f 3238 3310 3239
f 3239 3310 3311
f 3239 3311 3240
f 3240 3311 3312
f 3240 3312 3169
f 3169 3312 3241
f 3241 3313 3242
f 3242 3313 3314
f 3242 3314 3243
f 3243 3314 3315
f 3243 3315 3244
f 3244 3315 3316
f 3244 3316 3245
f 3245 3316 3317
f 3245 3317 3246
f 3246 3317 3318
f 3246 3318 3247
f 3247 3318 3319
f 3247 3319 3248
f 3248 3319 3320
f 3248 3320 3249
f 3249 3320 3321
f 3249 3321 3250
f 3250 3321 3322
f 3250 3322 3251
f 3251 3322 3323
f 3251 3323 3252
f 3252 3323 3324
f 3252 3324 3253
f 3253 3324 3325
f 3253 3325 3254
f 3254 3325 3326
f 3254 3326 3255
f 3255 3326 3327
f 3255 3327 3256
f 3256 3327 3328
f 3256 3328 3257
f 3257 3328 3329
f 3257 3329 3258
f 3258 3329 3330
f 3258 3330 3259
f 3259 3330 3331
f 3259 3331 3260
f 3260 3331 3332
f 3260 3332 3261
f 3261 3332 3333
f 3261 3333 3262
f 3262 3333 3334
f 3262 3334 3263
f 3263 3334 3335
f 3263 3335 3264
f 3264 3335 3336
f 3264 3336 3265
f 3265 3336 3337
f 3265 3337 3266
f 3266 3337 3338
f 3266 3338 3267
f 3267 3338 3339
f 3267 3339 3268
f 3268 3339 3340
f 3268 3340 3269
f 3269 3340 3341
f 3269 3341 3270
f 3270 3341 3342
f 3270 3342 3271
f 3271 3342 3343
f 3271 3343 3272
f 3272 3343 3344
f 3272 3344 3273
f 3273 3344 3345
f 3273 3345 3274
f 3274 3345 3346
f 3274 3346 3275
f 3275 3346 3347
f 3275 3347 3276
f 3276 3347 3348
f 3276 3348 3277
f 3277 3348 3349
f 3277 3349 3278
f 3278 3349 3350
f 3278 3350 3279
f 3279 3350 3351
f 3279 3351 3280
f 3280 3351 3352
f 3280 3352 3281
f 3281 3352 3353
f 3281 3353 3282
f 3282 3353 3354
f 3282 3354 3283
f 3283 3354 3355
f 3283 3355 3284
f 3284 3355 3356
f 3284 3356 3285
f 3285 3356 3357
f 3285 3357 3286
f 3286 3357 3358
f 3286 3358 3287
f 3287 3358 3359
f 3287 3359 3288
f 3288 3359 3360
f 3288 3360 3289
f 3289 3360 3361
f 3289 3361 3290
f 3290 3361 3362
f 3290 3362 3291
f 3291 3362 3363
f 3291 3363 3292
f 3292 3363 3364
f 3292 3364 3293
f 3293 3364 3365
f 3293 3365 3294
f 3294 3365 3366
f 3294 3366 3295
f 3295 3366 3367
f 3295 3367 3296
f 3296 3367 3368
f 3296 3368 3297
f 3297 3368 3369
f 3297 3369 3298
f 3298 3369 3370
f 3298 3370 3299
f 3299 3370 3371
f 3299 3371 3300
f 3300 3371 3372
f 3300 3372 3301
f 3301 3372 3373
f 3301 3373 3302
f 3302 3373 3374
f 3302 3374 3303
f 3303 3374 3375
f 3303 3375 3304
f 3304 3375 3376
f 3304 3376 3305
f 3305 3376 3377
f 3305 3377 3306
f 3306 3377 3378
f 3306 3378 3307
f 3307 3378 3379
f 3307 3379 3308
f 3308 3379 3380
f 3308 3380 3309
f 3309 3380 3381
f 3309 3381 3310
f 3310 3381 3382
f 3310 3382 3311
f 3311 3382 3383
f 3311 3383 3312
f 3312 3383 3384
f 3312 3384 3241
f 3241 3384 3313
f 3313 3385 3314
f 3314 3385 3386
f 3314 3386 3315
f 3315 3386 3387
f 3315 3387 3316
f 3316 3387 3388
f 3316 3388 3317
f 3317 3388 3389
f 3317 3389 3318
f 3318 3389 3390
f 3318 3390 3319
f 3319 3390 3391
f 3319 3391 3320
f 3320 3391 3392
f 3320 3392 3321
f 3321 3392 3393
f 3321 3393 3322
f 3322 3393 3394
f 3322 3394 3323
f 3323 3394 3395
f 3323 3395 3324
f 3324 3395 3396
f 3324 3396 3325
f 3325 3396 3397
f 3325 3397 3326
f 3326 3397 3398
f 3326 3398 3327
f 3327 3398 3399
f 3327 3399 3328
f 3328 3399 3400
f 3328 3400 3329
f 3329 3400 3401
f 3329 3401 3330
f 3330 3401 3402
f 3330 3402 3331
f 3331 3402 3403
f 3331 3403 3332
f 3332 3403 3404
f 3332 3404 3333
f 3333 3404 3405
f 3333 3405 3334
f 3334 3405 3406
f 3334 3406 3335
f 3335 3406 3407
f 3335 3407 3336
f 3336 3407 3408
f 3336 3408 3337
f 3337 3408 3409
f 3337 3409 3338
f 3338 3409 3410
f 3338 3410 3339
f 3339 3410 3411
f 3339 3411 3340
f 3340 3411 3412
f 3340 3412 3341
f 3341 3412 3413
f 3341 3413 3342
f 3342 3413 3414
f 3342 3414 3343
f 3343 3414 3415
f 3343 3415 3344
f 3344 3415 3416
f 3344 3416 3345
f 3345 3416 3417
f 3345 3417 3346
f 3346 3417 3418
f 3346 3418 3347
f 3347 3418 3419
f 3347 3419 3348
f 3348 3419 3420
f 3348 3420 3349
f 3349 3420 3421
f 3349 3421 3350
f 3350 3421 3422
f 3350 3422 3351
f 3351 3422 3423
f 3351 3423 3352
f 3352 3423 3424
f 3352 3424 3353
f 3353 3424 3425
f 3353 3425 3354
f 3354 3425 3426
f 3354 3426 3355
f 3355 3426 3427
f 3355 3427 3356
f 3356 3427 3428
f 3356 3428 3357
f 3357 3428 3429
f 3357 3429 3358
f 3358 3429 3430
f 3358 3430 3359
f 3359 3430 3431
f 3359 3431 3360
f 3360 3431 3432
f 3360 3432 3361
f 3361 3432 3433
f 3361 3433 3362
f 3362 3433 3434
f 3362 3434 3363
f 3363 3434 3435
f 3363 3435 3364
f 3364 3435 3436
f 3364 3436 3365
f 3365 3436 3437
f 3365 3437 3366
f 3366 3437 3438
f 3366 3438 3367
f 3367 3438 3439
f 3367 3439 3368
f 3368 3439 3440
f 3368 3440 3369
f 3369 3440 3441
f 3369 3441 3370
f 3370 3441 3442
f 3370 3442 3371
f 3371 3442 3443
f 3371 3443 3372
f 3372 3443 3444
f 3372 3444 3373
f 3373 3444 3445
f 3373 3445 3374
f 3374 3445 3446
f 3374 3446 3375
f 3375 3446 3447
f 3375 3447 3376
f 3376 3447 3448
f 3376 3448 3377
f 3377 3448 3449
f 3377 3449 3378
f 3378 3449 3450
f 3378 3450 3379
f 3379 3450 3451
f 3379 3451 3380
f 3380 3451 3452
f 3380 3452 3381
f 3381 3452 3453
f 3381 3453 3382
f 3382 3453 3454
f 3382 3454 3383
f 3383 3454 3455
f 3383 3455 3384
f 3384 3455 3456
f 3384 3456 3313
f 3313 3456 3385
f 3385 3457 3386
f 3386 3457 3458
f 3386 3458 3387
f 3387 3458 3459
f 3387 3459 3388
f 3388 3459 3460
f 3388 3460 3389
f 3389 3460 3461
f 3389 3461 3390
f 3390 3461 3462
f 3390 3462 3391
f 3391 3462 3463
f 3391 3463 3392
f 3392 3463 3464
f 3392 3464 3393
f 3393 3464 3465
f 3393 3465 3394
f 3394 3465 3466
f 3394 3466 3395
f 3395 3466 3467
f 3395 3467 3396
f 3396 3467 3468
f 3396 3468 3397
f 3397 3468 3469
f 3397 3469 3398
f 3398 3469 3470
f 3398 3470 3399
f 3399 3470 3471
f 3399 3471 3400
f 3400 3471 3472
f 3400 3472 3401
f 3401 3472 3473
f 3401 3473 3402
f 3402 3473 3474
f 3402 3474 3403
f 3403 3474 3475
f 3403 3475 3404
f 3404 3475 3476
f 3404 3476 3405
f 3405 3476 3477
f 3405 3477 3406
f 3406 3477 3478
f 3406 3478 3407
f 3407 3478 3479
f 3407 3479 3408
f 3408 3479 3480
f 3408 3480 3409
f 3409 3480 3481
f 3409 3481 3410
f 3410 3481 3482
f 3410 3482 3411
f 3411 3482 3483
f 3411 3483 3412
f 3412 3483 3484
f 3412 3484 3413
f 3413 3484 3485
f 3413 3485 3414
f 3414 3485 3486
f 3414 3486 3415
f 3415 3486 3487
f 3415 3487 3416
f 3416 3487 3488
f 3416 3488 3417
f 3417 3488 3489
f 3417 3489 3418
f 3418 3489 3490
f 3418 3490 3419
f 3419 3490 3491
f 3419 3491 3420
f 3420 3491 3492
f 3420 3492 3421
f 3421 3492 3493
f 3421 3493 3422
f 3422 3493 3494
f 3422 3494 3423
f 3423 3494 3495
f 3423 3495 3424
f 3424 3495 3496
f 3424 3496 3425
f 3425 3496 3497
f 3425 3497 3426
f 3426 3497 3498
f 3426 3498 3427
f 3427 3498 3499
f 3427 3499 3428
f 3428 3499 3500
f 3428 3500 3429
f 3429 3500 3501
f 3429 3501 3430
f 3430 3501 3502
f 3430 3502 3431
f 3431 3502 3503
f 3431 3503 3432
f 3432 3503 3504
f 3432 3504 3433
f 3433 3504 3505
f 3433 3505 3434
f 3434 3505 3506
f 3434 3506 3435
f 3435 3506 3507
f 3435 3507 3436
f 3436 3507 3508
f 3436 3508 3437
f 3437 3508 3509
f 3437 3509 3438
f 3438 3509 3510
f 3438 3510 3439
f 3439 3510 3511
f 3439 3511 3440
f 3440 3511 3512
f 3440 3512 3441
f 3441 3512 3513
f 3441 3513 3442
f 3442 3513 3514
f 3442 3514 3443
f 3443 3514 3515
f 3443 3515 3444
f 3444 3515 3516
f 3444 3516 3445
f 3445 3516 3517
f 3445 3517 3446
f 3446 3517 3518
f 3446 3518 3447
f 3447 3518 3519
f 3447 3519 3448
f 3448 3519 3520
f 3448 3520 3449
f 3449 3520 3521
f 3449 3521 3450
f 3450 3521 3522
f 3450 3522 3451
f 3451 3522 3523
f 3451 3523 3452
f 3452 3523 3524
f 3452 3524 3453
f 3453 3524 3525
f 3453 3525 3454
f 3454 3525 3526
f 3454 3526 3455
f 3455 3526 3527
f 3455 3527 3456
f 3456 3527 3528
f 3456 3528 3385
f 3385 3528 3457
f 3457 3529 3458
f 3458 3529 3530
f 3458 3530 3459
f 3459 3530 3531
f 3459 3531 3460
f 3460 3531 3532
f 3460 3532 3461
f 3461 3532 3533
f 3461 3533 3462
f 3462 3533 3534
f 3462 3534 3463
f 3463 3534 3535
f 3463 3535 3464
f 3464 3535 3536
f 3464 3536 3465
f 3465 3536 3537
f 3465 3537 3466
f 3466 3537 3538
f 3466 3538 3467
f 3467 3538 3539
f 3467 3539 3468
f 3468 3539 3540
f 3468 3540 3469
f 3469 3540 3541
f 3469 3541 3470
f 3470 3541 3542
f 3470 3542 3471
f 3471 3542 3543
f 3471 3543 3472
f 3472 3543 3544
f 3472 3544 3473
f 3473 3544 3545
f 3473 3545 3474
f 3474 3545 3546
f 3474 3546 3475
f 3475 3546 3547
f 3475 3547 3476
f 3476 3547 3548
f 3476 3548 3477
f 3477 3548 3549
f 3477 3549 3478
f 3478 3549 3550
f 3478 3550 3479
f 3479 3550 3551
f 3479 3551 3480
f 3480 3551 3552
f 3480 3552 3481
f 3481 3552 3553
f 3481 3553 3482
f 3482 3553 3554
f 3482 3554 3483
f 3483 3554 3555
f 3483 3555 3484
f 3484 3555 3556
f 3484 3556 3485
f 3485 3556 3557
f 3485 3557 3486
f 3486 3557 3558
f 3486 3558 3487
f 3487 3558 3559
f 3487 3559 3488
f 3488 3559 3560
f 3488 3560 3489
f 3489 3560 3561
f 3489 3561 3490
f 3490 3561 3562
f 3490 3562 3491
f 3491 3562 3563
f 3491 3563 3492
f 3492 3563 3564
f 3492 3564 3493
f 3493 3564 3565
f 3493 3565 3494
f 3494 3565 3566
f 3494 3566 3495
f 3495 3566 3567
f 3495 3567 3496
f 3496 3567 3568
f 3496 3568 3497
f 3497 3568 3569
f 3497 3569 3498
f 3498 3569 3570
f 3498 3570 3499
f 3499 3570 3571
f 3499 3571 3500
f 3500 3571 3572
f 3500 3572 3501
f 3501 3572 3573
f 3501 3573 3502
f 3502 3573 3574
f 3502 3574 3503
f 3503 3574 3575
f 3503 3575 3504
f 3504 3575 3576
f 3504 3576 3505
f 3505 3576 3577
f 3505 3577 3506
f 3506 3577 3578
f 3506 3578 3507
f 3507 3578 3579
f 3507 3579 3508
f 3508 3579 3580
f 3508 3580 3509
f 3509 3580 3581
f 3509 3581 3510
f 3510 3581 3582
f 3510 3582 3511
f 3511 3582 3583
f 3511 3583 3512
f 3512 3583 3584
f 3512 3584 3513
f 3513 3584 3585
f 3513 3585 3514
f 3514 3585 3586
f 3514 3586 3515
f 3515 3586 3587
f 3515 3587 3516
f 3516 3587 3588
f 3516 3588 3517
f 3517 3588 3589
f 3517 3589 3518
f 3518 3589 3590
f 3518 3590 3519
f 3519 3590 3591
f 3519 3591 3520
f 3520 3591 3592
f 3520 3592 3521
f 3521 3592 3593
f 3521 3593 3522
f 3522 3593 3594
f 3522 3594 3523
f 3523 3594 3595
f 3523 3595 3524
f 3524 3595 3596
f 3524 3596 3525
f 3525 3596 3597
f 3525 3597 3526
f 3526 3597 3598
f 3526 3598 3527
f 3527 3598 3599
f 3527 3599 3528
f 3528 3599 3600
f 3528 3600 3457
f 3457 3600 3529
f 3529 3601 3530
f 3530 3601 3602
f 3530 3602 3531
f 3531 3602 3603
f 3531 3603 3532
f 3532 3603 3604
f 3532 3604 3533
f 3533 3604 3605
f 3533 3605 3534
f 3534 3605 3606
f 3534 3606 3535
f 3535 3606 3607
f 3535 3607 3536
f 3536 3607 3608
f 3536 3608 3537
f 3537 3608 3609
f 3537 3609 3538
f 3538 3609 3610
f 3538 3610 3539
f 3539 3610 3611
f 3539 3611 3540
f 3540 3611 3612
f 3540 3612 3541
f 3541 3612 3613
f 3541 3613 3542
f 3542 3613 3614
f 3542 3614 3543
f 3543 3614 3615
f 3543 3615 3544
f 3544 3615 3616
f 3544 3616 3545
f 3545 3616 3617
f 3545 3617 3546
f 3546 3617 3618
f 3546 3618 3547
f 3547 3618 3619
f 3547 3619 3548
f 3548 3619 3620
f 3548 3620 3549
f 3549 3620 3621
f 3549 3621 3550
f 3550 3621 3622
f 3550 3622 3551
f 3551 3622 3623
f 3551 3623 3552
f 3552 3623 3624
f 3552 3624 3553
f 3553 3624 3625
f 3553 3625 3554
f 3554 3625 3626
f 3554 3626 3555
f 3555 3626 3627
f 3555 3627 3556
f 3556 3627 3628
f 3556 3628 3557
f 3557 3628 3629
f 3557 3629 3558
f 3558 3629 3630
f 3558 3630 3559
f 3559 3630 3631
f 3559 3631 3560
f 3560 3631 3632
f 3560 3632 3561
f 3561 3632 3633
f 3561 3633 3562
f 3562 3633 3634
f 3562 3634 3563
f 3563 3634 3635
f 3563 3635 3564
f 3564 3635 3636
f 3564 3636 3565
f 3565 3636 3637
f 3565 3637 3566
f 3566 3637 3638
f 3566 3638 3567
f 3567 3638 3639
f 3567 3639 3568
f 3568 3639 3640
f 3568 3640 3569
f 3569 3640 3641
f 3569 3641 3570
f 3570 3641 3642
f 3570 3642 3571
f 3571 3642 3643
f 3571 3643 3572
f 3572 3643 3644
f 3572 3644 3573
f 3573 3644 3645
f 3573 3645 3574
f 3574 3645 3646
f 3574 3646 3575
f 3575 3646 3647
f 3575 3647 3576
f 3576 3647 3648
f 3576 3648 3577
f 3577 3648 3649
f 3577 3649 3578
f 3578 3649 3650
f 3578 3650 3579
f 3579 3650 3651
f 3579 3651 3580
f 3580 3651 3652
f 3580 3652 3581
f 3581 3652 3653
f 3581 3653 3582
f 3582 3653 3654
f 3582 3654 3583
f 3583 3654 3655
f 3583 3655 3584
f 3584 3655 3656
f 3584 3656 3585
f 3585 3656 3657
f 3585 3657 3586
f 3586 3657 3658
f 3586 3658 3587
f 3587 3658 3659
f 3587 3659 3588
f 3588 3659 3660
f 3588 3660 3589
f 3589 3660 3661
f 3589 3661 3590
f 3590 3661 3662
f 3590 3662 3591
f 3591 3662 3663
f 3591 3663 3592
f 3592 3663 3664
f 3592 3664 3593
f 3593 3664 3665
f 3593 3665 3594
f 3594 3665 3666
f 3594 3666 3595
f 3595 3666 3667
f 3595 3667 3596
f 3596 3667 3668
f 3596 3668 3597
f 3597 3668 3669
f 3597 3669 3598
f 3598 3669 3670
f 3598 3670 3599
f 3599 3670 3671
f 3599 3671 3600
f 3600 3671 3672
f 3600 3672 3529
f 3529 3672 3601
f 3601 3673 3602
f 3602 3673 3674
f 3602 3674 3603
f 3603 3674 3675
f 3603 3675 3604
f 3604 3675 3676
f 3604 3676 3605
f 3605 3676 3677
f 3605 3677 3606
f 3606 3677 3678
f 3606 3678 3607
f 3607 3678 3679
f 3607 3679 3608
f 3608 3679 3680
f 3608 3680 3609
f 3609 3680 3681
f 3609 3681 3610
f 3610 3681 3682
f 3610 3682 3611
f 3611 3682 3683
f 3611 3683 3612
f 3612 3683 3684
f 3612 3684 3613
f 3613 3684 3685
f 3613 3685 3614
f 3614 3685 3686
f 3614 3686 3615
f 3615 3686 3687
f 3615 3687 3616
f 3616 3687 3688
f 3616 3688 3617
f 3617 3688 3689
f 3617 3689 3618
f 3618 3689 3690
f 3618 3690 3619
f 3619 3690 3691
f 3619 3691 3620
f 3620 3691 3692
f 3620 3692 3621
f 3621 3692 3693
f 3621 3693 3622
f 3622 3693 3694
f 3622 3694 3623
f 3623 3694 3695
f 3623 3695 3624
f 3624 3695 3696
f 3624 3696 3625
f 3625 3696 3697
f 3625 3697 3626
f 3626 3697 3698
f 3626 3698 3627
f 3627 3698 3699
f 3627 3699 3628
f 3628 3699 3700
f 3628 3700 3629
f 3629 3700 3701
f 3629 3701 3630
f 3630 3701 3702
f 3630 3702 3631
f 3631 3702 3703
f 3631 3703 3632
f 3632 3703 3704
f 3632 3704 3633
f 3633 3704 3705
f 3633 3705 3634
f 3634 3705 3706
f 3634 3706 3635
f 3635 3706 3707
f 3635 3707 3636
f 3636 3707 3708
f 3636 3708 3637
f 3637 3708 3709
f 3637 3709 3638
f 3638 3709 3710
f 3638 3710 3639
f 3639 3710 3711
f 3639 3711 3640
f 3640 3711 3712
f 3640 3712 3641
f 3641 3712 3713
f 3641 3713 3642
f 3642 3713 3714
f 3642 3714 3643
f 3643 3714 3715
f 3643 3715 3644
f 3644 3715 3716
f 3644 3716 3645
f 3645 3716 3717
f 3645 3717 3646
f 3646 3717 3718
f 3646 3718 3647
f 3647 3718 3719
f 3647 3719 3648
f 3648 3719 3720
f 3648 3720 3649
f 3649 3720 3721
f 3649 3721 3650
f 3650 3721 3722
f 3650 3722 3651
f 3651 3722 3723
f 3651 3723 3652
f 3652 3723 3724
f 3652 3724 3653
f 3653 3724 3725
f 3653 3725 3654
f 3654 3725 3726
f 3654 3726 3655
f 3655 3726 3727
f 3655 3727 3656
f 3656 3727 3728
f 3656 3728 3657
f 3657 3728 3729
f 3657 3729 3658
f 3658 3729 3730
f 3658 3730 3659
f 3659 3730 3731
f 3659 3731 3660
f 3660 3731 3732
f 3660 3732 3661
f 3661 3732 3733
f 3661 3733 3662
f 3662 3733 3734
f 3662 3734 3663
f 3663 3734 3735
f 3663 3735 3664
f 3664 3735 3736
f 3664 3736 3665
f 3665 3736 3737
f 3665 3737 3666
f 3666 3737 3738
f 3666 3738 3667
f 3667 3738 3739
f 3667 3739 3668
f 3668 3739 3740
f 3668 3740 3669
f 3669 3740 3741
f 3669 3741 3670
f 3670 3741 3742
f 3670 3742 3671
f 3671 3742 3743
f 3671 3743 3672
f 3672 3743 3744
f 3672 3744 3601
f 3601 3744 3673
f 3673 3745 3674
f 3674 3745 3746
f 3674 3746 3675
f 3675 3746 3747
f 3675 3747 3676
f 3676 3747 3748
f 3676 3748 3677
f 3677 3748 3749
f 3677 3749 3678
f 3678 3749 3750
f 3678 3750 3679
f 3679 3750 3751
f 3679 3751 3680
f 3680 3751 3752
f 3680 3752 3681
f 3681 3752 3753
f 3681 3753 3682
f 3682 3753 3754
f 3682 3754 3683
f 3683 3754 3755
f 3683 3755 3684
f 3684 3755 3756
f 3684 3756 3685
f 3685 3756 3757
f 3685 3757 3686
f 3686 3757 3758
f 3686 3758 3687
f 3687 3758 3759
f 3687 3759 3688
f 3688 3759 3760
f 3688 3760 3689
f 3689 3760 3761
f 3689 3761 3690
f 3690 3761 3762
f 3690 3762 3691
f 3691 3762 3763
f 3691 3763 3692
f 3692 3763 3764
f 3692 3764 3693
f 3693 3764 3765
f 3693 3765 3694
f 3694 3765 3766
f 3694 3766 3695
f 3695 3766 3767
f 3695 3767 3696
f 3696 3767 3768
f 3696 3768 3697
f 3697 3768 3769
f 3697 3769 3698
f 3698 3769 3770
f 3698 3770 3699
f 3699 3770 3771
f 3699 3771 3700
f 3700 3771 3772
f 3700 3772 3701
f 3701 3772 3773
f 3701 3773 3702
f 3702 3773 3774
f 3702 3774 3703
f 3703 3774 3775
f 3703 3775 3704
f 3704 3775 3776
f 3704 3776 3705
f 3705 3776 3777
f 3705 3777 3706
f 3706 3777 3778
f 3706 3778 3707
f 3707 3778 3779
f 3707 3779 3708
f 3708 3779 3780
f 3708 3780 3709
f 3709 3780 3781
f 3709 3781 3710
f 3710 3781 3782
f 3710 3782 3711
f 3711 3782 3783
f 3711 3783 3712
f 3712 3783 3784
f 3712 3784 3713
f 3713 3784 3785
f 3713 3785 3714
f 3714 3785 3786
f 3714 3786 3715
f 3715 3786 3787
f 3715 3787 3716
f 3716 3787 3788
f 3716 3788 3717
f 3717 3788 3789
f 3717 3789 3718
f 3718 3789 3790
f 3718 3790 3719
f 3719 3790 3791
f 3719 3791 3720
f 3720 3791 3792
f 3720 3792 3721
f 3721 3792 3793
f 3721 3793 3722
f 3722 3793 3794
f 3722 3794 3723
f 3723 3794 3795
f 3723 3795 3724
f 3724 3795 3796
f 3724 3796 3725
f 3725 3796 3797
f 3725 3797 3726
f 3726 3797 3798
f 3726 3798 3727
f 3727 3798 3799
f 3727 3799 3728
f 3728 3799 3800
f 3728 3800 3729
f 3729 3800 3801
f 3729 3801 3730
f 3730 3801 3802
f 3730 3802 3731
f 3731 3802 3803
f 3731 3803 3732
f 3732 3803 3804
f 3732 3804 3733
f 3733 3804 3805
f 3733 3805 3734
f 3734 3805 3806
f 3734 3806 3735
f 3735 3806 3807
f 3735 3807 3736
f 3736 3807 3808
f 3736 3808 3737
f 3737 3808 3809
f 3737 3809 3738
f 3738 3809 3810
f 3738 3810 3739
f 3739 3810 3811
f 3739 3811 3740
f 3740 3811 3812
f 3740 3812 3741
f 3741 3812 3813
f 3741 3813 3742
f 3742 3813 3814
f 3742 3814 3743
f 3743 3814 3815
f 3743 3815 3744
f 3744 3815 3816
f 3744 3816 3673
f 3673 3816 3745
f 3745 3817 3746
f 3746 3817 3818
f 3746 3818 3747
f 3747 3818 3819
f 3747 3819 3748
f 3748 3819 3820
f 3748 3820 3749
f 3749 3820 3821
f 3749 3821 3750
f 3750 3821 3822
f 3750 3822 3751
f 3751 3822 3823
f 3751 3823 3752
f 3752 3823 3824
f 3752 3824 3753
f 3753 3824 3825
f 3753 3825 3754
f 3754 3825 3826
f 3754 3826 3755
f 3755 3826 3827
f 3755 3827 3756
f 3756 3827 3828
f 3756 3828 3757
f 3757 3828 3829
f 3757 3829 3758
f 3758 3829 3830
f 3758 3830 3759
f 3759 3830 3831
f 3759 3831 3760
f 3760 3831 3832
f 3760 3832 3761
f 3761 3832 3833
f 3761 3833 3762
f 3762 3833 3834
f 3762 3834 3763
f 3763 3834 3835
f 3763 3835 3764
f 3764 3835 3836
f 3764 3836 3765
f 3765 3836 3837
f 3765 3837 3766
f 3766 3837 3838
f 3766 3838 3767
f 3767 3838 3839
f 3767 3839 3768
f 3768 3839 3840
f 3768 3840 3769
f 3769 3840 3841
f 3769 3841 3770
f 3770 3841 3842
f 3770 3842 3771
f 3771 3842 3843
f 3771 3843 3772
f 3772 3843 3844
f 3772 3844 3773
f 3773 3844 3845
f 3773 3845 3774
f 3774 3845 3846
f 3774 3846 3775
f 3775 3846 3847
f 3775 3847 3776
f 3776 3847 3848
f 3776 3848 3777
f 3777 3848 3849
f 3777 3849 3778
f 3778 3849 3850
f 3778 3850 3779
f 3779 3850 3851
f 3779 3851 3780
f 3780 3851 3852
f 3780 3852 3781
f 3781 3852 3853
f 3781 3853 3782
f 3782 3853 3854
f 3782 3854 3783
f 3783 3854 3855
f 3783 3855 3784
f 3784 3855 3856
f 3784 3856 3785
f 3785 3856 3857
f 3785 3857 3786
f 3786 3857 3858
f 3786 3858 3787
f 3787 3858 3859
f 3787 3859 3788
f 3788 3859 3860
f 3788 3860 3789
f 3789 3860 3861
f 3789 3861 3790
f 3790 3861 3862
f 3790 3862 3791
f 3791 3862 3863
f 3791 3863 3792
f 3792 3863 3864
f 3792 3864 3793
f 3793 3864 3865
f 3793 3865 3794
f 3794 3865 3866
f 3794 3866 3795
f 3795 3866 3867
f 3795 3867 3796
f 3796 3867 3868
f 3796 3868 3797
f 3797 3868 3869
f 3797 3869 3798
f 3798 3869 3870
f 3798 3870 3799
f 3799 3870 3871
f 3799 3871 3800
f 3800 3871 3872
f 3800 3872 3801
f 3801 3872 3873
f 3801 3873 3802
f 3802 3873 3874
f 3802 3874 3803
f 3803 3874 3875
f 3803 3875 3804
f 3804 3875 3876
f 3804 3876 3805
f 3805 3876 3877
f 3805 3877 3806
f 3806 3877 3878
f 3806 3878 3807
f 3807 3878 3879
f 3807 3879 3808
f 3808 3879 3880
f 3808 3880 3809
f 3809 3880 3881
f 3809 3881 3810
f 3810 3881 3882
f 3810 3882 3811
f 3811 3882 3883
f 3811 3883 3812
f 3812 3883 3884
f 3812 3884 3813
f 3813 3884 3885
f 3813 3885 3814
f 3814 3885 3886
f 3814 3886 3815
f 3815 3886 3887
f 3815 3887 3816
f 3816 3887 3888
f 3816 3888 3745
f 3745 3888 3817
f 3817 3889 3818
f 3818 3889 3890
f 3818 3890 3819
f 3819 3890 3891
f 3819 3891 3820
f 3820 3891 3892
f 3820 3892 3821
f 3821 3892 3893
f 3821 3893 3822
f 3822 3893 3894
f 3822 3894 3823
f 3823 3894 3895
f 3823 3895 3824
f 3824 3895 3896
f 3824 3896 3825
f 3825 3896 3897
f 3825 3897 3826
f 3826 3897 3898
f 3826 3898 3827
f 3827 3898 3899
f 3827 3899 3828
f 3828 3899 3900
f 3828 3900 3829
f 3829 3900 3901
f 3829 3901 3830
f 3830 3901 3902
f 3830 3902 3831
f 3831 3902 3903
f 3831 3903 3832
f 3832 3903 3904
f 3832 3904 3833
f 3833 3904 3905
f 3833 3905 3834
f 3834 3905 3906
f 3834 3906 3835
f 3835 3906 3907
f 3835 3907 3836
f 3836 3907 3908
f 3836 3908 3837
f 3837 3908 3909
f 3837 3909 3838
f 3838 3909 3910
f 3838 3910 3839
f 3839 3910 3911
f 3839 3911 3840
f 3840 3911 3912
f 3840 3912 3841
f 3841 3912 3913
f 3841 3913 3842
f 3842 3913 3914
f 3842 3914 3843
f 3843 3914 3915
f 3843 3915 3844
f 3844 3915 3916
f 3844 3916 3845
f 3845 3916 3917
f 3845 3917 3846
f 3846 3917 3918
f 3846 3918 3847
f 3847 3918 3919
f 3847 3919 3848
f 3848 3919 3920
f 3848 3920 3849
f 3849 3920 3921
f 3849 3921 3850
f 3850 3921 3922
f 3850 3922 3851
f 3851 3922 3923
f 3851 3923 3852
f 3852 3923 3924
f 3852 3924 3853
f 3853 3924 3925
f 3853 3925 3854
f 3854 3925 3926
f 3854 3926 3855
f 3855 3926 3927
f 3855 3927 3856
f 3856 3927 3928
f 3856 3928 3857
f 3857 3928 3929
f 3857 3929 3858
f 3858 3929 3930
f 3858 3930 3859
f 3859 3930 3931
f 3859 3931 3860
f 3860 3931 3932
f 3860 3932 3861
f 3861 3932 3933
f 3861 3933 3862
f 3862 3933 3934
f 3862 3934 3863
f 3863 3934 3935
f 3863 3935 3864
f 3864 3935 3936
f 3864 3936 3865
f 3865 3936 3937
f 3865 3937 3866
f 3866 3937 3938
f 3866 3938 3867
f 3867 3938 3939
f 3867 3939 3868
f 3868 3939 3940
f 3868 3940 3869
f 3869 3940 3941
f 3869 3941 3870
f 3870 3941 3942
f 3870 3942 3871
f 3871 3942 3943
f 3871 3943 3872
f 3872 3943 3944
f 3872 3944 3873
f 3873 3944 3945
f 3873 3945 3874
f 3874 3945 3946
f 3874 3946 3875
f 3875 3946 3947
f 3875 3947 3876
f 3876 3947 3948
f 3876 3948 3877
f 3877 3948 3949
f 3877 3949 3878
f 3878 3949 3950
f 3878 3950 3879
f 3879 3950 3951
f 3879 3951 3880
f 3880 3951 3952
f 3880 3952 3881
f 3881 3952 3953
f 3881 3953 3882
f 3882 3953 3954
f 3882 3954 3883
f 3883 3954 3955
f 3883 3955 3884
f 3884 3955 3956
f 3884 3956 3885
f 3885 3956 3957
f 3885 3957 3886
f 3886 3957 3958
f 3886 3958 3887
f 3887 3958 3959
f 3887 3959 3888
f 3888 3959 3960
f 3888 3960 3817
f 3817 3960 3889
f 3889 3961 3890
f 3890 3961 3962
f 3890 3962 3891
f 3891 3962 3963
f 3891 3963 3892
f 3892 3963 3964
f 3892 3964 3893
f 3893 3964 3965
f 3893 3965 3894
f 3894 3965 3966
f 3894 3966 3895
f 3895 3966 3967
f 3895 3967 3896
f 3896 3967 3968
f 3896 3968 3897
f 3897 3968 3969
f 3897 3969 3898
f 3898 3969 3970
f 3898 3970 3899
f 3899 3970 3971
f 3899 3971 3900
f 3900 3971 3972
f 3900 3972 3901
f 3901 3972 3973
f 3901 3973 3902
f 3902 3973 3974
f 3902 3974 3903
f 3903 3974 3975
f 3903 3975 3904
f 3904 3975 3976
f 3904 3976 3905
f 3905 3976 3977
f 3905 3977 3906
f 3906 3977 3978
f 3906 3978 3907
f 3907 3978 3979
f 3907 3979 3908
f 3908 3979 3980
f 3908 3980 3909
f 3909 3980 3981
f 3909 3981 3910
f 3910 3981 3982
f 3910 3982 3911
f 3911 3982 3983
f 3911 3983 3912
f 3912 3983 3984
f 3912 3984 3913
f 3913 3984 3985
f 3913 3985 3914
f 3914 3985 3986
f 3914 3986 3915
f 3915 3986 3987
f 3915 3987 3916
f 3916 3987 3988
f 3916 3988 3917
f 3917 3988 3989
f 3917 3989 3918
f 3918 3989 3990
f 3918 3990 3919
f 3919 3990 3991
f 3919 3991 3920
f 3920 3991 3992
f 3920 3992 3921
f 3921 3992 3993
f 3921 3993 3922
f 3922 3993 3994
f 3922 3994 3923
f 3923 3994 3995
f 3923 3995 3924
f 3924 3995 3996
f 3924 3996 3925
f 3925 3996 3997
f 3925 3997 3926
f 3926 3997 3998
f 3926 3998 3927
f 3927 3998 3999
f 3927 3999 3928
f 3928 3999 4000
f 3928 4000 3929
f 3929 4000 4001
f 3929 4001 3930
f 3930 4001 4002
f 3930 4002 3931
f 3931 4002 4003
f 3931 4003 3932
f 3932 4003 4004
f 3932 4004 3933
f 3933 4004 4005
f 3933 4005 3934
f 3934 4005 4006
f 3934 4006 3935
f 3935 4006 4007
f 3935 4007 3936
f 3936 4007 4008
f 3936 4008 3937
f 3937 4008 4009
f 3937 4009 3938
f 3938 4009 4010
f 3938 4010 3939
f 3939 4010 4011
f 3939 4011 3940
f 3940 4011 4012
f 3940 4012 3941
f 3941 4012 4013
f 3941 4013 3942
f 3942 4013 4014
f 3942 4014 3943
f 3943 4014 4015
f 3943 4015 3944
f 3944 4015 4016
f 3944 4016 3945
f 3945 4016 4017
f 3945 4017 3946
f 3946 4017 4018
f 3946 4018 3947
f 3947 4018 4019
f 3947 4019 3948
f 3948 4019 4020
f 3948 4020 3949
f 3949 4020 4021
f 3949 4021 3950
f 3950 4021 4022
f 3950 4022 3951
f 3951 4022 4023
f 3951 4023 3952
f 3952 4023 4024
f 3952 4024 3953
f 3953 4024 4025
f 3953 4025 3954
f 3954 4025 4026
f 3954 4026 3955
f 3955 4026 4027
f 3955 4027 3956
f 3956 4027 4028
f 3956 4028 3957
f 3957 4028 4029
f 3957 4029 3958
f 3958 4029 4030
f 3958 4030 3959
f 3959 4030 4031
f 3959 4031 3960
f 3960 4031 4032
f 3960 4032 3889
f 3889 4032 3961
f 3961 4033 3962
f 3962 4033 4034
f 3962 4034 3963
f 3963 4034 4035
f 3963 4035 3964
f 3964 4035 4036
f 3964 4036 3965
f 3965 4036 4037
f 3965 4037 3966
f 3966 4037 4038
f 3966 4038 3967
f 3967 4038 4039
f 3967 4039 3968
f 3968 4039 4040
f 3968 4040 3969
f 3969 4040 4041
f 3969 4041 3970
f 3970 4041 4042
f 3970 4042 3971
f 3971 4042 4043
f 3971 4043 3972
f 3972 4043 4044
f 3972 4044 3973
f 3973 4044 4045
f 3973 4045 3974
f 3974 4045 4046
f 3974 4046 3975
f 3975 4046 4047
f 3975 4047 3976
f 3976 4047 4048
f 3976 4048 3977
f 3977 4048 4049
f 3977 4049 3978
f 3978 4049 4050
f 3978 4050 3979
f 3979 4050 4051
f 3979 4051 3980
f 3980 4051 4052
f 3980 4052 3981
f 3981 4052 4053
f 3981 4053 3982
f 3982 4053 4054
f 3982 4054 3983
f 3983 4054 4055
f 3983 4055 3984
f 3984 4055 4056
f 3984 4056 3985
f 3985 4056 4057
f 3985 4057 3986
f 3986 4057 4058
f 3986 4058 3987
f 3987 4058 4059
f 3987 4059 3988
f 3988 4059 4060
f 3988 4060 3989
f 3989 4060 4061
f 3989 4061 3990
f 3990 4061 4062
f 3990 4062 3991
f 3991 4062 4063
f 3991 4063 3992
f 3992 4063 4064
f 3992 4064 3993
f 3993 4064 4065
f 3993 4065 3994
f 3994 4065 4066
f 3994 4066 3995
f 3995 4066 4067
f 3995 4067 3996
f 3996 4067 4068
f 3996 4068 3997
f 3997 4068 4069
f 3997 4069 3998
f 3998 4069 4070
f 3998 4070 3999
f 3999 4070 4071
f 3999 4071 4000
f 4000 4071 4072
f 4000 4072 4001
f 4001 4072 4073
f 4001 4073 4002
f 4002 4073 4074
f 4002 4074 4003
f 4003 4074 4075
f 4003 4075 4004
f 4004 4075 4076
f 4004 4076 4005
f 4005 4076 4077
f 4005 4077 4006
f 4006 4077 4078
f 4006 4078 4007
f 4007 4078 4079
f 4007 4079 4008
f 4008 4079 4080
f 4008 4080 4009
f 4009 4080 4081
f 4009 4081 4010
f 4010 4081 4082
f 4010 4082 4011
f 4011 4082 4083
f 4011 4083 4012
f 4012 4083 4084
f 4012 4084 4013
f 4013 4084 4085
f 4013 4085 4014
f 4014 4085 4086
f 4014 4086 4015
f 4015 4086 4087
f 4015 4087 4016
f 4016 4087 4088
f 4016 4088 4017
f 4017 4088 4089
f 4017 4089 4018
f 4018 4089 4090
f 4018 4090 4019
f 4019 4090 4091
f 4019 4091 4020
f 4020 4091 4092
f 4020 4092 4021
f 4021 4092 4093
f 4021 4093 4022
f 4022 4093 4094
f 4022 4094 4023
f 4023 4094 4095
f 4023 4095 4024
f 4024 4095 4096
f 4024 4096 4025
f 4025 4096 4097
f 4025 4097 4026
f 4026 4097 4098
f 4026 4098 4027
f 4027 4098 4099
f 4027 4099 4028
f 4028 4099 4100
f 4028 4100 4029
f 4029 4100 4101
f 4029 4101 4030
f 4030 4101 4102
f 4030 4102 4031
f 4031 4102 4103
f 4031 4103 4032
f 4032 4103 4104
f 4032 4104 3961
f 3961 4104 4033
f 4033 4105 4034
f 4034 4105 4106
f 4034 4106 4035
f 4035 4106 4107
f 4035 4107 4036
f 4036 4107 4108
f 4036 4108 4037
f 4037 4108 4109
f 4037 4109 4038
f 4038 4109 4110
f 4038 4110 4039
f 4039 4110 4111
f 4039 4111 4040
f 4040 4111 4112
f 4040 4112 4041
f 4041 4112 4113
f 4041 4113 4042
f 4042 4113 4114
f 4042 4114 4043
f 4043 4114 4115
f 4043 4115 4044
f 4044 4115 4116
f 4044 4116 4045
f 4045 4116 4117
f 4045 4117 4046
f 4046 4117 4118
f 4046 4118 4047
f 4047 4118 4119
f 4047 4119 4048
f 4048 4119 4120
f 4048 4120 4049
f 4049 4120 4121
f 4049 4121 4050
f 4050 4121 4122
f 4050 4122 4051
f 4051 4122 4123
f 4051 4123 4052
f 4052 4123 4124
f 4052 4124 4053
f 4053 4124 4125
f 4053 4125 4054
f 4054 4125 4126
f 4054 4126 4055
f 4055 4126 4127
f 4055 4127 4056
f 4056 4127 4128
f 4056 4128 4057
f 4057 4128 4129
f 4057 4129 4058
f 4058 4129 4130
f 4058 4130 4059
f 4059 4130 4131
f 4059 4131 4060
f 4060 4131 4132
f 4060 4132 4061
f 4061 4132 4133
f 4061 4133 4062
f 4062 4133 4134
f 4062 4134 4063
f 4063 4134 4135
f 4063 4135 4064
f 4064 4135 4136
f 4064 4136 4065
f 4065 4136 4137
f 4065 4137 4066
f 4066 4137 4138
f 4066 4138 4067
f 4067 4138 4139
f 4067 4139 4068
f 4068 4139 4140
f 4068 4140 4069
f 4069 4140 4141
f 4069 4141 4070
f 4070 4141 4142
f 4070 4142 4071
f 4071 4142 4143
f 4071 4143 4072
f 4072 4143 4144
f 4072 4144 4073
f 4073 4144 4145
f 4073 4145 4074
f 4074 4145 4146
f 4074 4146 4075
f 4075 4146 4147
f 4075 4147 4076
f 4076 4147 4148
f 4076 4148 4077
f 4077 4148 4149
f 4077 4149 4078
f 4078 4149 4150
f 4078 4150 4079
f 4079 4150 4151
f 4079 4151 4080
f 4080 4151 4152
f 4080 4152 4081
f 4081 4152 4153
f 4081 4153 4082
f 4082 4153 4154
f 4082 4154 4083
f 4083 4154 4155
f 4083 4155 4084
f 4084 4155 4156
f 4084 4156 4085
f 4085 4156 4157
f 4085 4157 4086
f 4086 4157 4158
f 4086 4158 4087
f 4087 4158 4159
f 4087 4159 4088
f 4088 4159 4160
f 4088 4160 4089
f 4089 4160 4161
f 4089 4161 4090
f 4090 4161 4162
f 4090 4162 4091
f 4091 4162 4163
f 4091 4163 4092
f 4092 4163 4164
f 4092 4164 4093
f 4093 4164 4165
f 4093 4165 4094
f 4094 4165 4166
f 4094 4166 4095
f 4095 4166 4167
f 4095 4167 4096
f 4096 4167 4168
f 4096 4168 4097
f 4097 4168 4169
f 4097 4169 4098
f 4098 4169 4170
f 4098 4170 4099
f 4099 4170 4171
f 4099 4171 4100
f 4100 4171 4172
f 4100 4172 4101
f 4101 4172 4173
f 4101 4173 4102
f 4102 4173 4174
f 4102 4174 4103
f 4103 4174 4175
f 4103 4175 4104
f 4104 4175 4176
f 4104 4176 4033
f 4033 4176 4105
f 4105 4177 4106
f 4106 4177 4178
f 4106 4178 4107
f 4107 4178 4179
f 4107 4179 4108
f 4108 4179 4180
f 4108 4180 4109
f 4109 4180 4181
f 4109 4181 4110
f 4110 4181 4182
f 4110 4182 4111
f 4111 4182 4183
f 4111 4183 4112
f 4112 4183 4184
f 4112 4184 4113
f 4113 4184 4185
f 4113 4185 4114
f 4114 4185 4186
f 4114 4186 4115
f 4115 4186 4187
f 4115 4187 4116
f 4116 4187 4188
f 4116 4188 4117
f 4117 4188 4189
f 4117 4189 4118
f 4118 4189 4190
f 4118 4190 4119
f 4119 4190 4191
f 4119 4191 4120
f 4120 4191 4192
f 4120 4192 4121
f 4121 4192 4193
f 4121 4193 4122
f 4122 4193 4194
f 4122 4194 4123
f 4123 4194 4195
f 4123 4195 4124
f 4124 4195 4196
f 4124 4196 4125
f 4125 4196 4197
f 4125 4197 4126
f 4126 4197 4198
f 4126 4198 4127
f 4127 4198 4199
f 4127 4199 4128
f 4128 4199 4200
f 4128 4200 4129
f 4129 4200 4201
f 4129 4201 4130
f 4130 4201 4202
f 4130 4202 4131
f 4131 4202 4203
f 4131 4203 4132
f 4132 4203 4204
f 4132 4204 4133
f 4133 4204 4205
f 4133 4205 4134
f 4134 4205 4206
f 4134 4206 4135
f 4135 4206 4207
f 4135 4207 4136
f 4136 4207 4208
f 4136 4208 4137
f 4137 4208 4209
f 4137 4209 4138
f 4138 4209 4210
f 4138 4210 4139
f 4139 4210 4211
f 4139 4211 4140
f 4140 4211 4212
f 4140 4212 4141
f 4141 4212 4213
f 4141 4213 4142
f 4142 4213 4214
f 4142 4214 4143
f 4143 4214 4215
f 4143 4215 4144
f 4144 4215 4216
f 4144 4216 4145
f 4145 4216 4217
f 4145 4217 4146
f 4146 4217 4218
f 4146 4218 4147
f 4147 4218 4219
f 4147 4219 4148
f 4148 4219 4220
f 4148 4220 4149
f 4149 4220 4221
f 4149 4221 4150
f 4150 4221 4222
f 4150 4222 4151
f 4151 4222 4223
f 4151 4223 4152
f 4152 4223 4224
f 4152 4224 4153
f 4153 4224 4225
f 4153 4225 4154
f 4154 4225 4226
f 4154 4226 4155
f 4155 4226 4227
f 4155 4227 4156
f 4156 4227 4228
f 4156 4228 4157
f 4157 4228 4229
f 4157 4229 4158
f 4158 4229 4230
f 4158 4230 4159
f 4159 4230 4231
f 4159 4231 4160
f 4160 4231 4232
f 4160 4232 4161
f 4161 4232 4233
f 4161 4233 4162
f 4162 4233 4234
f 4162 4234 4163
f 4163 4234 4235
f 4163 4235 4164
f 4164 4235 4236
f 4164 4236 4165
f 4165 4236 4237
f 4165 4237 4166
f 4166 4237 4238
f 4166 4238 4167
f 4167 4238 4239
f 4167 4239 4168
f 4168 4239 4240
f 4168 4240 4169
f 4169 4240 4241
f 4169 4241 4170
f 4170 4241 4242
f 4170 4242 4171
f 4171 4242 4243
f 4171 4243 4172
f 4172 4243 4244
f 4172 4244 4173
f 4173 4244 4245
f 4173 4245 4174
f 4174 4245 4246
f 4174 4246 4175
f 4175 4246 4247
f 4175 4247 4176
f 4176 4247 4248
f 4176 4248 4105
f 4105 4248 4177
f 4177 4249 4178
f 4178 4249 4250
f 4178 4250 4179
f 4179 4250 4251
f 4179 4251 4180
f 4180 4251 4252
f 4180 4252 4181
f 4181 4252 4253
f 4181 4253 4182
f 4182 4253 4254
f 4182 4254 4183
f 4183 4254 4255
f 4183 4255 4184
f 4184 4255 4256
f 4184 4256 4185
f 4185 4256 4257
f 4185 4257 4186
f 4186 4257 4258
f 4186 4258 4187
f 4187 4258 4259
f 4187 4259 4188
f 4188 4259 4260
f 4188 4260 4189
f 4189 4260 4261
f 4189 4261 4190
f 4190 4261 4262
f 4190 4262 4191
f 4191 4262 4263
f 4191 4263 4192
f 4192 4263 4264
f 4192 4264 4193
f 4193 4264 4265
f 4193 4265 4194
f 4194 4265 4266
f 4194 4266 4195
f 4195 4266 4267
f 4195 4267 4196
f 4196 4267 4268
f 4196 4268 4197
f 4197 4268 4269
f 4197 4269 4198
f 4198 4269 4270
f 4198 4270 4199
f 4199 4270 4271
f 4199 4271 4200
f 4200 4271 4272
f 4200 4272 4201
f 4201 4272 4273
f 4201 4273 4202
f 4202 4273 4274
f 4202 4274 4203
f 4203 4274 4275
f 4203 4275 4204
f 4204 4275 4276
f 4204 4276 4205
f 4205 4276 4277
f 4205 4277 4206
f 4206 4277 4278
f 4206 4278 4207
f 4207 4278 4279
f 4207 4279 4208
f 4208 4279 4280
f 4208 4280 4209
f 4209 4280 4281
f 4209 4281 4210
f 4210 4281 4282
f 4210 4282 4211
f 4211 4282 4283
f 4211 4283 4212
f 4212 4283 4284
f 4212 4284 4213
f 4213 4284 4285
f 4213 4285 4214
f 4214 4285 4286
f 4214 4286 4215
f 4215 4286 4287
f 4215 4287 4216
f 4216 4287 4288
f 4216 4288 4217
f 4217 4288 4289
f 4217 4289 4218
f 4218 4289 4290
f 4218 4290 4219
f 4219 4290 4291
f 4219 4291 4220
f 4220 4291 4292
f 4220 4292 4221
f 4221 4292 4293
f 4221 4293 4222
f 4222 4293 4294
f 4222 4294 4223
f 4223 4294 4295
f 4223 4295 4224
f 4224 4295 4296
f 4224 4296 4225
f 4225 4296 4297
f 4225 4297 4226
f 4226 4297 4298
f 4226 4298 4227
f 4227 4298 4299
f 4227 4299 4228
f 4228 4299 4300
f 4228 4300 4229
f 4229 4300 4301
f 4229 4301 4230
f 4230 4301 4302
f 4230 4302 4231
f 4231 4302 4303
f 4231 4303 4232
f 4232 4303 4304
f 4232 4304 4233
f 4233 4304 4305
f 4233 4305 4234
f 4234 4305 4306
f 4234 4306 4235
f 4235 4306 4307
f 4235 4307 4236
f 4236 4307 4308
f 4236 4308 4237
f 4237 4308 4309
f 4237 4309 4238
f 4238 4309 4310
f 4238 4310 4239
f 4239 4310 4311
f 4239 4311 4240
f 4240 4311 4312
f 4240 4312 4241
f 4241 4312 4313
f 4241 4313 4242
f 4242 4313 4314
f 4242 4314 4243
f 4243 4314 4315
f 4243 4315 4244
f 4244 4315 4316
f 4244 4316 4245
f 4245 4316 4317
f 4245 4317 4246
f 4246 4317 4318
f 4246 4318 4247
f 4247 4318 4319
f 4247 4319 4248
f 4248 4319 4320
f 4248 4320 4177
f 4177 4320 4249
f 4249 4321 4250
f 4250 4321 4322
f 4250 4322 4251
f 4251 4322 4323
f 4251 4323 4252
f 4252 4323 4324
f 4252 4324 4253
f 4253 4324 4325
f 4253 4325 4254
f 4254 4325 4326
f 4254 4326 4255
f 4255 4326 4327
f 4255 4327 4256
f 4256 4327 4328
f 4256 4328 4257
f 4257 4328 4329
f 4257 4329 4258
f 4258 4329 4330
f 4258 4330 4259
f 4259 4330 4331
f 4259 4331 4260
f 4260 4331 4332
f 4260 4332 4261
f 4261 4332 4333
f 4261 4333 4262
f 4262 4333 4334
f 4262 4334 4263
f 4263 4334 4335
f 4263 4335 4264
f 4264 4335 4336
f 4264 4336 4265
f 4265 4336 4337
f 4265 4337 4266
f 4266 4337 4338
f 4266 4338 4267
f 4267 4338 4339
f 4267 4339 4268
f 4268 4339 4340
f 4268 4340 4269
f 4269 4340 4341
f 4269 4341 4270
f 4270 4341 4342
f 4270 4342 4271
f 4271 4342 4343
f 4271 4343 4272
f 4272 4343 4344
f 4272 4344 4273
f 4273 4344 4345
f 4273 4345 4274
f 4274 4345 4346
f 4274 4346 4275
f 4275 4346 4347
f 4275 4347 4276
f 4276 4347 4348
f 4276 4348 4277
f 4277 4348 4349
f 4277 4349 4278
f 4278 4349 4350
f 4278 4350 4279
f 4279 4350 4351
f 4279 4351 4280
f 4280 4351 4352
f 4280 4352 4281
f 4281 4352 4353
f 4281 4353 4282
f 4282 4353 4354
f 4282 4354 4283
f 4283 4354 4355
f 4283 4355 4284
f 4284 4355 4356
f 4284 4356 4285
f 4285 4356 4357
f 4285 4357 4286
f 4286 4357 4358
f 4286 4358 4287
f 4287 4358 4359
f 4287 4359 4288
f 4288 4359 4360
f 4288 4360 4289
f 4289 4360 4361
f 4289 4361 4290
f 4290 4361 4362
f 4290 4362 4291
f 4291 4362 4363
f 4291 4363 4292
f 4292 4363 4364
f 4292 4364 4293
f 4293 4364 4365
f 4293 4365 4294
f 4294 4365 4366
f 4294 4366 4295
f 4295 4366 4367
f 4295 4367 4296
f 4296 4367 4368
f 4296 4368 4297
f 4297 4368 4369
f 4297 4369 4298
f 4298 4369 4370
f 4298 4370 4299
f 4299 4370 4371
f 4299 4371 4300
f 4300 4371 4372
f 4300 4372 4301
f 4301 4372 4373
f 4301 4373 4302
f 4302 4373 4374
f 4302 4374 4303
f 4303 4374 4375
f 4303 4375 4304
f 4304 4375 4376
f 4304 4376 4305
f 4305 4376 4377
f 4305 4377 4306
f 4306 4377 4378
f 4306 4378 4307
f 4307 4378 4379
f 4307 4379 4308
f 4308 4379 4380
f 4308 4380 4309
f 4309 4380 4381
f 4309 4381 4310
f 4310 4381 4382
f 4310 4382 4311
f 4311 4382 4383
f 4311 4383 4312
f 4312 4383 4384
f 4312 4384 4313
f 4313 4384 4385
f 4313 4385 4314
f 4314 4385 4386
f 4314 4386 4315
f 4315 4386 4387
f 4315 4387 4316
f 4316 4387 4388
f 4316 4388 4317
f 4317 4388 4389
f 4317 4389 4318
f 4318 4389 4390
f 4318 4390 4319
f 4319 4390 4391
f 4319 4391 4320
f 4320 4391 4392
f 4320 4392 4249
f 4249 4392 4321
f 4321 4393 4322
f 4322 4393 4394
f 4322 4394 4323
f 4323 4394 4395
f 4323 4395 4324
f 4324 4395 4396
f 4324 4396 4325
f 4325 4396 4397
f 4325 4397 4326
f 4326 4397 4398
f 4326 4398 4327
f 4327 4398 4399
f 4327 4399 4328
f 4328 4399 4400
f 4328 4400 4329
f 4329 4400 4401
f 4329 4401 4330
f 4330 4401 4402
f 4330 4402 4331
f 4331 4402 4403
f 4331 4403 4332
f 4332 4403 4404
f 4332 4404 4333
f 4333 4404 4405
f 4333 4405 4334
f 4334 4405 4406
f 4334 4406 4335
f 4335 4406 4407
f 4335 4407 4336
f 4336 4407 4408
f 4336 4408 4337
f 4337 4408 4409
f 4337 4409 4338
f 4338 4409 4410
f 4338 4410 4339
f 4339 4410 4411
f 4339 4411 4340
f 4340 4411 4412
f 4340 4412 4341
f 4341 4412 4413
f 4341 4413 4342
f 4342 4413 4414
f 4342 4414 4343
f 4343 4414 4415
f 4343 4415 4344
f 4344 4415 4416
f 4344 4416 4345
f 4345 4416 4417
f 4345 4417 4346
f 4346 4417 4418
f 4346 4418 4347
f 4347 4418 4419
f 4347 4419 4348
f 4348 4419 4420
f 4348 4420 4349
f 4349 4420 4421
f 4349 4421 4350
f 4350 4421 4422
f 4350 4422 4351
f 4351 4422 4423
f 4351 4423 4352
f 4352 4423 4424
f 4352 4424 4353
f 4353 4424 4425
f 4353 4425 4354
f 4354 4425 4426
f 4354 4426 4355
f 4355 4426 4427
f 4355 4427 4356
f 4356 4427 4428
f 4356 4428 4357
f 4357 4428 4429
f 4357 4429 4358
f 4358 4429 4430
f 4358 4430 4359
f 4359 4430 4431
f 4359 4431 4360
f 4360 4431 4432
f 4360 4432 4361
f 4361 4432 4433
f 4361 4433 4362
f 4362 4433 4434
f 4362 4434 4363
f 4363 4434 4435
f 4363 4435 4364
f 4364 4435 4436
f 4364 4436 4365
f 4365 4436 4437
f 4365 4437 4366
f 4366 4437 4438
f 4366 4438 4367
f 4367 4438 4439
f 4367 4439 4368
f 4368 4439 4440
f 4368 4440 4369
f 4369 4440 4441
f 4369 4441 4370
f 4370 4441 4442
f 4370 4442 4371
f 4371 4442 4443
f 4371 4443 4372
f 4372 4443 4444
f 4372 4444 4373
f 4373 4444 4445
f 4373 4445 4374
f 4374 4445 4446
f 4374 4446 4375
f 4375 4446 4447
f 4375 4447 4376
f 4376 4447 4448
f 4376 4448 4377
f 4377 4448 4449
f 4377 4449 4378
f 4378 4449 4450
f 4378 4450 4379
f 4379 4450 4451
f 4379 4451 4380
f 4380 4451 4452
f 4380 4452 4381
f 4381 4452 4453
f 4381 4453 4382
f 4382 4453 4454
f 4382 4454 4383
f 4383 4454 4455
f 4383 4455 4384
f 4384 4455 4456
f 4384 4456 4385
f 4385 4456 4457
f 4385 4457 4386
f 4386 4457 4458
f 4386 4458 4387
f 4387 4458 4459
f 4387 4459 4388
f 4388 4459 4460
f 4388 4460 4389
f 4389 4460 4461
f 4389 4461 4390
f 4390 4461 4462
f 4390 4462 4391
f 4391 4462 4463
f 4391 4463 4392
f 4392 4463 4464
f 4392 4464 4321
f 4321 4464 4393
f 4393 4465 4394
f 4394 4465 4466
f 4394 4466 4395
f 4395 4466 4467
f 4395 4467 4396
f 4396 4467 4468
f 4396 4468 4397
f 4397 4468 4469
f 4397 4469 4398
f 4398 4469 4470
f 4398 4470 4399
f 4399 4470 4471
f 4399 4471 4400
f 4400 4471 4472
f 4400 4472 4401
f 4401 4472 4473
f 4401 4473 4402
f 4402 4473 4474
f 4402 4474 4403
f 4403 4474 4475
f 4403 4475 4404
f 4404 4475 4476
f 4404 4476 4405
f 4405 4476 4477
f 4405 4477 4406
f 4406 4477 4478
f 4406 4478 4407
f 4407 4478 4479
f 4407 4479 4408
f 4408 4479 4480
f 4408 4480 4409
f 4409 4480 4481
f 4409 4481 4410
f 4410 4481 4482
f 4410 4482 4411
f 4411 4482 4483
f 4411 4483 4412
f 4412 4483 4484
f 4412 4484 4413
f 4413 4484 4485
f 4413 4485 4414
f 4414 4485 4486
f 4414 4486 4415
f 4415 4486 4487
f 4415 4487 4416
f 4416 4487 4488
f 4416 4488 4417
f 4417 4488 4489
f 4417 4489 4418
f 4418 4489 4490
f 4418 4490 4419
f 4419 4490 4491
f 4419 4491 4420
f 4420 4491 4492
f 4420 4492 4421
f 4421 4492 4493
f 4421 4493 4422
f 4422 4493 4494
f 4422 4494 4423
f 4423 4494 4495
f 4423 4495 4424
f 4424 4495 4496
f 4424 4496 4425
f 4425 4496 4497
f 4425 4497 4426
f 4426 4497 4498
f 4426 4498 4427
f 4427 4498 4499
f 4427 4499 4428
f 4428 4499 4500
f 4428 4500 4429
f 4429 4500 4501
f 4429 4501 4430
f 4430 4501 4502
f 4430 4502 4431
f 4431 4502 4503
f 4431 4503 4432
f 4432 4503 4504
f 4432 4504 4433
f 4433 4504 4505
f 4433 4505 4434
f 4434 4505 4506
f 4434 4506 4435
f 4435 4506 4507
f 4435 4507 4436
f 4436 4507 4508
f 4436 4508 4437
f 4437 4508 4509
f 4437 4509 4438
f 4438 4509 4510
f 4438 4510 4439
f 4439 4510 4511
f 4439 4511 4440
f 4440 4511 4512
f 4440 4512 4441
f 4441 4512 4513
f 4441 4513 4442
f 4442 4513 4514
f 4442 4514 4443
f 4443 4514 4515
f 4443 4515 4444
f 4444 4515 4516
f 4444 4516 4445
f 4445 4516 4517
f 4445 4517 4446
f 4446 4517 4518
f 4446 4518 4447
f 4447 4518 4519
f 4447 4519 4448
f 4448 4519 4520
f 4448 4520 4449
f 4449 4520 4521
f 4449 4521 4450
f 4450 4521 4522
f 4450 4522 4451
f 4451 4522 4523
f 4451 4523 4452
f 4452 4523 4524
f 4452 4524 4453
f 4453 4524 4525
f 4453 4525 4454
f 4454 4525 4526
f 4454 4526 4455
f 4455 4526 4527
f 4455 4527 4456
f 4456 4527 4528
f 4456 4528 4457
f 4457 4528 4529
f 4457 4529 4458
f 4458 4529 4530
f 4458 4530 4459
f 4459 4530 4531
f 4459 4531 4460
f 4460 4531 4532
f 4460 4532 4461
f 4461 4532 4533
f 4461 4533 4462
f 4462 4533 4534
f 4462 4534 4463
f 4463 4534 4535
f 4463 4535 4464
f 4464 4535 4536
f 4464 4536 4393
f 4393 4536 4465
f 4465 4537 4466
f 4466 4537 4538
f 4466 4538 4467
f 4467 4538 4539
f 4467 4539 4468
f 4468 4539 4540
f 4468 4540 4469
f 4469 4540 4541
f 4469 4541 4470
f 4470 4541 4542
f 4470 4542 4471
f 4471 4542 4543
f 4471 4543 4472
f 4472 4543 4544
f 4472 4544 4473
f 4473 4544 4545
f 4473 4545 4474
f 4474 4545 4546
f 4474 4546 4475
f 4475 4546 4547
f 4475 4547 4476
f 4476 4547 4548
f 4476 4548 4477
f 4477 4548 4549
f 4477 4549 4478
f 4478 4549 4550
f 4478 4550 4479
f 4479 4550 4551
f 4479 4551 4480
f 4480 4551 4552
f 4480 4552 4481
f 4481 4552 4553
f 4481 4553 4482
f 4482 4553 4554
f 4482 4554 4483
f 4483 4554 4555
f 4483 4555 4484
f 4484 4555 4556
f 4484 4556 4485
f 4485 4556 4557
f 4485 4557 4486
f 4486 4557 4558
f 4486 4558 4487
f 4487 4558 4559
f 4487 4559 4488
f 4488 4559 4560
f 4488 4560 4489
f 4489 4560 4561
f 4489 4561 4490
f 4490 4561 4562
f 4490 4562 4491
f 4491 4562 4563
f 4491 4563 4492
f 4492 4563 4564
f 4492 4564 4493
f 4493 4564 4565
f 4493 4565 4494
f 4494 4565 4566
f 4494 4566 4495
f 4495 4566 4567
f 4495 4567 4496
f 4496 4567 4568
f 4496 4568 4497
f 4497 4568 4569
f 4497 4569 4498
f 4498 4569 4570
f 4498 4570 4499
f 4499 4570 4571
f 4499 4571 4500
f 4500 4571 4572
f 4500 4572 4501
f 4501 4572 4573
f 4501 4573 4502
f 4502 4573 4574
f 4502 4574 4503
f 4503 4574 4575
f 4503 4575 4504
f 4504 4575 4576
f 4504 4576 4505
f 4505 4576 4577
f 4505 4577 4506
f 4506 4577 4578
f 4506 4578 4507
f 4507 4578 4579
f 4507 4579 4508
f 4508 4579 4580
f 4508 4580 4509
f 4509 4580 4581
f 4509 4581 4510
f 4510 4581 4582
f 4510 4582 4511
f 4511 4582 4583
f 4511 4583 4512
f 4512 4583 4584
f 4512 4584 4513
f 4513 4584 4585
f 4513 4585 4514
f 4514 4585 4586
f 4514 4586 4515
f 4515 4586 4587
f 4515 4587 4516
f 4516 4587 4588
f 4516 4588 4517
f 4517 4588 4589
f 4517 4589 4518
f 4518 4589 4590
f 4518 4590 4519
f 4519 4590 4591
f 4519 4591 4520
f 4520 4591 4592
f 4520 4592 4521
f 4521 4592 4593
f 4521 4593 4522
f 4522 4593 4594
f 4522 4594 4523
f 4523 4594 4595
f 4523 4595 4524
f 4524 4595 4596
f 4524 4596 4525
f 4525 4596 4597
f 4525 4597 4526
f 4526 4597 4598
f 4526 4598 4527
f 4527 4598 4599
f 4527 4599 4528
f 4528 4599 4600
f 4528 4600 4529
f 4529 4600 4601
f 4529 4601 4530
f 4530 4601 4602
f 4530 4602 4531
f 4531 4602 4603
f 4531 4603 4532
f 4532 4603 4604
f 4532 4604 4533
f 4533 4604 4605
f 4533 4605 4534
f 4534 4605 4606
f 4534 4606 4535
f 4535 4606 4607
f 4535 4607 4536
f 4536 4607 4608
f 4536 4608 4465
f 4465 4608 4537
f 4537 4609 4538
f 4538 4609 4610
f 4538 4610 4539
f 4539 4610 4611
f 4539 4611 4540
f 4540 4611 4612
f 4540 4612 4541
f 4541 4612 4613
f 4541 4613 4542
f 4542 4613 4614
f 4542 4614 4543
f 4543 4614 4615
f 4543 4615 4544
f 4544 4615 4616
f 4544 4616 4545
f 4545 4616 4617
f 4545 4617 4546
f 4546 4617 4618
f 4546 4618 4547
f 4547 4618 4619
f 4547 4619 4548
f 4548 4619 4620
f 4548 4620 4549
f 4549 4620 4621
f 4549 4621 4550
f 4550 4621 4622
f 4550 4622 4551
f 4551 4622 4623
f 4551 4623 4552
f 4552 4623 4624
f 4552 4624 4553
f 4553 4624 4625
f 4553 4625 4554
f 4554 4625 4626
f 4554 4626 4555
f 4555 4626 4627
f 4555 4627 4556
f 4556 4627 4628
f 4556 4628 4557
f 4557 4628 4629
f 4557 4629 4558
f 4558 4629 4630
f 4558 4630 4559
f 4559 4630 4631
f 4559 4631 4560
f 4560 4631 4632
f 4560 4632 4561
f 4561 4632 4633
f 4561 4633 4562
f 4562 4633 4634
f 4562 4634 4563
f 4563 4634 4635
f 4563 4635 4564
f 4564 4635 4636
f 4564 4636 4565
f 4565 4636 4637
f 4565 4637 4566
f 4566 4637 4638
f 4566 4638 4567
f 4567 4638 4639
f 4567 4639 4568
f 4568 4639 4640
f 4568 4640 4569
f 4569 4640 4641
f 4569 4641 4570
f 4570 4641 4642
f 4570 4642 4571
f 4571 4642 4643
f 4571 4643 4572
f 4572 4643 4644
f 4572 4644 4573
f 4573 4644 4645
f 4573 4645 4574
f 4574 4645 4646
f 4574 4646 4575
f 4575 4646 4647
f 4575 4647 4576
f 4576 4647 4648
f 4576 4648 4577
f 4577 4648 4649
f 4577 4649 4578
f 4578 4649 4650
f 4578 4650 4579
f 4579 4650 4651
f 4579 4651 4580
f 4580 4651 4652
f 4580 4652 4581
f 4581 4652 4653
f 4581 4653 4582
f 4582 4653 4654
f 4582 4654 4583
f 4583 4654 4655
f 4583 4655 4584
f 4584 4655 4656
f 4584 4656 4585
f 4585 4656 4657
f 4585 4657 4586
f 4586 4657 4658
f 4586 4658 4587
f 4587 4658 4659
f 4587 4659 4588
f 4588 4659 4660
f 4588 4660 4589
f 4589 4660 4661
f 4589 4661 4590
f 4590 4661 4662
f 4590 4662 4591
f 4591 4662 4663
f 4591 4663 4592
f 4592 4663 4664
f 4592 4664 4593
f 4593 4664 4665
f 4593 4665 4594
f 4594 4665 4666
f 4594 4666 4595
f 4595 4666 4667
f 4595 4667 4596
f 4596 4667 4668
f 4596 4668 4597
f 4597 4668 4669
f 4597 4669 4598
f 4598 4669 4670
f 4598 4670 4599
f 4599 4670 4671
f 4599 4671 4600
f 4600 4671 4672
f 4600 4672 4601
f 4601 4672 4673
f 4601 4673 4602
f 4602 4673 4674
f 4602 4674 4603
f 4603 4674 4675
f 4603 4675 4604
f 4604 4675 4676
f 4604 4676 4605
f 4605 4676 4677
f 4605 4677 4606
f 4606 4677 4678
f 4606 4678 4607
f 4607 4678 4679
f 4607 4679 4608
f 4608 4679 4680
f 4608 4680 4537
f 4537 4680 4609
f 4609 4681 4610
f 4610 4681 4682
f 4610 4682 4611
f 4611 4682 4683
f 4611 4683 4612
f 4612 4683 4684
f 4612 4684 4613
f 4613 4684 4685
f 4613 4685 4614
f 4614 4685 4686
f 4614 4686 4615
f 4615 4686 4687
f 4615 4687 4616
f 4616 4687 4688
f 4616 4688 4617
f 4617 4688 4689
f 4617 4689 4618
f 4618 4689 4690
f 4618 4690 4619
f 4619 4690 4691
f 4619 4691 4620
f 4620 4691 4692
f 4620 4692 4621
f 4621 4692 4693
f 4621 4693 4622
f 4622 4693 4694
f 4622 4694 4623
f 4623 4694 4695
f 4623 4695 4624
f 4624 4695 4696
f 4624 4696 4625
f 4625 4696 4697
f 4625 4697 4626
f 4626 4697 4698
f 4626 4698 4627
f 4627 4698 4699
f 4627 4699 4628
f 4628 4699 4700
f 4628 4700 4629
f 4629 4700 4701
f 4629 4701 4630
f 4630 4701 4702
f 4630 4702 4631
f 4631 4702 4703
f 4631 4703 4632
f 4632 4703 4704
f 4632 4704 4633
f 4633 4704 4705
f 4633 4705 4634
f 4634 4705 4706
f 4634 4706 4635
f 4635 4706 4707
f 4635 4707 4636
f 4636 4707 4708
f 4636 4708 4637
f 4637 4708 4709
f 4637 4709 4638
f 4638 4709 4710
f 4638 4710 4639
f 4639 4710 4711
f 4639 4711 4640
f 4640 4711 4712
f 4640 4712 4641
f 4641 4712 4713
f 4641 4713 4642
f 4642 4713 4714
f 4642 4714 4643
f 4643 4714 4715
f 4643 4715 4644
f 4644 4715 4716
f 4644 4716 4645
f 4645 4716 4717
f 4645 4717 4646
f 4646 4717 4718
f 4646 4718 4647
f 4647 4718 4719
f 4647 4719 4648
f 4648 4719 4720
f 4648 4720 4649
f 4649 4720 4721
f 4649 4721 4650
f 4650 4721 4722
f 4650 4722 4651
f 4651 4722 4723
f 4651 4723 4652
f 4652 4723 4724
f 4652 4724 4653
f 4653 4724 4725
f 4653 4725 4654
f 4654 4725 4726
f 4654 4726 4655
f 4655 4726 4727
f 4655 4727 4656
f 4656 4727 4728
f 4656 4728 4657
f 4657 4728 4729
f 4657 4729 4658
f 4658 4729 4730
f 4658 4730 4659
f 4659 4730 4731
f 4659 4731 4660
f 4660 4731 4732
f 4660 4732 4661
f 4661 4732 4733
f 4661 4733 4662
f 4662 4733 4734
f 4662 4734 4663
f 4663 4734 4735
f 4663 4735 4664
f 4664 4735 4736
f 4664 4736 4665
f 4665 4736 4737
f 4665 4737 4666
f 4666 4737 4738
f 4666 4738 4667
f 4667 4738 4739
f 4667 4739 4668
f 4668 4739 4740
f 4668 4740 4669
f 4669 4740 4741
f 4669 4741 4670
f 4670 4741 4742
f 4670 4742 4671
f 4671 4742 4743
f 4671 4743 4672
f 4672 4743 4744
f 4672 4744 4673
f 4673 4744 4745
f 4673 4745 4674
f 4674 4745 4746
f 4674 4746 4675
f 4675 4746 4747
f 4675 4747 4676
f 4676 4747 4748
f 4676 4748 4677
f 4677 4748 4749
f 4677 4749 4678
f 4678 4749 4750
f 4678 4750 4679
f 4679 4750 4751
f 4679 4751 4680
f 4680 4751 4752
f 4680 4752 4609
f 4609 4752 4681
f 4681 4753 4682
f 4682 4753 4754
f 4682 4754 4683
f 4683 4754 4755
f 4683 4755 4684
f 4684 4755 4756
f 4684 4756 4685
f 4685 4756 4757
f 4685 4757 4686
f 4686 4757 4758
f 4686 4758 4687
f 4687 4758 4759
f 4687 4759 4688
f 4688 4759 4760
f 4688 4760 4689
f 4689 4760 4761
f 4689 4761 4690
f 4690 4761 4762
f 4690 4762 4691
f 4691 4762 4763
f 4691 4763 4692
f 4692 4763 4764
f 4692 4764 4693
f 4693 4764 4765
f 4693 4765 4694
f 4694 4765 4766
f 4694 4766 4695
f 4695 4766 4767
f 4695 4767 4696
f 4696 4767 4768
f 4696 4768 4697
f 4697 4768 4769
f 4697 4769 4698
f 4698 4769 4770
f 4698 4770 4699
f 4699 4770 4771
f 4699 4771 4700
f 4700 4771 4772
f 4700 4772 4701
f 4701 4772 4773
f 4701 4773 4702
f 4702 4773 4774
f 4702 4774 4703
f 4703 4774 4775
f 4703 4775 4704
f 4704 4775 4776
f 4704 4776 4705
f 4705 4776 4777
f 4705 4777 4706
f 4706 4777 4778
f 4706 4778 4707
f 4707 4778 4779
f 4707 4779 4708
f 4708 4779 4780
f 4708 4780 4709
f 4709 4780 4781
f 4709 4781 4710
f 4710 4781 4782
f 4710 4782 4711
f 4711 4782 4783
f 4711 4783 4712
f 4712 4783 4784
f 4712 4784 4713
f 4713 4784 4785
f 4713 4785 4714
f 4714 4785 4786
f 4714 4786 4715
f 4715 4786 4787
f 4715 4787 4716
f 4716 4787 4788
f 4716 4788 4717
f 4717 4788 4789
f 4717 4789 4718
f 4718 4789 4790
f 4718 4790 4719
f 4719 4790 4791
f 4719 4791 4720
f 4720 4791 4792
f 4720 4792 4721
f 4721 4792 4793
f 4721 4793 4722
f 4722 4793 4794
f 4722 4794 4723
f 4723 4794 4795
f 4723 4795 4724
f 4724 4795 4796
f 4724 4796 4725
f 4725 4796 4797
f 4725 4797 4726
f 4726 4797 4798
f 4726 4798 4727
f 4727 4798 4799
f 4727 4799 4728
f 4728 4799 4800
f 4728 4800 4729
f 4729 4800 4801
f 4729 4801 4730
f 4730 4801 4802
f 4730 4802 4731
f 4731 4802 4803
f 4731 4803 4732
f 4732 4803 4804
f 4732 4804 4733
f 4733 4804 4805
f 4733 4805 4734
f 4734 4805 4806
f 4734 4806 4735
f 4735 4806 4807
f 4735 4807 4736
f 4736 4807 4808
f 4736 4808 4737
f 4737 4808 4809
f 4737 4809 4738
f 4738 4809 4810
f 4738 4810 4739
f 4739 4810 4811
f 4739 4811 4740
f 4740 4811 4812
f 4740 4812 4741
f 4741 4812 4813
f 4741 4813 4742
f 4742 4813 4814
f 4742 4814 4743
f 4743 4814 4815
f 4743 4815 4744
f 4744 4815 4816
f 4744 4816 4745
f 4745 4816 4817
f 4745 4817 4746
f 4746 4817 4818
f 4746 4818 4747
f 4747 4818 4819
f 4747 4819 4748
f 4748 4819 4820
f 4748 4820 4749
f 4749 4820 4821
f 4749 4821 4750
f 4750 4821 4822
f 4750 4822 4751
f 4751 4822 4823
f 4751 4823 4752
f 4752 4823 4824
f 4752 4824 4681
f 4681 4824 4753
f 4753 4825 4754
f 4754 4825 4826
f 4754 4826 4755
f 4755 4826 4827
f 4755 4827 4756
f 4756 4827 4828
f 4756 4828 4757
f 4757 4828 4829
f 4757 4829 4758
f 4758 4829 4830
f 4758 4830 4759
f 4759 4830 4831
f 4759 4831 4760
f 4760 4831 4832
f 4760 4832 4761
f 4761 4832 4833
f 4761 4833 4762
f 4762 4833 4834
f 4762 4834 4763
f 4763 4834 4835
f 4763 4835 4764
f 4764 4835 4836
f 4764 4836 4765
f 4765 4836 4837
f 4765 4837 4766
f 4766 4837 4838
f 4766 4838 4767
f 4767 4838 4839
f 4767 4839 4768
f 4768 4839 4840
f 4768 4840 4769
f 4769 4840 4841
f 4769 4841 4770
f 4770 4841 4842
f 4770 4842 4771
f 4771 4842 4843
f 4771 4843 4772
f 4772 4843 4844
f 4772 4844 4773
f 4773 4844 4845
f 4773 4845 4774
f 4774 4845 4846
f 4774 4846 4775
f 4775 4846 4847
f 4775 4847 4776
f 4776 4847 4848
f 4776 4848 4777
f 4777 4848 4849
f 4777 4849 4778
f 4778 4849 4850
f 4778 4850 4779
f 4779 4850 4851
f 4779 4851 4780
f 4780 4851 4852
f 4780 4852 4781
f 4781 4852 4853
f 4781 4853 4782
f 4782 4853 4854
f 4782 4854 4783
f 4783 4854 4855
f 4783 4855 4784
f 4784 4855 4856
f 4784 4856 4785
f 4785 4856 4857
f 4785 4857 4786
f 4786 4857 4858
f 4786 4858 4787
f 4787 4858 4859
f 4787 4859 4788
f 4788 4859 4860
f 4788 4860 4789
f 4789 4860 4861
f 4789 4861 4790
f 4790 4861 4862
f 4790 4862 4791
f 4791 4862 4863
f 4791 4863 4792
f 4792 4863 4864
f 4792 4864 4793
f 4793 4864 4865
f 4793 4865 4794
f 4794 4865 4866
f 4794 4866 4795
f 4795 4866 4867
f 4795 4867 4796
f 4796 4867 4868
f 4796 4868 4797
f 4797 4868 4869
f 4797 4869 4798
f 4798 4869 4870
f 4798 4870 4799
f 4799 4870 4871
f 4799 4871 4800
f 4800 4871 4872
f 4800 4872 4801
f 4801 4872 4873
f 4801 4873 4802
f 4802 4873 4874
f 4802 4874 4803
f 4803 4874 4875
f 4803 4875 4804
f 4804 4875 4876
f 4804 4876 4805
f 4805 4876 4877
f 4805 4877 4806
f 4806 4877 4878
f 4806 4878 4807
f 4807 4878 4879
f 4807 4879 4808
f 4808 4879 4880
f 4808 4880 4809
f 4809 4880 4881
f 4809 4881 4810
f 4810 4881 4882
f 4810 4882 4811
f 4811 4882 4883
f 4811 4883 4812
f 4812 4883 4884
f 4812 4884 4813
f 4813 4884 4885
f 4813 4885 4814
f 4814 4885 4886
f 4814 4886 4815
f 4815 4886 4887
f 4815 4887 4816
f 4816 4887 4888
f 4816 4888 4817
f 4817 4888 4889
f 4817 4889 4818
f 4818 4889 4890
f 4818 4890 4819
f 4819 4890 4891
f 4819 4891 4820
f 4820 4891 4892
f 4820 4892 4821
f 4821 4892 4893
f 4821 4893 4822
f 4822 4893 4894
f 4822 4894 4823
f 4823 4894 4895
f 4823 4895 4824
f 4824 4895 4896
f 4824 4896 4753
f 4753 4896 4825
f 4825 4897 4826
f 4826 4897 4898
f 4826 4898 4827
f 4827 4898 4899
f 4827 4899 4828
f 4828 4899 4900
f 4828 4900 4829
f 4829 4900 4901
f 4829 4901 4830
f 4830 4901 4902
f 4830 4902 4831
f 4831 4902 4903
f 4831 4903 4832
f 4832 4903 4904
f 4832 4904 4833
f 4833 4904 4905
f 4833 4905 4834
f 4834 4905 4906
f 4834 4906 4835
f 4835 4906 4907
f 4835 4907 4836
f 4836 4907 4908
f 4836 4908 4837
f 4837 4908 4909
f 4837 4909 4838
f 4838 4909 4910
f 4838 4910 4839
f 4839 4910 4911
f 4839 4911 4840
f 4840 4911 4912
f 4840 4912 4841
f 4841 4912 4913
f 4841 4913 4842
f 4842 4913 4914
f 4842 4914 4843
f 4843 4914 4915
f 4843 4915 4844
f 4844 4915 4916
f 4844 4916 4845
f 4845 4916 4917
f 4845 4917 4846
f 4846 4917 4918
f 4846 4918 4847
f 4847 4918 4919
f 4847 4919 4848
f 4848 4919 4920
f 4848 4920 4849
f 4849 4920 4921
f 4849 4921 4850
f 4850 4921 4922
f 4850 4922 4851
f 4851 4922 4923
f 4851 4923 4852
f 4852 4923 4924
f 4852 4924 4853
f 4853 4924 4925
f 4853 4925 4854
f 4854 4925 4926
f 4854 4926 4855
f 4855 4926 4927
f 4855 4927 4856
f 4856 4927 4928
f 4856 4928 4857
f 4857 4928 4929
f 4857 4929 4858
f 4858 4929 4930
f 4858 4930 4859
f 4859 4930 4931
f 4859 4931 4860
f 4860 4931 4932
f 4860 4932 4861
f 4861 4932 4933
f 4861 4933 4862
f 4862 4933 4934
f 4862 4934 4863
f 4863 4934 4935
f 4863 4935 4864
f 4864 4935 4936
f 4864 4936 4865
f 4865 4936 4937
f 4865 4937 4866
f 4866 4937 4938
f 4866 4938 4867
f 4867 4938 4939
f 4867 4939 4868
f 4868 4939 4940
f 4868 4940 4869
f 4869 4940 4941
f 4869 4941 4870
f 4870 4941 4942
f 4870 4942 4871
f 4871 4942 4943
f 4871 4943 4872
f 4872 4943 4944
f 4872 4944 4873
f 4873 4944 4945
f 4873 4945 4874
f 4874 4945 4946
f 4874 4946 4875
f 4875 4946 4947
f 4875 4947 4876
f 4876 4947 4948
f 4876 4948 4877
f 4877 4948 4949
f 4877 4949 4878
f 4878 4949 4950
f 4878 4950 4879
f 4879 4950 4951
f 4879 4951 4880
f 4880 4951 4952
f 4880 4952 4881
f 4881 4952 4953
f 4881 4953 4882
f 4882 4953 4954
f 4882 4954 4883
f 4883 4954 4955
f 4883 4955 4884
f 4884 4955 4956
f 4884 4956 4885
f 4885 4956 4957
f 4885 4957 4886
f 4886 4957 4958
f 4886 4958 4887
f 4887 4958 4959
f 4887 4959 4888
f 4888 4959 4960
f 4888 4960 4889
f 4889 4960 4961
f 4889 4961 4890
f 4890 4961 4962
f 4890 4962 4891
f 4891 4962 4963
f 4891 4963 4892
f 4892 4963 4964
f 4892 4964 4893
f 4893 4964 4965
f 4893 4965 4894
f 4894 4965 4966
f 4894 4966 4895
f 4895 4966 4967
f 4895 4967 4896
f 4896 4967 4968
f 4896 4968 4825
f 4825 4968 4897
f 4897 4969 4898
f 4898 4969 4970
f 4898 4970 4899
f 4899 4970 4971
f 4899 4971 4900
f 4900 4971 4972
f 4900 4972 4901
f 4901 4972 4973
f 4901 4973 4902
f 4902 4973 4974
f 4902 4974 4903
f 4903 4974 4975
f 4903 4975 4904
f 4904 4975 4976
f 4904 4976 4905
f 4905 4976 4977
f 4905 4977 4906
f 4906 4977 4978
f 4906 4978 4907
f 4907 4978 4979
f 4907 4979 4908
f 4908 4979 4980
f 4908 4980 4909
f 4909 4980 4981
f 4909 4981 4910
f 4910 4981 4982
f 4910 4982 4911
f 4911 4982 4983
f 4911 4983 4912
f 4912 4983 4984
f 4912 4984 4913
f 4913 4984 4985
f 4913 4985 4914
f 4914 4985 4986
f 4914 4986 4915
f 4915 4986 4987
f 4915 4987 4916
f 4916 4987 4988
f 4916 4988 4917
f 4917 4988 4989
f 4917 4989 4918
f 4918 4989 4990
f 4918 4990 4919
f 4919 4990 4991
f 4919 4991 4920
f 4920 4991 4992
f 4920 4992 4921
f 4921 4992 4993
f 4921 4993 4922
f 4922 4993 4994
f 4922 4994 4923
f 4923 4994 4995
f 4923 4995 4924
f 4924 4995 4996
f 4924 4996 4925
f 4925 4996 4997
f 4925 4997 4926
f 4926 4997 4998
f 4926 4998 4927
f 4927 4998 4999
f 4927 4999 4928
f 4928 4999 5000
f 4928 5000 4929
f 4929 5000 5001
f 4929 5001 4930
f 4930 5001 5002
f 4930 5002 4931
f 4931 5002 5003
f 4931 5003 4932
f 4932 5003 5004
f 4932 5004 4933
f 4933 5004 5005
f 4933 5005 4934
f 4934 5005 5006
f 4934 5006 4935
f 4935 5006 5007
f 4935 5007 4936
f 4936 5007 5008
f 4936 5008 4937
f 4937 5008 5009
f 4937 5009 4938
f 4938 5009 5010
f 4938 5010 4939
f 4939 5010 5011
f 4939 5011 4940
f 4940 5011 5012
f 4940 5012 4941
f 4941 5012 5013
f 4941 5013 4942
f 4942 5013 5014
f 4942 5014 4943
f 4943 5014 5015
f 4943 5015 4944
f 4944 5015 5016
f 4944 5016 4945
f 4945 5016 5017
f 4945 5017 4946
f 4946 5017 5018
f 4946 5018 4947
f 4947 5018 5019
f 4947 5019 4948
f 4948 5019 5020
f 4948 5020 4949
f 4949 5020 5021
f 4949 5021 4950
f 4950 5021 5022
f 4950 5022 4951
f 4951 5022 5023
f 4951 5023 4952
f 4952 5023 5024
f 4952 5024 4953
f 4953 5024 5025
f 4953 5025 4954
f 4954 5025 5026
f 4954 5026 4955
f 4955 5026 5027
f 4955 5027 4956
f 4956 5027 5028
f 4956 5028 4957
f 4957 5028 5029
f 4957 5029 4958
f 4958 5029 5030
f 4958 5030 4959
f 4959 5030 5031
f 4959 5031 4960
f 4960 5031 5032
f 4960 5032 4961
f 4961 5032 5033
f 4961 5033 4962
f 4962 5033 5034
f 4962 5034 4963
f 4963 5034 5035
f 4963 5035 4964
f 4964 5035 5036
f 4964 5036 4965
f 4965 5036 5037
f 4965 5037 4966
f 4966 5037 5038
f 4966 5038 4967
f 4967 5038 5039
f 4967 5039 4968
f 4968 5039 5040
f 4968 5040 4897
f 4897 5040 4969
f 4969 5041 4970
f 4970 5041 5042
f 4970 5042 4971
f 4971 5042 5043
f 4971 5043 4972
f 4972 5043 5044
f 4972 5044 4973
f 4973 5044 5045
f 4973 5045 4974
f 4974 5045 5046
f 4974 5046 4975
f 4975 5046 5047
f 4975 5047 4976
f 4976 5047 5048
f 4976 5048 4977
f 4977 5048 5049
f 4977 5049 4978
f 4978 5049 5050
f 4978 5050 4979
f 4979 5050 5051
f 4979 5051 4980
f 4980 5051 5052
f 4980 5052 4981
f 4981 5052 5053
f 4981 5053 4982
f 4982 5053 5054
f 4982 5054 4983
f 4983 5054 5055
f 4983 5055 4984
f 4984 5055 5056
f 4984 5056 4985
f 4985 5056 5057
f 4985 5057 4986
f 4986 5057 5058
f 4986 5058 4987
f 4987 5058 5059
f 4987 5059 4988
f 4988 5059 5060
f 4988 5060 4989
f 4989 5060 5061
f 4989 5061 4990
f 4990 5061 5062
f 4990 5062 4991
f 4991 5062 5063
f 4991 5063 4992
f 4992 5063 5064
f 4992 5064 4993
f 4993 5064 5065
f 4993 5065 4994
f 4994 5065 5066
f 4994 5066 4995
f 4995 5066 5067
f 4995 5067 4996
f 4996 5067 5068
f 4996 5068 4997
f 4997 5068 5069
f 4997 5069 4998
f 4998 5069 5070
f 4998 5070 4999
f 4999 5070 5071
f 4999 5071 5000
f 5000 5071 5072
f 5000 5072 5001
f 5001 5072 5073
f 5001 5073 5002
f 5002 5073 5074
f 5002 5074 5003
f 5003 5074 5075
f 5003 5075 5004
f 5004 5075 5076
f 5004 5076 5005
f 5005 5076 5077
f 5005 5077 5006
f 5006 5077 5078
f 5006 5078 5007
f 5007 5078 5079
f 5007 5079 5008
f 5008 5079 5080
f 5008 5080 5009
f 5009 5080 5081
f 5009 5081 5010
f 5010 5081 5082
f 5010 5082 5011
f 5011 5082 5083
f 5011 5083 5012
f 5012 5083 5084
f 5012 5084 5013
f 5013 5084 5085
f 5013 5085 5014
f 5014 5085 5086
f 5014 5086 5015
f 5015 5086 5087
f 5015 5087 5016
f 5016 5087 5088
f 5016 5088 5017
f 5017 5088 5089
f 5017 5089 5018
f 5018 5089 5090
f 5018 5090 5019
f 5019 5090 5091
f 5019 5091 5020
f 5020 5091 5092
f 5020 5092 5021
f 5021 5092 5093
f 5021 5093 5022
f 5022 5093 5094
f 5022 5094 5023
f 5023 5094 5095
f 5023 5095 5024
f 5024 5095 5096
f 5024 5096 5025
f 5025 5096 5097
f 5025 5097 5026
f 5026 5097 5098
f 5026 5098 5027
f 5027 5098 5099
f 5027 5099 5028
f 5028 5099 5100
f 5028 5100 5029
f 5029 5100 5101
f 5029 5101 5030
f 5030 5101 5102
f 5030 5102 5031
f 5031 5102 5103
f 5031 5103 5032
f 5032 5103 5104
f 5032 5104 5033
f 5033 5104 5105
f 5033 5105 5034
f 5034 5105 5106
f 5034 5106 5035
f 5035 5106 5107
f 5035 5107 5036
f 5036 5107 5108
f 5036 5108 5037
f 5037 5108 5109
f 5037 5109 5038
f 5038 5109 5110
f 5038 5110 5039
f 5039 5110 5111
f 5039 5111 5040
f 5040 5111 5112
f 5040 5112 4969
f 4969 5112 5041
f 5041 5113 5042
f 5042 5113 5114
f 5042 5114 5043
f 5043 5114 5115
f 5043 5115 5044
f 5044 5115 5116
f 5044 5116 5045
f 5045 5116 5117
f 5045 5117 5046
f 5046 5117 5118
f 5046 5118 5047
f 5047 5118 5119
f 5047 5119 5048
f 5048 5119 5120
f 5048 5120 5049
f 5049 5120 5121
f 5049 5121 5050
f 5050 5121 5122
f 5050 5122 5051
f 5051 5122 5123
f 5051 5123 5052
f 5052 5123 5124
f 5052 5124 5053
f 5053 5124 5125
f 5053 5125 5054
f 5054 5125 5126
f 5054 5126 5055
f 5055 5126 5127
f 5055 5127 5056
f 5056 5127 5128
f 5056 5128 5057
f 5057 5128 5129
f 5057 5129 5058
f 5058 5129 5130
f 5058 5130 5059
f 5059 5130 5131
f 5059 5131 5060
f 5060 5131 5132
f 5060 5132 5061
f 5061 5132 5133
f 5061 5133 5062
f 5062 5133 5134
f 5062 5134 5063
f 5063 5134 5135
f 5063 5135 5064
f 5064 5135 5136
f 5064 5136 5065
f 5065 5136 5137
f 5065 5137 5066
f 5066 5137 5138
f 5066 5138 5067
f 5067 5138 5139
f 5067 5139 5068
f 5068 5139 5140
f 5068 5140 5069
f 5069 5140 5141
f 5069 5141 5070
f 5070 5141 5142
f 5070 5142 5071
f 5071 5142 5143
f 5071 5143 5072
f 5072 5143 5144
f 5072 5144 5073
f 5073 5144 5145
f 5073 5145 5074
f 5074 5145 5146
f 5074 5146 5075
f 5075 5146 5147
f 5075 5147 5076
f 5076 5147 5148
f 5076 5148 5077
f 5077 5148 5149
f 5077 5149 5078
f 5078 5149 5150
f 5078 5150 5079
f 5079 5150 5151
f 5079 5151 5080
f 5080 5151 5152
f 5080 5152 5081
f 5081 5152 5153
f 5081 5153 5082
f 5082 5153 5154
f 5082 5154 5083
f 5083 5154 5155
f 5083 5155 5084
f 5084 5155 5156
f 5084 5156 5085
f 5085 5156 5157
f 5085 5157 5086
f 5086 5157 5158
f 5086 5158 5087
f 5087 5158 5159
f 5087 5159 5088
f 5088 5159 5160
f 5088 5160 5089
f 5089 5160 5161
f 5089 5161 5090
f 5090 5161 5162
f 5090 5162 5091
f 5091 5162 5163
f 5091 5163 5092
f 5092 5163 5164
f 5092 5164 5093
f 5093 5164 5165
f 5093 5165 5094
f 5094 5165 5166
f 5094 5166 5095
f 5095 5166 5167
f 5095 5167 5096
f 5096 5167 5168
f 5096 5168 5097
f 5097 5168 5169
f 5097 5169 5098
f 5098 5169 5170
f 5098 5170 5099
f 5099 5170 5171
f 5099 5171 5100
f 5100 5171 5172
f 5100 5172 5101
f 5101 5172 5173
f 5101 5173 5102
f 5102 5173 5174
f 5102 5174 5103
f 5103 5174 5175
f 5103 5175 5104
f 5104 5175 5176
f 5104 5176 5105
f 5105 5176 5177
f 5105 5177 5106
f 5106 5177 5178
f 5106 5178 5107
f 5107 5178 5179
f 5107 5179 5108
f 5108 5179 5180
f 5108 5180 5109
f 5109 5180 5181
f 5109 5181 5110
f 5110 5181 5182
f 5110 5182 5111
f 5111 5182 5183
f 5111 5183 5112
f 5112 5183 5184
f 5112 5184 5041
f 5041 5184 5113
f 5113 5185 5114
f 5114 5185 5186
f 5114 5186 5115
f 5115 5186 5187
f 5115 5187 5116
f 5116 5187 5188
f 5116 5188 5117
f 5117 5188 5189
f 5117 5189 5118
f 5118 5189 5190
f 5118 5190 5119
f 5119 5190 5191
f 5119 5191 5120
f 5120 5191 5192
f 5120 5192 5121
f 5121 5192 5193
f 5121 5193 5122
f 5122 5193 5194
f 5122 5194 5123
f 5123 5194 5195
f 5123 5195 5124
f 5124 5195 5196
f 5124 5196 5125
f 5125 5196 5197
f 5125 5197 5126
f 5126 5197 5198
f 5126 5198 5127
f 5127 5198 5199
f 5127 5199 5128
f 5128 5199 5200
f 5128 5200 5129
f 5129 5200 5201
f 5129 5201 5130
f 5130 5201 5202
f 5130 5202 5131
f 5131 5202 5203
f 5131 5203 5132
f 5132 5203 5204
f 5132 5204 5133
f 5133 5204 5205
f 5133 5205 5134
f 5134 5205 5206
f 5134 5206 5135
f 5135 5206 5207
f 5135 5207 5136
f 5136 5207 5208
f 5136 5208 5137
f 5137 5208 5209
f 5137 5209 5138
f 5138 5209 5210
f 5138 5210 5139
f 5139 5210 5211
f 5139 5211 5140
f 5140 5211 5212
f 5140 5212 5141
f 5141 5212 5213
f 5141 5213 5142
f 5142 5213 5214
f 5142 5214 5143
f 5143 5214 5215
f 5143 5215 5144
f 5144 5215 5216
f 5144 5216 5145
f 5145 5216 5217
f 5145 5217 5146
f 5146 5217 5218
f 5146 5218 5147
f 5147 5218 5219
f 5147 5219 5148
f 5148 5219 5220
f 5148 5220 5149
f 5149 5220 5221
f 5149 5221 5150
f 5150 5221 5222
f 5150 5222 5151
f 5151 5222 5223
f 5151 5223 5152
f 5152 5223 5224
f 5152 5224 5153
f 5153 5224 5225
f 5153 5225 5154
f 5154 5225 5226
f 5154 5226 5155
f 5155 5226 5227
f 5155 5227 5156
f 5156 5227 5228
f 5156 5228 5157
f 5157 5228 5229
f 5157 5229 5158
f 5158 5229 5230
f 5158 5230 5159
f 5159 5230 5231
f 5159 5231 5160
f 5160 5231 5232
f 5160 5232 5161
f 5161 5232 5233
f 5161 5233 5162
f 5162 5233 5234
f 5162 5234 5163
f 5163 5234 5235
f 5163 5235 5164
f 5164 5235 5236
f 5164 5236 5165
f 5165 5236 5237
f 5165 5237 5166
f 5166 5237 5238
f 5166 5238 5167
f 5167 5238 5239
f 5167 5239 5168
f 5168 5239 5240
f 5168 5240 5169
f 5169 5240 5241
f 5169 5241 5170
f 5170 5241 5242
f 5170 5242 5171
f 5171 5242 5243
f 5171 5243 5172
f 5172 5243 5244
f 5172 5244 5173
f 5173 5244 5245
f 5173 5245 5174
f 5174 5245 5246
f 5174 5246 5175
f 5175 5246 5247
f 5175 5247 5176
f 5176 5247 5248
f 5176 5248 5177
f 5177 5248 5249
f 5177 5249 5178
f 5178 5249 5250
f 5178 5250 5179
f 5179 5250 5251
f 5179 5251 5180
f 5180 5251 5252
f 5180 5252 5181
f 5181 5252 5253
f 5181 5253 5182
f 5182 5253 5254
f 5182 5254 5183
f 5183 5254 5255
f 5183 5255 5184
f 5184 5255 5256
f 5184 5256 5113
f 5113 5256 5185
f 5185 5257 5186
f 5186 5257 5258
f 5186 5258 5187
f 5187 5258 5259
f 5187 5259 5188
f 5188 5259 5260
f 5188 5260 5189
f 5189 5260 5261
f 5189 5261 5190
f 5190 5261 5262
f 5190 5262 5191
f 5191 5262 5263
f 5191 5263 5192
f 5192 5263 5264
f 5192 5264 5193
f 5193 5264 5265
f 5193 5265 5194
f 5194 5265 5266
f 5194 5266 5195
f 5195 5266 5267
f 5195 5267 5196
f 5196 5267 5268
f 5196 5268 5197
f 5197 5268 5269
f 5197 5269 5198
f 5198 5269 5270
f 5198 5270 5199
f 5199 5270 5271
f 5199 5271 5200
f 5200 5271 5272
f 5200 5272 5201
f 5201 5272 5273
f 5201 5273 5202
f 5202 5273 5274
f 5202 5274 5203
f 5203 5274 5275
f 5203 5275 5204
f 5204 5275 5276
f 5204 5276 5205
f 5205 5276 5277
f 5205 5277 5206
f 5206 5277 5278
f 5206 5278 5207
f 5207 5278 5279
f 5207 5279 5208
f 5208 5279 5280
f 5208 5280 5209
f 5209 5280 5281
f 5209 5281 5210
f 5210 5281 5282
f 5210 5282 5211
f 5211 5282 5283
f 5211 5283 5212
f 5212 5283 5284
f 5212 5284 5213
f 5213 5284 5285
f 5213 5285 5214
f 5214 5285 5286
f 5214 5286 5215
f 5215 5286 5287
f 5215 5287 5216
f 5216 5287 5288
f 5216 5288 5217
f 5217 5288 5289
f 5217 5289 5218
f 5218 5289 5290
f 5218 5290 5219
f 5219 5290 5291
f 5219 5291 5220
f 5220 5291 5292
f 5220 5292 5221
f 5221 5292 5293
f 5221 5293 5222
f 5222 5293 5294
f 5222 5294 5223
f 5223 5294 5295
f 5223 5295 5224
f 5224 5295 5296
f 5224 5296 5225
f 5225 5296 5297
f 5225 5297 5226
f 5226 5297 5298
f 5226 5298 5227
f 5227 5298 5299
f 5227 5299 5228
f 5228 5299 5300
f 5228 5300 5229
f 5229 5300 5301
f 5229 5301 5230
f 5230 5301 5302
f 5230 5302 5231
f 5231 5302 5303
f 5231 5303 5232
f 5232 5303 5304
f 5232 5304 5233
f 5233 5304 5305
f 5233 5305 5234
f 5234 5305 5306
f 5234 5306 5235
f 5235 5306 5307
f 5235 5307 5236
f 5236 5307 5308
f 5236 5308 5237
f 5237 5308 5309
f 5237 5309 5238
f 5238 5309 5310
f 5238 5310 5239
f 5239 5310 5311
f 5239 5311 5240
f 5240 5311 5312
f 5240 5312 5241
f 5241 5312 5313
f 5241 5313 5242
f 5242 5313 5314
f 5242 5314 5243
f 5243 5314 5315
f 5243 5315 5244
f 5244 5315 5316
f 5244 5316 5245
f 5245 5316 5317
f 5245 5317 5246
f 5246 5317 5318
f 5246 5318 5247
f 5247 5318 5319
f 5247 5319 5248
f 5248 5319 5320
f 5248 5320 5249
f 5249 5320 5321
f 5249 5321 5250
f 5250 5321 5322
f 5250 5322 5251
f 5251 5322 5323
f 5251 5323 5252
f 5252 5323 5324
f 5252 5324 5253
f 5253 5324 5325
f 5253 5325 5254
f 5254 5325 5326
f 5254 5326 5255
f 5255 5326 5327
f 5255 5327 5256
f 5256 5327 5328
f 5256 5328 5185
f 5185 5328 5257
f 5257 5329 5258
f 5258 5329 5330
f 5258 5330 5259
f 5259 5330 5331
f 5259 5331 5260
f 5260 5331 5332
f 5260 5332 5261
f 5261 5332 5333
f 5261 5333 5262
f 5262 5333 5334
f 5262 5334 5263
f 5263 5334 5335
f 5263 5335 5264
f 5264 5335 5336
f 5264 5336 5265
f 5265 5336 5337
f 5265 5337 5266
f 5266 5337 5338
f 5266 5338 5267
f 5267 5338 5339
f 5267 5339 5268
f 5268 5339 5340
f 5268 5340 5269
f 5269 5340 5341
f 5269 5341 5270
f 5270 5341 5342
f 5270 5342 5271
f 5271 5342 5343
f 5271 5343 5272
f 5272 5343 5344
f 5272 5344 5273
f 5273 5344 5345
f 5273 5345 5274
f 5274 5345 5346
f 5274 5346 5275
f 5275 5346 5347
f 5275 5347 5276
f 5276 5347 5348
f 5276 5348 5277
f 5277 5348 5349
f 5277 5349 5278
f 5278 5349 5350
f 5278 5350 5279
f 5279 5350 5351
f 5279 5351 5280
f 5280 5351 5352
f 5280 5352 5281
f 5281 5352 5353
f 5281 5353 5282
f 5282 5353 5354
f 5282 5354 5283
f 5283 5354 5355
f 5283 5355 5284
f 5284 5355 5356
f 5284 5356 5285
f 5285 5356 5357
f 5285 5357 5286
f 5286 5357 5358
f 5286 5358 5287
f 5287 5358 5359
f 5287 5359 5288
f 5288 5359 5360
f 5288 5360 5289
f 5289 5360 5361
f 5289 5361 5290
f 5290 5361 5362
f 5290 5362 5291
f 5291 5362 5363
f 5291 5363 5292
f 5292 5363 5364
f 5292 5364 5293
f 5293 5364 5365
f 5293 5365 5294
f 5294 5365 5366
f 5294 5366 5295
f 5295 5366 5367
f 5295 5367 5296
f 5296 5367 5368
f 5296 5368 5297
f 5297 5368 5369
f 5297 5369 5298
f 5298 5369 5370
f 5298 5370 5299
f 5299 5370 5371
f 5299 5371 5300
f 5300 5371 5372
f 5300 5372 5301
f 5301 5372 5373
f 5301 5373 5302
f 5302 5373 5374
f 5302 5374 5303
f 5303 5374 5375
f 5303 5375 5304
f 5304 5375 5376
f 5304 5376 5305
f 5305 5376 5377
f 5305 5377 5306
f 5306 5377 5378
f 5306 5378 5307
f 5307 5378 5379
f 5307 5379 5308
f 5308 5379 5380
f 5308 5380 5309
f 5309 5380 5381
f 5309 5381 5310
f 5310 5381 5382
f 5310 5382 5311
f 5311 5382 5383
f 5311 5383 5312
f 5312 5383 5384
f 5312 5384 5313
f 5313 5384 5385
f 5313 5385 5314
f 5314 5385 5386
f 5314 5386 5315
f 5315 5386 5387
f 5315 5387 5316
f 5316 5387 5388
f 5316 5388 5317
f 5317 5388 5389
f 5317 5389 5318
f 5318 5389 5390
f 5318 5390 5319
f 5319 5390 5391
f 5319 5391 5320
f 5320 5391 5392
f 5320 5392 5321
f 5321 5392 5393
f 5321 5393 5322
f 5322 5393 5394
f 5322 5394 5323
f 5323 5394 5395
f 5323 5395 5324
f 5324 5395 5396
f 5324 5396 5325
f 5325 5396 5397
f 5325 5397 5326
f 5326 5397 5398
f 5326 5398 5327
f 5327 5398 5399
f 5327 5399 5328
f 5328 5399 5400
f 5328 5400 5257
f 5257 5400 5329
f 5329 5401 5330
f 5330 5401 5402
f 5330 5402 5331
f 5331 5402 5403
f 5331 5403 5332
f 5332 5403 5404
f 5332 5404 5333
f 5333 5404 5405
f 5333 5405 5334
f 5334 5405 5406
f 5334 5406 5335
f 5335 5406 5407
f 5335 5407 5336
f 5336 5407 5408
f 5336 5408 5337
f 5337 5408 5409
f 5337 5409 5338
f 5338 5409 5410
f 5338 5410 5339
f 5339 5410 5411
f 5339 5411 5340
f 5340 5411 5412
f 5340 5412 5341
f 5341 5412 5413
f 5341 5413 5342
f 5342 5413 5414
f 5342 5414 5343
f 5343 5414 5415
f 5343 5415 5344
f 5344 5415 5416
f 5344 5416 5345
f 5345 5416 5417
f 5345 5417 5346
f 5346 5417 5418
f 5346 5418 5347
f 5347 5418 5419
f 5347 5419 5348
f 5348 5419 5420
f 5348 5420 5349
f 5349 5420 5421
f 5349 5421 5350
f 5350 5421 5422
f 5350 5422 5351
f 5351 5422 5423
f 5351 5423 5352
f 5352 5423 5424
f 5352 5424 5353
f 5353 5424 5425
f 5353 5425 5354
f 5354 5425 5426
f 5354 5426 5355
f 5355 5426 5427
f 5355 5427 5356
f 5356 5427 5428
f 5356 5428 5357
f 5357 5428 5429
f 5357 5429 5358
f 5358 5429 5430
f 5358 5430 5359
f 5359 5430 5431
f 5359 5431 5360
f 5360 5431 5432
f 5360 5432 5361
f 5361 5432 5433
f 5361 5433 5362
f 5362 5433 5434
f 5362 5434 5363
f 5363 5434 5435
f 5363 5435 5364
f 5364 5435 5436
f 5364 5436 5365
f 5365 5436 5437
f 5365 5437 5366
f 5366 5437 5438
f 5366 5438 5367
f 5367 5438 5439
f 5367 5439 5368
f 5368 5439 5440
f 5368 5440 5369
f 5369 5440 5441
f 5369 5441 5370
f 5370 5441 5442
f 5370 5442 5371
f 5371 5442 5443
f 5371 5443 5372
f 5372 5443 5444
f 5372 5444 5373
f 5373 5444 5445
f 5373 5445 5374
f 5374 5445 5446
f 5374 5446 5375
f 5375 5446 5447
f 5375 5447 5376
f 5376 5447 5448
f 5376 5448 5377
f 5377 5448 5449
f 5377 5449 5378
f 5378 5449 5450
f 5378 5450 5379
f 5379 5450 5451
f 5379 5451 5380
f 5380 5451 5452
f 5380 5452 5381
f 5381 5452 5453
f 5381 5453 5382
f 5382 5453 5454
f 5382 5454 5383
f 5383 5454 5455
f 5383 5455 5384
f 5384 5455 5456
f 5384 5456 5385
f 5385 5456 5457
f 5385 5457 5386
f 5386 5457 5458
f 5386 5458 5387
f 5387 5458 5459
f 5387 5459 5388
f 5388 5459 5460
f 5388 5460 5389
f 5389 5460 5461
f 5389 5461 5390
f 5390 5461 5462
f 5390 5462 5391
f 5391 5462 5463
f 5391 5463 5392
f 5392 5463 5464
f 5392 5464 5393
f 5393 5464 5465
f 5393 5465 5394
f 5394 5465 5466
f 5394 5466 5395
f 5395 5466 5467
f 5395 5467 5396
f 5396 5467 5468
f 5396 5468 5397
f 5397 5468 5469
f 5397 5469 5398
f 5398 5469 5470
f 5398 5470 5399
f 5399 5470 5471
f 5399 5471 5400
f 5400 5471 5472
f 5400 5472 5329
f 5329 5472 5401
f 5401 5473 5402
f 5402 5473 5474
f 5402 5474 5403
f 5403 5474 5475
f 5403 5475 5404
f 5404 5475 5476
f 5404 5476 5405
f 5405 5476 5477
f 5405 5477 5406
f 5406 5477 5478
f 5406 5478 5407
f 5407 5478 5479
f 5407 5479 5408
f 5408 5479 5480
f 5408 5480 5409
f 5409 5480 5481
f 5409 5481 5410
f 5410 5481 5482
f 5410 5482 5411
f 5411 5482 5483
f 5411 5483 5412
f 5412 5483 5484
f 5412 5484 5413
f 5413 5484 5485
f 5413 5485 5414
f 5414 5485 5486
f 5414 5486 5415
f 5415 5486 5487
f 5415 5487 5416
f 5416 5487 5488
f 5416 5488 5417
f 5417 5488 5489
f 5417 5489 5418
f 5418 5489 5490
f 5418 5490 5419
f 5419 5490 5491
f 5419 5491 5420
f 5420 5491 5492
f 5420 5492 5421
f 5421 5492 5493
f 5421 5493 5422
f 5422 5493 5494
f 5422 5494 5423
f 5423 5494 5495
f 5423 5495 5424
f 5424 5495 5496
f 5424 5496 5425
f 5425 5496 5497
f 5425 5497 5426
f 5426 5497 5498
f 5426 5498 5427
f 5427 5498 5499
f 5427 5499 5428
f 5428 5499 5500
f 5428 5500 5429
f 5429 5500 5501
f 5429 5501 5430
f 5430 5501 5502
f 5430 5502 5431
f 5431 5502 5503
f 5431 5503 5432
f 5432 5503 5504
f 5432 5504 5433
f 5433 5504 5505
f 5433 5505 5434
f 5434 5505 5506
f 5434 5506 5435
f 5435 5506 5507
f 5435 5507 5436
f 5436 5507 5508
f 5436 5508 5437
f 5437 5508 5509
f 5437 5509 5438
f 5438 5509 5510
f 5438 5510 5439
f 5439 5510 5511
f 5439 5511 5440
f 5440 5511 5512
f 5440 5512 5441
f 5441 5512 5513
f 5441 5513 5442
f 5442 5513 5514
f 5442 5514 5443
f 5443 5514 5515
f 5443 5515 5444
f 5444 5515 5516
f 5444 5516 5445
f 5445 5516 5517
f 5445 5517 5446
f 5446 5517 5518
f 5446 5518 5447
f 5447 5518 5519
f 5447 5519 5448
f 5448 5519 5520
f 5448 5520 5449
f 5449 5520 5521
f 5449 5521 5450
f 5450 5521 5522
f 5450 5522 5451
f 5451 5522 5523
f 5451 5523 5452
f 5452 5523 5524
f 5452 5524 5453
f 5453 5524 5525
f 5453 5525 5454
f 5454 5525 5526
f 5454 5526 5455
f 5455 5526 5527
f 5455 5527 5456
f 5456 5527 5528
f 5456 5528 5457
f 5457 5528 5529
f 5457 5529 5458
f 5458 5529 5530
f 5458 5530 5459
f 5459 5530 5531
f 5459 5531 5460
f 5460 5531 5532
f 5460 5532 5461
f 5461 5532 5533
f 5461 5533 5462
f 5462 5533 5534
f 5462 5534 5463
f 5463 5534 5535
f 5463 5535 5464
f 5464 5535 5536
f 5464 5536 5465
f 5465 5536 5537
f 5465 5537 5466
f 5466 5537 5538
f 5466 5538 5467
f 5467 5538 5539
f 5467 5539 5468
f 5468 5539 5540
f 5468 5540 5469
f 5469 5540 5541
f 5469 5541 5470
f 5470 5541 5542
f 5470 5542 5471
f 5471 5542 5543
f 5471 5543 5472
f 5472 5543 5544
f 5472 5544 5401
f 5401 5544 5473
f 5473 5545 5474
f 5474 5545 5546
f 5474 5546 5475
f 5475 5546 5547
f 5475 5547 5476
f 5476 5547 5548
f 5476 5548 5477
f 5477 5548 5549
f 5477 5549 5478
f 5478 5549 5550
f 5478 5550 5479
f 5479 5550 5551
f 5479 5551 5480
f 5480 5551 5552
f 5480 5552 5481
f 5481 5552 5553
f 5481 5553 5482
f 5482 5553 5554
f 5482 5554 5483
f 5483 5554 5555
f 5483 5555 5484
f 5484 5555 5556
f 5484 5556 5485
f 5485 5556 5557
f 5485 5557 5486
f 5486 5557 5558
f 5486 5558 5487
f 5487 5558 5559
f 5487 5559 5488
f 5488 5559 5560
f 5488 5560 5489
f 5489 5560 5561
f 5489 5561 5490
f 5490 5561 5562
f 5490 5562 5491
f 5491 5562 5563
f 5491 5563 5492
f 5492 5563 5564
f 5492 5564 5493
f 5493 5564 5565
f 5493 5565 5494
f 5494 5565 5566
f 5494 5566 5495
f 5495 5566 5567
f 5495 5567 5496
f 5496 5567 5568
f 5496 5568 5497
f 5497 5568 5569
f 5497 5569 5498
f 5498 5569 5570
f 5498 5570 5499
f 5499 5570 5571
f 5499 5571 5500
f 5500 5571 5572
f 5500 5572 5501
f 5501 5572 5573
f 5501 5573 5502
f 5502 5573 5574
f 5502 5574 5503
f 5503 5574 5575
f 5503 5575 5504
f 5504 5575 5576
f 5504 5576 5505
f 5505 5576 5577
f 5505 5577 5506
f 5506 5577 5578
f 5506 5578 5507
f 5507 5578 5579
f 5507 5579 5508
f 5508 5579 5580
f 5508 5580 5509
f 5509 5580 5581
f 5509 5581 5510
f 5510 5581 5582
f 5510 5582 5511
f 5511 5582 5583
f 5511 5583 5512
f 5512 5583 5584
f 5512 5584 5513
f 5513 5584 5585
f 5513 5585 5514
f 5514 5585 5586
f 5514 5586 5515
f 5515 5586 5587
f 5515 5587 5516
f 5516 5587 5588
f 5516 5588 5517
f 5517 5588 5589
f 5517 5589 5518
f 5518 5589 5590
f 5518 5590 5519
f 5519 5590 5591
f 5519 5591 5520
f 5520 5591 5592
f 5520 5592 5521
f 5521 5592 5593
f 5521 5593 5522
f 5522 5593 5594
f 5522 5594 5523
f 5523 5594 5595
f 5523 5595 5524
f 5524 5595 5596
f 5524 5596 5525
f 5525 5596 5597
f 5525 5597 5526
f 5526 5597 5598
f 5526 5598 5527
f 5527 5598 5599
f 5527 5599 5528
f 5528 5599 5600
f 5528 5600 5529
f 5529 5600 5601
f 5529 5601 5530
f 5530 5601 5602
f 5530 5602 5531
f 5531 5602 5603
f 5531 5603 5532
f 5532 5603 5604
f 5532 5604 5533
f 5533 5604 5605
f 5533 5605 5534
f 5534 5605 5606
f 5534 5606 5535
f 5535 5606 5607
f 5535 5607 5536
f 5536 5607 5608
f 5536 5608 5537
f 5537 5608 5609
f 5537 5609 5538
f 5538 5609 5610
f 5538 5610 5539
f 5539 5610 5611
f 5539 5611 5540
f 5540 5611 5612
f 5540 5612 5541
f 5541 5612 5613
f 5541 5613 5542
f 5542 5613 5614
f 5542 5614 5543
f 5543 5614 5615
f 5543 5615 5544
f 5544 5615 5616
f 5544 5616 5473
f 5473 5616 5545
f 5545 5617 5546
f 5546 5617 5618
f 5546 5618 5547
f 5547 5618 5619
f 5547 5619 5548
f 5548 5619 5620
f 5548 5620 5549
f 5549 5620 5621
f 5549 5621 5550
f 5550 5621 5622
f 5550 5622 5551
f 5551 5622 5623
f 5551 5623 5552
f 5552 5623 5624
f 5552 5624 5553
f 5553 5624 5625
f 5553 5625 5554
f 5554 5625 5626
f 5554 5626 5555
f 5555 5626 5627
f 5555 5627 5556
f 5556 5627 5628
f 5556 5628 5557
f 5557 5628 5629
f 5557 5629 5558
f 5558 5629 5630
f 5558 5630 5559
f 5559 5630 5631
f 5559 5631 5560
f 5560 5631 5632
f 5560 5632 5561
f 5561 5632 5633
f 5561 5633 5562
f 5562 5633 5634
f 5562 5634 5563
f 5563 5634 5635
f 5563 5635 5564
f 5564 5635 5636
f 5564 5636 5565
f 5565 5636 5637
f 5565 5637 5566
f 5566 5637 5638
f 5566 5638 5567
f 5567 5638 5639
f 5567 5639 5568
f 5568 5639 5640
f 5568 5640 5569
f 5569 5640 5641
f 5569 5641 5570
f 5570 5641 5642
f 5570 5642 5571
f 5571 5642 5643
f 5571 5643 5572
f 5572 5643 5644
f 5572 5644 5573
f 5573 5644 5645
f 5573 5645 5574
f 5574 5645 5646
f 5574 5646 5575
f 5575 5646 5647
f 5575 5647 5576
f 5576 5647 5648
f 5576 5648 5577
f 5577 5648 5649
f 5577 5649 5578
f 5578 5649 5650
f 5578 5650 5579
f 5579 5650 5651
f 5579 5651 5580
f 5580 5651 5652
f 5580 5652 5581
f 5581 5652 5653
f 5581 5653 5582
f 5582 5653 5654
f 5582 5654 5583
f 5583 5654 5655
f 5583 5655 5584
f 5584 5655 5656
f 5584 5656 5585
f 5585 5656 5657
f 5585 5657 5586
f 5586 5657 5658
f 5586 5658 5587
f 5587 5658 5659
f 5587 5659 5588
f 5588 5659 5660
f 5588 5660 5589
f 5589 5660 5661
f 5589 5661 5590
f 5590 5661 5662
f 5590 5662 5591
f 5591 5662 5663
f 5591 5663 5592
f 5592 5663 5664
f 5592 5664 5593
f 5593 5664 5665
f 5593 5665 5594
f 5594 5665 5666
f 5594 5666 5595
f 5595 5666 5667
f 5595 5667 5596
f 5596 5667 5668
f 5596 5668 5597
f 5597 5668 5669
f 5597 5669 5598
f 5598 5669 5670
f 5598 5670 5599
f 5599 5670 5671
f 5599 5671 5600
f 5600 5671 5672
f 5600 5672 5601
f 5601 5672 5673
f 5601 5673 5602
f 5602 5673 5674
f 5602 5674 5603
f 5603 5674 5675
f 5603 5675 5604
f 5604 5675 5676
f 5604 5676 5605
f 5605 5676 5677
f 5605 5677 5606
f 5606 5677 5678
f 5606 5678 5607
f 5607 5678 5679
f 5607 5679 5608
f 5608 5679 5680
f 5608 5680 5609
f 5609 5680 5681
f 5609 5681 5610
f 5610 5681 5682
f 5610 5682 5611
f 5611 5682 5683
f 5611 5683 5612
f 5612 5683 5684
f 5612 5684 5613
f 5613 5684 5685
f 5613 5685 5614
f 5614 5685 5686
f 5614 5686 5615
f 5615 5686 5687
f 5615 5687 5616
f 5616 5687 5688
f 5616 5688 5545
f 5545 5688 5617
f 5617 5689 5618
f 5618 5689 5690
f 5618 5690 5619
f 5619 5690 5691
f 5619 5691 5620
f 5620 5691 5692
f 5620 5692 5621
f 5621 5692 5693
f 5621 5693 5622
f 5622 5693 5694
f 5622 5694 5623
f 5623 5694 5695
f 5623 5695 5624
f 5624 5695 5696
f 5624 5696 5625
f 5625 5696 5697
f 5625 5697 5626
f 5626 5697 5698
f 5626 5698 5627
f 5627 5698 5699
f 5627 5699 5628
f 5628 5699 5700
f 5628 5700 5629
f 5629 5700 5701
f 5629 5701 5630
f 5630 5701 5702
f 5630 5702 5631
f 5631 5702 5703
f 5631 5703 5632
f 5632 5703 5704
f 5632 5704 5633
f 5633 5704 5705
f 5633 5705 5634
f 5634 5705 5706
f 5634 5706 5635
f 5635 5706 5707
f 5635 5707 5636
f 5636 5707 5708
f 5636 5708 5637
f 5637 5708 5709
f 5637 5709 5638
f 5638 5709 5710
f 5638 5710 5639
f 5639 5710 5711
f 5639 5711 5640
f 5640 5711 5712
f 5640 5712 5641
f 5641 5712 5713
f 5641 5713 5642
f 5642 5713 5714
f 5642 5714 5643
f 5643 5714 5715
f 5643 5715 5644
f 5644 5715 5716
f 5644 5716 5645
f 5645 5716 5717
f 5645 5717 5646
f 5646 5717 5718
f 5646 5718 5647
f 5647 5718 5719
f 5647 5719 5648
f 5648 5719 5720
f 5648 5720 5649
f 5649 5720 5721
f 5649 5721 5650
f 5650 5721 5722
f 5650 5722 5651
f 5651 5722 5723
f 5651 5723 5652
f 5652 5723 5724
f 5652 5724 5653
f 5653 5724 5725
f 5653 5725 5654
f 5654 5725 5726
f 5654 5726 5655
f 5655 5726 5727
f 5655 5727 5656
f 5656 5727 5728
f 5656 5728 5657
f 5657 5728 5729
f 5657 5729 5658
f 5658 5729 5730
f 5658 5730 5659
f 5659 5730 5731
f 5659 5731 5660
f 5660 5731 5732
f 5660 5732 5661
f 5661 5732 5733
f 5661 5733 5662
f 5662 5733 5734
f 5662 5734 5663
f 5663 5734 5735
f 5663 5735 5664
f 5664 5735 5736
f 5664 5736 5665
f 5665 5736 5737
f 5665 5737 5666
f 5666 5737 5738
f 5666 5738 5667
f 5667 5738 5739
f 5667 5739 5668
f 5668 5739 5740
f 5668 5740 5669
f 5669 5740 5741
f 5669 5741 5670
f 5670 5741 5742
f 5670 5742 5671
f 5671 5742 5743
f 5671 5743 5672
f 5672 5743 5744
f 5672 5744 5673
f 5673 5744 5745
f 5673 5745 5674
f 5674 5745 5746
f 5674 5746 5675
f 5675 5746 5747
f 5675 5747 5676
f 5676 5747 5748
f 5676 5748 5677
f 5677 5748 5749
f 5677 5749 5678
f 5678 5749 5750
f 5678 5750 5679
f 5679 5750 5751
f 5679 5751 5680
f 5680 5751 5752
f 5680 5752 5681
f 5681 5752 5753
f 5681 5753 5682
f 5682 5753 5754
f 5682 5754 5683
f 5683 5754 5755
f 5683 5755 5684
f 5684 5755 5756
f 5684 5756 5685
f 5685 5756 5757
f 5685 5757 5686
f 5686 5757 5758
f 5686 5758 5687
f 5687 5758 5759
f 5687 5759 5688
f 5688 5759 5760
f 5688 5760 5617
f 5617 5760 5689
f 5689 5761 5690
f 5690 5761 5762
f 5690 5762 5691
f 5691 5762 5763
f 5691 5763 5692
f 5692 5763 5764
f 5692 5764 5693
f 5693 5764 5765
f 5693 5765 5694
f 5694 5765 5766
f 5694 5766 5695
f 5695 5766 5767
f 5695 5767 5696
f 5696 5767 5768
f 5696 5768 5697
f 5697 5768 5769
f 5697 5769 5698
f 5698 5769 5770
f 5698 5770 5699
f 5699 5770 5771
f 5699 5771 5700
f 5700 5771 5772
f 5700 5772 5701
f 5701 5772 5773
f 5701 5773 5702
f 5702 5773 5774
f 5702 5774 5703
f 5703 5774 5775
f 5703 5775 5704
f 5704 5775 5776
f 5704 5776 5705
f 5705 5776 5777
f 5705 5777 5706
f 5706 5777 5778
f 5706 5778 5707
f 5707 5778 5779
f 5707 5779 5708
f 5708 5779 5780
f 5708 5780 5709
f 5709 5780 5781
f 5709 5781 5710
f 5710 5781 5782
f 5710 5782 5711
f 5711 5782 5783
f 5711 5783 5712
f 5712 5783 5784
f 5712 5784 5713
f 5713 5784 5785
f 5713 5785 5714
f 5714 5785 5786
f 5714 5786 5715
f 5715 5786 5787
f 5715 5787 5716
f 5716 5787 5788
f 5716 5788 5717
f 5717 5788 5789
f 5717 5789 5718
f 5718 5789 5790
f 5718 5790 5719
f 5719 5790 5791
f 5719 5791 5720
f 5720 5791 5792
f 5720 5792 5721
f 5721 5792 5793
f 5721 5793 5722
f 5722 5793 5794
f 5722 5794 5723
f 5723 5794 5795
f 5723 5795 5724
f 5724 5795 5796
f 5724 5796 5725
f 5725 5796 5797
f 5725 5797 5726
f 5726 5797 5798
f 5726 5798 5727
f 5727 5798 5799
f 5727 5799 5728
f 5728 5799 5800
f 5728 5800 5729
f 5729 5800 5801
f 5729 5801 5730
f 5730 5801 5802
f 5730 5802 5731
f 5731 5802 5803
f 5731 5803 5732
f 5732 5803 5804
f 5732 5804 5733
f 5733 5804 5805
f 5733 5805 5734
f 5734 5805 5806
f 5734 5806 5735
f 5735 5806 5807
f 5735 5807 5736
f 5736 5807 5808
f 5736 5808 5737
f 5737 5808 5809
f 5737 5809 5738
f 5738 5809 5810
f 5738 5810 5739
f 5739 5810 5811
f 5739 5811 5740
f 5740 5811 5812
f 5740 5812 5741
f 5741 5812 5813
f 5741 5813 5742
f 5742 5813 5814
f 5742 5814 5743
f 5743 5814 5815
f 5743 5815 5744
f 5744 5815 5816
f 5744 5816 5745
f 5745 5816 5817
f 5745 5817 5746
f 5746 5817 5818
f 5746 5818 5747
f 5747 5818 5819
f 5747 5819 5748
f 5748 5819 5820
f 5748 5820 5749
f 5749 5820 5821
f 5749 5821 5750
f 5750 5821 5822
f 5750 5822 5751
f 5751 5822 5823
f 5751 5823 5752
f 5752 5823 5824
f 5752 5824 5753
f 5753 5824 5825
f 5753 5825 5754
f 5754 5825 5826
f 5754 5826 5755
f 5755 5826 5827
f 5755 5827 5756
f 5756 5827 5828
f 5756 5828 5757
f 5757 5828 5829
f 5757 5829 5758
f 5758 5829 5830
f 5758 5830 5759
f 5759 5830 5831
f 5759 5831 5760
f 5760 5831 5832
f 5760 5832 5689
f 5689 5832 5761
f 5761 5833 5762
f 5762 5833 5834
f 5762 5834 5763
f 5763 5834 5835
f 5763 5835 5764
f 5764 5835 5836
f 5764 5836 5765
f 5765 5836 5837
f 5765 5837 5766
f 5766 5837 5838
f 5766 5838 5767
f 5767 5838 5839
f 5767 5839 5768
f 5768 5839 5840
f 5768 5840 5769
f 5769 5840 5841
f 5769 5841 5770
f 5770 5841 5842
f 5770 5842 5771
f 5771 5842 5843
f 5771 5843 5772
f 5772 5843 5844
f 5772 5844 5773
f 5773 5844 5845
f 5773 5845 5774
f 5774 5845 5846
f 5774 5846 5775
f 5775 5846 5847
f 5775 5847 5776
f 5776 5847 5848
f 5776 5848 5777
f 5777 5848 5849
f 5777 5849 5778
f 5778 5849 5850
f 5778 5850 5779
f 5779 5850 5851
f 5779 5851 5780
f 5780 5851 5852
f 5780 5852 5781
f 5781 5852 5853
f 5781 5853 5782
f 5782 5853 5854
f 5782 5854 5783
f 5783 5854 5855
f 5783 5855 5784
f 5784 5855 5856
f 5784 5856 5785
f 5785 5856 5857
f 5785 5857 5786
f 5786 5857 5858
f 5786 5858 5787
f 5787 5858 5859
f 5787 5859 5788
f 5788 5859 5860
f 5788 5860 5789
f 5789 5860 5861
f 5789 5861 5790
f 5790 5861 5862
f 5790 5862 5791
f 5791 5862 5863
f 5791 5863 5792
f 5792 5863 5864
f 5792 5864 5793
f 5793 5864 5865
f 5793 5865 5794
f 5794 5865 5866
f 5794 5866 5795
f 5795 5866 5867
f 5795 5867 5796
f 5796 5867 5868
f 5796 5868 5797
f 5797 5868 5869
f 5797 5869 5798
f 5798 5869 5870
f 5798 5870 5799
f 5799 5870 5871
f 5799 5871 5800
f 5800 5871 5872
f 5800 5872 5801
f 5801 5872 5873
f 5801 5873 5802
f 5802 5873 5874
f 5802 5874 5803
f 5803 5874 5875
f 5803 5875 5804
f 5804 5875 5876
f 5804 5876 5805
f 5805 5876 5877
f 5805 5877 5806
f 5806 5877 5878
f 5806 5878 5807
f 5807 5878 5879
f 5807 5879 5808
f 5808 5879 5880
f 5808 5880 5809
f 5809 5880 5881
f 5809 5881 5810
f 5810 5881 5882
f 5810 5882 5811
f 5811 5882 5883
f 5811 5883 5812
f 5812 5883 5884
f 5812 5884 5813
f 5813 5884 5885
f 5813 5885 5814
f 5814 5885 5886
f 5814 5886 5815
f 5815 5886 5887
f 5815 5887 5816
f 5816 5887 5888
f 5816 5888 5817
f 5817 5888 5889
f 5817 5889 5818
f 5818 5889 5890
f 5818 5890 5819
f 5819 5890 5891
f 5819 5891 5820
f 5820 5891 5892
f 5820 5892 5821
f 5821 5892 5893
f 5821 5893 5822
f 5822 5893 5894
f 5822 5894 5823
f 5823 5894 5895
f 5823 5895 5824
f 5824 5895 5896
f 5824 5896 5825
f 5825 5896 5897
f 5825 5897 5826
f 5826 5897 5898
f 5826 5898 5827
f 5827 5898 5899
f 5827 5899 5828
f 5828 5899 5900
f 5828 5900 5829
f 5829 5900 5901
f 5829 5901 5830
f 5830 5901 5902
f 5830 5902 5831
f 5831 5902 5903
f 5831 5903 5832
f 5832 5903 5904
f 5832 5904 5761
f 5761 5904 5833
f 5833 5905 5834
f 5834 5905 5906
f 5834 5906 5835
f 5835 5906 5907
f 5835 5907 5836
f 5836 5907 5908
f 5836 5908 5837
f 5837 5908 5909
f 5837 5909 5838
f 5838 5909 5910
f 5838 5910 5839
f 5839 5910 5911
f 5839 5911 5840
f 5840 5911 5912
f 5840 5912 5841
f 5841 5912 5913
f 5841 5913 5842
f 5842 5913 5914
f 5842 5914 5843
f 5843 5914 5915
f 5843 5915 5844
f 5844 5915 5916
f 5844 5916 5845
f 5845 5916 5917
f 5845 5917 5846
f 5846 5917 5918
f 5846 5918 5847
f 5847 5918 5919
f 5847 5919 5848
f 5848 5919 5920
f 5848 5920 5849
f 5849 5920 5921
f 5849 5921 5850
f 5850 5921 5922
f 5850 5922 5851
f 5851 5922 5923
f 5851 5923 5852
f 5852 5923 5924
f 5852 5924 5853
f 5853 5924 5925
f 5853 5925 5854
f 5854 5925 5926
f 5854 5926 5855
f 5855 5926 5927
f 5855 5927 5856
f 5856 5927 5928
f 5856 5928 5857
f 5857 5928 5929
f 5857 5929 5858
f 5858 5929 5930
f 5858 5930 5859
f 5859 5930 5931
f 5859 5931 5860
f 5860 5931 5932
f 5860 5932 5861
f 5861 5932 5933
f 5861 5933 5862
f 5862 5933 5934
f 5862 5934 5863
f 5863 5934 5935
f 5863 5935 5864
f 5864 5935 5936
f 5864 5936 5865
f 5865 5936 5937
f 5865 5937 5866
f 5866 5937 5938
f 5866 5938 5867
f 5867 5938 5939
f 5867 5939 5868
f 5868 5939 5940
f 5868 5940 5869
f 5869 5940 5941
f 5869 5941 5870
f 5870 5941 5942
f 5870 5942 5871
f 5871 5942 5943
f 5871 5943 5872
f 5872 5943 5944
f 5872 5944 5873
f 5873 5944 5945
f 5873 5945 5874
f 5874 5945 5946
f 5874 5946 5875
f 5875 5946 5947
f 5875 5947 5876
f 5876 5947 5948
f 5876 5948 5877
f 5877 5948 5949
f 5877 5949 5878
f 5878 5949 5950
f 5878 5950 5879
f 5879 5950 5951
f 5879 5951 5880
f 5880 5951 5952
f 5880 5952 5881
f 5881 5952 5953
f 5881 5953 5882
f 5882 5953 5954
f 5882 5954 5883
f 5883 5954 5955
f 5883 5955 5884
f 5884 5955 5956
f 5884 5956 5885
f 5885 5956 5957
f 5885 5957 5886
f 5886 5957 5958
f 5886 5958 5887
f 5887 5958 5959
f 5887 5959 5888
f 5888 5959 5960
f 5888 5960 5889
f 5889 5960 5961
f 5889 5961 5890
f 5890 5961 5962
f 5890 5962 5891
f 5891 5962 5963
f 5891 5963 5892
f 5892 5963 5964
f 5892 5964 5893
f 5893 5964 5965
f 5893 5965 5894
f 5894 5965 5966
f 5894 5966 5895
f 5895 5966 5967
f 5895 5967 5896
f 5896 5967 5968
f 5896 5968 5897
f 5897 5968 5969
f 5897 5969 5898
f 5898 5969 5970
f 5898 5970 5899
f 5899 5970 5971
f 5899 5971 5900
f 5900 5971 5972
f 5900 5972 5901
f 5901 5972 5973
f 5901 5973 5902
f 5902 5973 5974
f 5902 5974 5903
f 5903 5974 5975
f 5903 5975 5904
f 5904 5975 5976
f 5904 5976 5833
f 5833 5976 5905
f 5905 5977 5906
f 5906 5977 5978
f 5906 5978 5907
f 5907 5978 5979
f 5907 5979 5908
f 5908 5979 5980
f 5908 5980 5909
f 5909 5980 5981
f 5909 5981 5910
f 5910 5981 5982
f 5910 5982 5911
f 5911 5982 5983
f 5911 5983 5912
f 5912 5983 5984
f 5912 5984 5913
f 5913 5984 5985
f 5913 5985 5914
f 5914 5985 5986
f 5914 5986 5915
f 5915 5986 5987
f 5915 5987 5916
f 5916 5987 5988
f 5916 5988 5917
f 5917 5988 5989
f 5917 5989 5918
f 5918 5989 5990
f 5918 5990 5919
f 5919 5990 5991
f 5919 5991 5920
f 5920 5991 5992
f 5920 5992 5921
f 5921 5992 5993
f 5921 5993 5922
f 5922 5993 5994
f 5922 5994 5923
f 5923 5994 5995
f 5923 5995 5924
f 5924 5995 5996
f 5924 5996 5925
f 5925 5996 5997
f 5925 5997 5926
f 5926 5997 5998
f 5926 5998 5927
f 5927 5998 5999
f 5927 5999 5928
f 5928 5999 6000
f 5928 6000 5929
f 5929 6000 6001
f 5929 6001 5930
f 5930 6001 6002
f 5930 6002 5931
f 5931 6002 6003
f 5931 6003 5932
f 5932 6003 6004
f 5932 6004 5933
f 5933 6004 6005
f 5933 6005 5934
f 5934 6005 6006
f 5934 6006 5935
f 5935 6006 6007
f 5935 6007 5936
f 5936 6007 6008
f 5936 6008 5937
f 5937 6008 6009
f 5937 6009 5938
f 5938 6009 6010
f 5938 6010 5939
f 5939 6010 6011
f 5939 6011 5940
f 5940 6011 6012
f 5940 6012 5941
f 5941 6012 6013
f 5941 6013 5942
f 5942 6013 6014
f 5942 6014 5943
f 5943 6014 6015
f 5943 6015 5944
f 5944 6015 6016
f 5944 6016 5945
f 5945 6016 6017
f 5945 6017 5946
f 5946 6017 6018
f 5946 6018 5947
f 5947 6018 6019
f 5947 6019 5948
f 5948 6019 6020
f 5948 6020 5949
f 5949 6020 6021
f 5949 6021 5950
f 5950 6021 6022
f 5950 6022 5951
f 5951 6022 6023
f 5951 6023 5952
f 5952 6023 6024
f 5952 6024 5953
f 5953 6024 6025
f 5953 6025 5954
f 5954 6025 6026
f 5954 6026 5955
f 5955 6026 6027
f 5955 6027 5956
f 5956 6027 6028
f 5956 6028 5957
f 5957 6028 6029
f 5957 6029 5958
f 5958 6029 6030
f 5958 6030 5959
f 5959 6030 6031
f 5959 6031 5960
f 5960 6031 6032
f 5960 6032 5961
f 5961 6032 6033
f 5961 6033 5962
f 5962 6033 6034
f 5962 6034 5963
f 5963 6034 6035
f 5963 6035 5964
f 5964 6035 6036
f 5964 6036 5965
f 5965 6036 6037
f 5965 6037 5966
f 5966 6037 6038
f 5966 6038 5967
f 5967 6038 6039
f 5967 6039 5968
f 5968 6039 6040
f 5968 6040 5969
f 5969 6040 6041
f 5969 6041 5970
f 5970 6041 6042
f 5970 6042 5971
f 5971 6042 6043
f 5971 6043 5972
f 5972 6043 6044
f 5972 6044 5973
f 5973 6044 6045
f 5973 6045 5974
f 5974 6045 6046
f 5974 6046 5975
f 5975 6046 6047
f 5975 6047 5976
f 5976 6047 6048
f 5976 6048 5905
f 5905 6048 5977
f 5977 6049 5978
f 5978 6049 6050
f 5978 6050 5979
f 5979 6050 6051
f 5979 6051 5980
f 5980 6051 6052
f 5980 6052 5981
f 5981 6052 6053
f 5981 6053 5982
f 5982 6053 6054
f 5982 6054 5983
f 5983 6054 6055
f 5983 6055 5984
f 5984 6055 6056
f 5984 6056 5985
f 5985 6056 6057
f 5985 6057 5986
f 5986 6057 6058
f 5986 6058 5987
f 5987 6058 6059
f 5987 6059 5988
f 5988 6059 6060
f 5988 6060 5989
f 5989 6060 6061
f 5989 6061 5990
f 5990 6061 6062
f 5990 6062 5991
f 5991 6062 6063
f 5991 6063 5992
f 5992 6063 6064
f 5992 6064 5993
f 5993 6064 6065
f 5993 6065 5994
f 5994 6065 6066
f 5994 6066 5995
f 5995 6066 6067
f 5995 6067 5996
f 5996 6067 6068
f 5996 6068 5997
f 5997 6068 6069
f 5997 6069 5998
f 5998 6069 6070
f 5998 6070 5999
f 5999 6070 6071
f 5999 6071 6000
f 6000 6071 6072
f 6000 6072 6001
f 6001 6072 6073
f 6001 6073 6002
f 6002 6073 6074
f 6002 6074 6003
f 6003 6074 6075
f 6003 6075 6004
f 6004 6075 6076
f 6004 6076 6005
f 6005 6076 6077
f 6005 6077 6006
f 6006 6077 6078
f 6006 6078 6007
f 6007 6078 6079
f 6007 6079 6008
f 6008 6079 6080
f 6008 6080 6009
f 6009 6080 6081
f 6009 6081 6010
f 6010 6081 6082
f 6010 6082 6011
f 6011 6082 6083
f 6011 6083 6012
f 6012 6083 6084
f 6012 6084 6013
f 6013 6084 6085
f 6013 6085 6014
f 6014 6085 6086
f 6014 6086 6015
f 6015 6086 6087
f 6015 6087 6016
f 6016 6087 6088
f 6016 6088 6017
f 6017 6088 6089
f 6017 6089 6018
f 6018 6089 6090
f 6018 6090 6019
f 6019 6090 6091
f 6019 6091 6020
f 6020 6091 6092
f 6020 6092 6021
f 6021 6092 6093
f 6021 6093 6022
f 6022 6093 6094
f 6022 6094 6023
f 6023 6094 6095
f 6023 6095 6024
f 6024 6095 6096
f 6024 6096 6025
f 6025 6096 6097
f 6025 6097 6026
f 6026 6097 6098
f 6026 6098 6027
f 6027 6098 6099
f 6027 6099 6028
f 6028 6099 6100
f 6028 6100 6029
f 6029 6100 6101
f 6029 6101 6030
f 6030 6101 6102
f 6030 6102 6031
f 6031 6102 6103
f 6031 6103 6032
f 6032 6103 6104
f 6032 6104 6033
f 6033 6104 6105
f 6033 6105 6034
f 6034 6105 6106
f 6034 6106 6035
f 6035 6106 6107
f 6035 6107 6036
f 6036 6107 6108
f 6036 6108 6037
f 6037 6108 6109
f 6037 6109 6038
f 6038 6109 6110
f 6038 6110 6039
f 6039 6110 6111
f 6039 6111 6040
f 6040 6111 6112
f 6040 6112 6041
f 6041 6112 6113
f 6041 6113 6042
f 6042 6113 6114
f 6042 6114 6043
f 6043 6114 6115
f 6043 6115 6044
f 6044 6115 6116
f 6044 6116 6045
f 6045 6116 6117
f 6045 6117 6046
f 6046 6117 6118
f 6046 6118 6047
f 6047 6118 6119
f 6047 6119 6048
f 6048 6119 6120
f 6048 6120 5977
f 5977 6120 6049
f 6049 6121 6050
f 6050 6121 6122
f 6050 6122 6051
f 6051 6122 6123
f 6051 6123 6052
f 6052 6123 6124
f 6052 6124 6053
f 6053 6124 6125
f 6053 6125 6054
f 6054 6125 6126
f 6054 6126 6055
f 6055 6126 6127
f 6055 6127 6056
f 6056 6127 6128
f 6056 6128 6057
f 6057 6128 6129
f 6057 6129 6058
f 6058 6129 6130
f 6058 6130 6059
f 6059 6130 6131
f 6059 6131 6060
f 6060 6131 6132
f 6060 6132 6061
f 6061 6132 6133
f 6061 6133 6062
f 6062 6133 6134
f 6062 6134 6063
f 6063 6134 6135
f 6063 6135 6064
f 6064 6135 6136
f 6064 6136 6065
f 6065 6136 6137
f 6065 6137 6066
f 6066 6137 6138
f 6066 6138 6067
f 6067 6138 6139
f 6067 6139 6068
f 6068 6139 6140
f 6068 6140 6069
f 6069 6140 6141
f 6069 6141 6070
f 6070 6141 6142
f 6070 6142 6071
f 6071 6142 6143
f 6071 6143 6072
f 6072 6143 6144
f 6072 6144 6073
f 6073 6144 6145
f 6073 6145 6074
f 6074 6145 6146
f 6074 6146 6075
f 6075 6146 6147
f 6075 6147 6076
f 6076 6147 6148
f 6076 6148 6077
f 6077 6148 6149
f 6077 6149 6078
f 6078 6149 6150
f 6078 6150 6079
f 6079 6150 6151
f 6079 6151 6080
f 6080 6151 6152
f 6080 6152 6081
f 6081 6152 6153
f 6081 6153 6082
f 6082 6153 6154
f 6082 6154 6083
f 6083 6154 6155
f 6083 6155 6084
f 6084 6155 6156
f 6084 6156 6085
f 6085 6156 6157
f 6085 6157 6086
f 6086 6157 6158
f 6086 6158 6087
f 6087 6158 6159
f 6087 6159 6088
f 6088 6159 6160
f 6088 6160 6089
f 6089 6160 6161
f 6089 6161 6090
f 6090 6161 6162
f 6090 6162 6091
f 6091 6162 6163
f 6091 6163 6092
f 6092 6163 6164
f 6092 6164 6093
f 6093 6164 6165
f 6093 6165 6094
f 6094 6165 6166
f 6094 6166 6095
f 6095 6166 6167
f 6095 6167 6096
f 6096 6167 6168
f 6096 6168 6097
f 6097 6168 6169
f 6097 6169 6098
f 6098 6169 6170
f 6098 6170 6099
f 6099 6170 6171
f 6099 6171 6100
f 6100 6171 6172
f 6100 6172 6101
f 6101 6172 6173
f 6101 6173 6102
f 6102 6173 6174
f 6102 6174 6103
f 6103 6174 6175
f 6103 6175 6104
f 6104 6175 6176
f 6104 6176 6105
f 6105 6176 6177
f 6105 6177 6106
f 6106 6177 6178
f 6106 6178 6107
f 6107 6178 6179
f 6107 6179 6108
f 6108 6179 6180
f 6108 6180 6109
f 6109 6180 6181
f 6109 6181 6110
f 6110 6181 6182
f 6110 6182 6111
f 6111 6182 6183
f 6111 6183 6112
f 6112 6183 6184
f 6112 6184 6113
f 6113 6184 6185
f 6113 6185 6114
f 6114 6185 6186
f 6114 6186 6115
f 6115 6186 6187
f 6115 6187 6116
f 6116 6187 6188
f 6116 6188 6117
f 6117 6188 6189
f 6117 6189 6118
f 6118 6189 6190
f 6118 6190 6119
f 6119 6190 6191
f 6119 6191 6120
f 6120 6191 6192
f 6120 6192 6049
f 6049 6192 6121
f 6121 6193 6122
f 6122 6193 6194
f 6122 6194 6123
f 6123 6194 6195
f 6123 6195 6124
f 6124 6195 6196
f 6124 6196 6125
f 6125 6196 6197
f 6125 6197 6126
f 6126 6197 6198
f 6126 6198 6127
f 6127 6198 6199
f 6127 6199 6128
f 6128 6199 6200
f 6128 6200 6129
f 6129 6200 6201
f 6129 6201 6130
f 6130 6201 6202
f 6130 6202 6131
f 6131 6202 6203
f 6131 6203 6132
f 6132 6203 6204
f 6132 6204 6133
f 6133 6204 6205
f 6133 6205 6134
f 6134 6205 6206
f 6134 6206 6135
f 6135 6206 6207
f 6135 6207 6136
f 6136 6207 6208
f 6136 6208 6137
f 6137 6208 6209
f 6137 6209 6138
f 6138 6209 6210
f 6138 6210 6139
f 6139 6210 6211
f 6139 6211 6140
f 6140 6211 6212
f 6140 6212 6141
f 6141 6212 6213
f 6141 6213 6142
f 6142 6213 6214
f 6142 6214 6143
f 6143 6214 6215
f 6143 6215 6144
f 6144 6215 6216
f 6144 6216 6145
f 6145 6216 6217
f 6145 6217 6146
f 6146 6217 6218
f 6146 6218 6147
f 6147 6218 6219
f 6147 6219 6148
f 6148 6219 6220
f 6148 6220 6149
f 6149 6220 6221
f 6149 6221 6150
f 6150 6221 6222
f 6150 6222 6151
f 6151 6222 6223
f 6151 6223 6152
f 6152 6223 6224
f 6152 6224 6153
f 6153 6224 6225
f 6153 6225 6154
f 6154 6225 6226
f 6154 6226 6155
f 6155 6226 6227
f 6155 6227 6156
f 6156 6227 6228
f 6156 6228 6157
f 6157 6228 6229
f 6157 6229 6158
f 6158 6229 6230
f 6158 6230 6159
f 6159 6230 6231
f 6159 6231 6160
f 6160 6231 6232
f 6160 6232 6161
f 6161 6232 6233
f 6161 6233 6162
f 6162 6233 6234
f 6162 6234 6163
f 6163 6234 6235
f 6163 6235 6164
f 6164 6235 6236
f 6164 6236 6165
f 6165 6236 6237
f 6165 6237 6166
f 6166 6237 6238
f 6166 6238 6167
f 6167 6238 6239
f 6167 6239 6168
f 6168 6239 6240
f 6168 6240 6169
f 6169 6240 6241
f 6169 6241 6170
f 6170 6241 6242
f 6170 6242 6171
f 6171 6242 6243
f 6171 6243 6172
f 6172 6243 6244
f 6172 6244 6173
f 6173 6244 6245
f 6173 6245 6174
f 6174 6245 6246
f 6174 6246 6175
f 6175 6246 6247
f 6175 6247 6176
f 6176 6247 6248
f 6176 6248 6177
f 6177 6248 6249
f 6177 6249 6178
f 6178 6249 6250
f 6178 6250 6179
f 6179 6250 6251
f 6179 6251 6180
f 6180 6251 6252
f 6180 6252 6181
f 6181 6252 6253
f 6181 6253 6182
f 6182 6253 6254
f 6182 6254 6183
f 6183 6254 6255
f 6183 6255 6184
f 6184 6255 6256
f 6184 6256 6185
f 6185 6256 6257
f 6185 6257 6186
f 6186 6257 6258
f 6186 6258 6187
f 6187 6258 6259
f 6187 6259 6188
f 6188 6259 6260
f 6188 6260 6189
f 6189 6260 6261
f 6189 6261 6190
f 6190 6261 6262
f 6190 6262 6191
f 6191 6262 6263
f 6191 6263 6192
f 6192 6263 6264
f 6192 6264 6121
f 6121 6264 6193
f 6193 6265 6194
f 6194 6265 6266
f 6194 6266 6195
f 6195 6266 6267
f 6195 6267 6196
f 6196 6267 6268
f 6196 6268 6197
f 6197 6268 6269
f 6197 6269 6198
f 6198 6269 6270
f 6198 6270 6199
f 6199 6270 6271
f 6199 6271 6200
f 6200 6271 6272
f 6200 6272 6201
f 6201 6272 6273
f 6201 6273 6202
f 6202 6273 6274
f 6202 6274 6203
f 6203 6274 6275
f 6203 6275 6204
f 6204 6275 6276
f 6204 6276 6205
f 6205 6276 6277
f 6205 6277 6206
f 6206 6277 6278
f 6206 6278 6207
f 6207 6278 6279
f 6207 6279 6208
f 6208 6279 6280
f 6208 6280 6209
f 6209 6280 6281
f 6209 6281 6210
f 6210 6281 6282
f 6210 6282 6211
f 6211 6282 6283
f 6211 6283 6212
f 6212 6283 6284
f 6212 6284 6213
f 6213 6284 6285
f 6213 6285 6214
f 6214 6285 6286
f 6214 6286 6215
f 6215 6286 6287
f 6215 6287 6216
f 6216 6287 6288
f 6216 6288 6217
f 6217 6288 6289
f 6217 6289 6218
f 6218 6289 6290
f 6218 6290 6219
f 6219 6290 6291
f 6219 6291 6220
f 6220 6291 6292
f 6220 6292 6221
f 6221 6292 6293
f 6221 6293 6222
f 6222 6293 6294
f 6222 6294 6223
f 6223 6294 6295
f 6223 6295 6224
f 6224 6295 6296
f 6224 6296 6225
f 6225 6296 6297
f 6225 6297 6226
f 6226 6297 6298
f 6226 6298 6227
f 6227 6298 6299
f 6227 6299 6228
f 6228 6299 6300
f 6228 6300 6229
f 6229 6300 6301
f 6229 6301 6230
f 6230 6301 6302
f 6230 6302 6231
f 6231 6302 6303
f 6231 6303 6232
f 6232 6303 6304
f 6232 6304 6233
f 6233 6304 6305
f 6233 6305 6234
f 6234 6305 6306
f 6234 6306 6235
f 6235 6306 6307
f 6235 6307 6236
f 6236 6307 6308
f 6236 6308 6237
f 6237 6308 6309
f 6237 6309 6238
f 6238 6309 6310
f 6238 6310 6239
f 6239 6310 6311
f 6239 6311 6240
f 6240 6311 6312
f 6240 6312 6241
f 6241 6312 6313
f 6241 6313 6242
f 6242 6313 6314
f 6242 6314 6243
f 6243 6314 6315
f 6243 6315 6244
f 6244 6315 6316
f 6244 6316 6245
f 6245 6316 6317
f 6245 6317 6246
f 6246 6317 6318
f 6246 6318 6247
f 6247 6318 6319
f 6247 6319 6248
f 6248 6319 6320
f 6248 6320 6249
f 6249 6320 6321
f 6249 6321 6250
f 6250 6321 6322
f 6250 6322 6251
f 6251 6322 6323
f 6251 6323 6252
f 6252 6323 6324
f 6252 6324 6253
f 6253 6324 6325
f 6253 6325 6254
f 6254 6325 6326
f 6254 6326 6255
f 6255 6326 6327
f 6255 6327 6256
f 6256 6327 6328
f 6256 6328 6257
f 6257 6328 6329
f 6257 6329 6258
f 6258 6329 6330
f 6258 6330 6259
f 6259 6330 6331
f 6259 6331 6260
f 6260 6331 6332
f 6260 6332 6261
f 6261 6332 6333
f 6261 6333 6262
f 6262 6333 6334
f 6262 6334 6263
f 6263 6334 6335
f 6263 6335 6264
f 6264 6335 6336
f 6264 6336 6193
f 6193 6336 6265
f 6265 6337 6266
f 6266 6337 6338
f 6266 6338 6267
f 6267 6338 6339
f 6267 6339 6268
f 6268 6339 6340
f 6268 6340 6269
f 6269 6340 6341
f 6269 6341 6270
f 6270 6341 6342
f 6270 6342 6271
f 6271 6342 6343
f 6271 6343 6272
f 6272 6343 6344
f 6272 6344 6273
f 6273 6344 6345
f 6273 6345 6274
f 6274 6345 6346
f 6274 6346 6275
f 6275 6346 6347
f 6275 6347 6276
f 6276 6347 6348
f 6276 6348 6277
f 6277 6348 6349
f 6277 6349 6278
f 6278 6349 6350
f 6278 6350 6279
f 6279 6350 6351
f 6279 6351 6280
f 6280 6351 6352
f 6280 6352 6281
f 6281 6352 6353
f 6281 6353 6282
f 6282 6353 6354
f 6282 6354 6283
f 6283 6354 6355
f 6283 6355 6284
f 6284 6355 6356
f 6284 6356 6285
f 6285 6356 6357
f 6285 6357 6286
f 6286 6357 6358
f 6286 6358 6287
f 6287 6358 6359
f 6287 6359 6288
f 6288 6359 6360
f 6288 6360 6289
f 6289 6360 6361
f 6289 6361 6290
f 6290 6361 6362
f 6290 6362 6291
f 6291 6362 6363
f 6291 6363 6292
f 6292 6363 6364
f 6292 6364 6293
f 6293 6364 6365
f 6293 6365 6294
f 6294 6365 6366
f 6294 6366 6295
f 6295 6366 6367
f 6295 6367 6296
f 6296 6367 6368
f 6296 6368 6297
f 6297 6368 6369
f 6297 6369 6298
f 6298 6369 6370
f 6298 6370 6299
f 6299 6370 6371
f 6299 6371 6300
f 6300 6371 6372
f 6300 6372 6301
f 6301 6372 6373
f 6301 6373 6302
f 6302 6373 6374
f 6302 6374 6303
f 6303 6374 6375
f 6303 6375 6304
f 6304 6375 6376
f 6304 6376 6305
f 6305 6376 6377
f 6305 6377 6306
f 6306 6377 6378
f 6306 6378 6307
f 6307 6378 6379
f 6307 6379 6308
f 6308 6379 6380
f 6308 6380 6309
f 6309 6380 6381
f 6309 6381 6310
f 6310 6381 6382
f 6310 6382 6311
f 6311 6382 6383
f 6311 6383 6312
f 6312 6383 6384
f 6312 6384 6313
f 6313 6384 6385
f 6313 6385 6314
f 6314 6385 6386
f 6314 6386 6315
f 6315 6386 6387
f 6315 6387 6316
f 6316 6387 6388
f 6316 6388 6317
f 6317 6388 6389
f 6317 6389 6318
f 6318 6389 6390
f 6318 6390 6319
f 6319 6390 6391
f 6319 6391 6320
f 6320 6391 6392
f 6320 6392 6321
f 6321 6392 6393
f 6321 6393 6322
f 6322 6393 6394
f 6322 6394 6323
f 6323 6394 6395
f 6323 6395 6324
f 6324 6395 6396
f 6324 6396 6325
f 6325 6396 6397
f 6325 6397 6326
f 6326 6397 6398
f 6326 6398 6327
f 6327 6398 6399
f 6327 6399 6328
f 6328 6399 6400
f 6328 6400 6329
f 6329 6400 6401
f 6329 6401 6330
f 6330 6401 6402
f 6330 6402 6331
f 6331 6402 6403
f 6331 6403 6332
f 6332 6403 6404
f 6332 6404 6333
f 6333 6404 6405
f 6333 6405 6334
f 6334 6405 6406
f 6334 6406 6335
f 6335 6406 6407
f 6335 6407 6336
f 6336 6407 6408
f 6336 6408 6265
f 6265 6408 6337
f 6337 6409 6338
f 6338 6409 6410
f 6338 6410 6339
f 6339 6410 6411
f 6339 6411 6340
f 6340 6411 6412
f 6340 6412 6341
f 6341 6412 6413
f 6341 6413 6342
f 6342 6413 6414
f 6342 6414 6343
f 6343 6414 6415
f 6343 6415 6344
f 6344 6415 6416
f 6344 6416 6345
f 6345 6416 6417
f 6345 6417 6346
f 6346 6417 6418
f 6346 6418 6347
f 6347 6418 6419
f 6347 6419 6348
f 6348 6419 6420
f 6348 6420 6349
f 6349 6420 6421
f 6349 6421 6350
f 6350 6421 6422
f 6350 6422 6351
f 6351 6422 6423
f 6351 6423 6352
f 6352 6423 6424
f 6352 6424 6353
f 6353 6424 6425
f 6353 6425 6354
f 6354 6425 6426
f 6354 6426 6355
f 6355 6426 6427
f 6355 6427 6356
f 6356 6427 6428
f 6356 6428 6357
f 6357 6428 6429
f 6357 6429 6358
f 6358 6429 6430
f 6358 6430 6359
f 6359 6430 6431
f 6359 6431 6360
f 6360 6431 6432
f 6360 6432 6361
f 6361 6432 6433
f 6361 6433 6362
f 6362 6433 6434
f 6362 6434 6363
f 6363 6434 6435
f 6363 6435 6364
f 6364 6435 6436
f 6364 6436 6365
f 6365 6436 6437
f 6365 6437 6366
f 6366 6437 6438
f 6366 6438 6367
f 6367 6438 6439
f 6367 6439 6368
f 6368 6439 6440
f 6368 6440 6369
f 6369 6440 6441
f 6369 6441 6370
f 6370 6441 6442
f 6370 6442 6371
f 6371 6442 6443
f 6371 6443 6372
f 6372 6443 6444
f 6372 6444 6373
f 6373 6444 6445
f 6373 6445 6374
f 6374 6445 6446
f 6374 6446 6375
f 6375 6446 6447
f 6375 6447 6376
f 6376 6447 6448
f 6376 6448 6377
f 6377 6448 6449
f 6377 6449 6378
f 6378 6449 6450
f 6378 6450 6379
f 6379 6450 6451
f 6379 6451 6380
f 6380 6451 6452
f 6380 6452 6381
f 6381 6452 6453
f 6381 6453 6382
f 6382 6453 6454
f 6382 6454 6383
f 6383 6454 6455
f 6383 6455 6384
f 6384 6455 6456
f 6384 6456 6385
f 6385 6456 6457
f 6385 6457 6386
f 6386 6457 6458
f 6386 6458 6387
f 6387 6458 6459
f 6387 6459 6388
f 6388 6459 6460
f 6388 6460 6389
f 6389 6460 6461
f 6389 6461 6390
f 6390 6461 6462
f 6390 6462 6391
f 6391 6462 6463
f 6391 6463 6392
f 6392 6463 6464
f 6392 6464 6393
f 6393 6464 6465
f 6393 6465 6394
f 6394 6465 6466
f 6394 6466 6395
f 6395 6466 6467
f 6395 6467 6396
f 6396 6467 6468
f 6396 6468 6397
f 6397 6468 6469
f 6397 6469 6398
f 6398 6469 6470
f 6398 6470 6399
f 6399 6470 6471
f 6399 6471 6400
f 6400 6471 6472
f 6400 6472 6401
f 6401 6472 6473
f 6401 6473 6402
f 6402 6473 6474
f 6402 6474 6403
f 6403 6474 6475
f 6403 6475 6404
f 6404 6475 6476
f 6404 6476 6405
f 6405 6476 6477
f 6405 6477 6406
f 6406 6477 6478
f 6406 6478 6407
f 6407 6478 6479
f 6407 6479 6408
f 6408 6479 6480
f 6408 6480 6337
f 6337 6480 6409
f 6409 6481 6410
f 6410 6481 6482
f 6410 6482 6411
f 6411 6482 6483
f 6411 6483 6412
f 6412 6483 6484
f 6412 6484 6413
f 6413 6484 6485
f 6413 6485 6414
f 6414 6485 6486
f 6414 6486 6415
f 6415 6486 6487
f 6415 6487 6416
f 6416 6487 6488
f 6416 6488 6417
f 6417 6488 6489
f 6417 6489 6418
f 6418 6489 6490
f 6418 6490 6419
f 6419 6490 6491
f 6419 6491 6420
f 6420 6491 6492
f 6420 6492 6421
f 6421 6492 6493
f 6421 6493 6422
f 6422 6493 6494
f 6422 6494 6423
f 6423 6494 6495
f 6423 6495 6424
f 6424 6495 6496
f 6424 6496 6425
f 6425 6496 6497
f 6425 6497 6426
f 6426 6497 6498
f 6426 6498 6427
f 6427 6498 6499
f 6427 6499 6428
f 6428 6499 6500
f 6428 6500 6429
f 6429 6500 6501
f 6429 6501 6430
f 6430 6501 6502
f 6430 6502 6431
f 6431 6502 6503
f 6431 6503 6432
f 6432 6503 6504
f 6432 6504 6433
f 6433 6504 6505
f 6433 6505 6434
f 6434 6505 6506
f 6434 6506 6435
f 6435 6506 6507
f 6435 6507 6436
f 6436 6507 6508
f 6436 6508 6437
f 6437 6508 6509
f 6437 6509 6438
f 6438 6509 6510
f 6438 6510 6439
f 6439 6510 6511
f 6439 6511 6440
f 6440 6511 6512
f 6440 6512 6441
f 6441 6512 6513
f 6441 6513 6442
f 6442 6513 6514
f 6442 6514 6443
f 6443 6514 6515
f 6443 6515 6444
f 6444 6515 6516
f 6444 6516 6445
f 6445 6516 6517
f 6445 6517 6446
f 6446 6517 6518
f 6446 6518 6447
f 6447 6518 6519
f 6447 6519 6448
f 6448 6519 6520
f 6448 6520 6449
f 6449 6520 6521
f 6449 6521 6450
f 6450 6521 6522
f 6450 6522 6451
f 6451 6522 6523
f 6451 6523 6452
f 6452 6523 6524
f 6452 6524 6453
f 6453 6524 6525
f 6453 6525 6454
f 6454 6525 6526
f 6454 6526 6455
f 6455 6526 6527
f 6455 6527 6456
f 6456 6527 6528
f 6456 6528 6457
f 6457 6528 6529
f 6457 6529 6458
f 6458 6529 6530
f 6458 6530 6459
f 6459 6530 6531
f 6459 6531 6460
f 6460 6531 6532
f 6460 6532 6461
f 6461 6532 6533
f 6461 6533 6462
f 6462 6533 6534
f 6462 6534 6463
f 6463 6534 6535
f 6463 6535 6464
f 6464 6535 6536
f 6464 6536 6465
f 6465 6536 6537
f 6465 6537 6466
f 6466 6537 6538
f 6466 6538 6467
f 6467 6538 6539
f 6467 6539 6468
f 6468 6539 6540
f 6468 6540 6469
f 6469 6540 6541
f 6469 6541 6470
f 6470 6541 6542
f 6470 6542 6471
f 6471 6542 6543
f 6471 6543 6472
f 6472 6543 6544
f 6472 6544 6473
f 6473 6544 6545
f 6473 6545 6474
f 6474 6545 6546
f 6474 6546 6475
f 6475 6546 6547
f 6475 6547 6476
f 6476 6547 6548
f 6476 6548 6477
f 6477 6548 6549
f 6477 6549 6478
f 6478 6549 6550
f 6478 6550 6479
f 6479 6550 6551
f 6479 6551 6480
f 6480 6551 6552
f 6480 6552 6409
f 6409 6552 6481
f 6481 6553 6482
f 6482 6553 6554
f 6482 6554 6483
f 6483 6554 6555
f 6483 6555 6484
f 6484 6555 6556
f 6484 6556 6485
f 6485 6556 6557
f 6485 6557 6486
f 6486 6557 6558
f 6486 6558 6487
f 6487 6558 6559
f 6487 6559 6488
f 6488 6559 6560
f 6488 6560 6489
f 6489 6560 6561
f 6489 6561 6490
f 6490 6561 6562
f 6490 6562 6491
f 6491 6562 6563
f 6491 6563 6492
f 6492 6563 6564
f 6492 6564 6493
f 6493 6564 6565
f 6493 6565 6494
f 6494 6565 6566
f 6494 6566 6495
f 6495 6566 6567
f 6495 6567 6496
f 6496 6567 6568
f 6496 6568 6497
f 6497 6568 6569
f 6497 6569 6498
f 6498 6569 6570
f 6498 6570 6499
f 6499 6570 6571
f 6499 6571 6500
f 6500 6571 6572
f 6500 6572 6501
f 6501 6572 6573
f 6501 6573 6502
f 6502 6573 6574
f 6502 6574 6503
f 6503 6574 6575
f 6503 6575 6504
f 6504 6575 6576
f 6504 6576 6505
f 6505 6576 6577
f 6505 6577 6506
f 6506 6577 6578
f 6506 6578 6507
f 6507 6578 6579
f 6507 6579 6508
f 6508 6579 6580
f 6508 6580 6509
f 6509 6580 6581
f 6509 6581 6510
f 6510 6581 6582
f 6510 6582 6511
f 6511 6582 6583
f 6511 6583 6512
f 6512 6583 6584
f 6512 6584 6513
f 6513 6584 6585
f 6513 6585 6514
f 6514 6585 6586
f 6514 6586 6515
f 6515 6586 6587
f 6515 6587 6516
f 6516 6587 6588
f 6516 6588 6517
f 6517 6588 6589
f 6517 6589 6518
f 6518 6589 6590
f 6518 6590 6519
f 6519 6590 6591
f 6519 6591 6520
f 6520 6591 6592
f 6520 6592 6521
f 6521 6592 6593
f 6521 6593 6522
f 6522 6593 6594
f 6522 6594 6523
f 6523 6594 6595
f 6523 6595 6524
f 6524 6595 6596
f 6524 6596 6525
f 6525 6596 6597
f 6525 6597 6526
f 6526 6597 6598
f 6526 6598 6527
f 6527 6598 6599
f 6527 6599 6528
f 6528 6599 6600
f 6528 6600 6529
f 6529 6600 6601
f 6529 6601 6530
f 6530 6601 6602
f 6530 6602 6531
f 6531 6602 6603
f 6531 6603 6532
f 6532 6603 6604
f 6532 6604 6533
f 6533 6604 6605
f 6533 6605 6534
f 6534 6605 6606
f 6534 6606 6535
f 6535 6606 6607
f 6535 6607 6536
f 6536 6607 6608
f 6536 6608 6537
f 6537 6608 6609
f 6537 6609 6538
f 6538 6609 6610
f 6538 6610 6539
f 6539 6610 6611
f 6539 6611 6540
f 6540 6611 6612
f 6540 6612 6541
f 6541 6612 6613
f 6541 6613 6542
f 6542 6613 6614
f 6542 6614 6543
f 6543 6614 6615
f 6543 6615 6544
f 6544 6615 6616
f 6544 6616 6545
f 6545 6616 6617
f 6545 6617 6546
f 6546 6617 6618
f 6546 6618 6547
f 6547 6618 6619
f 6547 6619 6548
f 6548 6619 6620
f 6548 6620 6549
f 6549 6620 6621
f 6549 6621 6550
f 6550 6621 6622
f 6550 6622 6551
f 6551 6622 6623
f 6551 6623 6552
f 6552 6623 6624
f 6552 6624 6481
f 6481 6624 6553
f 6553 6625 6554
f 6554 6625 6626
f 6554 6626 6555
f 6555 6626 6627
f 6555 6627 6556
f 6556 6627 6628
f 6556 6628 6557
f 6557 6628 6629
f 6557 6629 6558
f 6558 6629 6630
f 6558 6630 6559
f 6559 6630 6631
f 6559 6631 6560
f 6560 6631 6632
f 6560 6632 6561
f 6561 6632 6633
f 6561 6633 6562
f 6562 6633 6634
f 6562 6634 6563
f 6563 6634 6635
f 6563 6635 6564
f 6564 6635 6636
f 6564 6636 6565
f 6565 6636 6637
f 6565 6637 6566
f 6566 6637 6638
f 6566 6638 6567
f 6567 6638 6639
f 6567 6639 6568
f 6568 6639 6640
f 6568 6640 6569
f 6569 6640 6641
f 6569 6641 6570
f 6570 6641 6642
f 6570 6642 6571
f 6571 6642 6643
f 6571 6643 6572
f 6572 6643 6644
f 6572 6644 6573
f 6573 6644 6645
f 6573 6645 6574
f 6574 6645 6646
f 6574 6646 6575
f 6575 6646 6647
f 6575 6647 6576
f 6576 6647 6648
f 6576 6648 6577
f 6577 6648 6649
f 6577 6649 6578
f 6578 6649 6650
f 6578 6650 6579
f 6579 6650 6651
f 6579 6651 6580
f 6580 6651 6652
f 6580 6652 6581
f 6581 6652 6653
f 6581 6653 6582
f 6582 6653 6654
f 6582 6654 6583
f 6583 6654 6655
f 6583 6655 6584
f 6584 6655 6656
f 6584 6656 6585
f 6585 6656 6657
f 6585 6657 6586
f 6586 6657 6658
f 6586 6658 6587
f 6587 6658 6659
f 6587 6659 6588
f 6588 6659 6660
f 6588 6660 6589
f 6589 6660 6661
f 6589 6661 6590
f 6590 6661 6662
f 6590 6662 6591
f 6591 6662 6663
f 6591 6663 6592
f 6592 6663 6664
f 6592 6664 6593
f 6593 6664 6665
f 6593 6665 6594
f 6594 6665 6666
f 6594 6666 6595
f 6595 6666 6667
f 6595 6667 6596
f 6596 6667 6668
f 6596 6668 6597
f 6597 6668 6669
f 6597 6669 6598
f 6598 6669 6670
f 6598 6670 6599
f 6599 6670 6671
f 6599 6671 6600
f 6600 6671 6672
f 6600 6672 6601
f 6601 6672 6673
f 6601 6673 6602
f 6602 6673 6674
f 6602 6674 6603
f 6603 6674 6675
f 6603 6675 6604
f 6604 6675 6676
f 6604 6676 6605
f 6605 6676 6677
f 6605 6677 6606
f 6606 6677 6678
f 6606 6678 6607
f 6607 6678 6679
f 6607 6679 6608
f 6608 6679 6680
f 6608 6680 6609
f 6609 6680 6681
f 6609 6681 6610
f 6610 6681 6682
f 6610 6682 6611
f 6611 6682 6683
f 6611 6683 6612
f 6612 6683 6684
f 6612 6684 6613
f 6613 6684 6685
f 6613 6685 6614
f 6614 6685 6686
f 6614 6686 6615
f 6615 6686 6687
f 6615 6687 6616
f 6616 6687 6688
f 6616 6688 6617
f 6617 6688 6689
f 6617 6689 6618
f 6618 6689 6690
f 6618 6690 6619
f 6619 6690 6691
f 6619 6691 6620
f 6620 6691 6692
f 6620 6692 6621
f 6621 6692 6693
f 6621 6693 6622
f 6622 6693 6694
f 6622 6694 6623
f 6623 6694 6695
f 6623 6695 6624
f 6624 6695 6696
f 6624 6696 6553
f 6553 6696 6625
f 6625 6697 6626
f 6626 6697 6698
f 6626 6698 6627
f 6627 6698 6699
f 6627 6699 6628
f 6628 6699 6700
f 6628 6700 6629
f 6629 6700 6701
f 6629 6701 6630
f 6630 6701 6702
f 6630 6702 6631
f 6631 6702 6703
f 6631 6703 6632
f 6632 6703 6704
f 6632 6704 6633
f 6633 6704 6705
f 6633 6705 6634
f 6634 6705 6706
f 6634 6706 6635
f 6635 6706 6707
f 6635 6707 6636
f 6636 6707 6708
f 6636 6708 6637
f 6637 6708 6709
f 6637 6709 6638
f 6638 6709 6710
f 6638 6710 6639
f 6639 6710 6711
f 6639 6711 6640
f 6640 6711 6712
f 6640 6712 6641
f 6641 6712 6713
f 6641 6713 6642
f 6642 6713 6714
f 6642 6714 6643
f 6643 6714 6715
f 6643 6715 6644
f 6644 6715 6716
f 6644 6716 6645
f 6645 6716 6717
f 6645 6717 6646
f 6646 6717 6718
f 6646 6718 6647
f 6647 6718 6719
f 6647 6719 6648
f 6648 6719 6720
f 6648 6720 6649
f 6649 6720 6721
f 6649 6721 6650
f 6650 6721 6722
f 6650 6722 6651
f 6651 6722 6723
f 6651 6723 6652
f 6652 6723 6724
f 6652 6724 6653
f 6653 6724 6725
f 6653 6725 6654
f 6654 6725 6726
f 6654 6726 6655
f 6655 6726 6727
f 6655 6727 6656
f 6656 6727 6728
f 6656 6728 6657
f 6657 6728 6729
f 6657 6729 6658
f 6658 6729 6730
f 6658 6730 6659
f 6659 6730 6731
f 6659 6731 6660
f 6660 6731 6732
f 6660 6732 6661
f 6661 6732 6733
f 6661 6733 6662
f 6662 6733 6734
f 6662 6734 6663
f 6663 6734 6735
f 6663 6735 6664
f 6664 6735 6736
f 6664 6736 6665
f 6665 6736 6737
f 6665 6737 6666
f 6666 6737 6738
f 6666 6738 6667
f 6667 6738 6739
f 6667 6739 6668
f 6668 6739 6740
f 6668 6740 6669
f 6669 6740 6741
f 6669 6741 6670
f 6670 6741 6742
f 6670 6742 6671
f 6671 6742 6743
f 6671 6743 6672
f 6672 6743 6744
f 6672 6744 6673
f 6673 6744 6745
f 6673 6745 6674
f 6674 6745 6746
f 6674 6746 6675
f 6675 6746 6747
f 6675 6747 6676
f 6676 6747 6748
f 6676 6748 6677
f 6677 6748 6749
f 6677 6749 6678
f 6678 6749 6750
f 6678 6750 6679
f 6679 6750 6751
f 6679 6751 6680
f 6680 6751 6752
f 6680 6752 6681
f 6681 6752 6753
f 6681 6753 6682
f 6682 6753 6754
f 6682 6754 6683
f 6683 6754 6755
f 6683 6755 6684
f 6684 6755 6756
f 6684 6756 6685
f 6685 6756 6757
f 6685 6757 6686
f 6686 6757 6758
f 6686 6758 6687
f 6687 6758 6759
f 6687 6759 6688
f 6688 6759 6760
f 6688 6760 6689
f 6689 6760 6761
f 6689 6761 6690
f 6690 6761 6762
f 6690 6762 6691
f 6691 6762 6763
f 6691 6763 6692
f 6692 6763 6764
f 6692 6764 6693
f 6693 6764 6765
f 6693 6765 6694
f 6694 6765 6766
f 6694 6766 6695
f 6695 6766 6767
f 6695 6767 6696
f 6696 6767 6768
f 6696 6768 6625
f 6625 6768 6697
f 6697 6769 6698
f 6698 6769 6770
f 6698 6770 6699
f 6699 6770 6771
f 6699 6771 6700
f 6700 6771 6772
f 6700 6772 6701
f 6701 6772 6773
f 6701 6773 6702
f 6702 6773 6774
f 6702 6774 6703
f 6703 6774 6775
f 6703 6775 6704
f 6704 6775 6776
f 6704 6776 6705
f 6705 6776 6777
f 6705 6777 6706
f 6706 6777 6778
f 6706 6778 6707
f 6707 6778 6779
f 6707 6779 6708
f 6708 6779 6780
f 6708 6780 6709
f 6709 6780 6781
f 6709 6781 6710
f 6710 6781 6782
f 6710 6782 6711
f 6711 6782 6783
f 6711 6783 6712
f 6712 6783 6784
f 6712 6784 6713
f 6713 6784 6785
f 6713 6785 6714
f 6714 6785 6786
f 6714 6786 6715
f 6715 6786 6787
f 6715 6787 6716
f 6716 6787 6788
f 6716 6788 6717
f 6717 6788 6789
f 6717 6789 6718
f 6718 6789 6790
f 6718 6790 6719
f 6719 6790 6791
f 6719 6791 6720
f 6720 6791 6792
f 6720 6792 6721
f 6721 6792 6793
f 6721 6793 6722
f 6722 6793 6794
f 6722 6794 6723
f 6723 6794 6795
f 6723 6795 6724
f 6724 6795 6796
f 6724 6796 6725
f 6725 6796 6797
f 6725 6797 6726
f 6726 6797 6798
f 6726 6798 6727
f 6727 6798 6799
f 6727 6799 6728
f 6728 6799 6800
f 6728 6800 6729
f 6729 6800 6801
f 6729 6801 6730
f 6730 6801 6802
f 6730 6802 6731
f 6731 6802 6803
f 6731 6803 6732
f 6732 6803 6804
f 6732 6804 6733
f 6733 6804 6805
f 6733 6805 6734
f 6734 6805 6806
f 6734 6806 6735
f 6735 6806 6807
f 6735 6807 6736
f 6736 6807 6808
f 6736 6808 6737
f 6737 6808 6809
f 6737 6809 6738
f 6738 6809 6810
f 6738 6810 6739
f 6739 6810 6811
f 6739 6811 6740
f 6740 6811 6812
f 6740 6812 6741
f 6741 6812 6813
f 6741 6813 6742
f 6742 6813 6814
f 6742 6814 6743
f 6743 6814 6815
f 6743 6815 6744
f 6744 6815 6816
f 6744 6816 6745
f 6745 6816 6817
f 6745 6817 6746
f 6746 6817 6818
f 6746 6818 6747
f 6747 6818 6819
f 6747 6819 6748
f 6748 6819 6820
f 6748 6820 6749
f 6749 6820 6821
f 6749 6821 6750
f 6750 6821 6822
f 6750 6822 6751
f 6751 6822 6823
f 6751 6823 6752
f 6752 6823 6824
f 6752 6824 6753
f 6753 6824 6825
f 6753 6825 6754
f 6754 6825 6826
f 6754 6826 6755
f 6755 6826 6827
f 6755 6827 6756
f 6756 6827 6828
f 6756 6828 6757
f 6757 6828 6829
f 6757 6829 6758
f 6758 6829 6830
f 6758 6830 6759
f 6759 6830 6831
f 6759 6831 6760
f 6760 6831 6832
f 6760 6832 6761
f 6761 6832 6833
f 6761 6833 6762
f 6762 6833 6834
f 6762 6834 6763
f 6763 6834 6835
f 6763 6835 6764
f 6764 6835 6836
f 6764 6836 6765
f 6765 6836 6837
f 6765 6837 6766
f 6766 6837 6838
f 6766 6838 6767
f 6767 6838 6839
f 6767 6839 6768
f 6768 6839 6840
f 6768 6840 6697
f 6697 6840 6769
f 6769 6841 6770
f 6770 6841 6842
f 6770 6842 6771
f 6771 6842 6843
f 6771 6843 6772
f 6772 6843 6844
f 6772 6844 6773
f 6773 6844 6845
f 6773 6845 6774
f 6774 6845 6846
f 6774 6846 6775
f 6775 6846 6847
f 6775 6847 6776
f 6776 6847 6848
f 6776 6848 6777
f 6777 6848 6849
f 6777 6849 6778
f 6778 6849 6850
f 6778 6850 6779
f 6779 6850 6851
f 6779 6851 6780
f 6780 6851 6852
f 6780 6852 6781
f 6781 6852 6853
f 6781 6853 6782
f 6782 6853 6854
f 6782 6854 6783
f 6783 6854 6855
f 6783 6855 6784
f 6784 6855 6856
f 6784 6856 6785
f 6785 6856 6857
f 6785 6857 6786
f 6786 6857 6858
f 6786 6858 6787
f 6787 6858 6859
f 6787 6859 6788
f 6788 6859 6860
f 6788 6860 6789
f 6789 6860 6861
f 6789 6861 6790
f 6790 6861 6862
f 6790 6862 6791
f 6791 6862 6863
f 6791 6863 6792
f 6792 6863 6864
f 6792 6864 6793
f 6793 6864 6865
f 6793 6865 6794
f 6794 6865 6866
f 6794 6866 6795
f 6795 6866 6867
f 6795 6867 6796
f 6796 6867 6868
f 6796 6868 6797
f 6797 6868 6869
f 6797 6869 6798
f 6798 6869 6870
f 6798 6870 6799
f 6799 6870 6871
f 6799 6871 6800
f 6800 6871 6872
f 6800 6872 6801
f 6801 6872 6873
f 6801 6873 6802
f 6802 6873 6874
f 6802 6874 6803
f 6803 6874 6875
f 6803 6875 6804
f 6804 6875 6876
f 6804 6876 6805
f 6805 6876 6877
f 6805 6877 6806
f 6806 6877 6878
f 6806 6878 6807
f 6807 6878 6879
f 6807 6879 6808
f 6808 6879 6880
f 6808 6880 6809
f 6809 6880 6881
f 6809 6881 6810
f 6810 6881 6882
f 6810 6882 6811
f 6811 6882 6883
f 6811 6883 6812
f 6812 6883 6884
f 6812 6884 6813
f 6813 6884 6885
f 6813 6885 6814
f 6814 6885 6886
f 6814 6886 6815
f 6815 6886 6887
f 6815 6887 6816
f 6816 6887 6888
f 6816 6888 6817
f 6817 6888 6889
f 6817 6889 6818
f 6818 6889 6890
f 6818 6890 6819
f 6819 6890 6891
f 6819 6891 6820
f 6820 6891 6892
f 6820 6892 6821
f 6821 6892 6893
f 6821 6893 6822
f 6822 6893 6894
f 6822 6894 6823
f 6823 6894 6895
f 6823 6895 6824
f 6824 6895 6896
f 6824 6896 6825
f 6825 6896 6897
f 6825 6897 6826
f 6826 6897 6898
f 6826 6898 6827
f 6827 6898 6899
f 6827 6899 6828
f 6828 6899 6900
f 6828 6900 6829
f 6829 6900 6901
f 6829 6901 6830
f 6830 6901 6902
f 6830 6902 6831
f 6831 6902 6903
f 6831 6903 6832
f 6832 6903 6904
f 6832 6904 6833
f 6833 6904 6905
f 6833 6905 6834
f 6834 6905 6906
f 6834 6906 6835
f 6835 6906 6907
f 6835 6907 6836
f 6836 6907 6908
f 6836 6908 6837
f 6837 6908 6909
f 6837 6909 6838
f 6838 6909 6910
f 6838 6910 6839
f 6839 6910 6911
f 6839 6911 6840
f 6840 6911 6912
f 6840 6912 6769
f 6769 6912 6841
f 6841 6913 6842
f 6842 6913 6914
f 6842 6914 6843
f 6843 6914 6915
f 6843 6915 6844
f 6844 6915 6916
f 6844 6916 6845
f 6845 6916 6917
f 6845 6917 6846
f 6846 6917 6918
f 6846 6918 6847
f 6847 6918 6919
f 6847 6919 6848
f 6848 6919 6920
f 6848 6920 6849
f 6849 6920 6921
f 6849 6921 6850
f 6850 6921 6922
f 6850 6922 6851
f 6851 6922 6923
f 6851 6923 6852
f 6852 6923 6924
f 6852 6924 6853
f 6853 6924 6925
f 6853 6925 6854
f 6854 6925 6926
f 6854 6926 6855
f 6855 6926 6927
f 6855 6927 6856
f 6856 6927 6928
f 6856 6928 6857
f 6857 6928 6929
f 6857 6929 6858
f 6858 6929 6930
f 6858 6930 6859
f 6859 6930 6931
f 6859 6931 6860
f 6860 6931 6932
f 6860 6932 6861
f 6861 6932 6933
f 6861 6933 6862
f 6862 6933 6934
f 6862 6934 6863
f 6863 6934 6935
f 6863 6935 6864
f 6864 6935 6936
f 6864 6936 6865
f 6865 6936 6937
f 6865 6937 6866
f 6866 6937 6938
f 6866 6938 6867
f 6867 6938 6939
f 6867 6939 6868
f 6868 6939 6940
f 6868 6940 6869
f 6869 6940 6941
f 6869 6941 6870
f 6870 6941 6942
f 6870 6942 6871
f 6871 6942 6943
f 6871 6943 6872
f 6872 6943 6944
f 6872 6944 6873
f 6873 6944 6945
f 6873 6945 6874
f 6874 6945 6946
f 6874 6946 6875
f 6875 6946 6947
f 6875 6947 6876
f 6876 6947 6948
f 6876 6948 6877
f 6877 6948 6949
f 6877 6949 6878
f 6878 6949 6950
f 6878 6950 6879
f 6879 6950 6951
f 6879 6951 6880
f 6880 6951 6952
f 6880 6952 6881
f 6881 6952 6953
f 6881 6953 6882
f 6882 6953 6954
f 6882 6954 6883
f 6883 6954 6955
f 6883 6955 6884
f 6884 6955 6956
f 6884 6956 6885
f 6885 6956 6957
f 6885 6957 6886
f 6886 6957 6958
f 6886 6958 6887
f 6887 6958 6959
f 6887 6959 6888
f 6888 6959 6960
f 6888 6960 6889
f 6889 6960 6961
f 6889 6961 6890
f 6890 6961 6962
f 6890 6962 6891
f 6891 6962 6963
f 6891 6963 6892
f 6892 6963 6964
f 6892 6964 6893
f 6893 6964 6965
f 6893 6965 6894
f 6894 6965 6966
f 6894 6966 6895
f 6895 6966 6967
f 6895 6967 6896
f 6896 6967 6968
f 6896 6968 6897
f 6897 6968 6969
f 6897 6969 6898
f 6898 6969 6970
f 6898 6970 6899
f 6899 6970 6971
f 6899 6971 6900
f 6900 6971 6972
f 6900 6972 6901
f 6901 6972 6973
f 6901 6973 6902
f 6902 6973 6974
f 6902 6974 6903
f 6903 6974 6975
f 6903 6975 6904
f 6904 6975 6976
f 6904 6976 6905
f 6905 6976 6977
f 6905 6977 6906
f 6906 6977 6978
f 6906 6978 6907
f 6907 6978 6979
f 6907 6979 6908
f 6908 6979 6980
f 6908 6980 6909
f 6909 6980 6981
f 6909 6981 6910
f 6910 6981 6982
f 6910 6982 6911
f 6911 6982 6983
f 6911 6983 6912
f 6912 6983 6984
f 6912 6984 6841
f 6841 6984 6913
f 6985 2 1
f 6985 3 2
f 6985 4 3
f 6985 5 4
f 6985 6 5
f 6985 7 6
f 6985 8 7
f 6985 9 8
f 6985 10 9
f 6985 11 10
f 6985 12 11
f 6985 13 12
f 6985 14 13
f 6985 15 14
f 6985 16 15
f 6985 17 16
f 6985 18 17
f 6985 19 18
f 6985 20 19
f 6985 21 20
f 6985 22 21
f 6985 23 22
f 6985 24 23
f 6985 25 24
f 6985 26 25
f 6985 27 26
f 6985 28 27
f 6985 29 28
f 6985 30 29
f 6985 31 30
f 6985 32 31
f 6985 33 32
f 6985 34 33
f 6985 35 34
f 6985 36 35
f 6985 37 36
f 6985 38 37
f 6985 39 38
f 6985 40 39
f 6985 41 40
f 6985 42 41
f 6985 43 42
f 6985 44 43
f 6985 45 44
f 6985 46 45
f 6985 47 46
f 6985 48 47
f 6985 49 48
f 6985 50 49
f 6985 51 50
f 6985 52 51
f 6985 53 52
f 6985 54 53
f 6985 55 54
f 6985 56 55
f 6985 57 56
f 6985 58 57
f 6985 59 58
f 6985 60 59
f 6985 61 60
f 6985 62 61
f 6985 63 62
f 6985 64 63
f 6985 65 64
f 6985 66 65
f 6985 67 66
f 6985 68 67
f 6985 69 68
f 6985 70 69
f 6985 71 70
f 6985 72 71
f 6985 1 72
