# Generated by vasegen.py
v 25.353782 0.000000 0.000000
v 25.257303 2.209728 0.000000
v 24.968601 4.402638 0.000000
v 24.489873 6.562042 0.000000
v 23.824762 8.671504 0.000000
v 22.978330 10.714971 0.000000
v 21.957019 12.676891 0.000000
v 20.768603 14.542332 0.000000
v 19.422124 16.297097 0.000000
v 17.927831 17.927831 0.000000
v 16.297097 19.422124 0.000000
v 14.542332 20.768603 0.000000
v 12.676891 21.957019 0.000000
v 10.714971 22.978330 0.000000
v 8.671504 23.824762 0.000000
v 6.562042 24.489873 0.000000
v 4.402638 24.968601 0.000000
v 2.209728 25.257303 0.000000
v 0.000000 25.353782 0.000000
v -2.209728 25.257303 0.000000
v -4.402638 24.968601 0.000000
v -6.562042 24.489873 0.000000
v -8.671504 23.824762 0.000000
v -10.714971 22.978330 0.000000
v -12.676891 21.957019 0.000000
v -14.542332 20.768603 0.000000
v -16.297097 19.422124 0.000000
v -17.927831 17.927831 0.000000
v -19.422124 16.297097 0.000000
v -20.768603 14.542332 0.000000
v -21.957019 12.676891 0.000000
v -22.978330 10.714971 0.000000
v -23.824762 8.671504 0.000000
v -24.489873 6.562042 0.000000
v -24.968601 4.402638 0.000000
v -25.257303 2.209728 0.000000
v -25.353782 0.000000 0.000000
v -25.257303 -2.209728 0.000000
v -24.968601 -4.402638 0.000000
v -24.489873 -6.562042 0.000000
v -23.824762 -8.671504 0.000000
v -22.978330 -10.714971 0.000000
v -21.957019 -12.676891 0.000000
v -20.768603 -14.542332 0.000000
v -19.422124 -16.297097 0.000000
v -17.927831 -17.927831 0.000000
v -16.297097 -19.422124 0.000000
v -14.542332 -20.768603 0.000000
v -12.676891 -21.957019 0.000000
v -10.714971 -22.978330 0.000000
v -8.671504 -23.824762 0.000000
v -6.562042 -24.489873 0.000000
v -4.402638 -24.968601 0.000000
v -2.209728 -25.257303 0.000000
v -0.000000 -25.353782 0.000000
v 2.209728 -25.257303 0.000000
v 4.402638 -24.968601 0.000000
v 6.562042 -24.489873 0.000000
v 8.671504 -23.824762 0.000000
v 10.714971 -22.978330 0.000000
v 12.676891 -21.957019 0.000000
v 14.542332 -20.768603 0.000000
v 16.297097 -19.422124 0.000000
v 17.927831 -17.927831 0.000000
v 19.422124 -16.297097 0.000000
v 20.768603 -14.542332 0.000000
v 21.957019 -12.676891 0.000000
v 22.978330 -10.714971 0.000000
v 23.824762 -8.671504 0.000000
v 24.489873 -6.562042 0.000000
v 24.968601 -4.402638 0.000000
v 25.257303 -2.209728 0.000000
v 25.728547 0.000000 2.500000
v 25.630642 2.242391 2.500000
v 25.337672 4.467715 2.500000
v 24.851868 6.659038 2.500000
v 24.176925 8.799681 2.500000
v 23.317982 10.873354 2.500000
v 22.281575 12.864273 2.500000
v 21.075592 14.757288 2.500000
v 19.709210 16.537991 2.500000
v 18.192830 18.192830 2.500000
v 16.537991 19.709210 2.500000
v 14.757288 21.075592 2.500000
v 12.864273 22.281575 2.500000
v 10.873354 23.317982 2.500000
v 8.799681 24.176925 2.500000
v 6.659038 24.851868 2.500000
v 4.467715 25.337672 2.500000
v 2.242391 25.630642 2.500000
v 0.000000 25.728547 2.500000
v -2.242391 25.630642 2.500000
v -4.467715 25.337672 2.500000
v -6.659038 24.851868 2.500000
v -8.799681 24.176925 2.500000
v -10.873354 23.317982 2.500000
v -12.864273 22.281575 2.500000
v -14.757288 21.075592 2.500000
v -16.537991 19.709210 2.500000
v -18.192830 18.192830 2.500000
v -19.709210 16.537991 2.500000
v -21.075592 14.757288 2.500000
v -22.281575 12.864273 2.500000
v -23.317982 10.873354 2.500000
v -24.176925 8.799681 2.500000
v -24.851868 6.659038 2.500000
v -25.337672 4.467715 2.500000
v -25.630642 2.242391 2.500000
v -25.728547 0.000000 2.500000
v -25.630642 -2.242391 2.500000
v -25.337672 -4.467715 2.500000
v -24.851868 -6.659038 2.500000
v -24.176925 -8.799681 2.500000
v -23.317982 -10.873354 2.500000
v -22.281575 -12.864273 2.500000
v -21.075592 -14.757288 2.500000
v -19.709210 -16.537991 2.500000
v -18.192830 -18.192830 2.500000
v -16.537991 -19.709210 2.500000
v -14.757288 -21.075592 2.500000
v -12.864273 -22.281575 2.500000
v -10.873354 -23.317982 2.500000
v -8.799681 -24.176925 2.500000
v -6.659038 -24.851868 2.500000
v -4.467715 -25.337672 2.500000
v -2.242391 -25.630642 2.500000
v -0.000000 -25.728547 2.500000
v 2.242391 -25.630642 2.500000
v 4.467715 -25.337672 2.500000
v 6.659038 -24.851868 2.500000
v 8.799681 -24.176925 2.500000
v 10.873354 -23.317982 2.500000
v 12.864273 -22.281575 2.500000
v 14.757288 -21.075592 2.500000
v 16.537991 -19.709210 2.500000
v 18.192830 -18.192830 2.500000
v 19.709210 -16.537991 2.500000
v 21.075592 -14.757288 2.500000
v 22.281575 -12.864273 2.500000
v 23.317982 -10.873354 2.500000
v 24.176925 -8.799681 2.500000
v 24.851868 -6.659038 2.500000
v 25.337672 -4.467715 2.500000
v 25.630642 -2.242391 2.500000
v 26.125059 0.000000 5.000000
v 26.025645 2.276949 5.000000
v 25.728161 4.536569 5.000000
v 25.234869 6.761663 5.000000
v 24.549525 8.935296 5.000000
v 23.677345 11.040927 5.000000
v 22.624965 13.062530 5.000000
v 21.400396 14.984718 5.000000
v 20.012956 16.792864 5.000000
v 18.473206 18.473206 5.000000
v 16.792864 20.012956 5.000000
v 14.984718 21.400396 5.000000
v 13.062530 22.624965 5.000000
v 11.040927 23.677345 5.000000
v 8.935296 24.549525 5.000000
v 6.761663 25.234869 5.000000
v 4.536569 25.728161 5.000000
v 2.276949 26.025645 5.000000
v 0.000000 26.125059 5.000000
v -2.276949 26.025645 5.000000
v -4.536569 25.728161 5.000000
v -6.761663 25.234869 5.000000
v -8.935296 24.549525 5.000000
v -11.040927 23.677345 5.000000
v -13.062530 22.624965 5.000000
v -14.984718 21.400396 5.000000
v -16.792864 20.012956 5.000000
v -18.473206 18.473206 5.000000
v -20.012956 16.792864 5.000000
v -21.400396 14.984718 5.000000
v -22.624965 13.062530 5.000000
v -23.677345 11.040927 5.000000
v -24.549525 8.935296 5.000000
v -25.234869 6.761663 5.000000
v -25.728161 4.536569 5.000000
v -26.025645 2.276949 5.000000
v -26.125059 0.000000 5.000000
v -26.025645 -2.276949 5.000000
v -25.728161 -4.536569 5.000000
v -25.234869 -6.761663 5.000000
v -24.549525 -8.935296 5.000000
v -23.677345 -11.040927 5.000000
v -22.624965 -13.062530 5.000000
v -21.400396 -14.984718 5.000000
v -20.012956 -16.792864 5.000000
v -18.473206 -18.473206 5.000000
v -16.792864 -20.012956 5.000000
v -14.984718 -21.400396 5.000000
v -13.062530 -22.624965 5.000000
v -11.040927 -23.677345 5.000000
v -8.935296 -24.549525 5.000000
v -6.761663 -25.234869 5.000000
v -4.536569 -25.728161 5.000000
v -2.276949 -26.025645 5.000000
v -0.000000 -26.125059 5.000000
v 2.276949 -26.025645 5.000000
v 4.536569 -25.728161 5.000000
v 6.761663 -25.234869 5.000000
v 8.935296 -24.549525 5.000000
v 11.040927 -23.677345 5.000000
v 13.062530 -22.624965 5.000000
v 14.984718 -21.400396 5.000000
v 16.792864 -20.012956 5.000000
v 18.473206 -18.473206 5.000000
v 20.012956 -16.792864 5.000000
v 21.400396 -14.984718 5.000000
v 22.624965 -13.062530 5.000000
v 23.677345 -11.040927 5.000000
v 24.549525 -8.935296 5.000000
v 25.234869 -6.761663 5.000000
v 25.728161 -4.536569 5.000000
v 26.025645 -2.276949 5.000000
v 26.543132 0.000000 7.500000
v 26.442127 2.313386 7.500000
v 26.139882 4.609167 7.500000
v 25.638697 6.869868 7.500000
v 24.942385 9.078286 7.500000
v 24.056247 11.217612 7.500000
v 22.987027 13.271566 7.500000
v 21.742861 15.224515 7.500000
v 20.333219 17.061596 7.500000
v 18.768829 18.768829 7.500000
v 17.061596 20.333219 7.500000
v 15.224515 21.742861 7.500000
v 13.271566 22.987027 7.500000
v 11.217612 24.056247 7.500000
v 9.078286 24.942385 7.500000
v 6.869868 25.638697 7.500000
v 4.609167 26.139882 7.500000
v 2.313386 26.442127 7.500000
v 0.000000 26.543132 7.500000
v -2.313386 26.442127 7.500000
v -4.609167 26.139882 7.500000
v -6.869868 25.638697 7.500000
v -9.078286 24.942385 7.500000
v -11.217612 24.056247 7.500000
v -13.271566 22.987027 7.500000
v -15.224515 21.742861 7.500000
v -17.061596 20.333219 7.500000
v -18.768829 18.768829 7.500000
v -20.333219 17.061596 7.500000
v -21.742861 15.224515 7.500000
v -22.987027 13.271566 7.500000
v -24.056247 11.217612 7.500000
v -24.942385 9.078286 7.500000
v -25.638697 6.869868 7.500000
v -26.139882 4.609167 7.500000
v -26.442127 2.313386 7.500000
v -26.543132 0.000000 7.500000
v -26.442127 -2.313386 7.500000
v -26.139882 -4.609167 7.500000
v -25.638697 -6.869868 7.500000
v -24.942385 -9.078286 7.500000
v -24.056247 -11.217612 7.500000
v -22.987027 -13.271566 7.500000
v -21.742861 -15.224515 7.500000
v -20.333219 -17.061596 7.500000
v -18.768829 -18.768829 7.500000
v -17.061596 -20.333219 7.500000
v -15.224515 -21.742861 7.500000
v -13.271566 -22.987027 7.500000
v -11.217612 -24.056247 7.500000
v -9.078286 -24.942385 7.500000
v -6.869868 -25.638697 7.500000
v -4.609167 -26.139882 7.500000
v -2.313386 -26.442127 7.500000
v -0.000000 -26.543132 7.500000
v 2.313386 -26.442127 7.500000
v 4.609167 -26.139882 7.500000
v 6.869868 -25.638697 7.500000
v 9.078286 -24.942385 7.500000
v 11.217612 -24.056247 7.500000
v 13.271566 -22.987027 7.500000
v 15.224515 -21.742861 7.500000
v 17.061596 -20.333219 7.500000
v 18.768829 -18.768829 7.500000
v 20.333219 -17.061596 7.500000
v 21.742861 -15.224515 7.500000
v 22.987027 -13.271566 7.500000
v 24.056247 -11.217612 7.500000
v 24.942385 -9.078286 7.500000
v 25.638697 -6.869868 7.500000
v 26.139882 -4.609167 7.500000
v 26.442127 -2.313386 7.500000
v 26.982231 0.000000 10.000000
v 26.879556 2.351656 10.000000
v 26.572310 4.685415 10.000000
v 26.062834 6.983515 10.000000
v 25.355003 9.228467 10.000000
v 24.454206 11.403184 10.000000
v 23.367298 13.491116 10.000000
v 22.102550 15.476372 10.000000
v 20.669588 17.343844 10.000000
v 19.079319 19.079319 10.000000
v 17.343844 20.669588 10.000000
v 15.476372 22.102550 10.000000
v 13.491116 23.367298 10.000000
v 11.403184 24.454206 10.000000
v 9.228467 25.355003 10.000000
v 6.983515 26.062834 10.000000
v 4.685415 26.572310 10.000000
v 2.351656 26.879556 10.000000
v 0.000000 26.982231 10.000000
v -2.351656 26.879556 10.000000
v -4.685415 26.572310 10.000000
v -6.983515 26.062834 10.000000
v -9.228467 25.355003 10.000000
v -11.403184 24.454206 10.000000
v -13.491116 23.367298 10.000000
v -15.476372 22.102550 10.000000
v -17.343844 20.669588 10.000000
v -19.079319 19.079319 10.000000
v -20.669588 17.343844 10.000000
v -22.102550 15.476372 10.000000
v -23.367298 13.491116 10.000000
v -24.454206 11.403184 10.000000
v -25.355003 9.228467 10.000000
v -26.062834 6.983515 10.000000
v -26.572310 4.685415 10.000000
v -26.879556 2.351656 10.000000
v -26.982231 0.000000 10.000000
v -26.879556 -2.351656 10.000000
v -26.572310 -4.685415 10.000000
v -26.062834 -6.983515 10.000000
v -25.355003 -9.228467 10.000000
v -24.454206 -11.403184 10.000000
v -23.367298 -13.491116 10.000000
v -22.102550 -15.476372 10.000000
v -20.669588 -17.343844 10.000000
v -19.079319 -19.079319 10.000000
v -17.343844 -20.669588 10.000000
v -15.476372 -22.102550 10.000000
v -13.491116 -23.367298 10.000000
v -11.403184 -24.454206 10.000000
v -9.228467 -25.355003 10.000000
v -6.983515 -26.062834 10.000000
v -4.685415 -26.572310 10.000000
v -2.351656 -26.879556 10.000000
v -0.000000 -26.982231 10.000000
v 2.351656 -26.879556 10.000000
v 4.685415 -26.572310 10.000000
v 6.983515 -26.062834 10.000000
v 9.228467 -25.355003 10.000000
v 11.403184 -24.454206 10.000000
v 13.491116 -23.367298 10.000000
v 15.476372 -22.102550 10.000000
v 17.343844 -20.669588 10.000000
v 19.079319 -19.079319 10.000000
v 20.669588 -17.343844 10.000000
v 22.102550 -15.476372 10.000000
v 23.367298 -13.491116 10.000000
v 24.454206 -11.403184 10.000000
v 25.355003 -9.228467 10.000000
v 26.062834 -6.983515 10.000000
v 26.572310 -4.685415 10.000000
v 26.879556 -2.351656 10.000000
v 27.441450 0.000000 12.500000
v 27.337027 2.391680 12.500000
v 27.024553 4.765158 12.500000
v 26.506405 7.102370 12.500000
v 25.786528 9.385529 12.500000
v 24.870400 11.597258 12.500000
v 23.764993 13.720725 12.500000
v 22.478720 15.739769 12.500000
v 21.021370 17.639024 12.500000
v 19.404035 19.404035 12.500000
v 17.639024 21.021370 12.500000
v 15.739769 22.478720 12.500000
v 13.720725 23.764993 12.500000
v 11.597258 24.870400 12.500000
v 9.385529 25.786528 12.500000
v 7.102370 26.506405 12.500000
v 4.765158 27.024553 12.500000
v 2.391680 27.337027 12.500000
v 0.000000 27.441450 12.500000
v -2.391680 27.337027 12.500000
v -4.765158 27.024553 12.500000
v -7.102370 26.506405 12.500000
v -9.385529 25.786528 12.500000
v -11.597258 24.870400 12.500000
v -13.720725 23.764993 12.500000
v -15.739769 22.478720 12.500000
v -17.639024 21.021370 12.500000
v -19.404035 19.404035 12.500000
v -21.021370 17.639024 12.500000
v -22.478720 15.739769 12.500000
v -23.764993 13.720725 12.500000
v -24.870400 11.597258 12.500000
v -25.786528 9.385529 12.500000
v -26.506405 7.102370 12.500000
v -27.024553 4.765158 12.500000
v -27.337027 2.391680 12.500000
v -27.441450 0.000000 12.500000
v -27.337027 -2.391680 12.500000
v -27.024553 -4.765158 12.500000
v -26.506405 -7.102370 12.500000
v -25.786528 -9.385529 12.500000
v -24.870400 -11.597258 12.500000
v -23.764993 -13.720725 12.500000
v -22.478720 -15.739769 12.500000
v -21.021370 -17.639024 12.500000
v -19.404035 -19.404035 12.500000
v -17.639024 -21.021370 12.500000
v -15.739769 -22.478720 12.500000
v -13.720725 -23.764993 12.500000
v -11.597258 -24.870400 12.500000
v -9.385529 -25.786528 12.500000
v -7.102370 -26.506405 12.500000
v -4.765158 -27.024553 12.500000
v -2.391680 -27.337027 12.500000
v -0.000000 -27.441450 12.500000
v 2.391680 -27.337027 12.500000
v 4.765158 -27.024553 12.500000
v 7.102370 -26.506405 12.500000
v 9.385529 -25.786528 12.500000
v 11.597258 -24.870400 12.500000
v 13.720725 -23.764993 12.500000
v 15.739769 -22.478720 12.500000
v 17.639024 -21.021370 12.500000
v 19.404035 -19.404035 12.500000
v 21.021370 -17.639024 12.500000
v 22.478720 -15.739769 12.500000
v 23.764993 -13.720725 12.500000
v 24.870400 -11.597258 12.500000
v 25.786528 -9.385529 12.500000
v 26.506405 -7.102370 12.500000
v 27.024553 -4.765158 12.500000
v 27.337027 -2.391680 12.500000
v 27.919488 0.000000 15.000000
v 27.813246 2.433344 15.000000
v 27.495328 4.848168 15.000000
v 26.968154 7.226095 15.000000
v 26.235737 9.549027 15.000000
v 25.303649 11.799285 15.000000
v 24.178986 13.959744 15.000000
v 22.870306 16.013960 15.000000
v 21.387569 17.946301 15.000000
v 19.742059 19.742059 15.000000
v 17.946301 21.387569 15.000000
v 16.013960 22.870306 15.000000
v 13.959744 24.178986 15.000000
v 11.799285 25.303649 15.000000
v 9.549027 26.235737 15.000000
v 7.226095 26.968154 15.000000
v 4.848168 27.495328 15.000000
v 2.433344 27.813246 15.000000
v 0.000000 27.919488 15.000000
v -2.433344 27.813246 15.000000
v -4.848168 27.495328 15.000000
v -7.226095 26.968154 15.000000
v -9.549027 26.235737 15.000000
v -11.799285 25.303649 15.000000
v -13.959744 24.178986 15.000000
v -16.013960 22.870306 15.000000
v -17.946301 21.387569 15.000000
v -19.742059 19.742059 15.000000
v -21.387569 17.946301 15.000000
v -22.870306 16.013960 15.000000
v -24.178986 13.959744 15.000000
v -25.303649 11.799285 15.000000
v -26.235737 9.549027 15.000000
v -26.968154 7.226095 15.000000
v -27.495328 4.848168 15.000000
v -27.813246 2.433344 15.000000
v -27.919488 0.000000 15.000000
v -27.813246 -2.433344 15.000000
v -27.495328 -4.848168 15.000000
v -26.968154 -7.226095 15.000000
v -26.235737 -9.549027 15.000000
v -25.303649 -11.799285 15.000000
v -24.178986 -13.959744 15.000000
v -22.870306 -16.013960 15.000000
v -21.387569 -17.946301 15.000000
v -19.742059 -19.742059 15.000000
v -17.946301 -21.387569 15.000000
v -16.013960 -22.870306 15.000000
v -13.959744 -24.178986 15.000000
v -11.799285 -25.303649 15.000000
v -9.549027 -26.235737 15.000000
v -7.226095 -26.968154 15.000000
v -4.848168 -27.495328 15.000000
v -2.433344 -27.813246 15.000000
v -0.000000 -27.919488 15.000000
v 2.433344 -27.813246 15.000000
v 4.848168 -27.495328 15.000000
v 7.226095 -26.968154 15.000000
v 9.549027 -26.235737 15.000000
v 11.799285 -25.303649 15.000000
v 13.959744 -24.178986 15.000000
v 16.013960 -22.870306 15.000000
v 17.946301 -21.387569 15.000000
v 19.742059 -19.742059 15.000000
v 21.387569 -17.946301 15.000000
v 22.870306 -16.013960 15.000000
v 24.178986 -13.959744 15.000000
v 25.303649 -11.799285 15.000000
v 26.235737 -9.549027 15.000000
v 26.968154 -7.226095 15.000000
v 27.495328 -4.848168 15.000000
v 27.813246 -2.433344 15.000000
v 28.414636 0.000000 17.500000
v 28.306510 2.476499 17.500000
v 27.982954 4.934150 17.500000
v 27.446431 7.354249 17.500000
v 26.701024 9.718378 17.500000
v 25.752406 12.008544 17.500000
v 24.607797 14.207318 17.500000
v 23.275907 16.297966 17.500000
v 21.766874 18.264576 17.500000
v 20.092182 20.092182 17.500000
v 18.264576 21.766874 17.500000
v 16.297966 23.275907 17.500000
v 14.207318 24.607797 17.500000
v 12.008544 25.752406 17.500000
v 9.718378 26.701024 17.500000
v 7.354249 27.446431 17.500000
v 4.934150 27.982954 17.500000
v 2.476499 28.306510 17.500000
v 0.000000 28.414636 17.500000
v -2.476499 28.306510 17.500000
v -4.934150 27.982954 17.500000
v -7.354249 27.446431 17.500000
v -9.718378 26.701024 17.500000
v -12.008544 25.752406 17.500000
v -14.207318 24.607797 17.500000
v -16.297966 23.275907 17.500000
v -18.264576 21.766874 17.500000
v -20.092182 20.092182 17.500000
v -21.766874 18.264576 17.500000
v -23.275907 16.297966 17.500000
v -24.607797 14.207318 17.500000
v -25.752406 12.008544 17.500000
v -26.701024 9.718378 17.500000
v -27.446431 7.354249 17.500000
v -27.982954 4.934150 17.500000
v -28.306510 2.476499 17.500000
v -28.414636 0.000000 17.500000
v -28.306510 -2.476499 17.500000
v -27.982954 -4.934150 17.500000
v -27.446431 -7.354249 17.500000
v -26.701024 -9.718378 17.500000
v -25.752406 -12.008544 17.500000
v -24.607797 -14.207318 17.500000
v -23.275907 -16.297966 17.500000
v -21.766874 -18.264576 17.500000
v -20.092182 -20.092182 17.500000
v -18.264576 -21.766874 17.500000
v -16.297966 -23.275907 17.500000
v -14.207318 -24.607797 17.500000
v -12.008544 -25.752406 17.500000
v -9.718378 -26.701024 17.500000
v -7.354249 -27.446431 17.500000
v -4.934150 -27.982954 17.500000
v -2.476499 -28.306510 17.500000
v -0.000000 -28.414636 17.500000
v 2.476499 -28.306510 17.500000
v 4.934150 -27.982954 17.500000
v 7.354249 -27.446431 17.500000
v 9.718378 -26.701024 17.500000
v 12.008544 -25.752406 17.500000
v 14.207318 -24.607797 17.500000
v 16.297966 -23.275907 17.500000
v 18.264576 -21.766874 17.500000
v 20.092182 -20.092182 17.500000
v 21.766874 -18.264576 17.500000
v 23.275907 -16.297966 17.500000
v 24.607797 -14.207318 17.500000
v 25.752406 -12.008544 17.500000
v 26.701024 -9.718378 17.500000
v 27.446431 -7.354249 17.500000
v 27.982954 -4.934150 17.500000
v 28.306510 -2.476499 17.500000
v 28.924767 0.000000 20.000000
v 28.814700 2.520960 20.000000
v 28.485335 5.022733 20.000000
v 27.939180 7.486281 20.000000
v 27.180390 9.892853 20.000000
v 26.214742 12.224135 20.000000
v 25.049583 14.462384 20.000000
v 23.693782 16.590565 20.000000
v 22.157657 18.592482 20.000000
v 20.452899 20.452899 20.000000
v 18.592482 22.157657 20.000000
v 16.590565 23.693782 20.000000
v 14.462384 25.049583 20.000000
v 12.224135 26.214742 20.000000
v 9.892853 27.180390 20.000000
v 7.486281 27.939180 20.000000
v 5.022733 28.485335 20.000000
v 2.520960 28.814700 20.000000
v 0.000000 28.924767 20.000000
v -2.520960 28.814700 20.000000
v -5.022733 28.485335 20.000000
v -7.486281 27.939180 20.000000
v -9.892853 27.180390 20.000000
v -12.224135 26.214742 20.000000
v -14.462384 25.049583 20.000000
v -16.590565 23.693782 20.000000
v -18.592482 22.157657 20.000000
v -20.452899 20.452899 20.000000
v -22.157657 18.592482 20.000000
v -23.693782 16.590565 20.000000
v -25.049583 14.462384 20.000000
v -26.214742 12.224135 20.000000
v -27.180390 9.892853 20.000000
v -27.939180 7.486281 20.000000
v -28.485335 5.022733 20.000000
v -28.814700 2.520960 20.000000
v -28.924767 0.000000 20.000000
v -28.814700 -2.520960 20.000000
v -28.485335 -5.022733 20.000000
v -27.939180 -7.486281 20.000000
v -27.180390 -9.892853 20.000000
v -26.214742 -12.224135 20.000000
v -25.049583 -14.462384 20.000000
v -23.693782 -16.590565 20.000000
v -22.157657 -18.592482 20.000000
v -20.452899 -20.452899 20.000000
v -18.592482 -22.157657 20.000000
v -16.590565 -23.693782 20.000000
v -14.462384 -25.049583 20.000000
v -12.224135 -26.214742 20.000000
v -9.892853 -27.180390 20.000000
v -7.486281 -27.939180 20.000000
v -5.022733 -28.485335 20.000000
v -2.520960 -28.814700 20.000000
v -0.000000 -28.924767 20.000000
v 2.520960 -28.814700 20.000000
v 5.022733 -28.485335 20.000000
v 7.486281 -27.939180 20.000000
v 9.892853 -27.180390 20.000000
v 12.224135 -26.214742 20.000000
v 14.462384 -25.049583 20.000000
v 16.590565 -23.693782 20.000000
v 18.592482 -22.157657 20.000000
v 20.452899 -20.452899 20.000000
v 22.157657 -18.592482 20.000000
v 23.693782 -16.590565 20.000000
v 25.049583 -14.462384 20.000000
v 26.214742 -12.224135 20.000000
v 27.180390 -9.892853 20.000000
v 27.939180 -7.486281 20.000000
v 28.485335 -5.022733 20.000000
v 28.814700 -2.520960 20.000000
v 29.447334 0.000000 22.500000
v 29.335278 2.566504 22.500000
v 28.999963 5.113476 22.500000
v 28.443940 7.621531 22.500000
v 27.671442 10.071581 22.500000
v 26.688348 12.444981 22.500000
v 25.502139 14.723667 22.500000
v 24.121844 16.890297 22.500000
v 22.557967 18.928381 22.500000
v 20.822410 20.822410 22.500000
v 18.928381 22.557967 22.500000
v 16.890297 24.121844 22.500000
v 14.723667 25.502139 22.500000
v 12.444981 26.688348 22.500000
v 10.071581 27.671442 22.500000
v 7.621531 28.443940 22.500000
v 5.113476 28.999963 22.500000
v 2.566504 29.335278 22.500000
v 0.000000 29.447334 22.500000
v -2.566504 29.335278 22.500000
v -5.113476 28.999963 22.500000
v -7.621531 28.443940 22.500000
v -10.071581 27.671442 22.500000
v -12.444981 26.688348 22.500000
v -14.723667 25.502139 22.500000
v -16.890297 24.121844 22.500000
v -18.928381 22.557967 22.500000
v -20.822410 20.822410 22.500000
v -22.557967 18.928381 22.500000
v -24.121844 16.890297 22.500000
v -25.502139 14.723667 22.500000
v -26.688348 12.444981 22.500000
v -27.671442 10.071581 22.500000
v -28.443940 7.621531 22.500000
v -28.999963 5.113476 22.500000
v -29.335278 2.566504 22.500000
v -29.447334 0.000000 22.500000
v -29.335278 -2.566504 22.500000
v -28.999963 -5.113476 22.500000
v -28.443940 -7.621531 22.500000
v -27.671442 -10.071581 22.500000
v -26.688348 -12.444981 22.500000
v -25.502139 -14.723667 22.500000
v -24.121844 -16.890297 22.500000
v -22.557967 -18.928381 22.500000
v -20.822410 -20.822410 22.500000
v -18.928381 -22.557967 22.500000
v -16.890297 -24.121844 22.500000
v -14.723667 -25.502139 22.500000
v -12.444981 -26.688348 22.500000
v -10.071581 -27.671442 22.500000
v -7.621531 -28.443940 22.500000
v -5.113476 -28.999963 22.500000
v -2.566504 -29.335278 22.500000
v -0.000000 -29.447334 22.500000
v 2.566504 -29.335278 22.500000
v 5.113476 -28.999963 22.500000
v 7.621531 -28.443940 22.500000
v 10.071581 -27.671442 22.500000
v 12.444981 -26.688348 22.500000
v 14.723667 -25.502139 22.500000
v 16.890297 -24.121844 22.500000
v 18.928381 -22.557967 22.500000
v 20.822410 -20.822410 22.500000
v 22.557967 -18.928381 22.500000
v 24.121844 -16.890297 22.500000
v 25.502139 -14.723667 22.500000
v 26.688348 -12.444981 22.500000
v 27.671442 -10.071581 22.500000
v 28.443940 -7.621531 22.500000
v 28.999963 -5.113476 22.500000
v 29.335278 -2.566504 22.500000
v 29.979376 0.000000 25.000000
v 29.865296 2.612875 25.000000
v 29.523922 5.205864 25.000000
v 28.957854 7.759234 25.000000
v 28.171399 10.253551 25.000000
v 27.170542 12.669832 25.000000
v 25.962902 14.989688 25.000000
v 24.557668 17.195464 25.000000
v 22.965535 19.270372 25.000000
v 21.198620 21.198620 25.000000
v 19.270372 22.965535 25.000000
v 17.195464 24.557668 25.000000
v 14.989688 25.962902 25.000000
v 12.669832 27.170542 25.000000
v 10.253551 28.171399 25.000000
v 7.759234 28.957854 25.000000
v 5.205864 29.523922 25.000000
v 2.612875 29.865296 25.000000
v 0.000000 29.979376 25.000000
v -2.612875 29.865296 25.000000
v -5.205864 29.523922 25.000000
v -7.759234 28.957854 25.000000
v -10.253551 28.171399 25.000000
v -12.669832 27.170542 25.000000
v -14.989688 25.962902 25.000000
v -17.195464 24.557668 25.000000
v -19.270372 22.965535 25.000000
v -21.198620 21.198620 25.000000
v -22.965535 19.270372 25.000000
v -24.557668 17.195464 25.000000
v -25.962902 14.989688 25.000000
v -27.170542 12.669832 25.000000
v -28.171399 10.253551 25.000000
v -28.957854 7.759234 25.000000
v -29.523922 5.205864 25.000000
v -29.865296 2.612875 25.000000
v -29.979376 0.000000 25.000000
v -29.865296 -2.612875 25.000000
v -29.523922 -5.205864 25.000000
v -28.957854 -7.759234 25.000000
v -28.171399 -10.253551 25.000000
v -27.170542 -12.669832 25.000000
v -25.962902 -14.989688 25.000000
v -24.557668 -17.195464 25.000000
v -22.965535 -19.270372 25.000000
v -21.198620 -21.198620 25.000000
v -19.270372 -22.965535 25.000000
v -17.195464 -24.557668 25.000000
v -14.989688 -25.962902 25.000000
v -12.669832 -27.170542 25.000000
v -10.253551 -28.171399 25.000000
v -7.759234 -28.957854 25.000000
v -5.205864 -29.523922 25.000000
v -2.612875 -29.865296 25.000000
v -0.000000 -29.979376 25.000000
v 2.612875 -29.865296 25.000000
v 5.205864 -29.523922 25.000000
v 7.759234 -28.957854 25.000000
v 10.253551 -28.171399 25.000000
v 12.669832 -27.170542 25.000000
v 14.989688 -25.962902 25.000000
v 17.195464 -24.557668 25.000000
v 19.270372 -22.965535 25.000000
v 21.198620 -21.198620 25.000000
v 22.965535 -19.270372 25.000000
v 24.557668 -17.195464 25.000000
v 25.962902 -14.989688 25.000000
v 27.170542 -12.669832 25.000000
v 28.171399 -10.253551 25.000000
v 28.957854 -7.759234 25.000000
v 29.523922 -5.205864 25.000000
v 29.865296 -2.612875 25.000000
v 30.517537 0.000000 27.500000
v 30.401408 2.659779 27.500000
v 30.053907 5.299315 27.500000
v 29.477677 7.898520 27.500000
v 28.677104 10.437612 27.500000
v 27.658281 12.897268 27.500000
v 26.428962 15.258768 27.500000
v 24.998503 17.504140 27.500000
v 23.377790 19.616295 27.500000
v 21.579157 21.579157 27.500000
v 19.616295 23.377790 27.500000
v 17.504140 24.998503 27.500000
v 15.258768 26.428962 27.500000
v 12.897268 27.658281 27.500000
v 10.437612 28.677104 27.500000
v 7.898520 29.477677 27.500000
v 5.299315 30.053907 27.500000
v 2.659779 30.401408 27.500000
v 0.000000 30.517537 27.500000
v -2.659779 30.401408 27.500000
v -5.299315 30.053907 27.500000
v -7.898520 29.477677 27.500000
v -10.437612 28.677104 27.500000
v -12.897268 27.658281 27.500000
v -15.258768 26.428962 27.500000
v -17.504140 24.998503 27.500000
v -19.616295 23.377790 27.500000
v -21.579157 21.579157 27.500000
v -23.377790 19.616295 27.500000
v -24.998503 17.504140 27.500000
v -26.428962 15.258768 27.500000
v -27.658281 12.897268 27.500000
v -28.677104 10.437612 27.500000
v -29.477677 7.898520 27.500000
v -30.053907 5.299315 27.500000
v -30.401408 2.659779 27.500000
v -30.517537 0.000000 27.500000
v -30.401408 -2.659779 27.500000
v -30.053907 -5.299315 27.500000
v -29.477677 -7.898520 27.500000
v -28.677104 -10.437612 27.500000
v -27.658281 -12.897268 27.500000
v -26.428962 -15.258768 27.500000
v -24.998503 -17.504140 27.500000
v -23.377790 -19.616295 27.500000
v -21.579157 -21.579157 27.500000
v -19.616295 -23.377790 27.500000
v -17.504140 -24.998503 27.500000
v -15.258768 -26.428962 27.500000
v -12.897268 -27.658281 27.500000
v -10.437612 -28.677104 27.500000
v -7.898520 -29.477677 27.500000
v -5.299315 -30.053907 27.500000
v -2.659779 -30.401408 27.500000
v -0.000000 -30.517537 27.500000
v 2.659779 -30.401408 27.500000
v 5.299315 -30.053907 27.500000
v 7.898520 -29.477677 27.500000
v 10.437612 -28.677104 27.500000
v 12.897268 -27.658281 27.500000
v 15.258768 -26.428962 27.500000
v 17.504140 -24.998503 27.500000
v 19.616295 -23.377790 27.500000
v 21.579157 -21.579157 27.500000
v 23.377790 -19.616295 27.500000
v 24.998503 -17.504140 27.500000
v 26.428962 -15.258768 27.500000
v 27.658281 -12.897268 27.500000
v 28.677104 -10.437612 27.500000
v 29.477677 -7.898520 27.500000
v 30.053907 -5.299315 27.500000
v 30.401408 -2.659779 27.500000
v 31.058083 0.000000 30.000000
v 30.939898 2.706890 30.000000
v 30.586241 5.393180 30.000000
v 29.999805 8.038423 30.000000
v 29.185052 10.622490 30.000000
v 28.148183 13.125713 30.000000
v 26.897089 15.529042 30.000000
v 25.441292 17.814185 30.000000
v 23.791872 19.963751 30.000000
v 21.961381 21.961381 30.000000
v 19.963751 23.791872 30.000000
v 17.814185 25.441292 30.000000
v 15.529042 26.897089 30.000000
v 13.125713 28.148183 30.000000
v 10.622490 29.185052 30.000000
v 8.038423 29.999805 30.000000
v 5.393180 30.586241 30.000000
v 2.706890 30.939898 30.000000
v 0.000000 31.058083 30.000000
v -2.706890 30.939898 30.000000
v -5.393180 30.586241 30.000000
v -8.038423 29.999805 30.000000
v -10.622490 29.185052 30.000000
v -13.125713 28.148183 30.000000
v -15.529042 26.897089 30.000000
v -17.814185 25.441292 30.000000
v -19.963751 23.791872 30.000000
v -21.961381 21.961381 30.000000
v -23.791872 19.963751 30.000000
v -25.441292 17.814185 30.000000
v -26.897089 15.529042 30.000000
v -28.148183 13.125713 30.000000
v -29.185052 10.622490 30.000000
v -29.999805 8.038423 30.000000
v -30.586241 5.393180 30.000000
v -30.939898 2.706890 30.000000
v -31.058083 0.000000 30.000000
v -30.939898 -2.706890 30.000000
v -30.586241 -5.393180 30.000000
v -29.999805 -8.038423 30.000000
v -29.185052 -10.622490 30.000000
v -28.148183 -13.125713 30.000000
v -26.897089 -15.529042 30.000000
v -25.441292 -17.814185 30.000000
v -23.791872 -19.963751 30.000000
v -21.961381 -21.961381 30.000000
v -19.963751 -23.791872 30.000000
v -17.814185 -25.441292 30.000000
v -15.529042 -26.897089 30.000000
v -13.125713 -28.148183 30.000000
v -10.622490 -29.185052 30.000000
v -8.038423 -29.999805 30.000000
v -5.393180 -30.586241 30.000000
v -2.706890 -30.939898 30.000000
v -0.000000 -31.058083 30.000000
v 2.706890 -30.939898 30.000000
v 5.393180 -30.586241 30.000000
v 8.038423 -29.999805 30.000000
v 10.622490 -29.185052 30.000000
v 13.125713 -28.148183 30.000000
v 15.529042 -26.897089 30.000000
v 17.814185 -25.441292 30.000000
v 19.963751 -23.791872 30.000000
v 21.961381 -21.961381 30.000000
v 23.791872 -19.963751 30.000000
v 25.441292 -17.814185 30.000000
v 26.897089 -15.529042 30.000000
v 28.148183 -13.125713 30.000000
v 29.185052 -10.622490 30.000000
v 29.999805 -8.038423 30.000000
v 30.586241 -5.393180 30.000000
v 30.939898 -2.706890 30.000000
v 31.596943 0.000000 32.500000
v 31.476707 2.753855 32.500000
v 31.116914 5.486752 32.500000
v 30.520303 8.177891 32.500000
v 29.691414 10.806791 32.500000
v 28.636555 13.353445 32.500000
v 27.363755 15.798471 32.500000
v 25.882700 18.123262 32.500000
v 24.204663 20.310123 32.500000
v 22.342413 22.342413 32.500000
v 20.310123 24.204663 32.500000
v 18.123262 25.882700 32.500000
v 15.798471 27.363755 32.500000
v 13.353445 28.636555 32.500000
v 10.806791 29.691414 32.500000
v 8.177891 30.520303 32.500000
v 5.486752 31.116914 32.500000
v 2.753855 31.476707 32.500000
v 0.000000 31.596943 32.500000
v -2.753855 31.476707 32.500000
v -5.486752 31.116914 32.500000
v -8.177891 30.520303 32.500000
v -10.806791 29.691414 32.500000
v -13.353445 28.636555 32.500000
v -15.798471 27.363755 32.500000
v -18.123262 25.882700 32.500000
v -20.310123 24.204663 32.500000
v -22.342413 22.342413 32.500000
v -24.204663 20.310123 32.500000
v -25.882700 18.123262 32.500000
v -27.363755 15.798471 32.500000
v -28.636555 13.353445 32.500000
v -29.691414 10.806791 32.500000
v -30.520303 8.177891 32.500000
v -31.116914 5.486752 32.500000
v -31.476707 2.753855 32.500000
v -31.596943 0.000000 32.500000
v -31.476707 -2.753855 32.500000
v -31.116914 -5.486752 32.500000
v -30.520303 -8.177891 32.500000
v -29.691414 -10.806791 32.500000
v -28.636555 -13.353445 32.500000
v -27.363755 -15.798471 32.500000
v -25.882700 -18.123262 32.500000
v -24.204663 -20.310123 32.500000
v -22.342413 -22.342413 32.500000
v -20.310123 -24.204663 32.500000
v -18.123262 -25.882700 32.500000
v -15.798471 -27.363755 32.500000
v -13.353445 -28.636555 32.500000
v -10.806791 -29.691414 32.500000
v -8.177891 -30.520303 32.500000
v -5.486752 -31.116914 32.500000
v -2.753855 -31.476707 32.500000
v -0.000000 -31.596943 32.500000
v 2.753855 -31.476707 32.500000
v 5.486752 -31.116914 32.500000
v 8.177891 -30.520303 32.500000
v 10.806791 -29.691414 32.500000
v 13.353445 -28.636555 32.500000
v 15.798471 -27.363755 32.500000
v 18.123262 -25.882700 32.500000
v 20.310123 -24.204663 32.500000
v 22.342413 -22.342413 32.500000
v 24.204663 -20.310123 32.500000
v 25.882700 -18.123262 32.500000
v 27.363755 -15.798471 32.500000
v 28.636555 -13.353445 32.500000
v 29.691414 -10.806791 32.500000
v 30.520303 -8.177891 32.500000
v 31.116914 -5.486752 32.500000
v 31.476707 -2.753855 32.500000
v 32.129745 0.000000 35.000000
v 32.007481 2.800292 35.000000
v 31.641622 5.579272 35.000000
v 31.034950 8.315790 35.000000
v 30.192084 10.989020 35.000000
v 29.119438 13.578617 35.000000
v 27.825175 16.064872 35.000000
v 26.319146 18.428865 35.000000
v 24.612812 20.652602 35.000000
v 22.719160 22.719160 35.000000
v 20.652602 24.612812 35.000000
v 18.428865 26.319146 35.000000
v 16.064872 27.825175 35.000000
v 13.578617 29.119438 35.000000
v 10.989020 30.192084 35.000000
v 8.315790 31.034950 35.000000
v 5.579272 31.641622 35.000000
v 2.800292 32.007481 35.000000
v 0.000000 32.129745 35.000000
v -2.800292 32.007481 35.000000
v -5.579272 31.641622 35.000000
v -8.315790 31.034950 35.000000
v -10.989020 30.192084 35.000000
v -13.578617 29.119438 35.000000
v -16.064872 27.825175 35.000000
v -18.428865 26.319146 35.000000
v -20.652602 24.612812 35.000000
v -22.719160 22.719160 35.000000
v -24.612812 20.652602 35.000000
v -26.319146 18.428865 35.000000
v -27.825175 16.064872 35.000000
v -29.119438 13.578617 35.000000
v -30.192084 10.989020 35.000000
v -31.034950 8.315790 35.000000
v -31.641622 5.579272 35.000000
v -32.007481 2.800292 35.000000
v -32.129745 0.000000 35.000000
v -32.007481 -2.800292 35.000000
v -31.641622 -5.579272 35.000000
v -31.034950 -8.315790 35.000000
v -30.192084 -10.989020 35.000000
v -29.119438 -13.578617 35.000000
v -27.825175 -16.064872 35.000000
v -26.319146 -18.428865 35.000000
v -24.612812 -20.652602 35.000000
v -22.719160 -22.719160 35.000000
v -20.652602 -24.612812 35.000000
v -18.428865 -26.319146 35.000000
v -16.064872 -27.825175 35.000000
v -13.578617 -29.119438 35.000000
v -10.989020 -30.192084 35.000000
v -8.315790 -31.034950 35.000000
v -5.579272 -31.641622 35.000000
v -2.800292 -32.007481 35.000000
v -0.000000 -32.129745 35.000000
v 2.800292 -32.007481 35.000000
v 5.579272 -31.641622 35.000000
v 8.315790 -31.034950 35.000000
v 10.989020 -30.192084 35.000000
v 13.578617 -29.119438 35.000000
v 16.064872 -27.825175 35.000000
v 18.428865 -26.319146 35.000000
v 20.652602 -24.612812 35.000000
v 22.719160 -22.719160 35.000000
v 24.612812 -20.652602 35.000000
v 26.319146 -18.428865 35.000000
v 27.825175 -16.064872 35.000000
v 29.119438 -13.578617 35.000000
v 30.192084 -10.989020 35.000000
v 31.034950 -8.315790 35.000000
v 31.641622 -5.579272 35.000000
v 32.007481 -2.800292 35.000000
v 32.651869 0.000000 37.500000
v 32.527619 2.845798 37.500000
v 32.155814 5.669938 37.500000
v 31.539284 8.450926 37.500000
v 30.682720 11.167597 37.500000
v 29.592643 13.799276 37.500000
v 28.277348 16.325934 37.500000
v 26.746845 18.728343 37.500000
v 25.012783 20.988217 37.500000
v 23.088358 23.088358 37.500000
v 20.988217 25.012783 37.500000
v 18.728343 26.746845 37.500000
v 16.325934 28.277348 37.500000
v 13.799276 29.592643 37.500000
v 11.167597 30.682720 37.500000
v 8.450926 31.539284 37.500000
v 5.669938 32.155814 37.500000
v 2.845798 32.527619 37.500000
v 0.000000 32.651869 37.500000
v -2.845798 32.527619 37.500000
v -5.669938 32.155814 37.500000
v -8.450926 31.539284 37.500000
v -11.167597 30.682720 37.500000
v -13.799276 29.592643 37.500000
v -16.325934 28.277348 37.500000
v -18.728343 26.746845 37.500000
v -20.988217 25.012783 37.500000
v -23.088358 23.088358 37.500000
v -25.012783 20.988217 37.500000
v -26.746845 18.728343 37.500000
v -28.277348 16.325934 37.500000
v -29.592643 13.799276 37.500000
v -30.682720 11.167597 37.500000
v -31.539284 8.450926 37.500000
v -32.155814 5.669938 37.500000
v -32.527619 2.845798 37.500000
v -32.651869 0.000000 37.500000
v -32.527619 -2.845798 37.500000
v -32.155814 -5.669938 37.500000
v -31.539284 -8.450926 37.500000
v -30.682720 -11.167597 37.500000
v -29.592643 -13.799276 37.500000
v -28.277348 -16.325934 37.500000
v -26.746845 -18.728343 37.500000
v -25.012783 -20.988217 37.500000
v -23.088358 -23.088358 37.500000
v -20.988217 -25.012783 37.500000
v -18.728343 -26.746845 37.500000
v -16.325934 -28.277348 37.500000
v -13.799276 -29.592643 37.500000
v -11.167597 -30.682720 37.500000
v -8.450926 -31.539284 37.500000
v -5.669938 -32.155814 37.500000
v -2.845798 -32.527619 37.500000
v -0.000000 -32.651869 37.500000
v 2.845798 -32.527619 37.500000
v 5.669938 -32.155814 37.500000
v 8.450926 -31.539284 37.500000
v 11.167597 -30.682720 37.500000
v 13.799276 -29.592643 37.500000
v 16.325934 -28.277348 37.500000
v 18.728343 -26.746845 37.500000
v 20.988217 -25.012783 37.500000
v 23.088358 -23.088358 37.500000
v 25.012783 -20.988217 37.500000
v 26.746845 -18.728343 37.500000
v 28.277348 -16.325934 37.500000
v 29.592643 -13.799276 37.500000
v 30.682720 -11.167597 37.500000
v 31.539284 -8.450926 37.500000
v 32.155814 -5.669938 37.500000
v 32.527619 -2.845798 37.500000
v 33.158506 0.000000 40.000000
v 33.032328 2.889954 40.000000
v 32.654754 5.757914 40.000000
v 32.028657 8.582053 40.000000
v 31.158804 11.340877 40.000000
v 30.051812 14.013390 40.000000
v 28.716109 16.579253 40.000000
v 27.161858 19.018938 40.000000
v 25.400889 21.313877 40.000000
v 23.446605 23.446605 40.000000
v 21.313877 25.400889 40.000000
v 19.018938 27.161858 40.000000
v 16.579253 28.716109 40.000000
v 14.013390 30.051812 40.000000
v 11.340877 31.158804 40.000000
v 8.582053 32.028657 40.000000
v 5.757914 32.654754 40.000000
v 2.889954 33.032328 40.000000
v 0.000000 33.158506 40.000000
v -2.889954 33.032328 40.000000
v -5.757914 32.654754 40.000000
v -8.582053 32.028657 40.000000
v -11.340877 31.158804 40.000000
v -14.013390 30.051812 40.000000
v -16.579253 28.716109 40.000000
v -19.018938 27.161858 40.000000
v -21.313877 25.400889 40.000000
v -23.446605 23.446605 40.000000
v -25.400889 21.313877 40.000000
v -27.161858 19.018938 40.000000
v -28.716109 16.579253 40.000000
v -30.051812 14.013390 40.000000
v -31.158804 11.340877 40.000000
v -32.028657 8.582053 40.000000
v -32.654754 5.757914 40.000000
v -33.032328 2.889954 40.000000
v -33.158506 0.000000 40.000000
v -33.032328 -2.889954 40.000000
v -32.654754 -5.757914 40.000000
v -32.028657 -8.582053 40.000000
v -31.158804 -11.340877 40.000000
v -30.051812 -14.013390 40.000000
v -28.716109 -16.579253 40.000000
v -27.161858 -19.018938 40.000000
v -25.400889 -21.313877 40.000000
v -23.446605 -23.446605 40.000000
v -21.313877 -25.400889 40.000000
v -19.018938 -27.161858 40.000000
v -16.579253 -28.716109 40.000000
v -14.013390 -30.051812 40.000000
v -11.340877 -31.158804 40.000000
v -8.582053 -32.028657 40.000000
v -5.757914 -32.654754 40.000000
v -2.889954 -33.032328 40.000000
v -0.000000 -33.158506 40.000000
v 2.889954 -33.032328 40.000000
v 5.757914 -32.654754 40.000000
v 8.582053 -32.028657 40.000000
v 11.340877 -31.158804 40.000000
v 14.013390 -30.051812 40.000000
v 16.579253 -28.716109 40.000000
v 19.018938 -27.161858 40.000000
v 21.313877 -25.400889 40.000000
v 23.446605 -23.446605 40.000000
v 25.400889 -21.313877 40.000000
v 27.161858 -19.018938 40.000000
v 28.716109 -16.579253 40.000000
v 30.051812 -14.013390 40.000000
v 31.158804 -11.340877 40.000000
v 32.028657 -8.582053 40.000000
v 32.654754 -5.757914 40.000000
v 33.032328 -2.889954 40.000000
v 33.644722 0.000000 42.500000
v 33.516694 2.932331 42.500000
v 33.133584 5.842345 42.500000
v 32.498306 8.707895 42.500000
v 31.615697 11.507173 42.500000
v 30.492474 14.218874 42.500000
v 29.137184 16.822361 42.500000
v 27.560143 19.297820 42.500000
v 25.773353 21.626411 42.500000
v 23.790411 23.790411 42.500000
v 21.626411 25.773353 42.500000
v 19.297820 27.560143 42.500000
v 16.822361 29.137184 42.500000
v 14.218874 30.492474 42.500000
v 11.507173 31.615697 42.500000
v 8.707895 32.498306 42.500000
v 5.842345 33.133584 42.500000
v 2.932331 33.516694 42.500000
v 0.000000 33.644722 42.500000
v -2.932331 33.516694 42.500000
v -5.842345 33.133584 42.500000
v -8.707895 32.498306 42.500000
v -11.507173 31.615697 42.500000
v -14.218874 30.492474 42.500000
v -16.822361 29.137184 42.500000
v -19.297820 27.560143 42.500000
v -21.626411 25.773353 42.500000
v -23.790411 23.790411 42.500000
v -25.773353 21.626411 42.500000
v -27.560143 19.297820 42.500000
v -29.137184 16.822361 42.500000
v -30.492474 14.218874 42.500000
v -31.615697 11.507173 42.500000
v -32.498306 8.707895 42.500000
v -33.133584 5.842345 42.500000
v -33.516694 2.932331 42.500000
v -33.644722 0.000000 42.500000
v -33.516694 -2.932331 42.500000
v -33.133584 -5.842345 42.500000
v -32.498306 -8.707895 42.500000
v -31.615697 -11.507173 42.500000
v -30.492474 -14.218874 42.500000
v -29.137184 -16.822361 42.500000
v -27.560143 -19.297820 42.500000
v -25.773353 -21.626411 42.500000
v -23.790411 -23.790411 42.500000
v -21.626411 -25.773353 42.500000
v -19.297820 -27.560143 42.500000
v -16.822361 -29.137184 42.500000
v -14.218874 -30.492474 42.500000
v -11.507173 -31.615697 42.500000
v -8.707895 -32.498306 42.500000
v -5.842345 -33.133584 42.500000
v -2.932331 -33.516694 42.500000
v -0.000000 -33.644722 42.500000
v 2.932331 -33.516694 42.500000
v 5.842345 -33.133584 42.500000
v 8.707895 -32.498306 42.500000
v 11.507173 -31.615697 42.500000
v 14.218874 -30.492474 42.500000
v 16.822361 -29.137184 42.500000
v 19.297820 -27.560143 42.500000
v 21.626411 -25.773353 42.500000
v 23.790411 -23.790411 42.500000
v 25.773353 -21.626411 42.500000
v 27.560143 -19.297820 42.500000
v 29.137184 -16.822361 42.500000
v 30.492474 -14.218874 42.500000
v 31.615697 -11.507173 42.500000
v 32.498306 -8.707895 42.500000
v 33.133584 -5.842345 42.500000
v 33.516694 -2.932331 42.500000
v 34.105531 0.000000 45.000000
v 33.975749 2.972493 45.000000
v 33.587391 5.922363 45.000000
v 32.943413 8.827161 45.000000
v 32.048716 11.664779 45.000000
v 30.910108 14.413620 45.000000
v 29.536256 17.052766 45.000000
v 27.937615 19.562129 45.000000
v 26.126353 21.922613 45.000000
v 24.116252 24.116252 45.000000
v 21.922613 26.126353 45.000000
v 19.562129 27.937615 45.000000
v 17.052766 29.536256 45.000000
v 14.413620 30.910108 45.000000
v 11.664779 32.048716 45.000000
v 8.827161 32.943413 45.000000
v 5.922363 33.587391 45.000000
v 2.972493 33.975749 45.000000
v 0.000000 34.105531 45.000000
v -2.972493 33.975749 45.000000
v -5.922363 33.587391 45.000000
v -8.827161 32.943413 45.000000
v -11.664779 32.048716 45.000000
v -14.413620 30.910108 45.000000
v -17.052766 29.536256 45.000000
v -19.562129 27.937615 45.000000
v -21.922613 26.126353 45.000000
v -24.116252 24.116252 45.000000
v -26.126353 21.922613 45.000000
v -27.937615 19.562129 45.000000
v -29.536256 17.052766 45.000000
v -30.910108 14.413620 45.000000
v -32.048716 11.664779 45.000000
v -32.943413 8.827161 45.000000
v -33.587391 5.922363 45.000000
v -33.975749 2.972493 45.000000
v -34.105531 0.000000 45.000000
v -33.975749 -2.972493 45.000000
v -33.587391 -5.922363 45.000000
v -32.943413 -8.827161 45.000000
v -32.048716 -11.664779 45.000000
v -30.910108 -14.413620 45.000000
v -29.536256 -17.052766 45.000000
v -27.937615 -19.562129 45.000000
v -26.126353 -21.922613 45.000000
v -24.116252 -24.116252 45.000000
v -21.922613 -26.126353 45.000000
v -19.562129 -27.937615 45.000000
v -17.052766 -29.536256 45.000000
v -14.413620 -30.910108 45.000000
v -11.664779 -32.048716 45.000000
v -8.827161 -32.943413 45.000000
v -5.922363 -33.587391 45.000000
v -2.972493 -33.975749 45.000000
v -0.000000 -34.105531 45.000000
v 2.972493 -33.975749 45.000000
v 5.922363 -33.587391 45.000000
v 8.827161 -32.943413 45.000000
v 11.664779 -32.048716 45.000000
v 14.413620 -30.910108 45.000000
v 17.052766 -29.536256 45.000000
v 19.562129 -27.937615 45.000000
v 21.922613 -26.126353 45.000000
v 24.116252 -24.116252 45.000000
v 26.126353 -21.922613 45.000000
v 27.937615 -19.562129 45.000000
v 29.536256 -17.052766 45.000000
v 30.910108 -14.413620 45.000000
v 32.048716 -11.664779 45.000000
v 32.943413 -8.827161 45.000000
v 33.587391 -5.922363 45.000000
v 33.975749 -2.972493 45.000000
v 34.535968 0.000000 47.500000
v 34.404548 3.010008 47.500000
v 34.011289 5.997108 47.500000
v 33.359183 8.938566 47.500000
v 32.453194 11.811997 47.500000
v 31.300217 14.595531 47.500000
v 29.909025 17.267984 47.500000
v 28.290209 19.809017 47.500000
v 26.456086 22.199292 47.500000
v 24.420617 24.420617 47.500000
v 22.199292 26.456086 47.500000
v 19.809017 28.290209 47.500000
v 17.267984 29.909025 47.500000
v 14.595531 31.300217 47.500000
v 11.811997 32.453194 47.500000
v 8.938566 33.359183 47.500000
v 5.997108 34.011289 47.500000
v 3.010008 34.404548 47.500000
v 0.000000 34.535968 47.500000
v -3.010008 34.404548 47.500000
v -5.997108 34.011289 47.500000
v -8.938566 33.359183 47.500000
v -11.811997 32.453194 47.500000
v -14.595531 31.300217 47.500000
v -17.267984 29.909025 47.500000
v -19.809017 28.290209 47.500000
v -22.199292 26.456086 47.500000
v -24.420617 24.420617 47.500000
v -26.456086 22.199292 47.500000
v -28.290209 19.809017 47.500000
v -29.909025 17.267984 47.500000
v -31.300217 14.595531 47.500000
v -32.453194 11.811997 47.500000
v -33.359183 8.938566 47.500000
v -34.011289 5.997108 47.500000
v -34.404548 3.010008 47.500000
v -34.535968 0.000000 47.500000
v -34.404548 -3.010008 47.500000
v -34.011289 -5.997108 47.500000
v -33.359183 -8.938566 47.500000
v -32.453194 -11.811997 47.500000
v -31.300217 -14.595531 47.500000
v -29.909025 -17.267984 47.500000
v -28.290209 -19.809017 47.500000
v -26.456086 -22.199292 47.500000
v -24.420617 -24.420617 47.500000
v -22.199292 -26.456086 47.500000
v -19.809017 -28.290209 47.500000
v -17.267984 -29.909025 47.500000
v -14.595531 -31.300217 47.500000
v -11.811997 -32.453194 47.500000
v -8.938566 -33.359183 47.500000
v -5.997108 -34.011289 47.500000
v -3.010008 -34.404548 47.500000
v -0.000000 -34.535968 47.500000
v 3.010008 -34.404548 47.500000
v 5.997108 -34.011289 47.500000
v 8.938566 -33.359183 47.500000
v 11.811997 -32.453194 47.500000
v 14.595531 -31.300217 47.500000
v 17.267984 -29.909025 47.500000
v 19.809017 -28.290209 47.500000
v 22.199292 -26.456086 47.500000
v 24.420617 -24.420617 47.500000
v 26.456086 -22.199292 47.500000
v 28.290209 -19.809017 47.500000
v 29.909025 -17.267984 47.500000
v 31.300217 -14.595531 47.500000
v 32.453194 -11.811997 47.500000
v 33.359183 -8.938566 47.500000
v 34.011289 -5.997108 47.500000
v 34.404548 -3.010008 47.500000
v 34.931170 0.000000 50.000000
v 34.798247 3.044452 50.000000
v 34.400487 6.065734 50.000000
v 33.740919 9.040852 50.000000
v 32.824563 11.947164 50.000000
v 31.658392 14.762550 50.000000
v 30.251281 17.465585 50.000000
v 28.613940 20.035696 50.000000
v 26.758829 22.453323 50.000000
v 24.700067 24.700067 50.000000
v 22.453323 26.758829 50.000000
v 20.035696 28.613940 50.000000
v 17.465585 30.251281 50.000000
v 14.762550 31.658392 50.000000
v 11.947164 32.824563 50.000000
v 9.040852 33.740919 50.000000
v 6.065734 34.400487 50.000000
v 3.044452 34.798247 50.000000
v 0.000000 34.931170 50.000000
v -3.044452 34.798247 50.000000
v -6.065734 34.400487 50.000000
v -9.040852 33.740919 50.000000
v -11.947164 32.824563 50.000000
v -14.762550 31.658392 50.000000
v -17.465585 30.251281 50.000000
v -20.035696 28.613940 50.000000
v -22.453323 26.758829 50.000000
v -24.700067 24.700067 50.000000
v -26.758829 22.453323 50.000000
v -28.613940 20.035696 50.000000
v -30.251281 17.465585 50.000000
v -31.658392 14.762550 50.000000
v -32.824563 11.947164 50.000000
v -33.740919 9.040852 50.000000
v -34.400487 6.065734 50.000000
v -34.798247 3.044452 50.000000
v -34.931170 0.000000 50.000000
v -34.798247 -3.044452 50.000000
v -34.400487 -6.065734 50.000000
v -33.740919 -9.040852 50.000000
v -32.824563 -11.947164 50.000000
v -31.658392 -14.762550 50.000000
v -30.251281 -17.465585 50.000000
v -28.613940 -20.035696 50.000000
v -26.758829 -22.453323 50.000000
v -24.700067 -24.700067 50.000000
v -22.453323 -26.758829 50.000000
v -20.035696 -28.613940 50.000000
v -17.465585 -30.251281 50.000000
v -14.762550 -31.658392 50.000000
v -11.947164 -32.824563 50.000000
v -9.040852 -33.740919 50.000000
v -6.065734 -34.400487 50.000000
v -3.044452 -34.798247 50.000000
v -0.000000 -34.931170 50.000000
v 3.044452 -34.798247 50.000000
v 6.065734 -34.400487 50.000000
v 9.040852 -33.740919 50.000000
v 11.947164 -32.824563 50.000000
v 14.762550 -31.658392 50.000000
v 17.465585 -30.251281 50.000000
v 20.035696 -28.613940 50.000000
v 22.453323 -26.758829 50.000000
v 24.700067 -24.700067 50.000000
v 26.758829 -22.453323 50.000000
v 28.613940 -20.035696 50.000000
v 30.251281 -17.465585 50.000000
v 31.658392 -14.762550 50.000000
v 32.824563 -11.947164 50.000000
v 33.740919 -9.040852 50.000000
v 34.400487 -6.065734 50.000000
v 34.798247 -3.044452 50.000000
v 35.286458 0.000000 52.500000
v 35.152182 3.075417 52.500000
v 34.750377 6.127429 52.500000
v 34.084101 9.132807 52.500000
v 33.158424 12.068679 52.500000
v 31.980392 14.912702 52.500000
v 30.558969 17.643229 52.500000
v 28.904974 20.239481 52.500000
v 27.030995 22.681698 52.500000
v 24.951294 24.951294 52.500000
v 22.681698 27.030995 52.500000
v 20.239481 28.904974 52.500000
v 17.643229 30.558969 52.500000
v 14.912702 31.980392 52.500000
v 12.068679 33.158424 52.500000
v 9.132807 34.084101 52.500000
v 6.127429 34.750377 52.500000
v 3.075417 35.152182 52.500000
v 0.000000 35.286458 52.500000
v -3.075417 35.152182 52.500000
v -6.127429 34.750377 52.500000
v -9.132807 34.084101 52.500000
v -12.068679 33.158424 52.500000
v -14.912702 31.980392 52.500000
v -17.643229 30.558969 52.500000
v -20.239481 28.904974 52.500000
v -22.681698 27.030995 52.500000
v -24.951294 24.951294 52.500000
v -27.030995 22.681698 52.500000
v -28.904974 20.239481 52.500000
v -30.558969 17.643229 52.500000
v -31.980392 14.912702 52.500000
v -33.158424 12.068679 52.500000
v -34.084101 9.132807 52.500000
v -34.750377 6.127429 52.500000
v -35.152182 3.075417 52.500000
v -35.286458 0.000000 52.500000
v -35.152182 -3.075417 52.500000
v -34.750377 -6.127429 52.500000
v -34.084101 -9.132807 52.500000
v -33.158424 -12.068679 52.500000
v -31.980392 -14.912702 52.500000
v -30.558969 -17.643229 52.500000
v -28.904974 -20.239481 52.500000
v -27.030995 -22.681698 52.500000
v -24.951294 -24.951294 52.500000
v -22.681698 -27.030995 52.500000
v -20.239481 -28.904974 52.500000
v -17.643229 -30.558969 52.500000
v -14.912702 -31.980392 52.500000
v -12.068679 -33.158424 52.500000
v -9.132807 -34.084101 52.500000
v -6.127429 -34.750377 52.500000
v -3.075417 -35.152182 52.500000
v -0.000000 -35.286458 52.500000
v 3.075417 -35.152182 52.500000
v 6.127429 -34.750377 52.500000
v 9.132807 -34.084101 52.500000
v 12.068679 -33.158424 52.500000
v 14.912702 -31.980392 52.500000
v 17.643229 -30.558969 52.500000
v 20.239481 -28.904974 52.500000
v 22.681698 -27.030995 52.500000
v 24.951294 -24.951294 52.500000
v 27.030995 -22.681698 52.500000
v 28.904974 -20.239481 52.500000
v 30.558969 -17.643229 52.500000
v 31.980392 -14.912702 52.500000
v 33.158424 -12.068679 52.500000
v 34.084101 -9.132807 52.500000
v 34.750377 -6.127429 52.500000
v 35.152182 -3.075417 52.500000
v 35.597412 0.000000 55.000000
v 35.461953 3.102519 55.000000
v 35.056607 6.181426 55.000000
v 34.384459 9.213288 55.000000
v 33.450625 12.175032 55.000000
v 32.262211 15.044116 55.000000
v 30.828263 17.798706 55.000000
v 29.159693 20.417837 55.000000
v 27.269199 22.881575 55.000000
v 25.171171 25.171171 55.000000
v 22.881575 27.269199 55.000000
v 20.417837 29.159693 55.000000
v 17.798706 30.828263 55.000000
v 15.044116 32.262211 55.000000
v 12.175032 33.450625 55.000000
v 9.213288 34.384459 55.000000
v 6.181426 35.056607 55.000000
v 3.102519 35.461953 55.000000
v 0.000000 35.597412 55.000000
v -3.102519 35.461953 55.000000
v -6.181426 35.056607 55.000000
v -9.213288 34.384459 55.000000
v -12.175032 33.450625 55.000000
v -15.044116 32.262211 55.000000
v -17.798706 30.828263 55.000000
v -20.417837 29.159693 55.000000
v -22.881575 27.269199 55.000000
v -25.171171 25.171171 55.000000
v -27.269199 22.881575 55.000000
v -29.159693 20.417837 55.000000
v -30.828263 17.798706 55.000000
v -32.262211 15.044116 55.000000
v -33.450625 12.175032 55.000000
v -34.384459 9.213288 55.000000
v -35.056607 6.181426 55.000000
v -35.461953 3.102519 55.000000
v -35.597412 0.000000 55.000000
v -35.461953 -3.102519 55.000000
v -35.056607 -6.181426 55.000000
v -34.384459 -9.213288 55.000000
v -33.450625 -12.175032 55.000000
v -32.262211 -15.044116 55.000000
v -30.828263 -17.798706 55.000000
v -29.159693 -20.417837 55.000000
v -27.269199 -22.881575 55.000000
v -25.171171 -25.171171 55.000000
v -22.881575 -27.269199 55.000000
v -20.417837 -29.159693 55.000000
v -17.798706 -30.828263 55.000000
v -15.044116 -32.262211 55.000000
v -12.175032 -33.450625 55.000000
v -9.213288 -34.384459 55.000000
v -6.181426 -35.056607 55.000000
v -3.102519 -35.461953 55.000000
v -0.000000 -35.597412 55.000000
v 3.102519 -35.461953 55.000000
v 6.181426 -35.056607 55.000000
v 9.213288 -34.384459 55.000000
v 12.175032 -33.450625 55.000000
v 15.044116 -32.262211 55.000000
v 17.798706 -30.828263 55.000000
v 20.417837 -29.159693 55.000000
v 22.881575 -27.269199 55.000000
v 25.171171 -25.171171 55.000000
v 27.269199 -22.881575 55.000000
v 29.159693 -20.417837 55.000000
v 30.828263 -17.798706 55.000000
v 32.262211 -15.044116 55.000000
v 33.450625 -12.175032 55.000000
v 34.384459 -9.213288 55.000000
v 35.056607 -6.181426 55.000000
v 35.461953 -3.102519 55.000000
v 35.859952 0.000000 57.500000
v 35.723494 3.125401 57.500000
v 35.315159 6.227015 57.500000
v 34.638054 9.281238 57.500000
v 33.697332 12.264826 57.500000
v 32.500154 15.155071 57.500000
v 31.055629 17.929976 57.500000
v 29.374753 20.568423 57.500000
v 27.470317 23.050333 57.500000
v 25.356815 25.356815 57.500000
v 23.050333 27.470317 57.500000
v 20.568423 29.374753 57.500000
v 17.929976 31.055629 57.500000
v 15.155071 32.500154 57.500000
v 12.264826 33.697332 57.500000
v 9.281238 34.638054 57.500000
v 6.227015 35.315159 57.500000
v 3.125401 35.723494 57.500000
v 0.000000 35.859952 57.500000
v -3.125401 35.723494 57.500000
v -6.227015 35.315159 57.500000
v -9.281238 34.638054 57.500000
v -12.264826 33.697332 57.500000
v -15.155071 32.500154 57.500000
v -17.929976 31.055629 57.500000
v -20.568423 29.374753 57.500000
v -23.050333 27.470317 57.500000
v -25.356815 25.356815 57.500000
v -27.470317 23.050333 57.500000
v -29.374753 20.568423 57.500000
v -31.055629 17.929976 57.500000
v -32.500154 15.155071 57.500000
v -33.697332 12.264826 57.500000
v -34.638054 9.281238 57.500000
v -35.315159 6.227015 57.500000
v -35.723494 3.125401 57.500000
v -35.859952 0.000000 57.500000
v -35.723494 -3.125401 57.500000
v -35.315159 -6.227015 57.500000
v -34.638054 -9.281238 57.500000
v -33.697332 -12.264826 57.500000
v -32.500154 -15.155071 57.500000
v -31.055629 -17.929976 57.500000
v -29.374753 -20.568423 57.500000
v -27.470317 -23.050333 57.500000
v -25.356815 -25.356815 57.500000
v -23.050333 -27.470317 57.500000
v -20.568423 -29.374753 57.500000
v -17.929976 -31.055629 57.500000
v -15.155071 -32.500154 57.500000
v -12.264826 -33.697332 57.500000
v -9.281238 -34.638054 57.500000
v -6.227015 -35.315159 57.500000
v -3.125401 -35.723494 57.500000
v -0.000000 -35.859952 57.500000
v 3.125401 -35.723494 57.500000
v 6.227015 -35.315159 57.500000
v 9.281238 -34.638054 57.500000
v 12.264826 -33.697332 57.500000
v 15.155071 -32.500154 57.500000
v 17.929976 -31.055629 57.500000
v 20.568423 -29.374753 57.500000
v 23.050333 -27.470317 57.500000
v 25.356815 -25.356815 57.500000
v 27.470317 -23.050333 57.500000
v 29.374753 -20.568423 57.500000
v 31.055629 -17.929976 57.500000
v 32.500154 -15.155071 57.500000
v 33.697332 -12.264826 57.500000
v 34.638054 -9.281238 57.500000
v 35.315159 -6.227015 57.500000
v 35.723494 -3.125401 57.500000
v 36.070410 0.000000 60.000000
v 35.933151 3.143743 60.000000
v 35.522420 6.263561 60.000000
v 34.841341 9.335709 60.000000
v 33.895098 12.336807 60.000000
v 32.690894 15.244014 60.000000
v 31.237892 18.035205 60.000000
v 29.547150 20.689137 60.000000
v 27.631537 23.185613 60.000000
v 25.505632 25.505632 60.000000
v 23.185613 27.631537 60.000000
v 20.689137 29.547150 60.000000
v 18.035205 31.237892 60.000000
v 15.244014 32.690894 60.000000
v 12.336807 33.895098 60.000000
v 9.335709 34.841341 60.000000
v 6.263561 35.522420 60.000000
v 3.143743 35.933151 60.000000
v 0.000000 36.070410 60.000000
v -3.143743 35.933151 60.000000
v -6.263561 35.522420 60.000000
v -9.335709 34.841341 60.000000
v -12.336807 33.895098 60.000000
v -15.244014 32.690894 60.000000
v -18.035205 31.237892 60.000000
v -20.689137 29.547150 60.000000
v -23.185613 27.631537 60.000000
v -25.505632 25.505632 60.000000
v -27.631537 23.185613 60.000000
v -29.547150 20.689137 60.000000
v -31.237892 18.035205 60.000000
v -32.690894 15.244014 60.000000
v -33.895098 12.336807 60.000000
v -34.841341 9.335709 60.000000
v -35.522420 6.263561 60.000000
v -35.933151 3.143743 60.000000
v -36.070410 0.000000 60.000000
v -35.933151 -3.143743 60.000000
v -35.522420 -6.263561 60.000000
v -34.841341 -9.335709 60.000000
v -33.895098 -12.336807 60.000000
v -32.690894 -15.244014 60.000000
v -31.237892 -18.035205 60.000000
v -29.547150 -20.689137 60.000000
v -27.631537 -23.185613 60.000000
v -25.505632 -25.505632 60.000000
v -23.185613 -27.631537 60.000000
v -20.689137 -29.547150 60.000000
v -18.035205 -31.237892 60.000000
v -15.244014 -32.690894 60.000000
v -12.336807 -33.895098 60.000000
v -9.335709 -34.841341 60.000000
v -6.263561 -35.522420 60.000000
v -3.143743 -35.933151 60.000000
v -0.000000 -36.070410 60.000000
v 3.143743 -35.933151 60.000000
v 6.263561 -35.522420 60.000000
v 9.335709 -34.841341 60.000000
v 12.336807 -33.895098 60.000000
v 15.244014 -32.690894 60.000000
v 18.035205 -31.237892 60.000000
v 20.689137 -29.547150 60.000000
v 23.185613 -27.631537 60.000000
v 25.505632 -25.505632 60.000000
v 27.631537 -23.185613 60.000000
v 29.547150 -20.689137 60.000000
v 31.237892 -18.035205 60.000000
v 32.690894 -15.244014 60.000000
v 33.895098 -12.336807 60.000000
v 34.841341 -9.335709 60.000000
v 35.522420 -6.263561 60.000000
v 35.933151 -3.143743 60.000000
v 36.223515 0.000000 62.500000
v 36.086459 3.157156 62.500000
v 35.678176 6.291025 62.500000
v 34.990530 9.375684 62.500000
v 34.038610 12.389041 62.500000
v 32.833739 15.310624 62.500000
v 31.372989 18.113204 62.500000
v 29.671835 20.776443 62.500000
v 27.751359 23.286155 62.500000
v 25.616878 25.616878 62.500000
v 23.283637 27.748359 62.500000
v 20.777979 29.674030 62.500000
v 18.114246 31.374794 62.500000
v 15.308889 32.830018 62.500000
v 12.389289 34.039291 62.500000
v 9.376619 34.994017 62.500000
v 6.290470 35.675031 62.500000
v 3.157032 36.085039 62.500000
v 0.000000 36.227683 62.500000
v -3.157382 36.089040 62.500000
v -6.289993 35.672326 62.500000
v -9.376066 34.991953 62.500000
v -12.390728 34.043246 62.500000
v -15.308575 32.829346 62.500000
v -18.112395 31.371589 62.500000
v -20.779857 29.676712 62.500000
v -23.284577 27.749478 62.500000
v -25.613856 25.613856 62.500000
v -27.752479 23.287095 62.500000
v -29.674517 20.778320 62.500000
v -31.369784 18.111353 62.500000
v -32.833066 15.310310 62.500000
v -34.042565 12.390480 62.500000
v -34.988466 9.375131 62.500000
v -35.675470 6.290548 62.500000
v -36.090460 3.157506 62.500000
v -36.223515 0.000000 62.500000
v -36.086459 -3.157156 62.500000
v -35.678176 -6.291025 62.500000
v -34.990530 -9.375684 62.500000
v -34.038610 -12.389041 62.500000
v -32.833739 -15.310624 62.500000
v -31.372989 -18.113204 62.500000
v -29.671835 -20.776443 62.500000
v -27.751359 -23.286155 62.500000
v -25.616878 -25.616878 62.500000
v -23.283637 -27.748359 62.500000
v -20.777979 -29.674030 62.500000
v -18.114246 -31.374794 62.500000
v -15.308889 -32.830018 62.500000
v -12.389289 -34.039291 62.500000
v -9.376619 -34.994017 62.500000
v -6.290470 -35.675031 62.500000
v -3.157032 -36.085039 62.500000
v -0.000000 -36.227683 62.500000
v 3.157382 -36.089040 62.500000
v 6.289993 -35.672326 62.500000
v 9.376066 -34.991953 62.500000
v 12.390728 -34.043246 62.500000
v 15.308575 -32.829346 62.500000
v 18.112395 -31.371589 62.500000
v 20.779857 -29.676712 62.500000
v 23.284577 -27.749478 62.500000
v 25.613856 -25.613856 62.500000
v 27.752479 -23.287095 62.500000
v 29.674517 -20.778320 62.500000
v 31.369784 -18.111353 62.500000
v 32.833066 -15.310310 62.500000
v 34.042565 -12.390480 62.500000
v 34.988466 -9.375131 62.500000
v 35.675470 -6.290548 62.500000
v 36.090460 -3.157506 62.500000
v 36.313684 0.000000 65.000000
v 36.180476 3.165382 65.000000
v 35.782910 6.309493 65.000000
v 35.081281 9.400001 65.000000
v 34.123614 12.419980 65.000000
v 32.929125 15.355103 65.000000
v 31.458401 18.162516 65.000000
v 29.744221 20.827127 65.000000
v 27.829500 23.351723 65.000000
v 25.689663 25.689663 65.000000
v 23.340627 27.816276 65.000000
v 20.833900 29.753893 65.000000
v 18.167109 31.466355 65.000000
v 15.347457 32.912728 65.000000
v 12.421071 34.126611 65.000000
v 9.404119 35.096648 65.000000
v 6.307049 35.769052 65.000000
v 3.164834 36.174217 65.000000
v 0.000000 36.332054 65.000000
v -3.166112 36.188822 65.000000
v -6.305307 35.759175 65.000000
v -9.402099 35.089113 65.000000
v -12.426326 34.141050 65.000000
v -15.346312 32.910273 65.000000
v -18.160353 31.454654 65.000000
v -20.840756 29.763684 65.000000
v -23.344057 27.820364 65.000000
v -25.678631 25.678631 65.000000
v -27.833588 23.355153 65.000000
v -29.754011 20.833983 65.000000
v -31.446699 18.155760 65.000000
v -32.926669 15.353958 65.000000
v -34.138052 12.425235 65.000000
v -35.073746 9.397982 65.000000
v -35.773034 6.307751 65.000000
v -36.195082 3.166659 65.000000
v -36.313684 0.000000 65.000000
v -36.180476 -3.165382 65.000000
v -35.782910 -6.309493 65.000000
v -35.081281 -9.400001 65.000000
v -34.123614 -12.419980 65.000000
v -32.929125 -15.355103 65.000000
v -31.458401 -18.162516 65.000000
v -29.744221 -20.827127 65.000000
v -27.829500 -23.351723 65.000000
v -25.689663 -25.689663 65.000000
v -23.340627 -27.816276 65.000000
v -20.833900 -29.753893 65.000000
v -18.167109 -31.466355 65.000000
v -15.347457 -32.912728 65.000000
v -12.421071 -34.126611 65.000000
v -9.404119 -35.096648 65.000000
v -6.307049 -35.769052 65.000000
v -3.164834 -36.174217 65.000000
v -0.000000 -36.332054 65.000000
v 3.166112 -36.188822 65.000000
v 6.305307 -35.759175 65.000000
v 9.402099 -35.089113 65.000000
v 12.426326 -34.141050 65.000000
v 15.346312 -32.910273 65.000000
v 18.160353 -31.454654 65.000000
v 20.840756 -29.763684 65.000000
v 23.344057 -27.820364 65.000000
v 25.678631 -25.678631 65.000000
v 27.833588 -23.355153 65.000000
v 29.754011 -20.833983 65.000000
v 31.446699 -18.155760 65.000000
v 32.926669 -15.353958 65.000000
v 34.138052 -12.425235 65.000000
v 35.073746 -9.397982 65.000000
v 35.773034 -6.307751 65.000000
v 36.195082 -3.166659 65.000000
v 36.337806 0.000000 67.500000
v 36.214779 3.168383 67.500000
v 35.834530 6.318595 67.500000
v 35.110070 9.407715 67.500000
v 34.149258 12.429313 67.500000
v 32.975910 15.376919 67.500000
v 31.490870 18.181262 67.500000
v 29.762918 20.840220 67.500000
v 27.865494 23.381926 67.500000
v 25.721572 25.721572 67.500000
v 23.354921 27.833311 67.500000
v 20.856703 29.786459 67.500000
v 18.192439 31.510229 67.500000
v 15.358311 32.936005 67.500000
v 12.431969 34.156553 67.500000
v 9.417736 35.147470 67.500000
v 6.312647 35.800801 67.500000
v 3.167050 36.199546 67.500000
v 0.000000 36.382515 67.500000
v -3.169611 36.228819 67.500000
v -6.309157 35.781006 67.500000
v -9.413689 35.132367 67.500000
v -12.442501 34.185492 67.500000
v -15.356017 32.931084 67.500000
v -18.178899 31.486776 67.500000
v -20.870443 29.806082 67.500000
v -23.361795 27.841504 67.500000
v -25.699460 25.699460 67.500000
v -27.873687 23.388801 67.500000
v -29.782541 20.853960 67.500000
v -31.467416 18.167721 67.500000
v -32.970988 15.374624 67.500000
v -34.178196 12.439846 67.500000
v -35.094967 9.403668 67.500000
v -35.814735 6.315104 67.500000
v -36.244053 3.170944 67.500000
v -36.337806 0.000000 67.500000
v -36.214779 -3.168383 67.500000
v -35.834530 -6.318595 67.500000
v -35.110070 -9.407715 67.500000
v -34.149258 -12.429313 67.500000
v -32.975910 -15.376919 67.500000
v -31.490870 -18.181262 67.500000
v -29.762918 -20.840220 67.500000
v -27.865494 -23.381926 67.500000
v -25.721572 -25.721572 67.500000
v -23.354921 -27.833311 67.500000
v -20.856703 -29.786459 67.500000
v -18.192439 -31.510229 67.500000
v -15.358311 -32.936005 67.500000
v -12.431969 -34.156553 67.500000
v -9.417736 -35.147470 67.500000
v -6.312647 -35.800801 67.500000
v -3.167050 -36.199546 67.500000
v -0.000000 -36.382515 67.500000
v 3.169611 -36.228819 67.500000
v 6.309157 -35.781006 67.500000
v 9.413689 -35.132367 67.500000
v 12.442501 -34.185492 67.500000
v 15.356017 -32.931084 67.500000
v 18.178899 -31.486776 67.500000
v 20.870443 -29.806082 67.500000
v 23.361795 -27.841504 67.500000
v 25.699460 -25.699460 67.500000
v 27.873687 -23.388801 67.500000
v 29.782541 -20.853960 67.500000
v 31.467416 -18.167721 67.500000
v 32.970988 -15.374624 67.500000
v 34.178196 -12.439846 67.500000
v 35.094967 -9.403668 67.500000
v 35.814735 -6.315104 67.500000
v 36.244053 -3.170944 67.500000
v 36.293753 0.000000 70.000000
v 36.189696 3.166188 70.000000
v 35.831133 6.317995 70.000000
v 35.074149 9.398090 70.000000
v 34.115581 12.417056 70.000000
v 32.973170 15.375641 70.000000
v 31.467643 18.167852 70.000000
v 29.727402 20.815351 70.000000
v 27.859175 23.376624 70.000000
v 25.710452 25.710452 70.000000
v 23.325533 27.798287 70.000000
v 20.846536 29.771939 70.000000
v 18.188999 31.504270 70.000000
v 15.340437 32.897674 70.000000
v 12.422079 34.129383 70.000000
v 9.417049 35.144906 70.000000
v 6.306744 35.767321 70.000000
v 3.163667 36.160877 70.000000
v 0.000000 36.378338 70.000000
v -3.167602 36.205855 70.000000
v -6.301381 35.736906 70.000000
v -9.410831 35.121700 70.000000
v -12.438263 34.173847 70.000000
v -15.336911 32.890113 70.000000
v -18.168193 31.468234 70.000000
v -20.867648 29.802090 70.000000
v -23.336096 27.810876 70.000000
v -25.676477 25.676477 70.000000
v -27.871764 23.387187 70.000000
v -29.757553 20.836463 70.000000
v -31.431607 18.147047 70.000000
v -32.965608 15.372115 70.000000
v -34.160045 12.433240 70.000000
v -35.050944 9.391872 70.000000
v -35.800717 6.312632 70.000000
v -36.234675 3.170123 70.000000
v -36.293753 0.000000 70.000000
v -36.189696 -3.166188 70.000000
v -35.831133 -6.317995 70.000000
v -35.074149 -9.398090 70.000000
v -34.115581 -12.417056 70.000000
v -32.973170 -15.375641 70.000000
v -31.467643 -18.167852 70.000000
v -29.727402 -20.815351 70.000000
v -27.859175 -23.376624 70.000000
v -25.710452 -25.710452 70.000000
v -23.325533 -27.798287 70.000000
v -20.846536 -29.771939 70.000000
v -18.188999 -31.504270 70.000000
v -15.340437 -32.897674 70.000000
v -12.422079 -34.129383 70.000000
v -9.417049 -35.144906 70.000000
v -6.306744 -35.767321 70.000000
v -3.163667 -36.160877 70.000000
v -0.000000 -36.378338 70.000000
v 3.167602 -36.205855 70.000000
v 6.301381 -35.736906 70.000000
v 9.410831 -35.121700 70.000000
v 12.438263 -34.173847 70.000000
v 15.336911 -32.890113 70.000000
v 18.168193 -31.468234 70.000000
v 20.867648 -29.802090 70.000000
v 23.336096 -27.810876 70.000000
v 25.676477 -25.676477 70.000000
v 27.871764 -23.387187 70.000000
v 29.757553 -20.836463 70.000000
v 31.431607 -18.147047 70.000000
v 32.965608 -15.372115 70.000000
v 34.160045 -12.433240 70.000000
v 35.050944 -9.391872 70.000000
v 35.800717 -6.312632 70.000000
v 36.234675 -3.170123 70.000000
v 36.180461 0.000000 72.500000
v 36.106232 3.158886 72.500000
v 35.771050 6.307401 72.500000
v 34.971668 9.370630 72.500000
v 34.023464 12.383528 72.500000
v 32.920186 15.350935 72.500000
v 31.386588 18.121055 72.500000
v 29.638008 20.752757 72.500000
v 27.810632 23.335891 72.500000
v 25.654494 25.654494 72.500000
v 23.252183 27.710873 72.500000
v 20.803851 29.710978 72.500000
v 18.155701 31.446596 72.500000
v 15.293257 32.796495 72.500000
v 12.391759 34.046077 72.500000
v 9.401693 35.087595 72.500000
v 6.288966 35.666501 72.500000
v 3.154755 36.059014 72.500000
v 0.000000 36.319045 72.500000
v -3.159862 36.117391 72.500000
v -6.282006 35.627026 72.500000
v -9.393623 35.057477 72.500000
v -12.412763 34.103787 72.500000
v -15.288680 32.786681 72.500000
v -18.128698 31.399826 72.500000
v -20.831251 29.750110 72.500000
v -23.265893 27.727212 72.500000
v -25.610398 25.610398 72.500000
v -27.826971 23.349601 72.500000
v -29.677140 20.780157 72.500000
v -31.339817 18.094052 72.500000
v -32.910372 15.346358 72.500000
v -34.081173 12.404533 72.500000
v -34.941550 9.362560 72.500000
v -35.731574 6.300441 72.500000
v -36.164609 3.163993 72.500000
v -36.180461 0.000000 72.500000
v -36.106232 -3.158886 72.500000
v -35.771050 -6.307401 72.500000
v -34.971668 -9.370630 72.500000
v -34.023464 -12.383528 72.500000
v -32.920186 -15.350935 72.500000
v -31.386588 -18.121055 72.500000
v -29.638008 -20.752757 72.500000
v -27.810632 -23.335891 72.500000
v -25.654494 -25.654494 72.500000
v -23.252183 -27.710873 72.500000
v -20.803851 -29.710978 72.500000
v -18.155701 -31.446596 72.500000
v -15.293257 -32.796495 72.500000
v -12.391759 -34.046077 72.500000
v -9.401693 -35.087595 72.500000
v -6.288966 -35.666501 72.500000
v -3.154755 -36.059014 72.500000
v -0.000000 -36.319045 72.500000
v 3.159862 -36.117391 72.500000
v 6.282006 -35.627026 72.500000
v 9.393623 -35.057477 72.500000
v 12.412763 -34.103787 72.500000
v 15.288680 -32.786681 72.500000
v 18.128698 -31.399826 72.500000
v 20.831251 -29.750110 72.500000
v 23.265893 -27.727212 72.500000
v 25.610398 -25.610398 72.500000
v 27.826971 -23.349601 72.500000
v 29.677140 -20.780157 72.500000
v 31.339817 -18.094052 72.500000
v 32.910372 -15.346358 72.500000
v 34.081173 -12.404533 72.500000
v 34.941550 -9.362560 72.500000
v 35.731574 -6.300441 72.500000
v 36.164609 -3.163993 72.500000
v 35.997982 0.000000 75.000000
v 35.965981 3.146616 75.000000
v 35.652899 6.286568 75.000000
v 34.801759 9.325103 75.000000
v 33.874562 12.329332 75.000000
v 32.816449 15.302561 75.000000
v 31.246290 18.040054 75.000000
v 29.495903 20.653253 75.000000
v 27.720171 23.259986 75.000000
v 25.552317 25.552317 75.000000
v 23.135309 27.571587 75.000000
v 20.729354 29.604586 75.000000
v 18.091657 31.335669 75.000000
v 15.216654 32.632219 75.000000
v 12.341591 33.908243 75.000000
v 9.371369 34.974424 75.000000
v 6.259111 35.497182 75.000000
v 3.140463 35.895653 75.000000
v 0.000000 36.204393 75.000000
v -3.146236 35.961642 75.000000
v -6.251243 35.452559 75.000000
v -9.362247 34.940380 75.000000
v -12.365334 33.973477 75.000000
v -15.211481 32.621125 75.000000
v -18.061133 31.282800 75.000000
v -20.760327 29.648820 75.000000
v -23.150806 27.590056 75.000000
v -25.502472 25.502472 75.000000
v -27.738640 23.275483 75.000000
v -29.540137 20.684226 75.000000
v -31.193422 18.009530 75.000000
v -32.805355 15.297388 75.000000
v -33.939796 12.353075 75.000000
v -34.767714 9.315981 75.000000
v -35.608277 6.278700 75.000000
v -36.031970 3.152389 75.000000
v -35.997982 0.000000 75.000000
v -35.965981 -3.146616 75.000000
v -35.652899 -6.286568 75.000000
v -34.801759 -9.325103 75.000000
v -33.874562 -12.329332 75.000000
v -32.816449 -15.302561 75.000000
v -31.246290 -18.040054 75.000000
v -29.495903 -20.653253 75.000000
v -27.720171 -23.259986 75.000000
v -25.552317 -25.552317 75.000000
v -23.135309 -27.571587 75.000000
v -20.729354 -29.604586 75.000000
v -18.091657 -31.335669 75.000000
v -15.216654 -32.632219 75.000000
v -12.341591 -33.908243 75.000000
v -9.371369 -34.974424 75.000000
v -6.259111 -35.497182 75.000000
v -3.140463 -35.895653 75.000000
v -0.000000 -36.204393 75.000000
v 3.146236 -35.961642 75.000000
v 6.251243 -35.452559 75.000000
v 9.362247 -34.940380 75.000000
v 12.365334 -33.973477 75.000000
v 15.211481 -32.621125 75.000000
v 18.061133 -31.282800 75.000000
v 20.760327 -29.648820 75.000000
v 23.150806 -27.590056 75.000000
v 25.502472 -25.502472 75.000000
v 27.738640 -23.275483 75.000000
v 29.540137 -20.684226 75.000000
v 31.193422 -18.009530 75.000000
v 32.805355 -15.297388 75.000000
v 33.939796 -12.353075 75.000000
v 34.767714 -9.315981 75.000000
v 35.608277 -6.278700 75.000000
v 36.031970 -3.152389 75.000000
v 35.747496 0.000000 77.500000
v 35.771031 3.129560 77.500000
v 35.475650 6.255314 77.500000
v 34.564603 9.261557 77.500000
v 33.671210 12.255318 77.500000
v 32.661667 15.230385 77.500000
v 31.046145 17.924500 77.500000
v 29.303023 20.518198 77.500000
v 27.588290 23.149324 77.500000
v 25.403042 25.403042 77.500000
v 22.976047 27.381786 77.500000
v 20.623964 29.454073 77.500000
v 17.996218 31.170364 77.500000
v 15.110990 32.405622 77.500000
v 12.272356 33.718021 77.500000
v 9.325858 34.804576 77.500000
v 6.217154 35.259231 77.500000
v 3.121008 35.673288 77.500000
v 0.000000 36.034369 77.500000
v -3.126642 35.737682 77.500000
v -6.209476 35.215687 77.500000
v -9.316956 34.771354 77.500000
v -12.295525 33.781678 77.500000
v -15.105942 32.394796 77.500000
v -17.966432 31.118773 77.500000
v -20.654188 29.497238 77.500000
v -22.991169 27.399809 77.500000
v -25.354401 25.354401 77.500000
v -27.606313 23.164447 77.500000
v -29.346188 20.548422 77.500000
v -30.994554 17.894714 77.500000
v -32.650841 15.225337 77.500000
v -33.734868 12.278488 77.500000
v -34.531381 9.252656 77.500000
v -35.432105 6.247636 77.500000
v -35.835425 3.135193 77.500000
v -35.747496 0.000000 77.500000
v -35.771031 -3.129560 77.500000
v -35.475650 -6.255314 77.500000
v -34.564603 -9.261557 77.500000
v -33.671210 -12.255318 77.500000
v -32.661667 -15.230385 77.500000
v -31.046145 -17.924500 77.500000
v -29.303023 -20.518198 77.500000
v -27.588290 -23.149324 77.500000
v -25.403042 -25.403042 77.500000
v -22.976047 -27.381786 77.500000
v -20.623964 -29.454073 77.500000
v -17.996218 -31.170364 77.500000
v -15.110990 -32.405622 77.500000
v -12.272356 -33.718021 77.500000
v -9.325858 -34.804576 77.500000
v -6.217154 -35.259231 77.500000
v -3.121008 -35.673288 77.500000
v -0.000000 -36.034369 77.500000
v 3.126642 -35.737682 77.500000
v 6.209476 -35.215687 77.500000
v 9.316956 -34.771354 77.500000
v 12.295525 -33.781678 77.500000
v 15.105942 -32.394796 77.500000
v 17.966432 -31.118773 77.500000
v 20.654188 -29.497238 77.500000
v 22.991169 -27.399809 77.500000
v 25.354401 -25.354401 77.500000
v 27.606313 -23.164447 77.500000
v 29.346188 -20.548422 77.500000
v 30.994554 -17.894714 77.500000
v 32.650841 -15.225337 77.500000
v 33.734868 -12.278488 77.500000
v 34.531381 -9.252656 77.500000
v 35.432105 -6.247636 77.500000
v 35.835425 -3.135193 77.500000
v 35.431288 0.000000 80.000000
v 35.523862 3.107935 80.000000
v 35.238689 6.213532 80.000000
v 34.261457 9.180330 80.000000
v 33.416320 12.162546 80.000000
v 32.455790 15.134384 80.000000
v 30.786416 17.774545 80.000000
v 29.062000 20.349432 80.000000
v 27.415649 23.004461 80.000000
v 25.206360 25.206360 80.000000
v 22.776196 27.143613 80.000000
v 20.488762 29.260984 80.000000
v 17.869023 30.950055 80.000000
v 14.977099 32.118493 80.000000
v 12.184990 33.477985 80.000000
v 9.265035 34.577583 80.000000
v 6.163261 34.953592 80.000000
v 3.096670 35.395102 80.000000
v 0.000000 35.809196 80.000000
v -3.101082 35.445530 80.000000
v -6.157249 34.919492 80.000000
v -9.258064 34.551566 80.000000
v -12.203135 33.527837 80.000000
v -14.973146 32.110015 80.000000
v -17.845696 30.909653 80.000000
v -20.512431 29.294788 80.000000
v -22.788039 27.157727 80.000000
v -25.168269 25.168269 80.000000
v -27.429763 23.016304 80.000000
v -29.095804 20.373101 80.000000
v -30.746014 17.751219 80.000000
v -32.447312 15.130430 80.000000
v -33.466171 12.180690 80.000000
v -34.235440 9.173358 80.000000
v -35.204588 6.207519 80.000000
v -35.574290 3.112347 80.000000
v -35.431288 0.000000 80.000000
v -35.523862 -3.107935 80.000000
v -35.238689 -6.213532 80.000000
v -34.261457 -9.180330 80.000000
v -33.416320 -12.162546 80.000000
v -32.455790 -15.134384 80.000000
v -30.786416 -17.774545 80.000000
v -29.062000 -20.349432 80.000000
v -27.415649 -23.004461 80.000000
v -25.206360 -25.206360 80.000000
v -22.776196 -27.143613 80.000000
v -20.488762 -29.260984 80.000000
v -17.869023 -30.950055 80.000000
v -14.977099 -32.118493 80.000000
v -12.184990 -33.477985 80.000000
v -9.265035 -34.577583 80.000000
v -6.163261 -34.953592 80.000000
v -3.096670 -35.395102 80.000000
v -0.000000 -35.809196 80.000000
v 3.101082 -35.445530 80.000000
v 6.157249 -34.919492 80.000000
v 9.258064 -34.551566 80.000000
v 12.203135 -33.527837 80.000000
v 14.973146 -32.110015 80.000000
v 17.845696 -30.909653 80.000000
v 20.512431 -29.294788 80.000000
v 22.788039 -27.157727 80.000000
v 25.168269 -25.168269 80.000000
v 27.429763 -23.016304 80.000000
v 29.095804 -20.373101 80.000000
v 30.746014 -17.751219 80.000000
v 32.447312 -15.130430 80.000000
v 33.466171 -12.180690 80.000000
v 34.235440 -9.173358 80.000000
v 35.204588 -6.207519 80.000000
v 35.574290 -3.112347 80.000000
v 35.052682 0.000000 82.500000
v 35.227248 3.081985 82.500000
v 34.941894 6.161199 82.500000
v 33.894645 9.082043 82.500000
v 33.113258 12.052240 82.500000
v 32.199044 15.014661 82.500000
v 30.468274 17.590866 82.500000
v 28.776055 20.149211 82.500000
v 27.203064 22.826081 82.500000
v 24.962587 24.962587 82.500000
v 22.538160 26.859933 82.500000
v 20.324954 29.027042 82.500000
v 17.710034 30.674679 82.500000
v 14.816271 31.773596 82.500000
v 12.080550 33.191039 82.500000
v 9.188886 34.293389 82.500000
v 6.097791 34.582289 82.500000
v 3.067776 35.064837 82.500000
v 0.000000 35.529354 82.500000
v -3.069645 35.086202 82.500000
v -6.095243 34.567842 82.500000
v -9.185932 34.282366 82.500000
v -12.088238 33.212160 82.500000
v -14.814596 31.770004 82.500000
v -17.700152 30.657562 82.500000
v -20.334982 29.041364 82.500000
v -22.543177 26.865913 82.500000
v -24.946449 24.946449 82.500000
v -27.209043 22.831098 82.500000
v -28.790376 20.159239 82.500000
v -30.451157 17.580984 82.500000
v -32.195452 15.012986 82.500000
v -33.134379 12.059928 82.500000
v -33.883622 9.079089 82.500000
v -34.927447 6.158651 82.500000
v -35.248613 3.083854 82.500000
v -35.052682 0.000000 82.500000
v -35.227248 -3.081985 82.500000
v -34.941894 -6.161199 82.500000
v -33.894645 -9.082043 82.500000
v -33.113258 -12.052240 82.500000
v -32.199044 -15.014661 82.500000
v -30.468274 -17.590866 82.500000
v -28.776055 -20.149211 82.500000
v -27.203064 -22.826081 82.500000
v -24.962587 -24.962587 82.500000
v -22.538160 -26.859933 82.500000
v -20.324954 -29.027042 82.500000
v -17.710034 -30.674679 82.500000
v -14.816271 -31.773596 82.500000
v -12.080550 -33.191039 82.500000
v -9.188886 -34.293389 82.500000
v -6.097791 -34.582289 82.500000
v -3.067776 -35.064837 82.500000
v -0.000000 -35.529354 82.500000
v 3.069645 -35.086202 82.500000
v 6.095243 -34.567842 82.500000
v 9.185932 -34.282366 82.500000
v 12.088238 -33.212160 82.500000
v 14.814596 -31.770004 82.500000
v 17.700152 -30.657562 82.500000
v 20.334982 -29.041364 82.500000
v 22.543177 -26.865913 82.500000
v 24.946449 -24.946449 82.500000
v 27.209043 -22.831098 82.500000
v 28.790376 -20.159239 82.500000
v 30.451157 -17.580984 82.500000
v 32.195452 -15.012986 82.500000
v 33.134379 -12.059928 82.500000
v 33.883622 -9.079089 82.500000
v 34.927447 -6.158651 82.500000
v 35.248613 -3.083854 82.500000
v 34.615951 0.000000 85.000000
v 34.884164 3.051969 85.000000
v 34.585700 6.098392 85.000000
v 33.467517 8.967594 85.000000
v 32.765731 11.925751 85.000000
v 31.891965 14.871467 85.000000
v 30.093806 17.374667 85.000000
v 28.448888 19.920126 85.000000
v 26.951497 22.614991 85.000000
v 24.672697 24.672697 85.000000
v 22.264866 26.534235 85.000000
v 20.133838 28.754100 85.000000
v 17.519580 30.344803 85.000000
v 14.630217 31.374601 85.000000
v 11.960177 32.860316 85.000000
v 9.097520 33.952407 85.000000
v 6.021285 34.148405 85.000000
v 3.034690 34.686665 85.000000
v 0.000000 35.195605 85.000000
v -3.032509 34.661737 85.000000
v -6.024257 34.165262 85.000000
v -9.100966 33.965268 85.000000
v -11.951208 32.835673 85.000000
v -14.632171 31.378792 85.000000
v -17.531111 30.364775 85.000000
v -20.122137 28.737390 85.000000
v -22.259012 26.527258 85.000000
v -24.691527 24.691527 85.000000
v -26.944520 22.609137 85.000000
v -28.432179 19.908426 85.000000
v -30.113777 17.386198 85.000000
v -31.896156 14.873422 85.000000
v -32.741088 11.916781 85.000000
v -33.480378 8.971040 85.000000
v -34.602557 6.101364 85.000000
v -34.859236 3.049788 85.000000
v -34.615951 0.000000 85.000000
v -34.884164 -3.051969 85.000000
v -34.585700 -6.098392 85.000000
v -33.467517 -8.967594 85.000000
v -32.765731 -11.925751 85.000000
v -31.891965 -14.871467 85.000000
v -30.093806 -17.374667 85.000000
v -28.448888 -19.920126 85.000000
v -26.951497 -22.614991 85.000000
v -24.672697 -24.672697 85.000000
v -22.264866 -26.534235 85.000000
v -20.133838 -28.754100 85.000000
v -17.519580 -30.344803 85.000000
v -14.630217 -31.374601 85.000000
v -11.960177 -32.860316 85.000000
v -9.097520 -33.952407 85.000000
v -6.021285 -34.148405 85.000000
v -3.034690 -34.686665 85.000000
v -0.000000 -35.195605 85.000000
v 3.032509 -34.661737 85.000000
v 6.024257 -34.165262 85.000000
v 9.100966 -33.965268 85.000000
v 11.951208 -32.835673 85.000000
v 14.632171 -31.378792 85.000000
v 17.531111 -30.364775 85.000000
v 20.122137 -28.737390 85.000000
v 22.259012 -26.527258 85.000000
v 24.691527 -24.691527 85.000000
v 26.944520 -22.609137 85.000000
v 28.432179 -19.908426 85.000000
v 30.113777 -17.386198 85.000000
v 31.896156 -14.873422 85.000000
v 32.741088 -11.916781 85.000000
v 33.480378 -8.971040 85.000000
v 34.602557 -6.101364 85.000000
v 34.859236 -3.049788 85.000000
v 34.126189 0.000000 87.500000
v 34.497708 3.018158 87.500000
v 34.171159 6.025297 87.500000
v 32.984371 8.838136 87.500000
v 32.377662 11.784505 87.500000
v 31.535442 14.705218 87.500000
v 29.665990 17.127668 87.500000
v 28.084558 19.665019 87.500000
v 26.662067 22.372131 87.500000
v 24.338344 24.338344 87.500000
v 21.959678 26.170525 87.500000
v 19.916775 28.444103 87.500000
v 17.298378 29.961670 87.500000
v 14.421021 30.925978 87.500000
v 11.825060 32.489086 87.500000
v 8.991191 33.555580 87.500000
v 5.934464 33.656018 87.500000
v 2.997803 34.265050 87.500000
v 0.000000 34.809032 87.500000
v -2.989942 34.175194 87.500000
v -5.945178 33.716781 87.500000
v -9.003612 33.601939 87.500000
v -11.792729 32.400256 87.500000
v -14.428065 30.941085 87.500000
v -17.339943 30.033662 87.500000
v -19.874599 28.383869 87.500000
v -21.938575 26.145376 87.500000
v -24.406218 24.406218 87.500000
v -26.636918 22.351028 87.500000
v -28.024324 19.622843 87.500000
v -29.737982 17.169232 87.500000
v -31.550549 14.712263 87.500000
v -32.288832 11.752174 87.500000
v -33.030730 8.850557 87.500000
v -34.231922 6.036011 87.500000
v -34.407851 3.010297 87.500000
v -34.126189 0.000000 87.500000
v -34.497708 -3.018158 87.500000
v -34.171159 -6.025297 87.500000
v -32.984371 -8.838136 87.500000
v -32.377662 -11.784505 87.500000
v -31.535442 -14.705218 87.500000
v -29.665990 -17.127668 87.500000
v -28.084558 -19.665019 87.500000
v -26.662067 -22.372131 87.500000
v -24.338344 -24.338344 87.500000
v -21.959678 -26.170525 87.500000
v -19.916775 -28.444103 87.500000
v -17.298378 -29.961670 87.500000
v -14.421021 -30.925978 87.500000
v -11.825060 -32.489086 87.500000
v -8.991191 -33.555580 87.500000
v -5.934464 -33.656018 87.500000
v -2.997803 -34.265050 87.500000
v -0.000000 -34.809032 87.500000
v 2.989942 -34.175194 87.500000
v 5.945178 -33.716781 87.500000
v 9.003612 -33.601939 87.500000
v 11.792729 -32.400256 87.500000
v 14.428065 -30.941085 87.500000
v 17.339943 -30.033662 87.500000
v 19.874599 -28.383869 87.500000
v 21.938575 -26.145376 87.500000
v 24.406218 -24.406218 87.500000
v 26.636918 -22.351028 87.500000
v 28.024324 -19.622843 87.500000
v 29.737982 -17.169232 87.500000
v 31.550549 -14.712263 87.500000
v 32.288832 -11.752174 87.500000
v 33.030730 -8.850557 87.500000
v 34.231922 -6.036011 87.500000
v 34.407851 -3.010297 87.500000
v 33.589165 0.000000 90.000000
v 34.071029 2.980829 90.000000
v 33.699988 5.942217 90.000000
v 32.450346 8.695044 90.000000
v 31.953087 11.629973 90.000000
v 31.130762 14.516513 90.000000
v 29.188649 16.852075 90.000000
v 27.687355 19.386895 90.000000
v 26.336062 22.098580 90.000000
v 23.961851 23.961851 90.000000
v 21.626288 25.773207 90.000000
v 19.675175 28.099063 90.000000
v 17.047552 29.527226 90.000000
v 14.191084 30.432877 90.000000
v 11.676411 32.080676 90.000000
v 8.870304 33.104426 90.000000
v 5.838206 33.110110 90.000000
v 2.957521 33.804618 90.000000
v 0.000000 34.371075 90.000000
v -2.942296 33.630602 90.000000
v -5.858955 33.227783 90.000000
v -8.894360 33.194205 90.000000
v -11.613798 31.908649 90.000000
v -14.204726 30.462132 90.000000
v -17.128045 29.666645 90.000000
v -19.593497 27.982414 90.000000
v -21.585421 25.724503 90.000000
v -24.093296 24.093296 90.000000
v -26.287357 22.057712 90.000000
v -27.570707 19.305217 90.000000
v -29.328068 16.932568 90.000000
v -31.160017 14.530155 90.000000
v -31.781060 11.567360 90.000000
v -32.540125 8.719100 90.000000
v -33.817661 5.962966 90.000000
v -33.897013 2.965604 90.000000
v -33.589165 0.000000 90.000000
v -34.071029 -2.980829 90.000000
v -33.699988 -5.942217 90.000000
v -32.450346 -8.695044 90.000000
v -31.953087 -11.629973 90.000000
v -31.130762 -14.516513 90.000000
v -29.188649 -16.852075 90.000000
v -27.687355 -19.386895 90.000000
v -26.336062 -22.098580 90.000000
v -23.961851 -23.961851 90.000000
v -21.626288 -25.773207 90.000000
v -19.675175 -28.099063 90.000000
v -17.047552 -29.527226 90.000000
v -14.191084 -30.432877 90.000000
v -11.676411 -32.080676 90.000000
v -8.870304 -33.104426 90.000000
v -5.838206 -33.110110 90.000000
v -2.957521 -33.804618 90.000000
v -0.000000 -34.371075 90.000000
v 2.942296 -33.630602 90.000000
v 5.858955 -33.227783 90.000000
v 8.894360 -33.194205 90.000000
v 11.613798 -31.908649 90.000000
v 14.204726 -30.462132 90.000000
v 17.128045 -29.666645 90.000000
v 19.593497 -27.982414 90.000000
v 21.585421 -25.724503 90.000000
v 24.093296 -24.093296 90.000000
v 26.287357 -22.057712 90.000000
v 27.570707 -19.305217 90.000000
v 29.328068 -16.932568 90.000000
v 31.160017 -14.530155 90.000000
v 31.781060 -11.567360 90.000000
v 32.540125 -8.719100 90.000000
v 33.817661 -5.962966 90.000000
v 33.897013 -2.965604 90.000000
v 33.011159 0.000000 92.500000
v 33.607281 2.940256 92.500000
v 33.174596 5.849576 92.500000
v 31.871289 8.539886 92.500000
v 31.496050 11.463625 92.500000
v 30.679641 14.306152 92.500000
v 28.666365 16.550533 92.500000
v 27.261685 19.088838 92.500000
v 25.974952 21.795573 92.500000
v 23.546187 23.546187 92.500000
v 21.268617 25.346951 92.500000
v 19.410485 27.721045 92.500000
v 16.768636 29.044130 92.500000
v 13.943056 29.900981 92.500000
v 11.515438 31.638407 92.500000
v 8.735432 32.601075 92.500000
v 5.733526 32.516444 92.500000
v 2.914250 33.310035 92.500000
v 0.000000 33.883570 92.500000
v -2.890004 33.032893 92.500000
v -5.766572 32.703852 92.500000
v -8.773744 32.744058 92.500000
v -11.415720 31.364433 92.500000
v -13.964783 29.947573 92.500000
v -16.896831 29.266170 92.500000
v -19.280403 27.535269 92.500000
v -21.203530 25.269384 92.500000
v -23.755529 23.755529 92.500000
v -25.897385 21.730486 92.500000
v -27.075909 18.958756 92.500000
v -28.888405 16.678729 92.500000
v -30.726234 14.327878 92.500000
v -31.222077 11.363907 92.500000
v -32.014272 8.578198 92.500000
v -33.362005 5.882622 92.500000
v -33.330140 2.916009 92.500000
v -33.011159 0.000000 92.500000
v -33.607281 -2.940256 92.500000
v -33.174596 -5.849576 92.500000
v -31.871289 -8.539886 92.500000
v -31.496050 -11.463625 92.500000
v -30.679641 -14.306152 92.500000
v -28.666365 -16.550533 92.500000
v -27.261685 -19.088838 92.500000
v -25.974952 -21.795573 92.500000
v -23.546187 -23.546187 92.500000
v -21.268617 -25.346951 92.500000
v -19.410485 -27.721045 92.500000
v -16.768636 -29.044130 92.500000
v -13.943056 -29.900981 92.500000
v -11.515438 -31.638407 92.500000
v -8.735432 -32.601075 92.500000
v -5.733526 -32.516444 92.500000
v -2.914250 -33.310035 92.500000
v -0.000000 -33.883570 92.500000
v 2.890004 -33.032893 92.500000
v 5.766572 -32.703852 92.500000
v 8.773744 -32.744058 92.500000
v 11.415720 -31.364433 92.500000
v 13.964783 -29.947573 92.500000
v 16.896831 -29.266170 92.500000
v 19.280403 -27.535269 92.500000
v 21.203530 -25.269384 92.500000
v 23.755529 -23.755529 92.500000
v 25.897385 -21.730486 92.500000
v 27.075909 -18.958756 92.500000
v 28.888405 -16.678729 92.500000
v 30.726234 -14.327878 92.500000
v 31.222077 -11.363907 92.500000
v 32.014272 -8.578198 92.500000
v 33.362005 -5.882622 92.500000
v 33.330140 -2.916009 92.500000
v 32.398791 0.000000 95.000000
v 33.109585 2.896713 95.000000
v 32.598095 5.747924 95.000000
v 31.253602 8.374377 95.000000
v 31.010524 11.286908 95.000000
v 30.184256 14.075150 95.000000
v 28.104377 16.226070 95.000000
v 26.811956 18.773934 95.000000
v 25.580417 21.464518 95.000000
v 23.094920 23.094920 95.000000
v 20.890702 24.896569 95.000000
v 19.124184 27.312165 95.000000
v 16.463567 28.515735 95.000000
v 13.679766 29.336352 95.000000
v 11.343329 31.165540 95.000000
v 8.587312 32.048285 95.000000
v 5.621554 31.881416 95.000000
v 2.868395 32.785905 95.000000
v 0.000000 33.348782 95.000000
v -2.833565 32.387799 95.000000
v -5.669022 32.150624 95.000000
v -8.642347 32.253676 95.000000
v -11.200086 30.771984 95.000000
v -13.710975 29.403281 95.000000
v -16.647717 28.834691 95.000000
v -18.937325 27.045302 95.000000
v -20.797207 24.785146 95.000000
v -23.395634 23.395634 95.000000
v -25.468994 21.371023 95.000000
v -26.545093 18.587075 95.000000
v -28.423333 16.410219 95.000000
v -30.251185 14.106359 95.000000
v -30.616969 11.143665 95.000000
v -31.458994 8.429412 95.000000
v -32.867303 5.795392 95.000000
v -32.711478 2.861884 95.000000
v -32.398791 0.000000 95.000000
v -33.109585 -2.896713 95.000000
v -32.598095 -5.747924 95.000000
v -31.253602 -8.374377 95.000000
v -31.010524 -11.286908 95.000000
v -30.184256 -14.075150 95.000000
v -28.104377 -16.226070 95.000000
v -26.811956 -18.773934 95.000000
v -25.580417 -21.464518 95.000000
v -23.094920 -23.094920 95.000000
v -20.890702 -24.896569 95.000000
v -19.124184 -27.312165 95.000000
v -16.463567 -28.515735 95.000000
v -13.679766 -29.336352 95.000000
v -11.343329 -31.165540 95.000000
v -8.587312 -32.048285 95.000000
v -5.621554 -31.881416 95.000000
v -2.868395 -32.785905 95.000000
v -0.000000 -33.348782 95.000000
v 2.833565 -32.387799 95.000000
v 5.669022 -32.150624 95.000000
v 8.642347 -32.253676 95.000000
v 11.200086 -30.771984 95.000000
v 13.710975 -29.403281 95.000000
v 16.647717 -28.834691 95.000000
v 18.937325 -27.045302 95.000000
v 20.797207 -24.785146 95.000000
v 23.395634 -23.395634 95.000000
v 25.468994 -21.371023 95.000000
v 26.545093 -18.587075 95.000000
v 28.423333 -16.410219 95.000000
v 30.251185 -14.106359 95.000000
v 30.616969 -11.143665 95.000000
v 31.458994 -8.429412 95.000000
v 32.867303 -5.795392 95.000000
v 32.711478 -2.861884 95.000000
v 31.758843 0.000000 97.500000
v 32.581006 2.850469 97.500000
v 31.974288 5.637930 97.500000
v 30.604075 8.200337 97.500000
v 30.500344 11.101217 97.500000
v 29.647261 13.824745 97.500000
v 27.508460 15.882016 97.500000
v 26.342477 18.445201 97.500000
v 25.154358 21.107012 97.500000
v 22.612142 22.612142 97.500000
v 20.496596 24.426892 97.500000
v 18.817791 26.874591 97.500000
v 16.134663 27.946055 97.500000
v 13.404142 28.745275 97.500000
v 11.161237 30.665247 97.500000
v 8.426854 31.449446 97.500000
v 5.503499 31.211896 97.500000
v 2.820344 32.236681 97.500000
v 0.000000 32.769427 97.500000
v -2.773541 31.701714 97.500000
v -5.567287 31.573653 97.500000
v -8.500808 31.725447 97.500000
v -10.968751 30.136395 97.500000
v -13.446081 28.835213 97.500000
v -16.382118 28.374661 97.500000
v -18.566694 26.515987 97.500000
v -20.370960 24.277165 97.500000
v -23.016235 23.016235 97.500000
v -25.004630 20.981376 97.500000
v -25.983873 18.194104 97.500000
v -27.937065 16.129472 97.500000
v -29.737199 13.866683 97.500000
v -29.971492 10.908731 97.500000
v -30.880077 8.274292 97.500000
v -32.336044 5.701717 97.500000
v -32.046039 2.803665 97.500000
v -31.758843 0.000000 97.500000
v -32.581006 -2.850469 97.500000
v -31.974288 -5.637930 97.500000
v -30.604075 -8.200337 97.500000
v -30.500344 -11.101217 97.500000
v -29.647261 -13.824745 97.500000
v -27.508460 -15.882016 97.500000
v -26.342477 -18.445201 97.500000
v -25.154358 -21.107012 97.500000
v -22.612142 -22.612142 97.500000
v -20.496596 -24.426892 97.500000
v -18.817791 -26.874591 97.500000
v -16.134663 -27.946055 97.500000
v -13.404142 -28.745275 97.500000
v -11.161237 -30.665247 97.500000
v -8.426854 -31.449446 97.500000
v -5.503499 -31.211896 97.500000
v -2.820344 -32.236681 97.500000
v -0.000000 -32.769427 97.500000
v 2.773541 -31.701714 97.500000
v 5.567287 -31.573653 97.500000
v 8.500808 -31.725447 97.500000
v 10.968751 -30.136395 97.500000
v 13.446081 -28.835213 97.500000
v 16.382118 -28.374661 97.500000
v 18.566694 -26.515987 97.500000
v 20.370960 -24.277165 97.500000
v 23.016235 -23.016235 97.500000
v 25.004630 -20.981376 97.500000
v 25.983873 -18.194104 97.500000
v 27.937065 -16.129472 97.500000
v 29.737199 -13.866683 97.500000
v 29.971492 -10.908731 97.500000
v 30.880077 -8.274292 97.500000
v 32.336044 -5.701717 97.500000
v 32.046039 -2.803665 97.500000
v 31.098095 0.000000 100.000000
v 32.024552 2.801785 100.000000
v 31.307627 5.520379 100.000000
v 29.929718 8.019644 100.000000
v 29.969156 10.907881 100.000000
v 29.071787 13.556397 100.000000
v 26.884779 15.521934 100.000000
v 25.857377 18.105530 100.000000
v 24.698920 20.724854 100.000000
v 22.102387 22.102387 100.000000
v 20.090274 23.942656 100.000000
v 18.492870 26.410556 100.000000
v 15.784582 27.339698 100.000000
v 13.119144 28.134095 100.000000
v 10.970277 30.140587 100.000000
v 8.255127 30.808554 100.000000
v 5.380627 30.515055 100.000000
v 2.770468 31.666596 100.000000
v 0.000000 32.148686 100.000000
v -2.710535 30.981556 100.000000
v -5.462309 30.978294 100.000000
v -8.349828 31.161981 100.000000
v -10.723792 29.463377 100.000000
v -13.172848 28.249263 100.000000
v -16.101456 27.888540 100.000000
v -18.171333 25.951353 100.000000
v -19.929393 23.750925 100.000000
v -22.619840 22.619840 100.000000
v -24.507189 20.563973 100.000000
v -25.398174 17.783993 100.000000
v -27.433621 15.838809 100.000000
v -29.186955 13.610101 100.000000
v -29.291946 10.661396 100.000000
v -30.283145 8.114344 100.000000
v -31.770866 5.602061 100.000000
v -31.339512 2.741852 100.000000
v -31.098095 0.000000 100.000000
v -32.024552 -2.801785 100.000000
v -31.307627 -5.520379 100.000000
v -29.929718 -8.019644 100.000000
v -29.969156 -10.907881 100.000000
v -29.071787 -13.556397 100.000000
v -26.884779 -15.521934 100.000000
v -25.857377 -18.105530 100.000000
v -24.698920 -20.724854 100.000000
v -22.102387 -22.102387 100.000000
v -20.090274 -23.942656 100.000000
v -18.492870 -26.410556 100.000000
v -15.784582 -27.339698 100.000000
v -13.119144 -28.134095 100.000000
v -10.970277 -30.140587 100.000000
v -8.255127 -30.808554 100.000000
v -5.380627 -30.515055 100.000000
v -2.770468 -31.666596 100.000000
v -0.000000 -32.148686 100.000000
v 2.710535 -30.981556 100.000000
v 5.462309 -30.978294 100.000000
v 8.349828 -31.161981 100.000000
v 10.723792 -29.463377 100.000000
v 13.172848 -28.249263 100.000000
v 16.101456 -27.888540 100.000000
v 18.171333 -25.951353 100.000000
v 19.929393 -23.750925 100.000000
v 22.619840 -22.619840 100.000000
v 24.507189 -20.563973 100.000000
v 25.398174 -17.783993 100.000000
v 27.433621 -15.838809 100.000000
v 29.186955 -13.610101 100.000000
v 29.291946 -10.661396 100.000000
v 30.283145 -8.114344 100.000000
v 31.770866 -5.602061 100.000000
v 31.339512 -2.741852 100.000000
v 30.423170 0.000000 102.500000
v 31.443171 2.750921 102.500000
v 30.603157 5.396162 102.500000
v 29.237585 7.834187 102.500000
v 29.420390 10.708146 102.500000
v 28.461432 13.271784 102.500000
v 26.239748 15.149526 102.500000
v 25.360534 17.757637 102.500000
v 24.216495 20.320052 102.500000
v 21.570533 21.570533 102.500000
v 19.675544 23.448400 102.500000
v 18.151037 25.922367 102.500000
v 15.416282 26.701784 102.500000
v 12.827690 27.509070 102.500000
v 10.771518 29.594503 102.500000
v 8.073355 30.130170 102.500000
v 5.254224 29.798185 102.500000
v 2.719114 31.079615 102.500000
v 0.000000 31.490196 102.500000
v -2.645184 30.234596 102.500000
v -5.354981 30.369605 102.500000
v -8.190171 30.566134 102.500000
v -10.467472 28.759142 102.500000
v -12.893935 27.651133 102.500000
v -15.807157 27.378799 102.500000
v -17.754410 25.355925 102.500000
v -19.477092 23.211894 102.500000
v -22.208828 22.208828 102.500000
v -23.979989 20.121600 102.500000
v -24.794093 17.361011 102.500000
v -26.916763 15.540400 102.500000
v -28.603495 13.338029 102.500000
v -28.585030 10.404100 102.500000
v -29.673549 7.951003 102.500000
v -31.174577 5.496919 102.500000
v -30.598151 2.676991 102.500000
v -30.423170 0.000000 102.500000
v -31.443171 -2.750921 102.500000
v -30.603157 -5.396162 102.500000
v -29.237585 -7.834187 102.500000
v -29.420390 -10.708146 102.500000
v -28.461432 -13.271784 102.500000
v -26.239748 -15.149526 102.500000
v -25.360534 -17.757637 102.500000
v -24.216495 -20.320052 102.500000
v -21.570533 -21.570533 102.500000
v -19.675544 -23.448400 102.500000
v -18.151037 -25.922367 102.500000
v -15.416282 -26.701784 102.500000
v -12.827690 -27.509070 102.500000
v -10.771518 -29.594503 102.500000
v -8.073355 -30.130170 102.500000
v -5.254224 -29.798185 102.500000
v -2.719114 -31.079615 102.500000
v -0.000000 -31.490196 102.500000
v 2.645184 -30.234596 102.500000
v 5.354981 -30.369605 102.500000
v 8.190171 -30.566134 102.500000
v 10.467472 -28.759142 102.500000
v 12.893935 -27.651133 102.500000
v 15.807157 -27.378799 102.500000
v 17.754410 -25.355925 102.500000
v 19.477092 -23.211894 102.500000
v 22.208828 -22.208828 102.500000
v 23.979989 -20.121600 102.500000
v 24.794093 -17.361011 102.500000
v 26.916763 -15.540400 102.500000
v 28.603495 -13.338029 102.500000
v 28.585030 -10.404100 102.500000
v 29.673549 -7.951003 102.500000
v 31.174577 -5.496919 102.500000
v 30.598151 -2.676991 102.500000
v 29.740388 0.000000 105.000000
v 30.839764 2.698130 105.000000
v 29.866433 5.266258 105.000000
v 28.534616 7.645827 105.000000
v 28.857240 10.503177 105.000000
v 27.820224 12.972783 105.000000
v 25.579876 14.768548 105.000000
v 24.855528 17.404028 105.000000
v 23.709729 19.894825 105.000000
v 21.021687 21.021687 105.000000
v 19.255982 22.948386 105.000000
v 17.793970 25.412422 105.000000
v 15.032960 26.037850 105.000000
v 12.532593 26.876233 105.000000
v 10.565991 29.029823 105.000000
v 7.882892 29.419355 105.000000
v 5.125568 29.068538 105.000000
v 2.666602 30.479404 105.000000
v 0.000000 30.798034 105.000000
v -2.578141 29.468291 105.000000
v -5.246129 29.752274 105.000000
v -8.022669 29.941009 105.000000
v -10.202183 28.030268 105.000000
v -12.611859 27.046220 105.000000
v -15.500663 26.847935 105.000000
v -17.319384 24.734644 105.000000
v -19.018523 22.665393 105.000000
v -21.785442 21.785442 105.000000
v -23.426736 19.657366 105.000000
v -24.177750 16.929443 105.000000
v -26.389961 15.236251 105.000000
v -27.990210 13.052049 105.000000
v -27.857686 10.139368 105.000000
v -29.056271 7.785604 105.000000
v -30.550169 5.386819 105.000000
v -29.828651 2.609669 105.000000
v -29.740388 0.000000 105.000000
v -30.839764 -2.698130 105.000000
v -29.866433 -5.266258 105.000000
v -28.534616 -7.645827 105.000000
v -28.857240 -10.503177 105.000000
v -27.820224 -12.972783 105.000000
v -25.579876 -14.768548 105.000000
v -24.855528 -17.404028 105.000000
v -23.709729 -19.894825 105.000000
v -21.021687 -21.021687 105.000000
v -19.255982 -22.948386 105.000000
v -17.793970 -25.412422 105.000000
v -15.032960 -26.037850 105.000000
v -12.532593 -26.876233 105.000000
v -10.565991 -29.029823 105.000000
v -7.882892 -29.419355 105.000000
v -5.125568 -29.068538 105.000000
v -2.666602 -30.479404 105.000000
v -0.000000 -30.798034 105.000000
v 2.578141 -29.468291 105.000000
v 5.246129 -29.752274 105.000000
v 8.022669 -29.941009 105.000000
v 10.202183 -28.030268 105.000000
v 12.611859 -27.046220 105.000000
v 15.500663 -26.847935 105.000000
v 17.319384 -24.734644 105.000000
v 19.018523 -22.665393 105.000000
v 21.785442 -21.785442 105.000000
v 23.426736 -19.657366 105.000000
v 24.177750 -16.929443 105.000000
v 26.389961 -15.236251 105.000000
v 27.990210 -13.052049 105.000000
v 27.857686 -10.139368 105.000000
v 29.056271 -7.785604 105.000000
v 30.550169 -5.386819 105.000000
v 29.828651 -2.609669 105.000000
v 29.055656 0.000000 107.500000
v 30.217199 2.643662 107.500000
v 29.103424 5.131719 107.500000
v 27.827486 7.456353 107.500000
v 28.282666 10.294049 107.500000
v 27.152576 12.661454 107.500000
v 24.911618 14.382729 107.500000
v 24.345607 17.046978 107.500000
v 23.181506 19.451593 107.500000
v 20.461076 20.461076 107.500000
v 18.834873 22.446527 107.500000
v 17.423416 24.883217 107.500000
v 14.637985 25.353733 107.500000
v 12.236507 26.241274 107.500000
v 10.354688 28.449272 107.500000
v 7.685208 28.681588 107.500000
v 4.995900 28.333158 107.500000
v 2.613227 29.869318 107.500000
v 0.000000 30.076678 107.500000
v -2.510060 28.690119 107.500000
v -5.136503 29.130557 107.500000
v -7.848222 29.289962 107.500000
v -9.930401 27.283552 107.500000
v -12.328950 26.439519 107.500000
v -15.183438 26.298486 107.500000
v -16.869936 24.092765 107.500000
v -18.557939 22.116490 107.500000
v -21.351798 21.351798 107.500000
v -22.851469 19.174659 107.500000
v -23.555155 16.493497 107.500000
v -25.856371 14.928182 107.500000
v -27.350821 12.753897 107.500000
v -27.116946 9.869761 107.500000
v -28.435861 7.619366 107.500000
v -29.900823 5.272322 107.500000
v -29.038000 2.540496 107.500000
v -29.055656 0.000000 107.500000
v -30.217199 -2.643662 107.500000
v -29.103424 -5.131719 107.500000
v -27.827486 -7.456353 107.500000
v -28.282666 -10.294049 107.500000
v -27.152576 -12.661454 107.500000
v -24.911618 -14.382729 107.500000
v -24.345607 -17.046978 107.500000
v -23.181506 -19.451593 107.500000
v -20.461076 -20.461076 107.500000
v -18.834873 -22.446527 107.500000
v -17.423416 -24.883217 107.500000
v -14.637985 -25.353733 107.500000
v -12.236507 -26.241274 107.500000
v -10.354688 -28.449272 107.500000
v -7.685208 -28.681588 107.500000
v -4.995900 -28.333158 107.500000
v -2.613227 -29.869318 107.500000
v -0.000000 -30.076678 107.500000
v 2.510060 -28.690119 107.500000
v 5.136503 -29.130557 107.500000
v 7.848222 -29.289962 107.500000
v 9.930401 -27.283552 107.500000
v 12.328950 -26.439519 107.500000
v 15.183438 -26.298486 107.500000
v 16.869936 -24.092765 107.500000
v 18.557939 -22.116490 107.500000
v 21.351798 -21.351798 107.500000
v 22.851469 -19.174659 107.500000
v 23.555155 -16.493497 107.500000
v 25.856371 -14.928182 107.500000
v 27.350821 -12.753897 107.500000
v 27.116946 -9.869761 107.500000
v 28.435861 -7.619366 107.500000
v 29.900823 -5.272322 107.500000
v 29.038000 -2.540496 107.500000
v 28.374370 0.000000 110.000000
v 29.578327 2.587768 110.000000
v 28.320392 4.993649 110.000000
v 27.122476 7.267446 110.000000
v 27.699397 10.081756 110.000000
v 26.463224 12.340004 110.000000
v 24.241238 13.995685 110.000000
v 23.833671 16.688516 110.000000
v 22.634936 18.992966 110.000000
v 19.893933 19.893933 110.000000
v 18.415170 21.946345 110.000000
v 17.041196 24.337350 110.000000
v 14.234831 24.655450 110.000000
v 11.941877 25.609438 110.000000
v 10.138568 27.855488 110.000000
v 7.481857 27.922672 110.000000
v 4.866403 27.598741 110.000000
v 2.559254 29.252402 110.000000
v 0.000000 29.330951 110.000000
v -2.441582 27.907407 110.000000
v -5.026775 28.508255 110.000000
v -7.667790 28.616584 110.000000
v -9.654626 26.525867 110.000000
v -12.047318 25.835557 110.000000
v -14.856975 25.733036 110.000000
v -16.409896 23.435760 110.000000
v -18.099299 21.569904 110.000000
v -20.909891 20.909891 110.000000
v -22.258496 18.677095 110.000000
v -22.932081 16.057216 110.000000
v -25.318824 14.617830 110.000000
v -26.689343 12.445445 110.000000
v -26.369776 9.597814 110.000000
v -27.816388 7.453379 110.000000
v -29.229906 5.154021 110.000000
v -28.233332 2.470097 110.000000
v -28.374370 0.000000 110.000000
v -29.578327 -2.587768 110.000000
v -28.320392 -4.993649 110.000000
v -27.122476 -7.267446 110.000000
v -27.699397 -10.081756 110.000000
v -26.463224 -12.340004 110.000000
v -24.241238 -13.995685 110.000000
v -23.833671 -16.688516 110.000000
v -22.634936 -18.992966 110.000000
v -19.893933 -19.893933 110.000000
v -18.415170 -21.946345 110.000000
v -17.041196 -24.337350 110.000000
v -14.234831 -24.655450 110.000000
v -11.941877 -25.609438 110.000000
v -10.138568 -27.855488 110.000000
v -7.481857 -27.922672 110.000000
v -4.866403 -27.598741 110.000000
v -2.559254 -29.252402 110.000000
v -0.000000 -29.330951 110.000000
v 2.441582 -27.907407 110.000000
v 5.026775 -28.508255 110.000000
v 7.667790 -28.616584 110.000000
v 9.654626 -26.525867 110.000000
v 12.047318 -25.835557 110.000000
v 14.856975 -25.733036 110.000000
v 16.409896 -23.435760 110.000000
v 18.099299 -21.569904 110.000000
v 20.909891 -20.909891 110.000000
v 22.258496 -18.677095 110.000000
v 22.932081 -16.057216 110.000000
v 25.318824 -14.617830 110.000000
v 26.689343 -12.445445 110.000000
v 26.369776 -9.597814 110.000000
v 27.816388 -7.453379 110.000000
v 29.229906 -5.154021 110.000000
v 28.233332 -2.470097 110.000000
v 27.701344 0.000000 112.500000
v 28.925992 2.530696 112.500000
v 27.523778 4.853185 112.500000
v 26.425360 7.080654 112.500000
v 27.109950 9.867215 112.500000
v 25.757150 12.010756 112.500000
v 23.574687 13.610852 112.500000
v 23.322269 16.330429 112.500000
v 22.073319 18.521714 112.500000
v 19.325381 19.325381 112.500000
v 17.999471 21.450934 112.500000
v 16.649199 23.777521 112.500000
v 13.827004 23.949073 112.500000
v 11.650908 24.985453 112.500000
v 9.918565 27.251033 112.500000
v 7.274451 27.148619 112.500000
v 4.738172 26.871511 112.500000
v 2.504923 28.631404 112.500000
v 0.000000 28.565953 112.500000
v -2.373322 27.127191 112.500000
v -4.917529 27.888693 112.500000
v -7.482394 27.924675 112.500000
v -9.377334 25.764014 112.500000
v -11.768831 25.238340 112.500000
v -14.522797 25.154222 112.500000
v -15.943167 22.769202 112.500000
v -17.646207 21.029931 112.500000
v -20.461606 20.461606 112.500000
v -21.652316 18.168451 112.500000
v -22.313950 15.624396 112.500000
v -24.779836 14.306645 112.500000
v -26.010036 12.128679 112.500000
v -25.622930 9.325984 112.500000
v -27.201416 7.288598 112.500000
v -28.540959 5.032541 112.500000
v -27.421779 2.399095 112.500000
v -27.701344 0.000000 112.500000
v -28.925992 -2.530696 112.500000
v -27.523778 -4.853185 112.500000
v -26.425360 -7.080654 112.500000
v -27.109950 -9.867215 112.500000
v -25.757150 -12.010756 112.500000
v -23.574687 -13.610852 112.500000
v -23.322269 -16.330429 112.500000
v -22.073319 -18.521714 112.500000
v -19.325381 -19.325381 112.500000
v -17.999471 -21.450934 112.500000
v -16.649199 -23.777521 112.500000
v -13.827004 -23.949073 112.500000
v -11.650908 -24.985453 112.500000
v -9.918565 -27.251033 112.500000
v -7.274451 -27.148619 112.500000
v -4.738172 -26.871511 112.500000
v -2.504923 -28.631404 112.500000
v -0.000000 -28.565953 112.500000
v 2.373322 -27.127191 112.500000
v 4.917529 -27.888693 112.500000
v 7.482394 -27.924675 112.500000
v 9.377334 -25.764014 112.500000
v 11.768831 -25.238340 112.500000
v 14.522797 -25.154222 112.500000
v 15.943167 -22.769202 112.500000
v 17.646207 -21.029931 112.500000
v 20.461606 -20.461606 112.500000
v 21.652316 -18.168451 112.500000
v 22.313950 -15.624396 112.500000
v 24.779836 -14.306645 112.500000
v 26.010036 -12.128679 112.500000
v 25.622930 -9.325984 112.500000
v 27.201416 -7.288598 112.500000
v 28.540959 -5.032541 112.500000
v 27.421779 -2.399095 112.500000
v 27.040769 0.000000 115.000000
v 28.263042 2.472696 115.000000
v 26.720069 4.711469 115.000000
v 25.741324 6.897367 115.000000
v 26.516649 9.651271 115.000000
v 25.039495 11.676108 115.000000
v 22.917488 13.231418 115.000000
v 22.813610 15.974262 115.000000
v 21.500110 18.040735 115.000000
v 18.760337 18.760337 115.000000
v 17.590005 20.962952 115.000000
v 16.249382 23.206522 115.000000
v 13.417971 23.240608 115.000000
v 11.365536 24.373470 115.000000
v 9.695589 26.638413 115.000000
v 7.064626 26.365543 115.000000
v 4.612206 26.157121 115.000000
v 2.450452 28.008793 115.000000
v 0.000000 27.786982 115.000000
v -2.305858 26.356073 115.000000
v -4.809270 27.274726 115.000000
v -7.293099 27.218217 115.000000
v -9.100924 25.004584 115.000000
v -11.495101 24.651324 115.000000
v -14.182458 24.564738 115.000000
v -15.473645 22.098655 115.000000
v -17.201865 20.500384 115.000000
v -20.008738 20.008738 115.000000
v -21.037543 17.652595 115.000000
v -21.705743 15.198525 115.000000
v -24.241618 13.995905 115.000000
v -25.317348 11.805673 115.000000
v -24.882820 9.056606 115.000000
v -26.593998 7.125840 115.000000
v -27.837674 4.908533 115.000000
v -26.610322 2.328102 115.000000
v -27.040769 0.000000 115.000000
v -28.263042 -2.472696 115.000000
v -26.720069 -4.711469 115.000000
v -25.741324 -6.897367 115.000000
v -26.516649 -9.651271 115.000000
v -25.039495 -11.676108 115.000000
v -22.917488 -13.231418 115.000000
v -22.813610 -15.974262 115.000000
v -21.500110 -18.040735 115.000000
v -18.760337 -18.760337 115.000000
v -17.590005 -20.962952 115.000000
v -16.249382 -23.206522 115.000000
v -13.417971 -23.240608 115.000000
v -11.365536 -24.373470 115.000000
v -9.695589 -26.638413 115.000000
v -7.064626 -26.365543 115.000000
v -4.612206 -26.157121 115.000000
v -2.450452 -28.008793 115.000000
v -0.000000 -27.786982 115.000000
v 2.305858 -26.356073 115.000000
v 4.809270 -27.274726 115.000000
v 7.293099 -27.218217 115.000000
v 9.100924 -25.004584 115.000000
v 11.495101 -24.651324 115.000000
v 14.182458 -24.564738 115.000000
v 15.473645 -22.098655 115.000000
v 17.201865 -20.500384 115.000000
v 20.008738 -20.008738 115.000000
v 21.037543 -17.652595 115.000000
v 21.705743 -15.198525 115.000000
v 24.241618 -13.995905 115.000000
v 25.317348 -11.805673 115.000000
v 24.882820 -9.056606 115.000000
v 26.593998 -7.125840 115.000000
v 27.837674 -4.908533 115.000000
v 26.610322 -2.328102 115.000000
v 26.396187 0.000000 117.500000
v 27.592328 2.414016 117.500000
v 25.915677 4.569633 117.500000
v 25.074902 6.718800 117.500000
v 25.921645 9.434707 117.500000
v 24.315469 11.338490 117.500000
v 22.274655 12.860278 117.500000
v 22.309579 15.621335 117.500000
v 20.918870 17.553016 117.500000
v 18.203417 18.203417 117.500000
v 17.188633 20.484615 117.500000
v 15.843750 22.627219 117.500000
v 13.011093 22.535874 117.500000
v 11.087414 23.777036 117.500000
v 9.470535 26.020082 117.500000
v 6.854017 25.579539 117.500000
v 4.489386 25.460574 117.500000
v 2.396033 27.386786 117.500000
v 0.000000 26.999447 117.500000
v -2.239720 25.600119 117.500000
v -4.702421 26.668756 117.500000
v -7.101007 26.501319 117.500000
v -8.827675 24.253838 117.500000
v -11.227480 24.077409 117.500000
v -13.837539 23.967320 117.500000
v -15.005142 21.429563 117.500000
v -16.769036 19.984558 117.500000
v -19.552997 19.552997 117.500000
v -20.418813 17.133418 117.500000
v -21.111923 14.782727 117.500000
v -23.706101 13.686724 117.500000
v -24.615842 11.478555 117.500000
v -24.155400 8.791847 117.500000
v -25.996682 6.965790 117.500000
v -27.123860 4.782668 117.500000
v -25.805661 2.257703 117.500000
v -26.396187 0.000000 117.500000
v -27.592328 -2.414016 117.500000
v -25.915677 -4.569633 117.500000
v -25.074902 -6.718800 117.500000
v -25.921645 -9.434707 117.500000
v -24.315469 -11.338490 117.500000
v -22.274655 -12.860278 117.500000
v -22.309579 -15.621335 117.500000
v -20.918870 -17.553016 117.500000
v -18.203417 -18.203417 117.500000
v -17.188633 -20.484615 117.500000
v -15.843750 -22.627219 117.500000
v -13.011093 -22.535874 117.500000
v -11.087414 -23.777036 117.500000
v -9.470535 -26.020082 117.500000
v -6.854017 -25.579539 117.500000
v -4.489386 -25.460574 117.500000
v -2.396033 -27.386786 117.500000
v -0.000000 -26.999447 117.500000
v 2.239720 -25.600119 117.500000
v 4.702421 -26.668756 117.500000
v 7.101007 -26.501319 117.500000
v 8.827675 -24.253838 117.500000
v 11.227480 -24.077409 117.500000
v 13.837539 -23.967320 117.500000
v 15.005142 -21.429563 117.500000
v 16.769036 -19.984558 117.500000
v 19.552997 -19.552997 117.500000
v 20.418813 -17.133418 117.500000
v 21.111923 -14.782727 117.500000
v 23.706101 -13.686724 117.500000
v 24.615842 -11.478555 117.500000
v 24.155400 -8.791847 117.500000
v 25.996682 -6.965790 117.500000
v 27.123860 -4.782668 117.500000
v 25.805661 -2.257703 117.500000
v 25.770488 0.000000 120.000000
v 26.916701 2.354906 120.000000
v 25.116815 4.428772 120.000000
v 24.429940 6.545983 120.000000
v 25.326936 9.218251 120.000000
v 23.590262 11.000320 120.000000
v 21.650619 12.499991 120.000000
v 21.811760 15.272759 120.000000
v 20.333212 17.061590 120.000000
v 17.658862 17.658862 120.000000
v 16.796859 20.017717 120.000000
v 15.434347 22.042532 120.000000
v 12.609561 21.840400 120.000000
v 10.817908 23.199079 120.000000
v 9.244281 25.398453 120.000000
v 6.644220 24.796568 120.000000
v 4.370471 24.786173 120.000000
v 2.341842 26.767371 120.000000
v 0.000000 26.208769 120.000000
v -2.175385 24.864759 120.000000
v -4.597331 26.072760 120.000000
v -6.907239 25.778167 120.000000
v -8.559702 23.517588 120.000000
v -10.967064 23.518944 120.000000
v -13.489638 23.364738 120.000000
v -14.541318 20.767155 120.000000
v -16.350032 19.485210 120.000000
v -19.096023 19.096023 120.000000
v -19.800704 16.614763 120.000000
v -20.536383 14.379730 120.000000
v -23.174957 13.380068 120.000000
v -23.910126 11.149475 120.000000
v -23.446072 8.533672 120.000000
v -25.411539 6.809001 120.000000
v -26.403402 4.655632 120.000000
v -25.014089 2.188449 120.000000
v -25.770488 0.000000 120.000000
v -26.916701 -2.354906 120.000000
v -25.116815 -4.428772 120.000000
v -24.429940 -6.545983 120.000000
v -25.326936 -9.218251 120.000000
v -23.590262 -11.000320 120.000000
v -21.650619 -12.499991 120.000000
v -21.811760 -15.272759 120.000000
v -20.333212 -17.061590 120.000000
v -17.658862 -17.658862 120.000000
v -16.796859 -20.017717 120.000000
v -15.434347 -22.042532 120.000000
v -12.609561 -21.840400 120.000000
v -10.817908 -23.199079 120.000000
v -9.244281 -25.398453 120.000000
v -6.644220 -24.796568 120.000000
v -4.370471 -24.786173 120.000000
v -2.341842 -26.767371 120.000000
v -0.000000 -26.208769 120.000000
v 2.175385 -24.864759 120.000000
v 4.597331 -26.072760 120.000000
v 6.907239 -25.778167 120.000000
v 8.559702 -23.517588 120.000000
v 10.967064 -23.518944 120.000000
v 13.489638 -23.364738 120.000000
v 14.541318 -20.767155 120.000000
v 16.350032 -19.485210 120.000000
v 19.096023 -19.096023 120.000000
v 19.800704 -16.614763 120.000000
v 20.536383 -14.379730 120.000000
v 23.174957 -13.380068 120.000000
v 23.910126 -11.149475 120.000000
v 23.446072 -8.533672 120.000000
v 25.411539 -6.809001 120.000000
v 26.403402 -4.655632 120.000000
v 25.014089 -2.188449 120.000000
v 25.165934 0.000000 122.500000
v 26.239003 2.295615 122.500000
v 24.329389 4.289928 122.500000
v 23.809580 6.379758 122.500000
v 24.734387 9.002581 122.500000
v 22.868943 10.663963 122.500000
v 21.049185 12.152753 122.500000
v 21.321468 14.929453 122.500000
v 19.746748 16.569489 122.500000
v 17.130475 17.130475 122.500000
v 16.415849 19.563647 122.500000
v 15.023233 21.455400 122.500000
v 12.216343 21.159327 122.500000
v 10.558099 22.641915 122.500000
v 9.017688 24.775893 122.500000
v 6.436771 24.022357 122.500000
v 4.256092 24.137497 122.500000
v 2.288033 26.152338 122.500000
v 0.000000 25.420296 122.500000
v -2.113265 24.154730 122.500000
v -4.494279 25.488322 122.500000
v -6.712922 25.052966 122.500000
v -8.298929 22.801119 122.500000
v -10.714701 22.977751 122.500000
v -13.140362 22.759774 122.500000
v -14.085616 20.116345 122.500000
v -15.946712 19.004552 122.500000
v -18.639391 18.639391 122.500000
v -19.187653 16.100353 122.500000
v -19.982413 13.991836 122.500000
v -22.649633 13.076771 122.500000
v -23.204778 10.820566 122.500000
v -22.759614 8.283822 122.500000
v -24.840188 6.655908 122.500000
v -25.680214 4.528115 122.500000
v -24.241396 2.120847 122.500000
v -25.165934 0.000000 122.500000
v -26.239003 -2.295615 122.500000
v -24.329389 -4.289928 122.500000
v -23.809580 -6.379758 122.500000
v -24.734387 -9.002581 122.500000
v -22.868943 -10.663963 122.500000
v -21.049185 -12.152753 122.500000
v -21.321468 -14.929453 122.500000
v -19.746748 -16.569489 122.500000
v -17.130475 -17.130475 122.500000
v -16.415849 -19.563647 122.500000
v -15.023233 -21.455400 122.500000
v -12.216343 -21.159327 122.500000
v -10.558099 -22.641915 122.500000
v -9.017688 -24.775893 122.500000
v -6.436771 -24.022357 122.500000
v -4.256092 -24.137497 122.500000
v -2.288033 -26.152338 122.500000
v -0.000000 -25.420296 122.500000
v 2.113265 -24.154730 122.500000
v 4.494279 -25.488322 122.500000
v 6.712922 -25.052966 122.500000
v 8.298929 -22.801119 122.500000
v 10.714701 -22.977751 122.500000
v 13.140362 -22.759774 122.500000
v 14.085616 -20.116345 122.500000
v 15.946712 -19.004552 122.500000
v 18.639391 -18.639391 122.500000
v 19.187653 -16.100353 122.500000
v 19.982413 -13.991836 122.500000
v 22.649633 -13.076771 122.500000
v 23.204778 -10.820566 122.500000
v 22.759614 -8.283822 122.500000
v 24.840188 -6.655908 122.500000
v 25.680214 -4.528115 122.500000
v 24.241396 -2.120847 122.500000
v 24.584179 0.000000 125.000000
v 25.562045 2.236389 125.000000
v 23.558902 4.154070 125.000000
v 23.216265 6.220779 125.000000
v 24.145743 8.788332 125.000000
v 22.156385 10.331692 125.000000
v 20.473508 11.820386 125.000000
v 20.839777 14.592169 125.000000
v 19.163032 16.079693 125.000000
v 16.621573 16.621573 125.000000
v 16.046455 19.123420 125.000000
v 14.612457 20.868751 125.000000
v 11.834143 20.497336 125.000000
v 10.308790 22.107271 125.000000
v 8.791600 24.154722 125.000000
v 6.233114 23.262297 125.000000
v 4.146750 23.517389 125.000000
v 2.234749 25.543296 125.000000
v 0.000000 24.639207 125.000000
v -2.053712 23.474031 125.000000
v -4.393481 24.916670 125.000000
v -6.519170 24.329875 125.000000
v -8.047058 22.109110 125.000000
v -10.471010 22.455153 125.000000
v -12.791308 22.155195 125.000000
v -13.641206 19.481661 125.000000
v -15.560490 18.544269 125.000000
v -18.184617 18.184617 125.000000
v -18.583881 15.593728 125.000000
v -19.452687 13.620918 125.000000
v -22.131367 12.777551 125.000000
v -22.504268 10.493912 125.000000
v -22.100130 8.043790 125.000000
v -24.283844 6.506836 125.000000
v -24.958184 4.400801 125.000000
v -23.492780 2.055352 125.000000
v -24.584179 0.000000 125.000000
v -25.562045 -2.236389 125.000000
v -23.558902 -4.154070 125.000000
v -23.216265 -6.220779 125.000000
v -24.145743 -8.788332 125.000000
v -22.156385 -10.331692 125.000000
v -20.473508 -11.820386 125.000000
v -20.839777 -14.592169 125.000000
v -19.163032 -16.079693 125.000000
v -16.621573 -16.621573 125.000000
v -16.046455 -19.123420 125.000000
v -14.612457 -20.868751 125.000000
v -11.834143 -20.497336 125.000000
v -10.308790 -22.107271 125.000000
v -8.791600 -24.154722 125.000000
v -6.233114 -23.262297 125.000000
v -4.146750 -23.517389 125.000000
v -2.234749 -25.543296 125.000000
v -0.000000 -24.639207 125.000000
v 2.053712 -23.474031 125.000000
v 4.393481 -24.916670 125.000000
v 6.519170 -24.329875 125.000000
v 8.047058 -22.109110 125.000000
v 10.471010 -22.455153 125.000000
v 12.791308 -22.155195 125.000000
v 13.641206 -19.481661 125.000000
v 15.560490 -18.544269 125.000000
v 18.184617 -18.184617 125.000000
v 18.583881 -15.593728 125.000000
v 19.452687 -13.620918 125.000000
v 22.131367 -12.777551 125.000000
v 22.504268 -10.493912 125.000000
v 22.100130 -8.043790 125.000000
v 24.283844 -6.506836 125.000000
v 24.958184 -4.400801 125.000000
v 23.492780 -2.055352 125.000000
v 24.026320 0.000000 127.500000
v 24.888589 2.177469 127.500000
v 22.810372 4.022084 127.500000
v 22.651763 6.069522 127.500000
v 23.562639 8.576099 127.500000
v 21.457181 10.005648 127.500000
v 19.926083 11.504329 127.500000
v 20.367544 14.261508 127.500000
v 18.585502 15.595088 127.500000
v 16.134963 16.134963 127.500000
v 15.689246 18.697715 127.500000
v 14.204035 20.285464 127.500000
v 11.465358 19.858582 127.500000
v 10.070527 21.596315 127.500000
v 8.566841 23.537202 127.500000
v 6.034581 22.521362 127.500000
v 4.042820 22.927973 127.500000
v 2.182116 24.941703 127.500000
v 0.000000 23.870434 127.500000
v -1.997008 22.825903 127.500000
v -4.295100 24.358722 127.500000
v -6.327071 23.612949 127.500000
v -7.805555 21.445587 127.500000
v -10.236395 21.952020 127.500000
v -12.444048 21.553723 127.500000
v -13.210942 18.867180 127.500000
v -15.192352 18.105540 127.500000
v -17.733157 17.733157 127.500000
v -17.993327 15.098194 127.500000
v -18.949260 13.268415 127.500000
v -21.621223 12.483019 127.500000
v -21.812886 10.171516 127.500000
v -21.471024 7.814814 127.500000
v -23.743350 6.362011 127.500000
v -24.241121 4.274364 127.500000
v -22.772790 1.992361 127.500000
v -24.026320 0.000000 127.500000
v -24.888589 -2.177469 127.500000
v -22.810372 -4.022084 127.500000
v -22.651763 -6.069522 127.500000
v -23.562639 -8.576099 127.500000
v -21.457181 -10.005648 127.500000
v -19.926083 -11.504329 127.500000
v -20.367544 -14.261508 127.500000
v -18.585502 -15.595088 127.500000
v -16.134963 -16.134963 127.500000
v -15.689246 -18.697715 127.500000
v -14.204035 -20.285464 127.500000
v -11.465358 -19.858582 127.500000
v -10.070527 -21.596315 127.500000
v -8.566841 -23.537202 127.500000
v -6.034581 -22.521362 127.500000
v -4.042820 -22.927973 127.500000
v -2.182116 -24.941703 127.500000
v -0.000000 -23.870434 127.500000
v 1.997008 -22.825903 127.500000
v 4.295100 -24.358722 127.500000
v 6.327071 -23.612949 127.500000
v 7.805555 -21.445587 127.500000
v 10.236395 -21.952020 127.500000
v 12.444048 -21.553723 127.500000
v 13.210942 -18.867180 127.500000
v 15.192352 -18.105540 127.500000
v 17.733157 -17.733157 127.500000
v 17.993327 -15.098194 127.500000
v 18.949260 -13.268415 127.500000
v 21.621223 -12.483019 127.500000
v 21.812886 -10.171516 127.500000
v 21.471024 -7.814814 127.500000
v 23.743350 -6.362011 127.500000
v 24.241121 -4.274364 127.500000
v 22.772790 -1.992361 127.500000
v 23.492939 0.000000 130.000000
v 24.221322 2.119091 130.000000
v 22.088271 3.894758 130.000000
v 22.117200 5.926286 130.000000
v 22.986607 8.366441 130.000000
v 20.775578 9.687811 130.000000
v 19.408754 11.205650 130.000000
v 19.905444 13.937942 130.000000
v 18.017432 15.118420 130.000000
v 15.672922 15.672922 130.000000
v 15.344538 18.286908 130.000000
v 13.799923 19.708332 130.000000
v 11.112062 19.246655 130.000000
v 9.843616 21.109702 130.000000
v 8.344207 22.925522 130.000000
v 5.842377 21.804048 130.000000
v 3.944555 22.370685 130.000000
v 2.130250 24.348871 130.000000
v 0.000000 23.118586 130.000000
v -1.943371 22.212833 130.000000
v -4.199248 23.815120 130.000000
v -6.137665 22.906076 130.000000
v -7.575640 20.813899 130.000000
v -10.011071 21.468810 130.000000
v -12.100113 20.958011 130.000000
v -12.797331 18.276482 130.000000
v -14.842891 17.689068 130.000000
v -17.286403 17.286403 130.000000
v -17.419592 14.616773 130.000000
v -18.473594 12.935350 130.000000
v -21.120110 12.193701 130.000000
v -21.134686 9.855266 130.000000
v -20.874985 7.597873 130.000000
v -23.219228 6.221573 130.000000
v -23.532706 4.149451 130.000000
v -22.085284 1.932212 130.000000
v -23.492939 0.000000 130.000000
v -24.221322 -2.119091 130.000000
v -22.088271 -3.894758 130.000000
v -22.117200 -5.926286 130.000000
v -22.986607 -8.366441 130.000000
v -20.775578 -9.687811 130.000000
v -19.408754 -11.205650 130.000000
v -19.905444 -13.937942 130.000000
v -18.017432 -15.118420 130.000000
v -15.672922 -15.672922 130.000000
v -15.344538 -18.286908 130.000000
v -13.799923 -19.708332 130.000000
v -11.112062 -19.246655 130.000000
v -9.843616 -21.109702 130.000000
v -8.344207 -22.925522 130.000000
v -5.842377 -21.804048 130.000000
v -3.944555 -22.370685 130.000000
v -2.130250 -24.348871 130.000000
v -0.000000 -23.118586 130.000000
v 1.943371 -22.212833 130.000000
v 4.199248 -23.815120 130.000000
v 6.137665 -22.906076 130.000000
v 7.575640 -20.813899 130.000000
v 10.011071 -21.468810 130.000000
v 12.100113 -20.958011 130.000000
v 12.797331 -18.276482 130.000000
v 14.842891 -17.689068 130.000000
v 17.286403 -17.286403 130.000000
v 17.419592 -14.616773 130.000000
v 18.473594 -12.935350 130.000000
v 21.120110 -12.193701 130.000000
v 21.134686 -9.855266 130.000000
v 20.874985 -7.597873 130.000000
v 23.219228 -6.221573 130.000000
v 23.532706 -4.149451 130.000000
v 22.085284 -1.932212 130.000000
v 22.984164 0.000000 132.500000
v 23.562828 2.061480 132.500000
v 21.396479 3.772777 132.500000
v 21.613109 5.791215 132.500000
v 22.419080 8.159878 132.500000
v 20.115426 9.379977 132.500000
v 18.922746 10.925053 132.500000
v 19.453993 13.621832 132.500000
v 17.461885 14.652262 132.500000
v 15.237203 15.237203 132.500000
v 15.012425 17.891111 132.500000
v 13.401993 19.140030 132.500000
v 10.775984 18.664552 132.500000
v 9.628145 20.647624 132.500000
v 8.124464 22.321782 132.500000
v 5.657564 21.114316 132.500000
v 3.852094 21.846312 132.500000
v 2.079255 23.765990 132.500000
v 0.000000 22.387890 132.500000
v -1.892955 21.636571 132.500000
v -4.105998 23.286271 132.500000
v -5.951936 22.212929 132.500000
v -7.358278 20.216704 132.500000
v -9.795081 21.005619 132.500000
v -11.760974 20.370604 132.500000
v -12.402508 17.712618 132.500000
v -14.512332 17.295124 132.500000
v -16.845684 16.845684 132.500000
v -16.865898 14.152169 132.500000
v -18.026580 12.622347 132.500000
v -20.628799 11.910042 132.500000
v -20.473421 9.546913 132.500000
v -20.314001 7.393692 132.500000
v -22.711722 6.085588 132.500000
v -22.836438 4.026680 132.500000
v -21.433409 1.875180 132.500000
v -22.984164 0.000000 132.500000
v -23.562828 -2.061480 132.500000
v -21.396479 -3.772777 132.500000
v -21.613109 -5.791215 132.500000
v -22.419080 -8.159878 132.500000
v -20.115426 -9.379977 132.500000
v -18.922746 -10.925053 132.500000
v -19.453993 -13.621832 132.500000
v -17.461885 -14.652262 132.500000
v -15.237203 -15.237203 132.500000
v -15.012425 -17.891111 132.500000
v -13.401993 -19.140030 132.500000
v -10.775984 -18.664552 132.500000
v -9.628145 -20.647624 132.500000
v -8.124464 -22.321782 132.500000
v -5.657564 -21.114316 132.500000
v -3.852094 -21.846312 132.500000
v -2.079255 -23.765990 132.500000
v -0.000000 -22.387890 132.500000
v 1.892955 -21.636571 132.500000
v 4.105998 -23.286271 132.500000
v 5.951936 -22.212929 132.500000
v 7.358278 -20.216704 132.500000
v 9.795081 -21.005619 132.500000
v 11.760974 -20.370604 132.500000
v 12.402508 -17.712618 132.500000
v 14.512332 -17.295124 132.500000
v 16.845684 -16.845684 132.500000
v 16.865898 -14.152169 132.500000
v 18.026580 -12.622347 132.500000
v 20.628799 -11.910042 132.500000
v 20.473421 -9.546913 132.500000
v 20.314001 -7.393692 132.500000
v 22.711722 -6.085588 132.500000
v 22.836438 -4.026680 132.500000
v 21.433409 -1.875180 132.500000
v 22.499721 0.000000 135.000000
v 22.915568 2.004852 135.000000
v 20.738257 3.656714 135.000000
v 21.139483 5.664307 135.000000
v 21.861393 7.956896 135.000000
v 19.480135 9.083736 135.000000
v 18.468693 10.662905 135.000000
v 19.013570 13.313445 135.000000
v 16.921680 14.198976 135.000000
v 14.829040 14.829040 135.000000
v 14.692813 17.510213 135.000000
v 13.012013 18.583080 135.000000
v 10.458510 18.114670 135.000000
v 9.424012 20.209858 135.000000
v 7.908339 21.727983 135.000000
v 5.481052 20.455563 135.000000
v 3.765471 21.355045 135.000000
v 2.029224 23.194133 135.000000
v 0.000000 21.682140 135.000000
v -1.845850 21.098167 135.000000
v -4.015385 22.772382 135.000000
v -5.770800 21.536917 135.000000
v -7.154190 19.655975 135.000000
v -9.588325 20.562229 135.000000
v -11.428025 19.793921 135.000000
v -12.028229 17.178092 135.000000
v -14.200577 16.923589 135.000000
v -16.412253 16.412253 135.000000
v -16.335056 13.706740 135.000000
v -17.608581 12.329661 135.000000
v -20.147943 11.632421 135.000000
v -19.832506 9.248050 135.000000
v -19.789385 7.202747 135.000000
v -22.220837 5.954055 135.000000
v -22.155594 3.906629 135.000000
v -20.819602 1.821479 135.000000
v -22.499721 0.000000 135.000000
v -22.915568 -2.004852 135.000000
v -20.738257 -3.656714 135.000000
v -21.139483 -5.664307 135.000000
v -21.861393 -7.956896 135.000000
v -19.480135 -9.083736 135.000000
v -18.468693 -10.662905 135.000000
v -19.013570 -13.313445 135.000000
v -16.921680 -14.198976 135.000000
v -14.829040 -14.829040 135.000000
v -14.692813 -17.510213 135.000000
v -13.012013 -18.583080 135.000000
v -10.458510 -18.114670 135.000000
v -9.424012 -20.209858 135.000000
v -7.908339 -21.727983 135.000000
v -5.481052 -20.455563 135.000000
v -3.765471 -21.355045 135.000000
v -2.029224 -23.194133 135.000000
v -0.000000 -21.682140 135.000000
v 1.845850 -21.098167 135.000000
v 4.015385 -22.772382 135.000000
v 5.770800 -21.536917 135.000000
v 7.154190 -19.655975 135.000000
v 9.588325 -20.562229 135.000000
v 11.428025 -19.793921 135.000000
v 12.028229 -17.178092 135.000000
v 14.200577 -16.923589 135.000000
v 16.412253 -16.412253 135.000000
v 16.335056 -13.706740 135.000000
v 17.608581 -12.329661 135.000000
v 20.147943 -11.632421 135.000000
v 19.832506 -9.248050 135.000000
v 19.789385 -7.202747 135.000000
v 22.220837 -5.954055 135.000000
v 22.155594 -3.906629 135.000000
v 20.819602 -1.821479 135.000000
v 22.038994 0.000000 137.500000
v 22.281853 1.949410 137.500000
v 20.116236 3.547035 137.500000
v 20.695834 5.545432 137.500000
v 21.314783 7.757947 137.500000
v 18.872649 8.800461 137.500000
v 18.046686 10.419259 137.500000
v 18.584440 13.012965 137.500000
v 16.399357 13.760694 137.500000
v 14.449179 14.449179 137.500000
v 14.385451 17.143913 137.500000
v 12.631621 18.039825 137.500000
v 10.160678 17.598810 137.500000
v 9.230945 19.795825 137.500000
v 7.696517 21.146006 137.500000
v 5.313594 19.830604 137.500000
v 3.684624 20.896538 137.500000
v 1.980242 22.634267 137.500000
v 0.000000 21.004668 137.500000
v -1.802093 20.598015 137.500000
v -3.927418 22.273496 137.500000
v -5.595087 20.881150 137.500000
v -6.963853 19.133029 137.500000
v -9.390577 20.138157 137.500000
v -11.102572 19.230219 137.500000
v -11.675866 16.674864 137.500000
v -13.907238 16.574001 137.500000
v -15.987286 15.987286 137.500000
v -15.829445 13.282482 137.500000
v -17.219479 12.057209 137.500000
v -19.678095 11.361154 137.500000
v -19.214981 8.960093 137.500000
v -19.301806 7.025283 137.500000
v -21.746381 5.826925 137.500000
v -21.493194 3.789830 137.500000
v -20.245601 1.771261 137.500000
v -22.038994 0.000000 137.500000
v -22.281853 -1.949410 137.500000
v -20.116236 -3.547035 137.500000
v -20.695834 -5.545432 137.500000
v -21.314783 -7.757947 137.500000
v -18.872649 -8.800461 137.500000
v -18.046686 -10.419259 137.500000
v -18.584440 -13.012965 137.500000
v -16.399357 -13.760694 137.500000
v -14.449179 -14.449179 137.500000
v -14.385451 -17.143913 137.500000
v -12.631621 -18.039825 137.500000
v -10.160678 -17.598810 137.500000
v -9.230945 -19.795825 137.500000
v -7.696517 -21.146006 137.500000
v -5.313594 -19.830604 137.500000
v -3.684624 -20.896538 137.500000
v -1.980242 -22.634267 137.500000
v -0.000000 -21.004668 137.500000
v 1.802093 -20.598015 137.500000
v 3.927418 -22.273496 137.500000
v 5.595087 -20.881150 137.500000
v 6.963853 -19.133029 137.500000
v 9.390577 -20.138157 137.500000
v 11.102572 -19.230219 137.500000
v 11.675866 -16.674864 137.500000
v 13.907238 -16.574001 137.500000
v 15.987286 -15.987286 137.500000
v 15.829445 -13.282482 137.500000
v 17.219479 -12.057209 137.500000
v 19.678095 -11.361154 137.500000
v 19.214981 -8.960093 137.500000
v 19.301806 -7.025283 137.500000
v 21.746381 -5.826925 137.500000
v 21.493194 -3.789830 137.500000
v 20.245601 -1.771261 137.500000
v 21.601083 0.000000 140.000000
v 21.663828 1.895339 140.000000
v 19.532423 3.444093 140.000000
v 20.281258 5.434347 140.000000
v 20.780390 7.563443 140.000000
v 18.295429 8.531299 140.000000
v 17.656325 10.193884 140.000000
v 18.166773 12.720512 140.000000
v 15.897159 13.339300 140.000000
v 14.097899 14.097899 140.000000
v 14.089958 16.791758 140.000000
v 12.262320 17.512407 140.000000
v 9.883193 17.118192 140.000000
v 9.048534 19.404644 140.000000
v 7.489634 20.577600 140.000000
v 5.155789 19.241666 140.000000
v 3.609408 20.469973 140.000000
v 1.932385 22.087260 140.000000
v 0.000000 20.358319 140.000000
v -1.761663 20.135906 140.000000
v -3.842080 21.789520 140.000000
v -5.425546 20.248412 140.000000
v -6.787517 18.648550 140.000000
v -9.201511 19.732703 140.000000
v -10.785817 18.681583 140.000000
v -11.346412 16.204356 140.000000
v -13.631683 16.245608 140.000000
v -15.571878 15.571878 140.000000
v -15.351009 12.881026 140.000000
v -16.858722 11.804604 140.000000
v -19.219715 11.096508 140.000000
v -18.623488 8.684275 140.000000
v -18.851340 6.861326 140.000000
v -21.288004 5.704103 140.000000
v -20.851971 3.676765 140.000000
v -19.712473 1.724618 140.000000
v -21.601083 0.000000 140.000000
v -21.663828 -1.895339 140.000000
v -19.532423 -3.444093 140.000000
v -20.281258 -5.434347 140.000000
v -20.780390 -7.563443 140.000000
v -18.295429 -8.531299 140.000000
v -17.656325 -10.193884 140.000000
v -18.166773 -12.720512 140.000000
v -15.897159 -13.339300 140.000000
v -14.097899 -14.097899 140.000000
v -14.089958 -16.791758 140.000000
v -12.262320 -17.512407 140.000000
v -9.883193 -17.118192 140.000000
v -9.048534 -19.404644 140.000000
v -7.489634 -20.577600 140.000000
v -5.155789 -19.241666 140.000000
v -3.609408 -20.469973 140.000000
v -1.932385 -22.087260 140.000000
v -0.000000 -20.358319 140.000000
v 1.761663 -20.135906 140.000000
v 3.842080 -21.789520 140.000000
v 5.425546 -20.248412 140.000000
v 6.787517 -18.648550 140.000000
v 9.201511 -19.732703 140.000000
v 10.785817 -18.681583 140.000000
v 11.346412 -16.204356 140.000000
v 13.631683 -16.245608 140.000000
v 15.571878 -15.571878 140.000000
v 15.351009 -12.881026 140.000000
v 16.858722 -11.804604 140.000000
v 19.219715 -11.096508 140.000000
v 18.623488 -8.684275 140.000000
v 18.851340 -6.861326 140.000000
v 21.288004 -5.704103 140.000000
v 20.851971 -3.676765 140.000000
v 19.712473 -1.724618 140.000000
v 21.184854 0.000000 142.500000
v 21.063455 1.842813 142.500000
v 18.988217 3.348135 142.500000
v 19.894491 5.330713 142.500000
v 20.259255 7.373766 142.500000
v 17.750454 8.277173 142.500000
v 17.296772 9.986296 142.500000
v 17.760664 12.436151 142.500000
v 15.417020 12.936416 142.500000
v 13.775056 13.775056 142.500000
v 13.805852 16.453174 142.500000
v 11.905457 17.002755 142.500000
v 9.626443 16.673489 142.500000
v 8.876252 19.035184 142.500000
v 7.288277 20.024378 142.500000
v 5.008078 18.690401 142.500000
v 3.539609 20.074118 142.500000
v 1.885721 21.553889 142.500000
v 0.000000 19.745444 142.500000
v -1.724497 19.711091 142.500000
v -3.759337 21.320257 142.500000
v -5.262828 19.641140 142.500000
v -6.625221 18.202644 142.500000
v -9.020718 19.344993 142.500000
v -10.478853 18.149905 142.500000
v -11.040504 15.767473 142.500000
v -13.373073 15.937407 142.500000
v -15.167035 15.167035 142.500000
v -14.901253 12.503636 142.500000
v -16.525382 11.571197 142.500000
v -18.773188 10.838705 142.500000
v -18.060263 8.421639 142.500000
v -18.437521 6.710709 142.500000
v -20.845230 5.585463 142.500000
v -20.234357 3.567863 142.500000
v -19.220657 1.681590 142.500000
v -21.184854 0.000000 142.500000
v -21.063455 -1.842813 142.500000
v -18.988217 -3.348135 142.500000
v -19.894491 -5.330713 142.500000
v -20.259255 -7.373766 142.500000
v -17.750454 -8.277173 142.500000
v -17.296772 -9.986296 142.500000
v -17.760664 -12.436151 142.500000
v -15.417020 -12.936416 142.500000
v -13.775056 -13.775056 142.500000
v -13.805852 -16.453174 142.500000
v -11.905457 -17.002755 142.500000
v -9.626443 -16.673489 142.500000
v -8.876252 -19.035184 142.500000
v -7.288277 -20.024378 142.500000
v -5.008078 -18.690401 142.500000
v -3.539609 -20.074118 142.500000
v -1.885721 -21.553889 142.500000
v -0.000000 -19.745444 142.500000
v 1.724497 -19.711091 142.500000
v 3.759337 -21.320257 142.500000
v 5.262828 -19.641140 142.500000
v 6.625221 -18.202644 142.500000
v 9.020718 -19.344993 142.500000
v 10.478853 -18.149905 142.500000
v 11.040504 -15.767473 142.500000
v 13.373073 -15.937407 142.500000
v 15.167035 -15.167035 142.500000
v 14.901253 -12.503636 142.500000
v 16.525382 -11.571197 142.500000
v 18.773188 -10.838705 142.500000
v 18.060263 -8.421639 142.500000
v 18.437521 -6.710709 142.500000
v 20.845230 -5.585463 142.500000
v 20.234357 -3.567863 142.500000
v 19.220657 -1.681590 142.500000
v 20.788997 0.000000 145.000000
v 20.482507 1.791987 145.000000
v 18.484434 3.259304 145.000000
v 19.533978 5.234114 145.000000
v 19.752326 7.189259 145.000000
v 17.239227 8.038783 145.000000
v 16.966810 9.795792 145.000000
v 17.366144 12.159905 145.000000
v 14.960559 12.553400 145.000000
v 13.480118 13.480118 145.000000
v 13.532579 16.127499 145.000000
v 11.562227 16.512571 145.000000
v 9.390518 16.264854 145.000000
v 8.713480 18.686118 145.000000
v 7.092980 19.487803 145.000000
v 4.870755 18.177905 145.000000
v 3.474946 19.707399 145.000000
v 1.840310 21.034844 145.000000
v 0.000000 19.167901 145.000000
v -1.690486 19.322343 145.000000
v -3.679138 20.865429 145.000000
v -5.107493 19.061422 145.000000
v -6.476805 17.794876 145.000000
v -8.847731 18.974021 145.000000
v -10.182657 17.636879 145.000000
v -10.758430 15.364631 145.000000
v -13.130399 15.648200 145.000000
v -14.773676 14.773676 145.000000
v -14.481261 12.151220 145.000000
v -16.218204 11.356109 145.000000
v -18.338835 10.587931 145.000000
v -17.527130 8.173035 145.000000
v -18.059400 6.573084 145.000000
v -20.417495 5.470851 145.000000
v -19.642464 3.463496 145.000000
v -18.770006 1.642163 145.000000
v -20.788997 0.000000 145.000000
v -20.482507 -1.791987 145.000000
v -18.484434 -3.259304 145.000000
v -19.533978 -5.234114 145.000000
v -19.752326 -7.189259 145.000000
v -17.239227 -8.038783 145.000000
v -16.966810 -9.795792 145.000000
v -17.366144 -12.159905 145.000000
v -14.960559 -12.553400 145.000000
v -13.480118 -13.480118 145.000000
v -13.532579 -16.127499 145.000000
v -11.562227 -16.512571 145.000000
v -9.390518 -16.264854 145.000000
v -8.713480 -18.686118 145.000000
v -7.092980 -19.487803 145.000000
v -4.870755 -18.177905 145.000000
v -3.474946 -19.707399 145.000000
v -1.840310 -21.034844 145.000000
v -0.000000 -19.167901 145.000000
v 1.690486 -19.322343 145.000000
v 3.679138 -20.865429 145.000000
v 5.107493 -19.061422 145.000000
v 6.476805 -17.794876 145.000000
v 8.847731 -18.974021 145.000000
v 10.182657 -17.636879 145.000000
v 10.758430 -15.364631 145.000000
v 13.130399 -15.648200 145.000000
v 14.773676 -14.773676 145.000000
v 14.481261 -12.151220 145.000000
v 16.218204 -11.356109 145.000000
v 18.338835 -10.587931 145.000000
v 17.527130 -8.173035 145.000000
v 18.059400 -6.573084 145.000000
v 20.417495 -5.470851 145.000000
v 19.642464 -3.463496 145.000000
v 18.770006 -1.642163 145.000000
v 20.412073 0.000000 147.500000
v 19.922563 1.742998 147.500000
v 18.021344 3.177649 147.500000
v 19.197930 5.144070 147.500000
v 19.260462 7.010235 147.500000
v 16.762787 7.816616 147.500000
v 16.664897 9.621483 147.500000
v 16.983205 11.891768 147.500000
v 14.529085 12.191350 147.500000
v 13.212212 13.212212 147.500000
v 13.269532 15.814013 147.500000
v 11.233659 16.043328 147.500000
v 9.175232 15.891968 147.500000
v 8.559530 18.355971 147.500000
v 6.904221 18.969193 147.500000
v 4.743972 17.704746 147.500000
v 3.415094 19.367962 147.500000
v 1.796208 20.530747 147.500000
v 0.000000 18.627071 147.500000
v -1.659487 18.968025 147.500000
v -3.601427 20.424708 147.500000
v -4.960004 18.510988 147.500000
v -6.341939 17.424333 147.500000
v -8.682039 18.618694 147.500000
v -9.898089 17.143993 147.500000
v -10.500165 14.995790 147.500000
v -12.902528 15.376634 147.500000
v -14.392632 14.392632 147.500000
v -14.091707 11.824346 147.500000
v -15.935666 11.158274 147.500000
v -17.916922 10.344340 147.500000
v -17.025509 7.939125 147.500000
v -17.715603 6.447952 147.500000
v -20.004172 5.360102 147.500000
v -19.078090 3.363982 147.500000
v -18.359841 1.606278 147.500000
v -20.412073 0.000000 147.500000
v -19.922563 -1.742998 147.500000
v -18.021344 -3.177649 147.500000
v -19.197930 -5.144070 147.500000
v -19.260462 -7.010235 147.500000
v -16.762787 -7.816616 147.500000
v -16.664897 -9.621483 147.500000
v -16.983205 -11.891768 147.500000
v -14.529085 -12.191350 147.500000
v -13.212212 -13.212212 147.500000
v -13.269532 -15.814013 147.500000
v -11.233659 -16.043328 147.500000
v -9.175232 -15.891968 147.500000
v -8.559530 -18.355971 147.500000
v -6.904221 -18.969193 147.500000
v -4.743972 -17.704746 147.500000
v -3.415094 -19.367962 147.500000
v -1.796208 -20.530747 147.500000
v -0.000000 -18.627071 147.500000
v 1.659487 -18.968025 147.500000
v 3.601427 -20.424708 147.500000
v 4.960004 -18.510988 147.500000
v 6.341939 -17.424333 147.500000
v 8.682039 -18.618694 147.500000
v 9.898089 -17.143993 147.500000
v 10.500165 -14.995790 147.500000
v 12.902528 -15.376634 147.500000
v 14.392632 -14.392632 147.500000
v 14.091707 -11.824346 147.500000
v 15.935666 -11.158274 147.500000
v 17.916922 -10.344340 147.500000
v 17.025509 -7.939125 147.500000
v 17.715603 -6.447952 147.500000
v 20.004172 -5.360102 147.500000
v 19.078090 -3.363982 147.500000
v 18.359841 -1.606278 147.500000
v 20.052563 0.000000 150.000000
v 19.385009 1.695969 150.000000
v 17.598711 3.103128 150.000000
v 18.884379 5.060054 150.000000
v 18.784436 6.836976 150.000000
v 16.321735 7.610950 150.000000
v 16.389229 9.462326 150.000000
v 16.611809 11.631714 150.000000
v 14.123598 11.851106 150.000000
v 12.970164 12.970164 150.000000
v 13.016081 15.511961 150.000000
v 10.920628 15.596274 150.000000
v 8.980152 15.554080 150.000000
v 8.413668 18.043169 150.000000
v 6.722428 18.469720 150.000000
v 4.627749 17.270995 150.000000
v 3.359687 19.053729 150.000000
v 1.753461 20.042151 150.000000
v 0.000000 18.123869 150.000000
v -1.631327 18.646150 150.000000
v -3.526140 19.997735 150.000000
v -4.820734 17.991223 150.000000
v -6.220133 17.089675 150.000000
v -8.523107 18.277863 150.000000
v -9.625890 16.672531 150.000000
v -10.265388 14.660493 150.000000
v -12.688231 15.121245 150.000000
v -14.024650 14.024650 150.000000
v -13.732882 11.523256 150.000000
v -15.676028 10.976473 150.000000
v -17.507680 10.108064 150.000000
v -16.556429 7.720389 150.000000
v -17.404392 6.334681 150.000000
v -19.604606 5.253038 150.000000
v -18.542717 3.269581 150.000000
v -17.989008 1.573834 150.000000
v -20.052563 0.000000 150.000000
v -19.385009 -1.695969 150.000000
v -17.598711 -3.103128 150.000000
v -18.884379 -5.060054 150.000000
v -18.784436 -6.836976 150.000000
v -16.321735 -7.610950 150.000000
v -16.389229 -9.462326 150.000000
v -16.611809 -11.631714 150.000000
v -14.123598 -11.851106 150.000000
v -12.970164 -12.970164 150.000000
v -13.016081 -15.511961 150.000000
v -10.920628 -15.596274 150.000000
v -8.980152 -15.554080 150.000000
v -8.413668 -18.043169 150.000000
v -6.722428 -18.469720 150.000000
v -4.627749 -17.270995 150.000000
v -3.359687 -19.053729 150.000000
v -1.753461 -20.042151 150.000000
v -0.000000 -18.123869 150.000000
v 1.631327 -18.646150 150.000000
v 3.526140 -19.997735 150.000000
v 4.820734 -17.991223 150.000000
v 6.220133 -17.089675 150.000000
v 8.523107 -18.277863 150.000000
v 9.625890 -16.672531 150.000000
v 10.265388 -14.660493 150.000000
v 12.688231 -15.121245 150.000000
v 14.024650 -14.024650 150.000000
v 13.732882 -11.523256 150.000000
v 15.676028 -10.976473 150.000000
v 17.507680 -10.108064 150.000000
v 16.556429 -7.720389 150.000000
v 17.404392 -6.334681 150.000000
v 19.604606 -5.253038 150.000000
v 18.542717 -3.269581 150.000000
v 17.989008 -1.573834 150.000000
v 19.708910 0.000000 152.500000
v 18.871041 1.651002 152.500000
v 17.215835 3.035616 152.500000
v 18.591241 4.981508 152.500000
v 18.324946 6.669735 152.500000
v 15.916260 7.421874 152.500000
v 16.137787 9.317156 152.500000
v 16.251910 11.379710 152.500000
v 13.744808 11.533263 152.500000
v 12.752549 12.752549 152.500000
v 12.771590 15.220588 152.500000
v 10.623851 15.172431 152.500000
v 8.804623 15.250054 152.500000
v 8.275134 17.746083 152.500000
v 6.547975 17.990414 152.500000
v 4.521983 16.876271 152.500000
v 3.308329 18.762469 152.500000
v 1.712115 19.569560 152.500000
v 0.000000 17.658777 152.500000
v -1.605806 18.354450 152.500000
v -3.453214 19.584152 152.500000
v -4.689961 17.503173 152.500000
v -6.110767 16.789193 152.500000
v -8.370393 17.950366 152.500000
v -9.366687 16.223578 152.500000
v -10.053515 14.357907 152.500000
v -12.486223 14.880501 152.500000
v -13.670396 13.670396 152.500000
v -13.404720 11.247896 152.500000
v -15.437386 10.809374 152.500000
v -17.111312 9.879220 152.500000
v -16.120542 7.517132 152.500000
v -17.123725 6.232526 152.500000
v -19.218142 5.149486 152.500000
v -18.037519 3.180501 152.500000
v -17.655931 1.544694 152.500000
v -19.708910 0.000000 152.500000
v -18.871041 -1.651002 152.500000
v -17.215835 -3.035616 152.500000
v -18.591241 -4.981508 152.500000
v -18.324946 -6.669735 152.500000
v -15.916260 -7.421874 152.500000
v -16.137787 -9.317156 152.500000
v -16.251910 -11.379710 152.500000
v -13.744808 -11.533263 152.500000
v -12.752549 -12.752549 152.500000
v -12.771590 -15.220588 152.500000
v -10.623851 -15.172431 152.500000
v -8.804623 -15.250054 152.500000
v -8.275134 -17.746083 152.500000
v -6.547975 -17.990414 152.500000
v -4.521983 -16.876271 152.500000
v -3.308329 -18.762469 152.500000
v -1.712115 -19.569560 152.500000
v -0.000000 -17.658777 152.500000
v 1.605806 -18.354450 152.500000
v 3.453214 -19.584152 152.500000
v 4.689961 -17.503173 152.500000
v 6.110767 -16.789193 152.500000
v 8.370393 -17.950366 152.500000
v 9.366687 -16.223578 152.500000
v 10.053515 -14.357907 152.500000
v 12.486223 -14.880501 152.500000
v 13.670396 -13.670396 152.500000
v 13.404720 -11.247896 152.500000
v 15.437386 -10.809374 152.500000
v 17.111312 -9.879220 152.500000
v 16.120542 -7.517132 152.500000
v 17.123725 -6.232526 152.500000
v 19.218142 -5.149486 152.500000
v 18.037519 -3.180501 152.500000
v 17.655931 -1.544694 152.500000
v 19.379565 0.000000 155.000000
v 18.381674 1.608188 155.000000
v 16.871602 2.974919 155.000000
v 18.316362 4.907854 155.000000
v 17.882624 6.508743 155.000000
v 15.546165 7.249296 155.000000
v 15.908400 9.184719 155.000000
v 15.903463 11.135725 155.000000
v 13.393143 11.238181 155.000000
v 12.557728 12.557728 155.000000
v 12.535442 14.939158 155.000000
v 10.343893 14.772610 155.000000
v 8.647794 14.978418 155.000000
v 8.143164 17.463072 155.000000
v 6.381188 17.532171 155.000000
v 4.426460 16.519775 155.000000
v 3.260611 18.491842 155.000000
v 1.672209 19.113436 155.000000
v 0.000000 17.231864 155.000000
v -1.582708 18.090437 155.000000
v -3.382589 19.183616 155.000000
v -4.567881 17.047562 155.000000
v -6.013103 16.520865 155.000000
v -8.223362 17.635058 155.000000
v -9.120995 15.798027 155.000000
v -9.863728 14.086864 155.000000
v -12.295191 14.652839 155.000000
v -13.330462 13.330462 155.000000
v -13.106823 10.997931 155.000000
v -15.217716 10.655560 155.000000
v -16.728009 9.657920 155.000000
v -15.718150 7.329494 155.000000
v -16.871318 6.140658 155.000000
v -18.844150 5.049275 155.000000
v -17.563376 3.096897 155.000000
v -17.358675 1.518687 155.000000
v -19.379565 0.000000 155.000000
v -18.381674 -1.608188 155.000000
v -16.871602 -2.974919 155.000000
v -18.316362 -4.907854 155.000000
v -17.882624 -6.508743 155.000000
v -15.546165 -7.249296 155.000000
v -15.908400 -9.184719 155.000000
v -15.903463 -11.135725 155.000000
v -13.393143 -11.238181 155.000000
v -12.557728 -12.557728 155.000000
v -12.535442 -14.939158 155.000000
v -10.343893 -14.772610 155.000000
v -8.647794 -14.978418 155.000000
v -8.143164 -17.463072 155.000000
v -6.381188 -17.532171 155.000000
v -4.426460 -16.519775 155.000000
v -3.260611 -18.491842 155.000000
v -1.672209 -19.113436 155.000000
v -0.000000 -17.231864 155.000000
v 1.582708 -18.090437 155.000000
v 3.382589 -19.183616 155.000000
v 4.567881 -17.047562 155.000000
v 6.013103 -16.520865 155.000000
v 8.223362 -17.635058 155.000000
v 9.120995 -15.798027 155.000000
v 9.863728 -14.086864 155.000000
v 12.295191 -14.652839 155.000000
v 13.330462 -13.330462 155.000000
v 13.106823 -10.997931 155.000000
v 15.217716 -10.655560 155.000000
v 16.728009 -9.657920 155.000000
v 15.718150 -7.329494 155.000000
v 16.871318 -6.140658 155.000000
v 18.844150 -5.049275 155.000000
v 17.563376 -3.096897 155.000000
v 17.358675 -1.518687 155.000000
v 19.063027 0.000000 157.500000
v 17.917749 1.567600 157.500000
v 16.564527 2.920773 157.500000
v 18.057574 4.838512 157.500000
v 17.458045 6.354209 157.500000
v 15.210903 7.092960 157.500000
v 15.698789 9.063700 157.500000
v 15.566446 10.899743 157.500000
v 13.068769 10.966000 157.500000
v 12.383896 12.383896 157.500000
v 12.307056 14.666978 157.500000
v 10.081179 14.397416 157.500000
v 8.508648 14.737411 157.500000
v 8.017006 17.192525 157.500000
v 6.222348 17.095761 157.500000
v 4.340866 16.200334 157.500000
v 3.216110 18.239466 157.500000
v 1.633782 18.674216 157.500000
v 0.000000 16.842819 157.500000
v -1.561801 17.851463 157.500000
v -3.314212 18.795828 157.500000
v -4.454604 16.624810 157.500000
v -5.926314 16.282413 157.500000
v -8.081506 17.330845 157.500000
v -8.889223 15.396585 157.500000
v -9.695004 13.845901 157.500000
v -12.113833 14.436704 157.500000
v -13.005371 13.005371 157.500000
v -12.838496 10.772777 157.500000
v -15.014931 10.513568 157.500000
v -16.357963 9.444275 157.500000
v -15.349223 7.157460 157.500000
v -16.644697 6.058174 157.500000
v -18.482050 4.952250 157.500000
v -17.120889 3.018875 157.500000
v -17.094997 1.495618 157.500000
v -19.063027 0.000000 157.500000
v -17.917749 -1.567600 157.500000
v -16.564527 -2.920773 157.500000
v -18.057574 -4.838512 157.500000
v -17.458045 -6.354209 157.500000
v -15.210903 -7.092960 157.500000
v -15.698789 -9.063700 157.500000
v -15.566446 -10.899743 157.500000
v -13.068769 -10.966000 157.500000
v -12.383896 -12.383896 157.500000
v -12.307056 -14.666978 157.500000
v -10.081179 -14.397416 157.500000
v -8.508648 -14.737411 157.500000
v -8.017006 -17.192525 157.500000
v -6.222348 -17.095761 157.500000
v -4.340866 -16.200334 157.500000
v -3.216110 -18.239466 157.500000
v -1.633782 -18.674216 157.500000
v -0.000000 -16.842819 157.500000
v 1.561801 -17.851463 157.500000
v 3.314212 -18.795828 157.500000
v 4.454604 -16.624810 157.500000
v 5.926314 -16.282413 157.500000
v 8.081506 -17.330845 157.500000
v 8.889223 -15.396585 157.500000
v 9.695004 -13.845901 157.500000
v 12.113833 -14.436704 157.500000
v 13.005371 -13.005371 157.500000
v 12.838496 -10.772777 157.500000
v 15.014931 -10.513568 157.500000
v 16.357963 -9.444275 157.500000
v 15.349223 -7.157460 157.500000
v 16.644697 -6.058174 157.500000
v 18.482050 -4.952250 157.500000
v 17.120889 -3.018875 157.500000
v 17.094997 -1.495618 157.500000
v 18.757875 0.000000 160.000000
v 17.479945 1.529297 160.000000
v 16.292799 2.872860 160.000000
v 17.812737 4.772908 160.000000
v 17.051736 6.206324 160.000000
v 14.909602 6.952462 160.000000
v 15.506620 8.952751 160.000000
v 15.240869 10.671772 160.000000
v 12.771607 10.716651 160.000000
v 12.229121 12.229121 160.000000
v 12.085906 14.403422 160.000000
v 9.835996 14.047258 160.000000
v 8.386028 14.525026 160.000000
v 7.895937 16.932892 160.000000
v 6.071691 16.681834 160.000000
v 4.264798 15.916444 160.000000
v 3.174407 18.002958 160.000000
v 1.596871 18.252318 160.000000
v 0.000000 16.490982 160.000000
v -1.542843 17.634780 160.000000
v -3.248040 18.420549 160.000000
v -4.350167 16.235045 160.000000
v -5.849495 16.071355 160.000000
v -7.944349 17.036712 160.000000
v -8.671678 15.019786 160.000000
v -9.546142 13.633304 160.000000
v -11.940878 14.230584 160.000000
v -12.695585 12.695585 160.000000
v -12.598770 10.571623 160.000000
v -14.826916 10.381918 160.000000
v -16.001380 9.238401 160.000000
v -15.013422 7.000874 160.000000
v -16.441258 5.984128 160.000000
v -18.131338 4.858277 160.000000
v -16.710391 2.946493 160.000000
v -16.862408 1.475269 160.000000
v -18.757875 0.000000 160.000000
v -17.479945 -1.529297 160.000000
v -16.292799 -2.872860 160.000000
v -17.812737 -4.772908 160.000000
v -17.051736 -6.206324 160.000000
v -14.909602 -6.952462 160.000000
v -15.506620 -8.952751 160.000000
v -15.240869 -10.671772 160.000000
v -12.771607 -10.716651 160.000000
v -12.229121 -12.229121 160.000000
v -12.085906 -14.403422 160.000000
v -9.835996 -14.047258 160.000000
v -8.386028 -14.525026 160.000000
v -7.895937 -16.932892 160.000000
v -6.071691 -16.681834 160.000000
v -4.264798 -15.916444 160.000000
v -3.174407 -18.002958 160.000000
v -1.596871 -18.252318 160.000000
v -0.000000 -16.490982 160.000000
v 1.542843 -17.634780 160.000000
v 3.248040 -18.420549 160.000000
v 4.350167 -16.235045 160.000000
v 5.849495 -16.071355 160.000000
v 7.944349 -17.036712 160.000000
v 8.671678 -15.019786 160.000000
v 9.546142 -13.633304 160.000000
v 11.940878 -14.230584 160.000000
v 12.695585 -12.695585 160.000000
v 12.598770 -10.571623 160.000000
v 14.826916 -10.381918 160.000000
v 16.001380 -9.238401 160.000000
v 15.013422 -7.000874 160.000000
v 16.441258 -5.984128 160.000000
v 18.131338 -4.858277 160.000000
v 16.710391 -2.946493 160.000000
v 16.862408 -1.475269 160.000000
v 18.462810 0.000000 162.500000
v 17.068782 1.493325 162.500000
v 16.054332 2.830812 162.500000
v 17.579788 4.710490 162.500000
v 16.664184 6.065267 162.500000
v 14.641103 6.827258 162.500000
v 15.329550 8.850520 162.500000
v 14.926790 10.451851 162.500000
v 12.501347 10.489876 162.500000
v 12.091386 12.091386 162.500000
v 11.871539 14.147950 162.500000
v 9.608501 13.722361 162.500000
v 8.278661 14.339061 162.500000
v 7.779284 16.682729 162.500000
v 5.929414 16.290930 162.500000
v 4.197775 15.666310 162.500000
v 3.135092 17.779989 162.500000
v 1.561511 17.848154 162.500000
v 0.000000 16.175373 162.500000
v -1.525592 17.437592 162.500000
v -3.184046 18.057620 162.500000
v -4.254532 15.878128 162.500000
v -5.781689 15.885061 162.500000
v -7.811470 16.751752 162.500000
v -8.468572 14.667996 162.500000
v -9.415795 13.447149 162.500000
v -11.775119 14.033041 162.500000
v -12.401509 12.401509 162.500000
v -12.386438 10.393456 162.500000
v -14.651578 10.259145 162.500000
v -15.658485 9.040431 162.500000
v -14.710126 6.859444 162.500000
v -16.258315 5.917543 162.500000
v -17.791606 4.767246 162.500000
v -16.331963 2.879766 162.500000
v -16.658220 1.457405 162.500000
v -18.462810 0.000000 162.500000
v -17.068782 -1.493325 162.500000
v -16.054332 -2.830812 162.500000
v -17.579788 -4.710490 162.500000
v -16.664184 -6.065267 162.500000
v -14.641103 -6.827258 162.500000
v -15.329550 -8.850520 162.500000
v -14.926790 -10.451851 162.500000
v -12.501347 -10.489876 162.500000
v -12.091386 -12.091386 162.500000
v -11.871539 -14.147950 162.500000
v -9.608501 -13.722361 162.500000
v -8.278661 -14.339061 162.500000
v -7.779284 -16.682729 162.500000
v -5.929414 -16.290930 162.500000
v -4.197775 -15.666310 162.500000
v -3.135092 -17.779989 162.500000
v -1.561511 -17.848154 162.500000
v -0.000000 -16.175373 162.500000
v 1.525592 -17.437592 162.500000
v 3.184046 -18.057620 162.500000
v 4.254532 -15.878128 162.500000
v 5.781689 -15.885061 162.500000
v 7.811470 -16.751752 162.500000
v 8.468572 -14.667996 162.500000
v 9.415795 -13.447149 162.500000
v 11.775119 -14.033041 162.500000
v 12.401509 -12.401509 162.500000
v 12.386438 -10.393456 162.500000
v 14.651578 -10.259145 162.500000
v 15.658485 -9.040431 162.500000
v 14.710126 -6.859444 162.500000
v 16.258315 -5.917543 162.500000
v 17.791606 -4.767246 162.500000
v 16.331963 -2.879766 162.500000
v 16.658220 -1.457405 162.500000
v 18.176677 0.000000 165.000000
v 16.684634 1.459716 165.000000
v 15.846805 2.794219 165.000000
v 17.356779 4.650735 165.000000
v 16.295842 5.931202 165.000000
v 14.403985 6.716688 165.000000
v 15.165274 8.755675 165.000000
v 14.624317 10.240057 165.000000
v 12.257465 10.285234 165.000000
v 11.968623 11.968623 165.000000
v 11.663588 13.900123 165.000000
v 9.398727 13.422774 165.000000
v 8.185186 14.177158 165.000000
v 7.666433 16.440720 165.000000
v 5.795673 15.923482 165.000000
v 4.139248 15.447886 165.000000
v 3.097770 17.568328 165.000000
v 1.527739 17.462139 165.000000
v 0.000000 15.894721 165.000000
v -1.509802 17.257112 165.000000
v -3.122217 17.706971 165.000000
v -4.167592 15.553663 165.000000
v -5.721903 15.720799 165.000000
v -7.682507 16.475188 165.000000
v -8.280024 14.341422 165.000000
v -9.302494 13.285338 165.000000
v -11.615438 13.842740 165.000000
v -12.123493 12.123493 165.000000
v -12.200082 10.237084 165.000000
v -14.486881 10.143823 165.000000
v -15.329538 8.850513 165.000000
v -14.438453 6.732761 165.000000
v -16.093159 5.857431 165.000000
v -17.462557 4.679078 165.000000
v -15.985449 2.818666 165.000000
v -16.479607 1.441779 165.000000
v -18.176677 0.000000 165.000000
v -16.684634 -1.459716 165.000000
v -15.846805 -2.794219 165.000000
v -17.356779 -4.650735 165.000000
v -16.295842 -5.931202 165.000000
v -14.403985 -6.716688 165.000000
v -15.165274 -8.755675 165.000000
v -14.624317 -10.240057 165.000000
v -12.257465 -10.285234 165.000000
v -11.968623 -11.968623 165.000000
v -11.663588 -13.900123 165.000000
v -9.398727 -13.422774 165.000000
v -8.185186 -14.177158 165.000000
v -7.666433 -16.440720 165.000000
v -5.795673 -15.923482 165.000000
v -4.139248 -15.447886 165.000000
v -3.097770 -17.568328 165.000000
v -1.527739 -17.462139 165.000000
v -0.000000 -15.894721 165.000000
v 1.509802 -17.257112 165.000000
v 3.122217 -17.706971 165.000000
v 4.167592 -15.553663 165.000000
v 5.721903 -15.720799 165.000000
v 7.682507 -16.475188 165.000000
v 8.280024 -14.341422 165.000000
v 9.302494 -13.285338 165.000000
v 11.615438 -13.842740 165.000000
v 12.123493 -12.123493 165.000000
v 12.200082 -10.237084 165.000000
v 14.486881 -10.143823 165.000000
v 15.329538 -8.850513 165.000000
v 14.438453 -6.732761 165.000000
v 16.093159 -5.857431 165.000000
v 17.462557 -4.679078 165.000000
v 15.985449 -2.818666 165.000000
v 16.479607 -1.441779 165.000000
v 17.898499 0.000000 167.500000
v 16.327727 1.428491 167.500000
v 15.667709 2.762640 167.500000
v 17.141919 4.593163 167.500000
v 15.947130 5.804281 167.500000
v 14.196597 6.619982 167.500000
v 15.011563 8.666930 167.500000
v 14.333623 10.036511 167.500000
v 12.039240 10.102122 167.500000
v 11.858758 11.858758 167.500000
v 11.461782 13.659620 167.500000
v 9.206592 13.148376 167.500000
v 8.104178 14.036848 167.500000
v 7.556846 16.205709 167.500000
v 5.670591 15.579820 167.500000
v 4.088614 15.258914 167.500000
v 3.062074 17.365884 167.500000
v 1.495591 17.094688 167.500000
v 0.000000 15.647491 167.500000
v -1.495235 17.090610 167.500000
v -3.062560 17.368642 167.500000
v -4.089178 15.261018 167.500000
v -5.669123 15.575788 167.500000
v -7.557166 16.206395 167.500000
v -8.106065 14.040116 167.500000
v -9.204678 13.145642 167.500000
v -11.460824 13.658479 167.500000
v -11.861838 11.861838 167.500000
v -12.038099 10.101164 167.500000
v -14.330890 10.034597 167.500000
v -15.014831 8.668817 167.500000
v -14.197282 6.620302 167.500000
v -15.943099 5.802813 167.500000
v -17.144023 4.593727 167.500000
v -15.670467 2.763126 167.500000
v -16.323649 1.428134 167.500000
v -17.898499 0.000000 167.500000
v -16.327727 -1.428491 167.500000
v -15.667709 -2.762640 167.500000
v -17.141919 -4.593163 167.500000
v -15.947130 -5.804281 167.500000
v -14.196597 -6.619982 167.500000
v -15.011563 -8.666930 167.500000
v -14.333623 -10.036511 167.500000
v -12.039240 -10.102122 167.500000
v -11.858758 -11.858758 167.500000
v -11.461782 -13.659620 167.500000
v -9.206592 -13.148376 167.500000
v -8.104178 -14.036848 167.500000
v -7.556846 -16.205709 167.500000
v -5.670591 -15.579820 167.500000
v -4.088614 -15.258914 167.500000
v -3.062074 -17.365884 167.500000
v -1.495591 -17.094688 167.500000
v -0.000000 -15.647491 167.500000
v 1.495235 -17.090610 167.500000
v 3.062560 -17.368642 167.500000
v 4.089178 -15.261018 167.500000
v 5.669123 -15.575788 167.500000
v 7.557166 -16.206395 167.500000
v 8.106065 -14.040116 167.500000
v 9.204678 -13.145642 167.500000
v 11.460824 -13.658479 167.500000
v 11.861838 -11.861838 167.500000
v 12.038099 -10.101164 167.500000
v 14.330890 -10.034597 167.500000
v 15.014831 -8.668817 167.500000
v 14.197282 -6.620302 167.500000
v 15.943099 -5.802813 167.500000
v 17.144023 -4.593727 167.500000
v 15.670467 -2.763126 167.500000
v 16.323649 -1.428134 167.500000
v 17.627492 0.000000 170.000000
v 15.998147 1.399657 170.000000
v 15.514387 2.735605 170.000000
v 16.933602 4.537345 170.000000
v 15.618435 5.684646 170.000000
v 14.017089 6.536276 170.000000
v 14.866308 8.583067 170.000000
v 14.054944 9.841378 170.000000
v 11.845767 9.939779 170.000000
v 11.759738 11.759738 170.000000
v 11.265956 13.426244 170.000000
v 9.031896 12.898885 170.000000
v 8.034173 13.915596 170.000000
v 7.450069 15.976725 170.000000
v 5.554248 15.260170 170.000000
v 4.045220 15.096968 170.000000
v 3.027665 17.170743 170.000000
v 1.465104 16.746221 170.000000
v 0.000000 15.431917 170.000000
v -1.481661 16.935461 170.000000
v -3.005101 17.042775 170.000000
v -4.019060 14.999335 170.000000
v -5.622338 15.447247 170.000000
v -7.435234 15.944911 170.000000
v -7.946638 13.763980 170.000000
v -9.120720 13.025738 170.000000
v -11.310399 13.479209 170.000000
v -11.616794 11.616794 170.000000
v -11.898732 9.984222 170.000000
v -14.181798 9.930202 170.000000
v -14.714692 8.495531 170.000000
v -13.985274 6.521441 170.000000
v -15.805512 5.752736 170.000000
v -16.835969 4.511184 170.000000
v -15.386419 2.713041 170.000000
v -16.187387 1.416213 170.000000
v -17.627492 0.000000 170.000000
v -15.998147 -1.399657 170.000000
v -15.514387 -2.735605 170.000000
v -16.933602 -4.537345 170.000000
v -15.618435 -5.684646 170.000000
v -14.017089 -6.536276 170.000000
v -14.866308 -8.583067 170.000000
v -14.054944 -9.841378 170.000000
v -11.845767 -9.939779 170.000000
v -11.759738 -11.759738 170.000000
v -11.265956 -13.426244 170.000000
v -9.031896 -12.898885 170.000000
v -8.034173 -13.915596 170.000000
v -7.450069 -15.976725 170.000000
v -5.554248 -15.260170 170.000000
v -4.045220 -15.096968 170.000000
v -3.027665 -17.170743 170.000000
v -1.465104 -16.746221 170.000000
v -0.000000 -15.431917 170.000000
v 1.481661 -16.935461 170.000000
v 3.005101 -17.042775 170.000000
v 4.019060 -14.999335 170.000000
v 5.622338 -15.447247 170.000000
v 7.435234 -15.944911 170.000000
v 7.946638 -13.763980 170.000000
v 9.120720 -13.025738 170.000000
v 11.310399 -13.479209 170.000000
v 11.616794 -11.616794 170.000000
v 11.898732 -9.984222 170.000000
v 14.181798 -9.930202 170.000000
v 14.714692 -8.495531 170.000000
v 13.985274 -6.521441 170.000000
v 15.805512 -5.752736 170.000000
v 16.835969 -4.511184 170.000000
v 15.386419 -2.713041 170.000000
v 16.187387 -1.416213 170.000000
v 17.363086 0.000000 172.500000
v 15.695834 1.373208 172.500000
v 15.384081 2.712628 172.500000
v 16.730440 4.482908 172.500000
v 15.310107 5.572423 172.500000
v 13.863440 6.464628 172.500000
v 14.727551 8.502955 172.500000
v 13.788577 9.654865 172.500000
v 11.675973 9.797304 172.500000
v 11.669573 11.669573 172.500000
v 11.076057 13.199931 172.500000
v 8.874331 12.673858 172.500000
v 7.973690 13.810837 172.500000
v 7.345744 15.752999 172.500000
v 5.446688 14.964653 172.500000
v 4.008382 14.959485 172.500000
v 2.994245 16.981204 172.500000
v 1.436315 16.417156 172.500000
v 0.000000 15.246026 172.500000
v -1.468864 16.789191 172.500000
v -2.949885 16.729626 172.500000
v -3.956951 14.767544 172.500000
v -5.580550 15.332436 172.500000
v -7.316578 15.690453 172.500000
v -7.801601 13.512769 172.500000
v -9.048953 12.923244 172.500000
v -11.163429 13.304057 172.500000
v -11.388552 11.388552 172.500000
v -11.780099 9.884677 172.500000
v -14.037963 9.829487 172.500000
v -14.429483 8.330866 172.500000
v -13.800894 6.435463 172.500000
v -15.677889 5.706285 172.500000
v -16.538499 4.431477 172.500000
v -15.132502 2.668268 172.500000
v -16.067869 1.405756 172.500000
v -17.363086 0.000000 172.500000
v -15.695834 -1.373208 172.500000
v -15.384081 -2.712628 172.500000
v -16.730440 -4.482908 172.500000
v -15.310107 -5.572423 172.500000
v -13.863440 -6.464628 172.500000
v -14.727551 -8.502955 172.500000
v -13.788577 -9.654865 172.500000
v -11.675973 -9.797304 172.500000
v -11.669573 -11.669573 172.500000
v -11.076057 -13.199931 172.500000
v -8.874331 -12.673858 172.500000
v -7.973690 -13.810837 172.500000
v -7.345744 -15.752999 172.500000
v -5.446688 -14.964653 172.500000
v -4.008382 -14.959485 172.500000
v -2.994245 -16.981204 172.500000
v -1.436315 -16.417156 172.500000
v -0.000000 -15.246026 172.500000
v 1.468864 -16.789191 172.500000
v 2.949885 -16.729626 172.500000
v 3.956951 -14.767544 172.500000
v 5.580550 -15.332436 172.500000
v 7.316578 -15.690453 172.500000
v 7.801601 -13.512769 172.500000
v 9.048953 -12.923244 172.500000
v 11.163429 -13.304057 172.500000
v 11.388552 -11.388552 172.500000
v 11.780099 -9.884677 172.500000
v 14.037963 -9.829487 172.500000
v 14.429483 -8.330866 172.500000
v 13.800894 -6.435463 172.500000
v 15.677889 -5.706285 172.500000
v 16.538499 -4.431477 172.500000
v 15.132502 -2.668268 172.500000
v 16.067869 -1.405756 172.500000
v 17.104933 0.000000 175.000000
v 15.420581 1.349126 175.000000
v 15.273968 2.693213 175.000000
v 16.531285 4.429545 175.000000
v 15.022447 5.467724 175.000000
v 13.733486 6.404030 175.000000
v 14.593522 8.425574 175.000000
v 13.534873 9.477220 175.000000
v 11.528627 9.673666 175.000000
v 11.586361 11.586361 175.000000
v 10.892140 12.980748 175.000000
v 8.733479 12.472701 175.000000
v 7.921258 13.720021 175.000000
v 7.243611 15.533974 175.000000
v 5.347916 14.693278 175.000000
v 3.977387 14.843810 175.000000
v 2.961554 16.795806 175.000000
v 1.409259 16.107901 175.000000
v 0.000000 15.087668 175.000000
v -1.456644 16.649517 175.000000
v -2.896974 16.429554 175.000000
v -3.902514 14.564379 175.000000
v -5.542794 15.228702 175.000000
v -7.201151 15.442918 175.000000
v -7.670726 13.286088 175.000000
v -8.987697 12.835762 175.000000
v -11.019338 13.132336 175.000000
v -11.177245 11.177245 175.000000
v -11.680215 9.800864 175.000000
v -13.897934 9.731438 175.000000
v -14.159589 8.175043 175.000000
v -13.642431 6.361570 175.000000
v -15.557871 5.662602 175.000000
v -16.251854 4.354671 175.000000
v -14.907716 2.628633 175.000000
v -15.962197 1.396511 175.000000
v -17.104933 0.000000 175.000000
v -15.420581 -1.349126 175.000000
v -15.273968 -2.693213 175.000000
v -16.531285 -4.429545 175.000000
v -15.022447 -5.467724 175.000000
v -13.733486 -6.404030 175.000000
v -14.593522 -8.425574 175.000000
v -13.534873 -9.477220 175.000000
v -11.528627 -9.673666 175.000000
v -11.586361 -11.586361 175.000000
v -10.892140 -12.980748 175.000000
v -8.733479 -12.472701 175.000000
v -7.921258 -13.720021 175.000000
v -7.243611 -15.533974 175.000000
v -5.347916 -14.693278 175.000000
v -3.977387 -14.843810 175.000000
v -2.961554 -16.795806 175.000000
v -1.409259 -16.107901 175.000000
v -0.000000 -15.087668 175.000000
v 1.456644 -16.649517 175.000000
v 2.896974 -16.429554 175.000000
v 3.902514 -14.564379 175.000000
v 5.542794 -15.228702 175.000000
v 7.201151 -15.442918 175.000000
v 7.670726 -13.286088 175.000000
v 8.987697 -12.835762 175.000000
v 11.019338 -13.132336 175.000000
v 11.177245 -11.177245 175.000000
v 11.680215 -9.800864 175.000000
v 13.897934 -9.731438 175.000000
v 14.159589 -8.175043 175.000000
v 13.642431 -6.361570 175.000000
v 15.557871 -5.662602 175.000000
v 16.251854 -4.354671 175.000000
v 14.907716 -2.628633 175.000000
v 15.962197 -1.396511 175.000000
v 16.852908 0.000000 177.500000
v 15.172031 1.327381 177.500000
v 15.181211 2.676857 177.500000
v 16.335248 4.377017 177.500000
v 14.755701 5.370636 177.500000
v 13.624953 6.353420 177.500000
v 14.462666 8.350024 177.500000
v 13.294231 9.308721 177.500000
v 11.402359 9.567715 177.500000
v 11.508324 11.508324 177.500000
v 10.714372 12.768891 177.500000
v 8.608816 12.294664 177.500000
v 7.875432 13.640649 177.500000
v 7.143516 15.319319 177.500000
v 5.257890 14.445933 177.500000
v 3.951509 14.747233 177.500000
v 2.929382 16.613351 177.500000
v 1.383969 15.818840 177.500000
v 0.000000 14.954541 177.500000
v -1.444821 16.514381 177.500000
v -2.846448 16.143011 177.500000
v -3.855357 14.388388 177.500000
v -5.508152 15.133524 177.500000
v -7.088989 15.202386 177.500000
v -7.553701 13.083393 177.500000
v -8.935283 12.760906 177.500000
v -10.877719 12.963561 177.500000
v -10.982939 10.982939 177.500000
v -11.597029 9.731062 177.500000
v -13.760473 9.635187 177.500000
v -13.905410 8.028292 177.500000
v -13.508020 6.298893 177.500000
v -15.443292 5.620899 177.500000
v -15.976403 4.280864 177.500000
v -14.710871 2.593923 177.500000
v -15.867573 1.388233 177.500000
v -16.852908 0.000000 177.500000
v -15.172031 -1.327381 177.500000
v -15.181211 -2.676857 177.500000
v -16.335248 -4.377017 177.500000
v -14.755701 -5.370636 177.500000
v -13.624953 -6.353420 177.500000
v -14.462666 -8.350024 177.500000
v -13.294231 -9.308721 177.500000
v -11.402359 -9.567715 177.500000
v -11.508324 -11.508324 177.500000
v -10.714372 -12.768891 177.500000
v -8.608816 -12.294664 177.500000
v -7.875432 -13.640649 177.500000
v -7.143516 -15.319319 177.500000
v -5.257890 -14.445933 177.500000
v -3.951509 -14.747233 177.500000
v -2.929382 -16.613351 177.500000
v -1.383969 -15.818840 177.500000
v -0.000000 -14.954541 177.500000
v 1.444821 -16.514381 177.500000
v 2.846448 -16.143011 177.500000
v 3.855357 -14.388388 177.500000
v 5.508152 -15.133524 177.500000
v 7.088989 -15.202386 177.500000
v 7.553701 -13.083393 177.500000
v 8.935283 -12.760906 177.500000
v 10.877719 -12.963561 177.500000
v 10.982939 -10.982939 177.500000
v 11.597029 -9.731062 177.500000
v 13.760473 -9.635187 177.500000
v 13.905410 -8.028292 177.500000
v 13.508020 -6.298893 177.500000
v 15.443292 -5.620899 177.500000
v 15.976403 -4.280864 177.500000
v 14.710871 -2.593923 177.500000
v 15.867573 -1.388233 177.500000
v 16.607108 0.000000 180.000000
v 14.949666 1.307926 180.000000
v 15.102993 2.663065 180.000000
v 16.141707 4.325157 180.000000
v 14.510039 5.281222 180.000000
v 13.535485 6.311700 180.000000
v 14.333664 8.275545 180.000000
v 13.067079 9.149667 180.000000
v 11.295673 9.478195 180.000000
v 11.433834 11.433834 180.000000
v 10.543015 12.564676 180.000000
v 8.499714 12.138850 180.000000
v 7.834824 13.570314 180.000000
v 7.045407 15.108925 180.000000
v 5.176523 14.222379 180.000000
v 3.930018 14.667028 180.000000
v 2.897568 16.432922 180.000000
v 1.360476 15.550312 180.000000
v 0.000000 14.844227 180.000000
v -1.433238 16.381987 180.000000
v -2.798402 15.870526 180.000000
v -3.815047 14.237949 180.000000
v -5.475768 15.044548 180.000000
v -6.980208 14.969105 180.000000
v -7.450123 12.903991 180.000000
v -8.890077 12.696346 180.000000
v -10.738334 12.797448 180.000000
v -10.805618 10.805618 180.000000
v -11.528444 9.673513 180.000000
v -13.624575 9.540030 180.000000
v -13.667341 7.890843 180.000000
v -13.395665 6.246501 180.000000
v -15.332208 5.580467 180.000000
v -15.712628 4.210186 180.000000
v -14.540596 2.563899 180.000000
v -15.781341 1.380688 180.000000
v -16.607108 0.000000 180.000000
v -14.949666 -1.307926 180.000000
v -15.102993 -2.663065 180.000000
v -16.141707 -4.325157 180.000000
v -14.510039 -5.281222 180.000000
v -13.535485 -6.311700 180.000000
v -14.333664 -8.275545 180.000000
v -13.067079 -9.149667 180.000000
v -11.295673 -9.478195 180.000000
v -11.433834 -11.433834 180.000000
v -10.543015 -12.564676 180.000000
v -8.499714 -12.138850 180.000000
v -7.834824 -13.570314 180.000000
v -7.045407 -15.108925 180.000000
v -5.176523 -14.222379 180.000000
v -3.930018 -14.667028 180.000000
v -2.897568 -16.432922 180.000000
v -1.360476 -15.550312 180.000000
v -0.000000 -14.844227 180.000000
v 1.433238 -16.381987 180.000000
v 2.798402 -15.870526 180.000000
v 3.815047 -14.237949 180.000000
v 5.475768 -15.044548 180.000000
v 6.980208 -14.969105 180.000000
v 7.450123 -12.903991 180.000000
v 8.890077 -12.696346 180.000000
v 10.738334 -12.797448 180.000000
v 10.805618 -10.805618 180.000000
v 11.528444 -9.673513 180.000000
v 13.624575 -9.540030 180.000000
v 13.667341 -7.890843 180.000000
v 13.395665 -6.246501 180.000000
v 15.332208 -5.580467 180.000000
v 15.712628 -4.210186 180.000000
v 14.540596 -2.563899 180.000000
v 15.781341 -1.380688 180.000000
v 16.368909 0.000000 182.500000
v 14.751817 1.290617 182.500000
v 15.036181 2.651284 182.500000
v 15.951532 4.274200 182.500000
v 14.285099 5.199351 182.500000
v 13.461830 6.277355 182.500000
v 14.206420 8.202081 182.500000
v 12.853999 9.000467 182.500000
v 11.206020 9.402967 182.500000
v 11.361908 11.361908 182.500000
v 10.378923 12.369118 182.500000
v 8.404756 12.003236 182.500000
v 7.798141 13.506776 182.500000
v 6.949830 14.903958 182.500000
v 5.103389 14.021446 182.500000
v 3.912038 14.599923 182.500000
v 2.866216 16.255120 182.500000
v 1.338781 15.302336 182.500000
v 0.000000 14.753149 182.500000
v -1.421849 16.251812 182.500000
v -2.753004 15.613064 182.500000
v -3.780781 14.110068 182.500000
v -5.445020 14.960069 182.500000
v -6.875396 14.744334 182.500000
v -7.358949 12.746073 182.500000
v -8.850412 12.639698 182.500000
v -10.601906 12.634860 182.500000
v -10.644710 10.644710 182.500000
v -11.471762 9.625951 182.500000
v -13.490461 9.446123 182.500000
v -13.445717 7.762888 182.500000
v -13.302206 6.202920 182.500000
v -15.223722 5.540982 182.500000
v -15.461677 4.142944 182.500000
v -14.394124 2.538073 182.500000
v -15.701293 1.373685 182.500000
v -16.368909 0.000000 182.500000
v -14.751817 -1.290617 182.500000
v -15.036181 -2.651284 182.500000
v -15.951532 -4.274200 182.500000
v -14.285099 -5.199351 182.500000
v -13.461830 -6.277355 182.500000
v -14.206420 -8.202081 182.500000
v -12.853999 -9.000467 182.500000
v -11.206020 -9.402967 182.500000
v -11.361908 -11.361908 182.500000
v -10.378923 -12.369118 182.500000
v -8.404756 -12.003236 182.500000
v -7.798141 -13.506776 182.500000
v -6.949830 -14.903958 182.500000
v -5.103389 -14.021446 182.500000
v -3.912038 -14.599923 182.500000
v -2.866216 -16.255120 182.500000
v -1.338781 -15.302336 182.500000
v -0.000000 -14.753149 182.500000
v 1.421849 -16.251812 182.500000
v 2.753004 -15.613064 182.500000
v 3.780781 -14.110068 182.500000
v 5.445020 -14.960069 182.500000
v 6.875396 -14.744334 182.500000
v 7.358949 -12.746073 182.500000
v 8.850412 -12.639698 182.500000
v 10.601906 -12.634860 182.500000
v 10.644710 -10.644710 182.500000
v 11.471762 -9.625951 182.500000
v 13.490461 -9.446123 182.500000
v 13.445717 -7.762888 182.500000
v 13.302206 -6.202920 182.500000
v 15.223722 -5.540982 182.500000
v 15.461677 -4.142944 182.500000
v 14.394124 -2.538073 182.500000
v 15.701293 -1.373685 182.500000
v 16.139522 0.000000 185.000000
v 14.576466 1.275275 185.000000
v 14.978219 2.641064 185.000000
v 15.765720 4.224412 185.000000
v 14.080053 5.124720 185.000000
v 13.401090 6.249031 185.000000
v 14.081195 8.129782 185.000000
v 12.655177 8.861250 185.000000
v 11.130931 9.339960 185.000000
v 11.291989 11.291989 185.000000
v 10.222733 12.182978 185.000000
v 8.322417 11.885644 185.000000
v 7.764409 13.448352 185.000000
v 6.857299 14.705525 185.000000
v 5.037921 13.841573 185.000000
v 3.896828 14.543161 185.000000
v 2.835475 16.080775 185.000000
v 1.318841 15.074422 185.000000
v 0.000000 14.678034 185.000000
v -1.410652 16.123821 185.000000
v -2.710348 15.371149 185.000000
v -3.751759 14.001754 185.000000
v -5.415505 14.878977 185.000000
v -6.775031 14.529101 185.000000
v -7.278997 12.607592 185.000000
v -8.814974 12.589087 185.000000
v -10.469183 12.476687 185.000000
v -10.499314 10.499314 185.000000
v -11.424640 9.586411 185.000000
v -13.358620 9.353807 185.000000
v -13.240435 7.644369 185.000000
v -13.224666 6.166763 185.000000
v -15.117457 5.502304 185.000000
v -15.224312 4.079342 185.000000
v -14.268593 2.515938 185.000000
v -15.625864 1.367086 185.000000
v -16.139522 0.000000 185.000000
v -14.576466 -1.275275 185.000000
v -14.978219 -2.641064 185.000000
v -15.765720 -4.224412 185.000000
v -14.080053 -5.124720 185.000000
v -13.401090 -6.249031 185.000000
v -14.081195 -8.129782 185.000000
v -12.655177 -8.861250 185.000000
v -11.130931 -9.339960 185.000000
v -11.291989 -11.291989 185.000000
v -10.222733 -12.182978 185.000000
v -8.322417 -11.885644 185.000000
v -7.764409 -13.448352 185.000000
v -6.857299 -14.705525 185.000000
v -5.037921 -13.841573 185.000000
v -3.896828 -14.543161 185.000000
v -2.835475 -16.080775 185.000000
v -1.318841 -15.074422 185.000000
v -0.000000 -14.678034 185.000000
v 1.410652 -16.123821 185.000000
v 2.710348 -15.371149 185.000000
v 3.751759 -14.001754 185.000000
v 5.415505 -14.878977 185.000000
v 6.775031 -14.529101 185.000000
v 7.278997 -12.607592 185.000000
v 8.814974 -12.589087 185.000000
v 10.469183 -12.476687 185.000000
v 10.499314 -10.499314 185.000000
v 11.424640 -9.586411 185.000000
v 13.358620 -9.353807 185.000000
v 13.240435 -7.644369 185.000000
v 13.224666 -6.166763 185.000000
v 15.117457 -5.502304 185.000000
v 15.224312 -4.079342 185.000000
v 14.268593 -2.515938 185.000000
v 15.625864 -1.367086 185.000000
v 15.919031 0.000000 187.500000
v 14.422435 1.261800 187.500000
v 14.927293 2.632085 187.500000
v 15.584148 4.175760 187.500000
v 13.894301 5.057112 187.500000
v 13.351447 6.225882 187.500000
v 13.957503 8.058368 187.500000
v 12.470463 8.731912 187.500000
v 11.068962 9.287962 187.500000
v 11.223302 11.223302 187.500000
v 10.074488 12.006308 187.500000
v 8.251827 11.784830 187.500000
v 7.732832 13.393657 187.500000
v 6.767832 14.513663 187.500000
v 4.979776 13.681822 187.500000
v 3.883892 14.494881 187.500000
v 2.805299 15.909641 187.500000
v 1.300615 14.866100 187.500000
v 0.000000 14.616884 187.500000
v -1.399581 15.997282 187.500000
v -2.670421 15.144712 187.500000
v -3.727516 13.911280 187.500000
v -5.386786 14.800073 187.500000
v -6.679153 14.323491 187.500000
v -7.209589 12.487375 187.500000
v -8.782769 12.543094 187.500000
v -10.340145 12.322906 187.500000
v -10.368851 10.368851 187.500000
v -11.385560 9.553619 187.500000
v -13.228727 9.262855 187.500000
v -13.051221 7.535126 187.500000
v -13.161274 6.137203 187.500000
v -15.012552 5.464122 187.500000
v -15.000547 4.019385 187.500000
v -14.162364 2.497207 187.500000
v -15.553616 1.360765 187.500000
v -15.919031 0.000000 187.500000
v -14.422435 -1.261800 187.500000
v -14.927293 -2.632085 187.500000
v -15.584148 -4.175760 187.500000
v -13.894301 -5.057112 187.500000
v -13.351447 -6.225882 187.500000
v -13.957503 -8.058368 187.500000
v -12.470463 -8.731912 187.500000
v -11.068962 -9.287962 187.500000
v -11.223302 -11.223302 187.500000
v -10.074488 -12.006308 187.500000
v -8.251827 -11.784830 187.500000
v -7.732832 -13.393657 187.500000
v -6.767832 -14.513663 187.500000
v -4.979776 -13.681822 187.500000
v -3.883892 -14.494881 187.500000
v -2.805299 -15.909641 187.500000
v -1.300615 -14.866100 187.500000
v -0.000000 -14.616884 187.500000
v 1.399581 -15.997282 187.500000
v 2.670421 -15.144712 187.500000
v 3.727516 -13.911280 187.500000
v 5.386786 -14.800073 187.500000
v 6.679153 -14.323491 187.500000
v 7.209589 -12.487375 187.500000
v 8.782769 -12.543094 187.500000
v 10.340145 -12.322906 187.500000
v 10.368851 -10.368851 187.500000
v 11.385560 -9.553619 187.500000
v 13.228727 -9.262855 187.500000
v 13.051221 -7.535126 187.500000
v 13.161274 -6.137203 187.500000
v 15.012552 -5.464122 187.500000
v 15.000547 -4.019385 187.500000
v 14.162364 -2.497207 187.500000
v 15.553616 -1.360765 187.500000
v 15.707600 0.000000 190.000000
v 14.288530 1.250084 190.000000
v 14.881722 2.624049 190.000000
v 15.406823 4.128246 190.000000
v 13.727224 4.996301 190.000000
v 13.311164 6.207098 190.000000
v 13.835006 7.987645 190.000000
v 12.299713 8.612352 190.000000
v 11.018697 9.245785 190.000000
v 11.155194 11.155194 190.000000
v 9.934266 11.839197 190.000000
v 8.192112 11.699548 190.000000
v 7.702688 13.341447 190.000000
v 6.681491 14.328503 190.000000
v 4.928605 13.541232 190.000000
v 3.872761 14.453339 190.000000
v 2.775671 15.741615 190.000000
v 1.284062 14.676890 190.000000
v 0.000000 14.567774 190.000000
v -1.388588 15.871637 190.000000
v -2.633214 14.933701 190.000000
v -3.707598 13.836943 190.000000
v -5.358487 14.722322 190.000000
v -6.587829 14.127644 190.000000
v -7.150043 12.384237 190.000000
v -8.752890 12.500422 190.000000
v -10.214851 12.173585 190.000000
v -10.252728 10.252728 190.000000
v -11.353086 9.526370 190.000000
v -13.100587 9.173130 190.000000
v -12.877796 7.434999 190.000000
v -13.110304 6.113435 190.000000
v -14.908314 5.426183 190.000000
v -14.790427 3.963083 190.000000
v -14.073809 2.481592 190.000000
v -15.483277 1.354611 190.000000
v -15.707600 0.000000 190.000000
v -14.288530 -1.250084 190.000000
v -14.881722 -2.624049 190.000000
v -15.406823 -4.128246 190.000000
v -13.727224 -4.996301 190.000000
v -13.311164 -6.207098 190.000000
v -13.835006 -7.987645 190.000000
v -12.299713 -8.612352 190.000000
v -11.018697 -9.245785 190.000000
v -11.155194 -11.155194 190.000000
v -9.934266 -11.839197 190.000000
v -8.192112 -11.699548 190.000000
v -7.702688 -13.341447 190.000000
v -6.681491 -14.328503 190.000000
v -4.928605 -13.541232 190.000000
v -3.872761 -14.453339 190.000000
v -2.775671 -15.741615 190.000000
v -1.284062 -14.676890 190.000000
v -0.000000 -14.567774 190.000000
v 1.388588 -15.871637 190.000000
v 2.633214 -14.933701 190.000000
v 3.707598 -13.836943 190.000000
v 5.358487 -14.722322 190.000000
v 6.587829 -14.127644 190.000000
v 7.150043 -12.384237 190.000000
v 8.752890 -12.500422 190.000000
v 10.214851 -12.173585 190.000000
v 10.252728 -10.252728 190.000000
v 11.353086 -9.526370 190.000000
v 13.100587 -9.173130 190.000000
v 12.877796 -7.434999 190.000000
v 13.110304 -6.113435 190.000000
v 14.908314 -5.426183 190.000000
v 14.790427 -3.963083 190.000000
v 14.073809 -2.481592 190.000000
v 15.483277 -1.354611 190.000000
v 15.505476 0.000000 192.500000
v 14.173543 1.240024 192.500000
v 14.839966 2.616686 192.500000
v 15.233872 4.081904 192.500000
v 13.578186 4.942055 192.500000
v 13.278591 6.191909 192.500000
v 13.713507 7.917497 192.500000
v 12.142784 8.502469 192.500000
v 10.978754 9.212268 192.500000
v 11.087143 11.087143 192.500000
v 9.802168 11.681768 192.500000
v 8.142402 11.628555 192.500000
v 7.673343 13.290619 192.500000
v 6.598375 14.150261 192.500000
v 4.884053 13.418825 192.500000
v 3.863001 14.416915 192.500000
v 2.746598 15.576733 192.500000
v 1.269136 14.506295 192.500000
v 0.000000 14.528858 192.500000
v -1.377640 15.746501 192.500000
v -2.598721 14.738078 192.500000
v -3.691554 13.777066 192.500000
v -5.330291 14.644855 192.500000
v -6.501149 13.941759 192.500000
v -7.099669 12.296988 192.500000
v -8.724517 12.459902 192.500000
v -10.093429 12.028880 192.500000
v -10.150338 10.150338 192.500000
v -11.325866 9.503530 192.500000
v -12.974131 9.084584 192.500000
v -12.719876 7.343824 192.500000
v -13.070089 6.094683 192.500000
v -14.804216 5.388294 192.500000
v -14.594023 3.910457 192.500000
v -14.001312 2.468809 192.500000
v -15.413749 1.348528 192.500000
v -15.505476 0.000000 192.500000
v -14.173543 -1.240024 192.500000
v -14.839966 -2.616686 192.500000
v -15.233872 -4.081904 192.500000
v -13.578186 -4.942055 192.500000
v -13.278591 -6.191909 192.500000
v -13.713507 -7.917497 192.500000
v -12.142784 -8.502469 192.500000
v -10.978754 -9.212268 192.500000
v -11.087143 -11.087143 192.500000
v -9.802168 -11.681768 192.500000
v -8.142402 -11.628555 192.500000
v -7.673343 -13.290619 192.500000
v -6.598375 -14.150261 192.500000
v -4.884053 -13.418825 192.500000
v -3.863001 -14.416915 192.500000
v -2.746598 -15.576733 192.500000
v -1.269136 -14.506295 192.500000
v -0.000000 -14.528858 192.500000
v 1.377640 -15.746501 192.500000
v 2.598721 -14.738078 192.500000
v 3.691554 -13.777066 192.500000
v 5.330291 -14.644855 192.500000
v 6.501149 -13.941759 192.500000
v 7.099669 -12.296988 192.500000
v 8.724517 -12.459902 192.500000
v 10.093429 -12.028880 192.500000
v 10.150338 -10.150338 192.500000
v 11.325866 -9.503530 192.500000
v 12.974131 -9.084584 192.500000
v 12.719876 -7.343824 192.500000
v 13.070089 -6.094683 192.500000
v 14.804216 -5.388294 192.500000
v 14.594023 -3.910457 192.500000
v 14.001312 -2.468809 192.500000
v 15.413749 -1.348528 192.500000
v 15.312968 0.000000 195.000000
v 14.076249 1.231512 195.000000
v 14.800635 2.609751 195.000000
v 15.065542 4.036800 195.000000
v 13.446527 4.894135 195.000000
v 13.252177 6.179592 195.000000
v 13.592950 7.847893 195.000000
v 11.999527 8.402159 195.000000
v 10.947793 9.186289 195.000000
v 11.018750 11.018750 195.000000
v 9.678319 11.534171 195.000000
v 8.101830 11.570613 195.000000
v 7.644246 13.240223 195.000000
v 6.518622 13.979230 195.000000
v 4.845756 13.313605 195.000000
v 3.854215 14.384125 195.000000
v 2.718110 15.415166 195.000000
v 1.255794 14.353794 195.000000
v 0.000000 14.498379 195.000000
v -1.366718 15.621657 195.000000
v -2.566935 14.557810 195.000000
v -3.678944 13.730007 195.000000
v -5.301946 14.566976 195.000000
v -6.419228 13.766078 195.000000
v -7.057780 12.224434 195.000000
v -8.696927 12.420499 195.000000
v -9.976076 11.889024 195.000000
v -10.061055 10.061055 195.000000
v -11.302645 9.484045 195.000000
v -12.849413 8.997256 195.000000
v -12.577161 7.261427 195.000000
v -13.039026 6.080198 195.000000
v -14.699897 5.350325 195.000000
v -14.411424 3.861530 195.000000
v -13.943279 2.458576 195.000000
v -15.344112 1.342436 195.000000
v -15.312968 0.000000 195.000000
v -14.076249 -1.231512 195.000000
v -14.800635 -2.609751 195.000000
v -15.065542 -4.036800 195.000000
v -13.446527 -4.894135 195.000000
v -13.252177 -6.179592 195.000000
v -13.592950 -7.847893 195.000000
v -11.999527 -8.402159 195.000000
v -10.947793 -9.186289 195.000000
v -11.018750 -11.018750 195.000000
v -9.678319 -11.534171 195.000000
v -8.101830 -11.570613 195.000000
v -7.644246 -13.240223 195.000000
v -6.518622 -13.979230 195.000000
v -4.845756 -13.313605 195.000000
v -3.854215 -14.384125 195.000000
v -2.718110 -15.415166 195.000000
v -1.255794 -14.353794 195.000000
v -0.000000 -14.498379 195.000000
v 1.366718 -15.621657 195.000000
v 2.566935 -14.557810 195.000000
v 3.678944 -13.730007 195.000000
v 5.301946 -14.566976 195.000000
v 6.419228 -13.766078 195.000000
v 7.057780 -12.224434 195.000000
v 8.696927 -12.420499 195.000000
v 9.976076 -11.889024 195.000000
v 10.061055 -10.061055 195.000000
v 11.302645 -9.484045 195.000000
v 12.849413 -8.997256 195.000000
v 12.577161 -7.261427 195.000000
v 13.039026 -6.080198 195.000000
v 14.699897 -5.350325 195.000000
v 14.411424 -3.861530 195.000000
v 13.943279 -2.458576 195.000000
v 15.344112 -1.342436 195.000000
v 15.130446 0.000000 197.500000
v 13.995413 1.224440 197.500000
v 14.762498 2.603027 197.500000
v 14.902186 3.993029 197.500000
v 13.331562 4.852292 197.500000
v 13.230475 6.169472 197.500000
v 13.473413 7.778879 197.500000
v 11.869782 8.311311 197.500000
v 10.924521 9.166762 197.500000
v 10.949748 10.949748 197.500000
v 9.562860 11.396572 197.500000
v 8.069538 11.524494 197.500000
v 7.614937 13.189458 197.500000
v 6.442400 13.815772 197.500000
v 4.813345 13.224556 197.500000
v 3.846043 14.353626 197.500000
v 2.690258 15.257213 197.500000
v 1.243988 14.218845 197.500000
v 0.000000 14.474680 197.500000
v -1.355817 15.497056 197.500000
v -2.537849 14.392859 197.500000
v -3.669342 13.694170 197.500000
v -5.273258 14.488156 197.500000
v -6.342195 13.600881 197.500000
v -7.023684 12.165378 197.500000
v -8.669491 12.381317 197.500000
v -9.863046 11.754321 197.500000
v -9.984237 9.984237 197.500000
v -11.282270 9.466948 197.500000
v -12.726605 8.911265 197.500000
v -12.449333 7.187626 197.500000
v -13.015584 6.069266 197.500000
v -14.595162 5.312204 197.500000
v -14.242729 3.816328 197.500000
v -13.898145 2.450618 197.500000
v -15.273624 1.336269 197.500000
v -15.130446 0.000000 197.500000
v -13.995413 -1.224440 197.500000
v -14.762498 -2.603027 197.500000
v -14.902186 -3.993029 197.500000
v -13.331562 -4.852292 197.500000
v -13.230475 -6.169472 197.500000
v -13.473413 -7.778879 197.500000
v -11.869782 -8.311311 197.500000
v -10.924521 -9.166762 197.500000
v -10.949748 -10.949748 197.500000
v -9.562860 -11.396572 197.500000
v -8.069538 -11.524494 197.500000
v -7.614937 -13.189458 197.500000
v -6.442400 -13.815772 197.500000
v -4.813345 -13.224556 197.500000
v -3.846043 -14.353626 197.500000
v -2.690258 -15.257213 197.500000
v -1.243988 -14.218845 197.500000
v -0.000000 -14.474680 197.500000
v 1.355817 -15.497056 197.500000
v 2.537849 -14.392859 197.500000
v 3.669342 -13.694170 197.500000
v 5.273258 -14.488156 197.500000
v 6.342195 -13.600881 197.500000
v 7.023684 -12.165378 197.500000
v 8.669491 -12.381317 197.500000
v 9.863046 -11.754321 197.500000
v 9.984237 -9.984237 197.500000
v 11.282270 -9.466948 197.500000
v 12.726605 -8.911265 197.500000
v 12.449333 -7.187626 197.500000
v 13.015584 -6.069266 197.500000
v 14.595162 -5.312204 197.500000
v 14.242729 -3.816328 197.500000
v 13.898145 -2.450618 197.500000
v 15.273624 -1.336269 197.500000
v 14.958322 0.000000 200.000000
v 13.929793 1.218699 200.000000
v 14.724482 2.596323 200.000000
v 14.744249 3.950710 200.000000
v 13.232578 4.816264 200.000000
v 13.212147 6.160925 200.000000
v 13.355100 7.710571 200.000000
v 11.753371 8.229799 200.000000
v 10.907699 9.152647 200.000000
v 10.879990 10.879990 200.000000
v 9.455936 11.269145 200.000000
v 8.044675 11.488987 200.000000
v 7.585042 13.137678 200.000000
v 6.369905 13.660305 200.000000
v 4.786443 13.150645 200.000000
v 3.838163 14.324221 200.000000
v 2.663116 15.103281 200.000000
v 1.233667 14.100873 200.000000
v 0.000000 14.456206 200.000000
v -1.344946 15.372804 200.000000
v -2.511456 14.243174 200.000000
v -3.662331 13.668004 200.000000
v -5.244097 14.408037 200.000000
v -6.270192 13.446469 200.000000
v -6.996694 12.118629 200.000000
v -8.641681 12.341600 200.000000
v -9.754648 11.625137 200.000000
v -9.919222 9.919222 200.000000
v -11.263691 9.451359 200.000000
v -12.605984 8.826805 200.000000
v -12.336051 7.122223 200.000000
v -12.998312 6.061212 200.000000
v -14.489971 5.273918 200.000000
v -14.088032 3.774877 200.000000
v -13.864374 2.444663 200.000000
v -15.201724 1.329979 200.000000
v -14.958322 0.000000 200.000000
v -13.929793 -1.218699 200.000000
v -14.724482 -2.596323 200.000000
v -14.744249 -3.950710 200.000000
v -13.232578 -4.816264 200.000000
v -13.212147 -6.160925 200.000000
v -13.355100 -7.710571 200.000000
v -11.753371 -8.229799 200.000000
v -10.907699 -9.152647 200.000000
v -10.879990 -10.879990 200.000000
v -9.455936 -11.269145 200.000000
v -8.044675 -11.488987 200.000000
v -7.585042 -13.137678 200.000000
v -6.369905 -13.660305 200.000000
v -4.786443 -13.150645 200.000000
v -3.838163 -14.324221 200.000000
v -2.663116 -15.103281 200.000000
v -1.233667 -14.100873 200.000000
v -0.000000 -14.456206 200.000000
v 1.344946 -15.372804 200.000000
v 2.511456 -14.243174 200.000000
v 3.662331 -13.668004 200.000000
v 5.244097 -14.408037 200.000000
v 6.270192 -13.446469 200.000000
v 6.996694 -12.118629 200.000000
v 8.641681 -12.341600 200.000000
v 9.754648 -11.625137 200.000000
v 9.919222 -9.919222 200.000000
v 11.263691 -9.451359 200.000000
v 12.605984 -8.826805 200.000000
v 12.336051 -7.122223 200.000000
v 12.998312 -6.061212 200.000000
v 14.489971 -5.273918 200.000000
v 14.088032 -3.774877 200.000000
v 13.864374 -2.444663 200.000000
v 15.201724 -1.329979 200.000000
v 14.797038 0.000000 202.500000
v 13.878136 1.214180 202.500000
v 14.685677 2.589481 202.500000
v 14.592261 3.909984 202.500000
v 13.148832 4.785783 202.500000
v 13.195973 6.153383 202.500000
v 13.238334 7.643156 202.500000
v 11.650090 8.157481 202.500000
v 10.896146 9.142952 202.500000
v 10.809451 10.809451 202.500000
v 9.357694 11.152065 202.500000
v 8.026405 11.462894 202.500000
v 7.554276 13.084389 202.500000
v 6.301350 13.513288 202.500000
v 4.764669 13.090820 202.500000
v 3.830297 14.294862 202.500000
v 2.636773 14.953883 202.500000
v 1.224777 13.999268 202.500000
v 0.000000 14.441519 202.500000
v -1.334129 15.249159 202.500000
v -2.487741 14.108680 202.500000
v -3.657511 13.650017 202.500000
v -5.214392 14.326424 202.500000
v -6.203365 13.303158 202.500000
v -6.976123 12.082999 202.500000
v -8.613066 12.300734 202.500000
v -9.651230 11.501888 202.500000
v -9.865331 9.865331 202.500000
v -11.245968 9.436488 202.500000
v -12.487929 8.744142 202.500000
v -12.236944 7.065003 202.500000
v -12.985843 6.055398 202.500000
v -14.384436 5.235507 202.500000
v -13.947415 3.737198 202.500000
v -13.840474 2.440449 202.500000
v -15.128027 1.323531 202.500000
v -14.797038 0.000000 202.500000
v -13.878136 -1.214180 202.500000
v -14.685677 -2.589481 202.500000
v -14.592261 -3.909984 202.500000
v -13.148832 -4.785783 202.500000
v -13.195973 -6.153383 202.500000
v -13.238334 -7.643156 202.500000
v -11.650090 -8.157481 202.500000
v -10.896146 -9.142952 202.500000
v -10.809451 -10.809451 202.500000
v -9.357694 -11.152065 202.500000
v -8.026405 -11.462894 202.500000
v -7.554276 -13.084389 202.500000
v -6.301350 -13.513288 202.500000
v -4.764669 -13.090820 202.500000
v -3.830297 -14.294862 202.500000
v -2.636773 -14.953883 202.500000
v -1.224777 -13.999268 202.500000
v -0.000000 -14.441519 202.500000
v 1.334129 -15.249159 202.500000
v 2.487741 -14.108680 202.500000
v 3.657511 -13.650017 202.500000
v 5.214392 -14.326424 202.500000
v 6.203365 -13.303158 202.500000
v 6.976123 -12.082999 202.500000
v 8.613066 -12.300734 202.500000
v 9.651230 -11.501888 202.500000
v 9.865331 -9.865331 202.500000
v 11.245968 -9.436488 202.500000
v 12.487929 -8.744142 202.500000
v 12.236944 -7.065003 202.500000
v 12.985843 -6.055398 202.500000
v 14.384436 -5.235507 202.500000
v 13.947415 -3.737198 202.500000
v 13.840474 -2.440449 202.500000
v 15.128027 -1.323531 202.500000
v 14.647054 0.000000 205.000000
v 13.839188 1.210772 205.000000
v 14.645338 2.582368 205.000000
v 14.446818 3.871013 205.000000
v 13.079549 4.760567 205.000000
v 13.180854 6.146333 205.000000
v 13.123543 7.576881 205.000000
v 11.559706 8.094193 205.000000
v 10.888742 9.136740 205.000000
v 10.738217 10.738217 205.000000
v 9.268273 11.045498 205.000000
v 8.013907 11.445045 205.000000
v 7.522441 13.029250 205.000000
v 6.236965 13.375215 205.000000
v 4.747633 13.044016 205.000000
v 3.822203 14.264656 205.000000
v 2.611335 14.809619 205.000000
v 1.217263 13.913384 205.000000
v 0.000000 14.429292 205.000000
v -1.323399 15.126514 205.000000
v -2.466686 13.989274 205.000000
v -3.654499 13.638776 205.000000
v -5.184130 14.243279 205.000000
v -6.141862 13.171265 205.000000
v -6.961292 12.057311 205.000000
v -8.583314 12.258243 205.000000
v -9.553176 11.385031 205.000000
v -9.821865 9.821865 205.000000
v -11.228276 9.421642 205.000000
v -12.372903 8.663600 205.000000
v -12.151605 7.015733 205.000000
v -12.976904 6.051230 205.000000
v -14.278813 5.197063 205.000000
v -13.820938 3.703309 205.000000
v -13.824993 2.437719 205.000000
v -15.052319 1.316907 205.000000
v -14.647054 0.000000 205.000000
v -13.839188 -1.210772 205.000000
v -14.645338 -2.582368 205.000000
v -14.446818 -3.871013 205.000000
v -13.079549 -4.760567 205.000000
v -13.180854 -6.146333 205.000000
v -13.123543 -7.576881 205.000000
v -11.559706 -8.094193 205.000000
v -10.888742 -9.136740 205.000000
v -10.738217 -10.738217 205.000000
v -9.268273 -11.045498 205.000000
v -8.013907 -11.445045 205.000000
v -7.522441 -13.029250 205.000000
v -6.236965 -13.375215 205.000000
v -4.747633 -13.044016 205.000000
v -3.822203 -14.264656 205.000000
v -2.611335 -14.809619 205.000000
v -1.217263 -13.913384 205.000000
v -0.000000 -14.429292 205.000000
v 1.323399 -15.126514 205.000000
v 2.466686 -13.989274 205.000000
v 3.654499 -13.638776 205.000000
v 5.184130 -14.243279 205.000000
v 6.141862 -13.171265 205.000000
v 6.961292 -12.057311 205.000000
v 8.583314 -12.258243 205.000000
v 9.553176 -11.385031 205.000000
v 9.821865 -9.821865 205.000000
v 11.228276 -9.421642 205.000000
v 12.372903 -8.663600 205.000000
v 12.151605 -7.015733 205.000000
v 12.976904 -6.051230 205.000000
v 14.278813 -5.197063 205.000000
v 13.820938 -3.703309 205.000000
v 13.824993 -2.437719 205.000000
v 15.052319 -1.316907 205.000000
v 14.515143 0.000000 207.500000
v 13.817702 1.208892 207.500000
v 14.609230 2.576001 207.500000
v 14.314794 3.835638 207.500000
v 13.029586 4.742382 207.500000
v 13.171539 6.141989 207.500000
v 13.016911 7.515317 207.500000
v 11.486944 8.043245 207.500000
v 10.889171 9.137100 207.500000
v 10.671122 10.671122 207.500000
v 9.191792 10.954351 207.500000
v 8.009861 11.439268 207.500000
v 7.492680 12.977703 207.500000
v 6.179675 13.252355 207.500000
v 4.737004 13.014811 207.500000
v 3.815342 14.239050 207.500000
v 2.588046 14.677539 207.500000
v 1.211591 13.848553 207.500000
v 0.000000 14.424596 207.500000
v -1.313372 15.011913 207.500000
v -2.449332 13.890850 207.500000
v -3.654518 13.638848 207.500000
v -5.155592 14.164874 207.500000
v -6.088473 13.056773 207.500000
v -6.954553 12.045639 207.500000
v -8.555908 12.219103 207.500000
v -9.465006 11.279955 207.500000
v -9.792364 9.792364 207.500000
v -11.214775 9.410314 207.500000
v -12.266779 8.589291 207.500000
v -12.084847 6.977190 207.500000
v -12.975956 6.050788 207.500000
v -14.179649 5.160970 207.500000
v -13.714592 3.674814 207.500000
v -13.822541 2.437287 207.500000
v -14.981062 1.310673 207.500000
v -14.515143 0.000000 207.500000
v -13.817702 -1.208892 207.500000
v -14.609230 -2.576001 207.500000
v -14.314794 -3.835638 207.500000
v -13.029586 -4.742382 207.500000
v -13.171539 -6.141989 207.500000
v -13.016911 -7.515317 207.500000
v -11.486944 -8.043245 207.500000
v -10.889171 -9.137100 207.500000
v -10.671122 -10.671122 207.500000
v -9.191792 -10.954351 207.500000
v -8.009861 -11.439268 207.500000
v -7.492680 -12.977703 207.500000
v -6.179675 -13.252355 207.500000
v -4.737004 -13.014811 207.500000
v -3.815342 -14.239050 207.500000
v -2.588046 -14.677539 207.500000
v -1.211591 -13.848553 207.500000
v -0.000000 -14.424596 207.500000
v 1.313372 -15.011913 207.500000
v 2.449332 -13.890850 207.500000
v 3.654518 -13.638848 207.500000
v 5.155592 -14.164874 207.500000
v 6.088473 -13.056773 207.500000
v 6.954553 -12.045639 207.500000
v 8.555908 -12.219103 207.500000
v 9.465006 -11.279955 207.500000
v 9.792364 -9.792364 207.500000
v 11.214775 -9.410314 207.500000
v 12.266779 -8.589291 207.500000
v 12.084847 -6.977190 207.500000
v 12.975956 -6.050788 207.500000
v 14.179649 -5.160970 207.500000
v 13.714592 -3.674814 207.500000
v 13.822541 -2.437287 207.500000
v 14.981062 -1.310673 207.500000
v 14.446733 0.000000 210.000000
v 13.855695 1.212216 210.000000
v 14.622556 2.578351 210.000000
v 14.241205 3.815919 210.000000
v 13.038787 4.745730 210.000000
v 13.208422 6.159189 210.000000
v 12.959389 7.482107 210.000000
v 11.467241 8.029448 210.000000
v 10.930601 9.171864 210.000000
v 10.641613 10.641613 210.000000
v 9.156871 10.912734 210.000000
v 8.038600 11.480310 210.000000
v 7.488312 12.970137 210.000000
v 6.148858 13.186269 210.000000
v 4.747204 13.042837 210.000000
v 3.821483 14.261968 210.000000
v 2.575049 14.603831 210.000000
v 1.211476 13.847238 210.000000
v 0.000000 14.471554 210.000000
v -1.308178 14.952549 210.000000
v -2.443257 13.856396 210.000000
v -3.668684 13.691714 210.000000
v -5.144906 14.135513 210.000000
v -6.062207 13.000446 210.000000
v -6.977036 12.084582 210.000000
v -8.557399 12.221233 210.000000
v -9.416453 11.222091 210.000000
v -9.806703 9.806703 210.000000
v -11.239958 9.431445 210.000000
v -12.208163 8.548248 210.000000
v -12.073834 6.970831 210.000000
v -13.022599 6.072538 210.000000
v -14.131463 5.143432 210.000000
v -13.670951 3.663120 210.000000
v -13.875121 2.446558 210.000000
v -14.961006 1.308918 210.000000
v -14.446733 0.000000 210.000000
v -13.855695 -1.212216 210.000000
v -14.622556 -2.578351 210.000000
v -14.241205 -3.815919 210.000000
v -13.038787 -4.745730 210.000000
v -13.208422 -6.159189 210.000000
v -12.959389 -7.482107 210.000000
v -11.467241 -8.029448 210.000000
v -10.930601 -9.171864 210.000000
v -10.641613 -10.641613 210.000000
v -9.156871 -10.912734 210.000000
v -8.038600 -11.480310 210.000000
v -7.488312 -12.970137 210.000000
v -6.148858 -13.186269 210.000000
v -4.747204 -13.042837 210.000000
v -3.821483 -14.261968 210.000000
v -2.575049 -14.603831 210.000000
v -1.211476 -13.847238 210.000000
v -0.000000 -14.471554 210.000000
v 1.308178 -14.952549 210.000000
v 2.443257 -13.856396 210.000000
v 3.668684 -13.691714 210.000000
v 5.144906 -14.135513 210.000000
v 6.062207 -13.000446 210.000000
v 6.977036 -12.084582 210.000000
v 8.557399 -12.221233 210.000000
v 9.416453 -11.222091 210.000000
v 9.806703 -9.806703 210.000000
v 11.239958 -9.431445 210.000000
v 12.208163 -8.548248 210.000000
v 12.073834 -6.970831 210.000000
v 13.022599 -6.072538 210.000000
v 14.131463 -5.143432 210.000000
v 13.670951 -3.663120 210.000000
v 13.875121 -2.446558 210.000000
v 14.961006 -1.308918 210.000000
v 14.442534 0.000000 212.500000
v 13.953273 1.220753 212.500000
v 14.686027 2.589543 212.500000
v 14.226926 3.812093 212.500000
v 13.107306 4.770669 212.500000
v 13.291948 6.198137 212.500000
v 12.951852 7.477755 212.500000
v 11.500865 8.052993 212.500000
v 11.013242 9.241207 212.500000
v 10.650390 10.650390 212.500000
v 9.163868 10.921072 212.500000
v 8.100200 11.568284 212.500000
v 7.509765 13.007295 212.500000
v 6.144847 13.177666 212.500000
v 4.778274 13.128199 212.500000
v 3.840793 14.334034 212.500000
v 2.572511 14.589433 212.500000
v 1.216936 13.909648 212.500000
v 0.000000 14.570575 212.500000
v -1.307906 14.949433 212.500000
v -2.448531 13.886308 212.500000
v -3.697052 13.797586 212.500000
v -5.152399 14.156099 212.500000
v -6.063333 13.002859 212.500000
v -7.028800 12.174238 212.500000
v -8.588243 12.265283 212.500000
v -9.408060 11.212090 212.500000
v -9.864976 9.864976 212.500000
v -11.304259 9.485400 212.500000
v -12.197864 8.541036 212.500000
v -12.118795 6.996789 212.500000
v -13.117141 6.116623 212.500000
v -14.135206 5.144794 212.500000
v -13.690478 3.668353 212.500000
v -13.982903 2.465563 212.500000
v -14.993058 1.311723 212.500000
v -14.442534 0.000000 212.500000
v -13.953273 -1.220753 212.500000
v -14.686027 -2.589543 212.500000
v -14.226926 -3.812093 212.500000
v -13.107306 -4.770669 212.500000
v -13.291948 -6.198137 212.500000
v -12.951852 -7.477755 212.500000
v -11.500865 -8.052993 212.500000
v -11.013242 -9.241207 212.500000
v -10.650390 -10.650390 212.500000
v -9.163868 -10.921072 212.500000
v -8.100200 -11.568284 212.500000
v -7.509765 -13.007295 212.500000
v -6.144847 -13.177666 212.500000
v -4.778274 -13.128199 212.500000
v -3.840793 -14.334034 212.500000
v -2.572511 -14.589433 212.500000
v -1.216936 -13.909648 212.500000
v -0.000000 -14.570575 212.500000
v 1.307906 -14.949433 212.500000
v 2.448531 -13.886308 212.500000
v 3.697052 -13.797586 212.500000
v 5.152399 -14.156099 212.500000
v 6.063333 -13.002859 212.500000
v 7.028800 -12.174238 212.500000
v 8.588243 -12.265283 212.500000
v 9.408060 -11.212090 212.500000
v 9.864976 -9.864976 212.500000
v 11.304259 -9.485400 212.500000
v 12.197864 -8.541036 212.500000
v 12.118795 -6.996789 212.500000
v 13.117141 -6.116623 212.500000
v 14.135206 -5.144794 212.500000
v 13.690478 -3.668353 212.500000
v 13.982903 -2.465563 212.500000
v 14.993058 -1.311723 212.500000
v 14.492748 0.000000 215.000000
v 14.100288 1.233615 215.000000
v 14.789472 2.607783 215.000000
v 14.262446 3.821611 215.000000
v 13.225713 4.813766 215.000000
v 13.412699 6.254444 215.000000
v 12.985677 7.497284 215.000000
v 11.579709 8.108200 215.000000
v 11.129148 9.338464 215.000000
v 10.690308 10.690308 215.000000
v 9.206472 10.971846 215.000000
v 8.188766 11.694770 215.000000
v 7.551914 13.080299 215.000000
v 6.163496 13.217660 215.000000
v 4.826744 13.261371 215.000000
v 3.870591 14.445243 215.000000
v 2.578715 14.624618 215.000000
v 1.227101 14.025833 215.000000
v 0.000000 14.711269 215.000000
v -1.311682 14.992599 215.000000
v -2.463441 13.970870 215.000000
v -3.736945 13.946468 215.000000
v -5.174596 14.217086 215.000000
v -6.087707 13.055129 215.000000
v -7.104725 12.305744 215.000000
v -8.642537 12.342821 215.000000
v -9.433516 11.242427 215.000000
v -9.960050 9.960050 215.000000
v -11.399729 9.565508 215.000000
v -12.227761 8.561970 215.000000
v -12.211121 7.050094 215.000000
v -13.250168 6.178655 215.000000
v -14.181429 5.161618 215.000000
v -13.763671 3.687965 215.000000
v -14.135724 2.492510 215.000000
v -15.067054 1.318196 215.000000
v -14.492748 0.000000 215.000000
v -14.100288 -1.233615 215.000000
v -14.789472 -2.607783 215.000000
v -14.262446 -3.821611 215.000000
v -13.225713 -4.813766 215.000000
v -13.412699 -6.254444 215.000000
v -12.985677 -7.497284 215.000000
v -11.579709 -8.108200 215.000000
v -11.129148 -9.338464 215.000000
v -10.690308 -10.690308 215.000000
v -9.206472 -10.971846 215.000000
v -8.188766 -11.694770 215.000000
v -7.551914 -13.080299 215.000000
v -6.163496 -13.217660 215.000000
v -4.826744 -13.261371 215.000000
v -3.870591 -14.445243 215.000000
v -2.578715 -14.624618 215.000000
v -1.227101 -14.025833 215.000000
v -0.000000 -14.711269 215.000000
v 1.311682 -14.992599 215.000000
v 2.463441 -13.970870 215.000000
v 3.736945 -13.946468 215.000000
v 5.174596 -14.217086 215.000000
v 6.087707 -13.055129 215.000000
v 7.104725 -12.305744 215.000000
v 8.642537 -12.342821 215.000000
v 9.433516 -11.242427 215.000000
v 9.960050 -9.960050 215.000000
v 11.399729 -9.565508 215.000000
v 12.227761 -8.561970 215.000000
v 12.211121 -7.050094 215.000000
v 13.250168 -6.178655 215.000000
v 14.181429 -5.161618 215.000000
v 13.763671 -3.687965 215.000000
v 14.135724 -2.492510 215.000000
v 15.067054 -1.318196 215.000000
v 14.587817 0.000000 217.500000
v 14.286470 1.249904 217.500000
v 14.922673 2.631270 217.500000
v 14.338516 3.841994 217.500000
v 13.384560 4.871581 217.500000
v 13.561137 6.323662 217.500000
v 13.052441 7.535830 217.500000
v 11.695742 8.189447 217.500000
v 11.270238 9.456853 217.500000
v 10.754323 10.754323 217.500000
v 9.278503 11.057689 217.500000
v 8.298309 11.851214 217.500000
v 7.609648 13.180296 217.500000
v 6.200771 13.297597 217.500000
v 4.889118 13.432741 217.500000
v 3.908177 14.585515 217.500000
v 2.591992 14.699919 217.500000
v 1.241102 14.185866 217.500000
v 0.000000 14.883087 217.500000
v -1.318654 15.072288 217.500000
v -2.486299 14.100501 217.500000
v -3.785637 14.128190 217.500000
v -5.208061 14.309031 217.500000
v -6.131280 13.148572 217.500000
v -7.199622 12.470110 217.500000
v -8.714369 12.445409 217.500000
v -9.486679 11.305783 217.500000
v -10.084753 10.084753 217.500000
v -11.518332 9.665029 217.500000
v -12.289937 8.605507 217.500000
v -12.342255 7.125804 217.500000
v -13.412113 6.254171 217.500000
v -14.260850 5.190525 217.500000
v -13.881192 3.719454 217.500000
v -14.323255 2.525576 217.500000
v -15.172892 1.327456 217.500000
v -14.587817 0.000000 217.500000
v -14.286470 -1.249904 217.500000
v -14.922673 -2.631270 217.500000
v -14.338516 -3.841994 217.500000
v -13.384560 -4.871581 217.500000
v -13.561137 -6.323662 217.500000
v -13.052441 -7.535830 217.500000
v -11.695742 -8.189447 217.500000
v -11.270238 -9.456853 217.500000
v -10.754323 -10.754323 217.500000
v -9.278503 -11.057689 217.500000
v -8.298309 -11.851214 217.500000
v -7.609648 -13.180296 217.500000
v -6.200771 -13.297597 217.500000
v -4.889118 -13.432741 217.500000
v -3.908177 -14.585515 217.500000
v -2.591992 -14.699919 217.500000
v -1.241102 -14.185866 217.500000
v -0.000000 -14.883087 217.500000
v 1.318654 -15.072288 217.500000
v 2.486299 -14.100501 217.500000
v 3.785637 -14.128190 217.500000
v 5.208061 -14.309031 217.500000
v 6.131280 -13.148572 217.500000
v 7.199622 -12.470110 217.500000
v 8.714369 -12.445409 217.500000
v 9.486679 -11.305783 217.500000
v 10.084753 -10.084753 217.500000
v 11.518332 -9.665029 217.500000
v 12.289937 -8.605507 217.500000
v 12.342255 -7.125804 217.500000
v 13.412113 -6.254171 217.500000
v 14.260850 -5.190525 217.500000
v 13.881192 -3.719454 217.500000
v 14.323255 -2.525576 217.500000
v 15.172892 -1.327456 217.500000
v 14.718391 0.000000 220.000000
v 14.501392 1.268707 220.000000
v 15.075418 2.658203 220.000000
v 14.446135 3.870830 220.000000
v 13.574321 4.940649 220.000000
v 13.727629 6.401298 220.000000
v 13.143938 7.588656 220.000000
v 11.840960 8.291129 220.000000
v 11.428300 9.589482 220.000000
v 10.835522 10.835522 220.000000
v 9.373872 11.171346 220.000000
v 8.422735 12.028912 220.000000
v 7.677896 13.298505 220.000000
v 6.252734 13.409031 220.000000
v 4.961849 13.632568 220.000000
v 3.950840 14.744735 220.000000
v 2.610720 14.806127 220.000000
v 1.258067 14.379770 220.000000
v 0.000000 15.075348 220.000000
v -1.327988 15.178974 220.000000
v -2.515426 14.265688 220.000000
v -3.840357 14.332408 220.000000
v -5.249410 14.422637 220.000000
v -6.190080 13.274670 220.000000
v -7.308214 12.658197 220.000000
v -8.797858 12.564643 220.000000
v -9.561565 11.395029 220.000000
v -10.231834 10.231834 220.000000
v -11.651983 9.777175 220.000000
v -12.376690 8.666252 220.000000
v -12.503630 7.218974 220.000000
v -13.593268 6.338645 220.000000
v -14.364390 5.228210 220.000000
v -14.033808 3.760347 220.000000
v -14.534979 2.562909 220.000000
v -15.300596 1.338629 220.000000
v -14.718391 0.000000 220.000000
v -14.501392 -1.268707 220.000000
v -15.075418 -2.658203 220.000000
v -14.446135 -3.870830 220.000000
v -13.574321 -4.940649 220.000000
v -13.727629 -6.401298 220.000000
v -13.143938 -7.588656 220.000000
v -11.840960 -8.291129 220.000000
v -11.428300 -9.589482 220.000000
v -10.835522 -10.835522 220.000000
v -9.373872 -11.171346 220.000000
v -8.422735 -12.028912 220.000000
v -7.677896 -13.298505 220.000000
v -6.252734 -13.409031 220.000000
v -4.961849 -13.632568 220.000000
v -3.950840 -14.744735 220.000000
v -2.610720 -14.806127 220.000000
v -1.258067 -14.379770 220.000000
v -0.000000 -15.075348 220.000000
v 1.327988 -15.178974 220.000000
v 2.515426 -14.265688 220.000000
v 3.840357 -14.332408 220.000000
v 5.249410 -14.422637 220.000000
v 6.190080 -13.274670 220.000000
v 7.308214 -12.658197 220.000000
v 8.797858 -12.564643 220.000000
v 9.561565 -11.395029 220.000000
v 10.231834 -10.231834 220.000000
v 11.651983 -9.777175 220.000000
v 12.376690 -8.666252 220.000000
v 12.503630 -7.218974 220.000000
v 13.593268 -6.338645 220.000000
v 14.364390 -5.228210 220.000000
v 14.033808 -3.760347 220.000000
v 14.534979 -2.562909 220.000000
v 15.300596 -1.338629 220.000000
v 14.875286 0.000000 222.500000
v 14.734441 1.289097 222.500000
v 15.237552 2.686791 222.500000
v 14.576531 3.905770 222.500000
v 13.785353 5.017458 222.500000
v 13.902490 6.482838 222.500000
v 13.252192 7.651157 222.500000
v 12.007338 8.407629 222.500000
v 11.595005 9.729364 222.500000
v 10.927152 10.927152 222.500000
v 9.486549 11.305629 222.500000
v 8.555840 12.219005 222.500000
v 7.751656 13.426261 222.500000
v 6.315528 13.543693 222.500000
v 5.041333 13.850949 222.500000
v 3.995875 14.912807 222.500000
v 2.633317 14.934283 222.500000
v 1.277113 14.597474 222.500000
v 0.000000 15.277282 222.500000
v -1.338873 15.303386 222.500000
v -2.549147 14.456930 222.500000
v -3.898289 14.548612 222.500000
v -5.295327 14.548792 222.500000
v -6.260188 13.425016 222.500000
v -7.425127 12.860697 222.500000
v -8.887173 12.692199 222.500000
v -9.652332 11.503202 222.500000
v -10.393933 10.393933 222.500000
v -11.792577 9.895147 222.500000
v -12.480532 8.738962 222.500000
v -12.686628 7.324628 222.500000
v -13.783813 6.427498 222.500000
v -14.483196 5.271452 222.500000
v -14.212336 3.808184 222.500000
v -14.760199 2.602621 222.500000
v -15.440354 1.350856 222.500000
v -14.875286 0.000000 222.500000
v -14.734441 -1.289097 222.500000
v -15.237552 -2.686791 222.500000
v -14.576531 -3.905770 222.500000
v -13.785353 -5.017458 222.500000
v -13.902490 -6.482838 222.500000
v -13.252192 -7.651157 222.500000
v -12.007338 -8.407629 222.500000
v -11.595005 -9.729364 222.500000
v -10.927152 -10.927152 222.500000
v -9.486549 -11.305629 222.500000
v -8.555840 -12.219005 222.500000
v -7.751656 -13.426261 222.500000
v -6.315528 -13.543693 222.500000
v -5.041333 -13.850949 222.500000
v -3.995875 -14.912807 222.500000
v -2.633317 -14.934283 222.500000
v -1.277113 -14.597474 222.500000
v -0.000000 -15.277282 222.500000
v 1.338873 -15.303386 222.500000
v 2.549147 -14.456930 222.500000
v 3.898289 -14.548612 222.500000
v 5.295327 -14.548792 222.500000
v 6.260188 -13.425016 222.500000
v 7.425127 -12.860697 222.500000
v 8.887173 -12.692199 222.500000
v 9.652332 -11.503202 222.500000
v 10.393933 -10.393933 222.500000
v 11.792577 -9.895147 222.500000
v 12.480532 -8.738962 222.500000
v 12.686628 -7.324628 222.500000
v 13.783813 -6.427498 222.500000
v 14.483196 -5.271452 222.500000
v 14.212336 -3.808184 222.500000
v 14.760199 -2.602621 222.500000
v 15.440354 -1.350856 222.500000
v 15.049435 0.000000 225.000000
v 14.974809 1.310126 225.000000
v 15.399012 2.715261 225.000000
v 14.721144 3.944519 225.000000
v 14.007860 5.098444 225.000000
v 14.076014 6.563753 225.000000
v 13.369446 7.718853 225.000000
v 12.186791 8.533283 225.000000
v 11.761927 9.869428 225.000000
v 11.022628 11.022628 225.000000
v 9.610534 11.453389 225.000000
v 8.691309 12.412475 225.000000
v 7.826008 13.555043 225.000000
v 6.385364 13.693457 225.000000
v 5.123900 14.077800 225.000000
v 4.040591 15.079689 225.000000
v 2.658246 15.075660 225.000000
v 1.297349 14.828771 225.000000
v 0.000000 15.478051 225.000000
v -1.350520 15.436511 225.000000
v -2.585781 14.664694 225.000000
v -3.956576 14.766143 225.000000
v -5.342571 14.678593 225.000000
v -6.337720 13.591285 225.000000
v -7.544890 13.068132 225.000000
v -8.976564 12.819862 225.000000
v -9.753262 11.623485 225.000000
v -10.563565 10.563565 225.000000
v -11.932023 10.012156 225.000000
v -12.594177 8.818538 225.000000
v -12.882536 7.437736 225.000000
v -13.973842 6.516109 225.000000
v -14.608653 5.317115 225.000000
v -14.407598 3.860504 225.000000
v -14.988045 2.642797 225.000000
v -15.582549 1.363296 225.000000
v -15.049435 0.000000 225.000000
v -14.974809 -1.310126 225.000000
v -15.399012 -2.715261 225.000000
v -14.721144 -3.944519 225.000000
v -14.007860 -5.098444 225.000000
v -14.076014 -6.563753 225.000000
v -13.369446 -7.718853 225.000000
v -12.186791 -8.533283 225.000000
v -11.761927 -9.869428 225.000000
v -11.022628 -11.022628 225.000000
v -9.610534 -11.453389 225.000000
v -8.691309 -12.412475 225.000000
v -7.826008 -13.555043 225.000000
v -6.385364 -13.693457 225.000000
v -5.123900 -14.077800 225.000000
v -4.040591 -15.079689 225.000000
v -2.658246 -15.075660 225.000000
v -1.297349 -14.828771 225.000000
v -0.000000 -15.478051 225.000000
v 1.350520 -15.436511 225.000000
v 2.585781 -14.664694 225.000000
v 3.956576 -14.766143 225.000000
v 5.342571 -14.678593 225.000000
v 6.337720 -13.591285 225.000000
v 7.544890 -13.068132 225.000000
v 8.976564 -12.819862 225.000000
v 9.753262 -11.623485 225.000000
v 10.563565 -10.563565 225.000000
v 11.932023 -10.012156 225.000000
v 12.594177 -8.818538 225.000000
v 12.882536 -7.437736 225.000000
v 13.973842 -6.516109 225.000000
v 14.608653 -5.317115 225.000000
v 14.407598 -3.860504 225.000000
v 14.988045 -2.642797 225.000000
v 15.582549 -1.363296 225.000000
v 15.231869 0.000000 227.500000
v 15.211487 1.330833 227.500000
v 15.549846 2.741857 227.500000
v 14.871598 3.984833 227.500000
v 14.231886 5.179983 227.500000
v 14.238491 6.639517 227.500000
v 13.488160 7.787393 227.500000
v 12.371159 8.662379 227.500000
v 11.920556 10.002534 227.500000
v 11.115537 11.115537 227.500000
v 9.739837 11.607485 227.500000
v 8.822726 12.600158 227.500000
v 7.896121 13.676483 227.500000
v 6.458507 13.850314 227.500000
v 5.205813 14.302853 227.500000
v 4.082316 15.235410 227.500000
v 2.684004 15.221745 227.500000
v 1.317868 15.063304 227.500000
v 0.000000 15.666782 227.500000
v -1.362162 15.569587 227.500000
v -2.623637 14.879386 227.500000
v -4.012327 14.974208 227.500000
v -5.387979 14.803349 227.500000
v -6.418817 13.765198 227.500000
v -7.661933 13.270858 227.500000
v -9.060360 12.939535 227.500000
v -9.858737 11.749185 227.500000
v -10.733110 10.733110 227.500000
v -12.062255 10.121434 227.500000
v -12.710536 8.900013 227.500000
v -13.082535 7.553205 227.500000
v -14.153375 6.599827 227.500000
v -14.732382 5.362149 227.500000
v -14.610396 3.914844 227.500000
v -15.207487 2.681490 227.500000
v -15.717770 1.375127 227.500000
v -15.231869 0.000000 227.500000
v -15.211487 -1.330833 227.500000
v -15.549846 -2.741857 227.500000
v -14.871598 -3.984833 227.500000
v -14.231886 -5.179983 227.500000
v -14.238491 -6.639517 227.500000
v -13.488160 -7.787393 227.500000
v -12.371159 -8.662379 227.500000
v -11.920556 -10.002534 227.500000
v -11.115537 -11.115537 227.500000
v -9.739837 -11.607485 227.500000
v -8.822726 -12.600158 227.500000
v -7.896121 -13.676483 227.500000
v -6.458507 -13.850314 227.500000
v -5.205813 -14.302853 227.500000
v -4.082316 -15.235410 227.500000
v -2.684004 -15.221745 227.500000
v -1.317868 -15.063304 227.500000
v -0.000000 -15.666782 227.500000
v 1.362162 -15.569587 227.500000
v 2.623637 -14.879386 227.500000
v 4.012327 -14.974208 227.500000
v 5.387979 -14.803349 227.500000
v 6.418817 -13.765198 227.500000
v 7.661933 -13.270858 227.500000
v 9.060360 -12.939535 227.500000
v 9.858737 -11.749185 227.500000
v 10.733110 -10.733110 227.500000
v 12.062255 -10.121434 227.500000
v 12.710536 -8.900013 227.500000
v 13.082535 -7.553205 227.500000
v 14.153375 -6.599827 227.500000
v 14.732382 -5.362149 227.500000
v 14.610396 -3.914844 227.500000
v 15.207487 -2.681490 227.500000
v 15.717770 -1.375127 227.500000
v 15.413723 0.000000 230.000000
v 15.433279 1.350237 230.000000
v 15.680190 2.764841 230.000000
v 15.019701 4.024517 230.000000
v 14.447326 5.258396 230.000000
v 14.380190 6.705593 230.000000
v 13.600992 7.852537 230.000000
v 12.552218 8.789158 230.000000
v 12.062289 10.121462 230.000000
v 11.199618 11.199618 230.000000
v 9.868487 11.760804 230.000000
v 8.943571 12.772743 230.000000
v 7.957241 13.782346 230.000000
v 6.531282 14.006379 230.000000
v 5.283271 14.515667 230.000000
v 4.118392 15.370049 230.000000
v 2.709128 15.364231 230.000000
v 1.337752 15.290580 230.000000
v 0.000000 15.832541 230.000000
v -1.373054 15.694084 230.000000
v -2.661016 15.091373 230.000000
v -4.062612 15.161873 230.000000
v -5.428455 14.914558 230.000000
v -6.499649 13.938542 230.000000
v -7.770595 13.459066 230.000000
v -9.132963 13.043223 230.000000
v -9.963249 11.873738 230.000000
v -10.894827 10.894827 230.000000
v -12.175223 10.216225 230.000000
v -12.822698 8.978550 230.000000
v -13.277712 7.665891 230.000000
v -14.312354 6.673960 230.000000
v -14.846217 5.403581 230.000000
v -14.811524 3.968736 230.000000
v -15.407332 2.716728 230.000000
v -15.836783 1.385539 230.000000
v -15.413723 0.000000 230.000000
v -15.433279 -1.350237 230.000000
v -15.680190 -2.764841 230.000000
v -15.019701 -4.024517 230.000000
v -14.447326 -5.258396 230.000000
v -14.380190 -6.705593 230.000000
v -13.600992 -7.852537 230.000000
v -12.552218 -8.789158 230.000000
v -12.062289 -10.121462 230.000000
v -11.199618 -11.199618 230.000000
v -9.868487 -11.760804 230.000000
v -8.943571 -12.772743 230.000000
v -7.957241 -13.782346 230.000000
v -6.531282 -14.006379 230.000000
v -5.283271 -14.515667 230.000000
v -4.118392 -15.370049 230.000000
v -2.709128 -15.364231 230.000000
v -1.337752 -15.290580 230.000000
v -0.000000 -15.832541 230.000000
v 1.373054 -15.694084 230.000000
v 2.661016 -15.091373 230.000000
v 4.062612 -15.161873 230.000000
v 5.428455 -14.914558 230.000000
v 6.499649 -13.938542 230.000000
v 7.770595 -13.459066 230.000000
v 9.132963 -13.043223 230.000000
v 9.963249 -11.873738 230.000000
v 10.894827 -10.894827 230.000000
v 12.175223 -10.216225 230.000000
v 12.822698 -8.978550 230.000000
v 13.277712 -7.665891 230.000000
v 14.312354 -6.673960 230.000000
v 14.846217 -5.403581 230.000000
v 14.811524 -3.968736 230.000000
v 15.407332 -2.716728 230.000000
v 15.836783 -1.385539 230.000000
v 15.586338 0.000000 232.500000
v 15.628818 1.367344 232.500000
v 15.780141 2.782465 232.500000
v 15.157504 4.061441 232.500000
v 14.643998 5.329979 232.500000
v 14.491254 6.757383 232.500000
v 13.700806 7.910164 232.500000
v 12.721775 8.907883 232.500000
v 12.178368 10.218864 232.500000
v 11.268725 11.268725 232.500000
v 9.990612 11.906347 232.500000
v 9.047205 12.920748 232.500000
v 8.004636 13.864436 232.500000
v 6.600107 14.153975 232.500000
v 5.352423 14.705660 232.500000
v 4.146142 15.473612 232.500000
v 2.732197 15.495060 232.500000
v 1.356080 15.500065 232.500000
v 0.000000 15.964225 232.500000
v -1.382468 15.801685 232.500000
v -2.696233 15.291098 232.500000
v -4.104446 15.318000 232.500000
v -5.460949 15.003833 232.500000
v -6.576461 14.103267 232.500000
v -7.865117 13.622783 232.500000
v -9.188777 13.122933 232.500000
v -10.061447 11.990766 232.500000
v -11.040892 11.040892 232.500000
v -12.262786 10.289699 232.500000
v -12.923960 9.049454 232.500000
v -13.459153 7.770646 232.500000
v -14.440546 6.733737 232.500000
v -14.942171 5.438505 232.500000
v -15.001891 4.019745 232.500000
v -15.576179 2.746501 232.500000
v -15.930438 1.393733 232.500000
v -15.586338 0.000000 232.500000
v -15.628818 -1.367344 232.500000
v -15.780141 -2.782465 232.500000
v -15.157504 -4.061441 232.500000
v -14.643998 -5.329979 232.500000
v -14.491254 -6.757383 232.500000
v -13.700806 -7.910164 232.500000
v -12.721775 -8.907883 232.500000
v -12.178368 -10.218864 232.500000
v -11.268725 -11.268725 232.500000
v -9.990612 -11.906347 232.500000
v -9.047205 -12.920748 232.500000
v -8.004636 -13.864436 232.500000
v -6.600107 -14.153975 232.500000
v -5.352423 -14.705660 232.500000
v -4.146142 -15.473612 232.500000
v -2.732197 -15.495060 232.500000
v -1.356080 -15.500065 232.500000
v -0.000000 -15.964225 232.500000
v 1.382468 -15.801685 232.500000
v 2.696233 -15.291098 232.500000
v 4.104446 -15.318000 232.500000
v 5.460949 -15.003833 232.500000
v 6.576461 -14.103267 232.500000
v 7.865117 -13.622783 232.500000
v 9.188777 -13.122933 232.500000
v 10.061447 -11.990766 232.500000
v 11.040892 -11.040892 232.500000
v 12.262786 -10.289699 232.500000
v 12.923960 -9.049454 232.500000
v 13.459153 -7.770646 232.500000
v 14.440546 -6.733737 232.500000
v 14.942171 -5.438505 232.500000
v 15.001891 -4.019745 232.500000
v 15.576179 -2.746501 232.500000
v 15.930438 -1.393733 232.500000
v 15.741660 0.000000 235.000000
v 15.786567 1.381146 235.000000
v 15.839362 2.792907 235.000000
v 15.277559 4.093609 235.000000
v 14.811848 5.391072 235.000000
v 14.561313 6.790052 235.000000
v 13.780720 7.956302 235.000000
v 12.871969 9.013050 235.000000
v 12.259628 10.287050 235.000000
v 11.316710 11.316710 235.000000
v 10.100707 12.037554 235.000000
v 9.126791 13.034408 235.000000
v 8.033428 13.914306 235.000000
v 6.661654 14.285962 235.000000
v 5.409394 14.862188 235.000000
v 4.162758 15.535626 235.000000
v 2.751869 15.606626 235.000000
v 1.371949 15.681454 235.000000
v 0.000000 16.050163 235.000000
v -1.389694 15.884279 235.000000
v -2.727685 15.469472 235.000000
v -4.134720 15.430984 235.000000
v -5.482372 15.062694 235.000000
v -6.645753 14.251864 235.000000
v -7.939609 13.751806 235.000000
v -9.221991 13.170368 235.000000
v -10.148340 12.094321 235.000000
v -11.163504 11.163504 235.000000
v -12.316395 10.334683 235.000000
v -13.007928 9.108250 235.000000
v -13.618221 7.862483 235.000000
v -14.527214 6.774151 235.000000
v -15.012354 5.464050 235.000000
v -15.172917 4.065571 235.000000
v -15.702208 2.768723 235.000000
v -15.989391 1.398890 235.000000
v -15.741660 0.000000 235.000000
v -15.786567 -1.381146 235.000000
v -15.839362 -2.792907 235.000000
v -15.277559 -4.093609 235.000000
v -14.811848 -5.391072 235.000000
v -14.561313 -6.790052 235.000000
v -13.780720 -7.956302 235.000000
v -12.871969 -9.013050 235.000000
v -12.259628 -10.287050 235.000000
v -11.316710 -11.316710 235.000000
v -10.100707 -12.037554 235.000000
v -9.126791 -13.034408 235.000000
v -8.033428 -13.914306 235.000000
v -6.661654 -14.285962 235.000000
v -5.409394 -14.862188 235.000000
v -4.162758 -15.535626 235.000000
v -2.751869 -15.606626 235.000000
v -1.371949 -15.681454 235.000000
v -0.000000 -16.050163 235.000000
v 1.389694 -15.884279 235.000000
v 2.727685 -15.469472 235.000000
v 4.134720 -15.430984 235.000000
v 5.482372 -15.062694 235.000000
v 6.645753 -14.251864 235.000000
v 7.939609 -13.751806 235.000000
v 9.221991 -13.170368 235.000000
v 10.148340 -12.094321 235.000000
v 11.163504 -11.163504 235.000000
v 12.316395 -10.334683 235.000000
v 13.007928 -9.108250 235.000000
v 13.618221 -7.862483 235.000000
v 14.527214 -6.774151 235.000000
v 15.012354 -5.464050 235.000000
v 15.172917 -4.065571 235.000000
v 15.702208 -2.768723 235.000000
v 15.989391 -1.398890 235.000000
v 15.873855 0.000000 237.500000
v 15.894785 1.390613 237.500000
v 15.845508 2.793991 237.500000
v 15.374000 4.119451 237.500000
v 14.941719 5.438341 237.500000
v 14.577954 6.797812 237.500000
v 13.834394 7.987291 237.500000
v 12.996469 9.100226 237.500000
v 12.295480 10.317133 237.500000
v 11.337034 11.337034 237.500000
v 10.194735 12.149612 237.500000
v 9.174936 13.103167 237.500000
v 8.037951 13.922139 237.500000
v 6.713474 14.397092 237.500000
v 5.450376 14.974784 237.500000
v 4.164871 15.543510 237.500000
v 2.767035 15.692637 237.500000
v 1.384573 15.825742 237.500000
v 0.000000 16.076493 237.500000
v -1.394043 15.933982 237.500000
v -2.754129 15.619442 237.500000
v -4.149908 15.487666 237.500000
v -5.489322 15.081787 237.500000
v -6.704989 14.378895 237.500000
v -7.987883 13.835419 237.500000
v -9.225741 13.175723 237.500000
v -10.220155 12.179906 237.500000
v -11.255273 11.255273 237.500000
v -12.325775 10.342553 237.500000
v -13.069026 9.151031 237.500000
v -13.747674 7.937223 237.500000
v -14.559757 6.789326 237.500000
v -15.048722 5.477287 237.500000
v -15.318156 4.104488 237.500000
v -15.772314 2.781084 237.500000
v -16.003025 1.400083 237.500000
v -15.873855 0.000000 237.500000
v -15.894785 -1.390613 237.500000
v -15.845508 -2.793991 237.500000
v -15.374000 -4.119451 237.500000
v -14.941719 -5.438341 237.500000
v -14.577954 -6.797812 237.500000
v -13.834394 -7.987291 237.500000
v -12.996469 -9.100226 237.500000
v -12.295480 -10.317133 237.500000
v -11.337034 -11.337034 237.500000
v -10.194735 -12.149612 237.500000
v -9.174936 -13.103167 237.500000
v -8.037951 -13.922139 237.500000
v -6.713474 -14.397092 237.500000
v -5.450376 -14.974784 237.500000
v -4.164871 -15.543510 237.500000
v -2.767035 -15.692637 237.500000
v -1.384573 -15.825742 237.500000
v -0.000000 -16.076493 237.500000
v 1.394043 -15.933982 237.500000
v 2.754129 -15.619442 237.500000
v 4.149908 -15.487666 237.500000
v 5.489322 -15.081787 237.500000
v 6.704989 -14.378895 237.500000
v 7.987883 -13.835419 237.500000
v 9.225741 -13.175723 237.500000
v 10.220155 -12.179906 237.500000
v 11.255273 -11.255273 237.500000
v 12.325775 -10.342553 237.500000
v 13.069026 -9.151031 237.500000
v 13.747674 -7.937223 237.500000
v 14.559757 -6.789326 237.500000
v 15.048722 -5.477287 237.500000
v 15.318156 -4.104488 237.500000
v 15.772314 -2.781084 237.500000
v 16.003025 -1.400083 237.500000
v 16.003233 0.000000 240.000000
v 15.942336 1.394774 240.000000
v 15.760108 2.778932 240.000000
v 15.457936 4.141941 240.000000
v 15.038120 5.473428 240.000000
v 14.503855 6.763258 240.000000
v 13.859206 8.001616 240.000000
v 13.109081 9.179077 240.000000
v 12.259188 10.286680 240.000000
v 11.315995 11.315995 240.000000
v 10.286680 12.259188 240.000000
v 9.179077 13.109081 240.000000
v 8.001616 13.859206 240.000000
v 6.763258 14.503855 240.000000
v 5.473428 15.038120 240.000000
v 4.141941 15.457936 240.000000
v 2.778932 15.760108 240.000000
v 1.394774 15.942336 240.000000
v 0.000000 16.003233 240.000000
v -1.394774 15.942336 240.000000
v -2.778932 15.760108 240.000000
v -4.141941 15.457936 240.000000
v -5.473428 15.038120 240.000000
v -6.763258 14.503855 240.000000
v -8.001616 13.859206 240.000000
v -9.179077 13.109081 240.000000
v -10.286680 12.259188 240.000000
v -11.315995 11.315995 240.000000
v -12.259188 10.286680 240.000000
v -13.109081 9.179077 240.000000
v -13.859206 8.001616 240.000000
v -14.503855 6.763258 240.000000
v -15.038120 5.473428 240.000000
v -15.457936 4.141941 240.000000
v -15.760108 2.778932 240.000000
v -15.942336 1.394774 240.000000
v -16.003233 0.000000 240.000000
v -15.942336 -1.394774 240.000000
v -15.760108 -2.778932 240.000000
v -15.457936 -4.141941 240.000000
v -15.038120 -5.473428 240.000000
v -14.503855 -6.763258 240.000000
v -13.859206 -8.001616 240.000000
v -13.109081 -9.179077 240.000000
v -12.259188 -10.286680 240.000000
v -11.315995 -11.315995 240.000000
v -10.286680 -12.259188 240.000000
v -9.179077 -13.109081 240.000000
v -8.001616 -13.859206 240.000000
v -6.763258 -14.503855 240.000000
v -5.473428 -15.038120 240.000000
v -4.141941 -15.457936 240.000000
v -2.778932 -15.760108 240.000000
v -1.394774 -15.942336 240.000000
v -0.000000 -16.003233 240.000000
v 1.394774 -15.942336 240.000000
v 2.778932 -15.760108 240.000000
v 4.141941 -15.457936 240.000000
v 5.473428 -15.038120 240.000000
v 6.763258 -14.503855 240.000000
v 8.001616 -13.859206 240.000000
v 9.179077 -13.109081 240.000000
v 10.286680 -12.259188 240.000000
v 11.315995 -11.315995 240.000000
v 12.259188 -10.286680 240.000000
v 13.109081 -9.179077 240.000000
v 13.859206 -8.001616 240.000000
v 14.503855 -6.763258 240.000000
v 15.038120 -5.473428 240.000000
v 15.457936 -4.141941 240.000000
v 15.760108 -2.778932 240.000000
v 15.942336 -1.394774 240.000000
v 0.000000 0.000000 0.000000
f 1 73 2
f 2 73 74
f 2 74 3
f 3 74 75
f 3 75 4
f 4 75 76
f 4 76 5
f 5 76 77
f 5 77 6
f 6 77 78
f 6 78 7
f 7 78 79
f 7 79 8
f 8 79 80
f 8 80 9
f 9 80 81
f 9 81 10
f 10 81 82
f 10 82 11
f 11 82 83
f 11 83 12
f 12 83 84
f 12 84 13
f 13 84 85
f 13 85 14
f 14 85 86
f 14 86 15
f 15 86 87
f 15 87 16
f 16 87 88
f 16 88 17
f 17 88 89
f 17 89 18
f 18 89 90
f 18 90 19
f 19 90 91
f 19 91 20
f 20 91 92
f 20 92 21
f 21 92 93
f 21 93 22
f 22 93 94
f 22 94 23
f 23 94 95
f 23 95 24
f 24 95 96
f 24 96 25
f 25 96 97
f 25 97 26
f 26 97 98
f 26 98 27
f 27 98 99
f 27 99 28
f 28 99 100
f 28 100 29
f 29 100 101
f 29 101 30
f 30 101 102
f 30 102 31
f 31 102 103
f 31 103 32
f 32 103 104
f 32 104 33
f 33 104 105
f 33 105 34
f 34 105 106
f 34 106 35
f 35 106 107
f 35 107 36
f 36 107 108
f 36 108 37
f 37 108 109
f 37 109 38
f 38 109 110
f 38 110 39
f 39 110 111
f 39 111 40
f 40 111 112
f 40 112 41
f 41 112 113
f 41 113 42
f 42 113 114
f 42 114 43
f 43 114 115
f 43 115 44
f 44 115 116
f 44 116 45
f 45 116 117
f 45 117 46
f 46 117 118
f 46 118 47
f 47 118 119
f 47 119 48
f 48 119 120
f 48 120 49
f 49 120 121
f 49 121 50
f 50 121 122
f 50 122 51
f 51 122 123
f 51 123 52
f 52 123 124
f 52 124 53
f 53 124 125
f 53 125 54
f 54 125 126
f 54 126 55
f 55 126 127
f 55 127 56
f 56 127 128
f 56 128 57
f 57 128 129
f 57 129 58
f 58 129 130
f 58 130 59
f 59 130 131
f 59 131 60
f 60 131 132
f 60 132 61
f 61 132 133
f 61 133 62
f 62 133 134
f 62 134 63
f 63 134 135
f 63 135 64
f 64 135 136
f 64 136 65
f 65 136 137
f 65 137 66
f 66 137 138
f 66 138 67
f 67 138 139
f 67 139 68
f 68 139 140
f 68 140 69
f 69 140 141
f 69 141 70
f 70 141 142
f 70 142 71
f 71 142 143
f 71 143 72
f 72 143 144
f 72 144 1
f 1 144 73
f 73 145 74
f 74 145 146
f 74 146 75
f 75 146 147
f 75 147 76
f 76 147 148
f 76 148 77
f 77 148 149
f 77 149 78
f 78 149 150
f 78 150 79
f 79 150 151
f 79 151 80
f 80 151 152
f 80 152 81
f 81 152 153
f 81 153 82
f 82 153 154
f 82 154 83
f 83 154 155
f 83 155 84
f 84 155 156
f 84 156 85
f 85 156 157
f 85 157 86
f 86 157 158
f 86 158 87
f 87 158 159
f 87 159 88
f 88 159 160
f 88 160 89
f 89 160 161
f 89 161 90
f 90 161 162
f 90 162 91
f 91 162 163
f 91 163 92
f 92 163 164
f 92 164 93
f 93 164 165
f 93 165 94
f 94 165 166
f 94 166 95
f 95 166 167
f 95 167 96
f 96 167 168
f 96 168 97
f 97 168 169
f 97 169 98
f 98 169 170
f 98 170 99
f 99 170 171
f 99 171 100
f 100 171 172
f 100 172 101
f 101 172 173
f 101 173 102
f 102 173 174
f 102 174 103
f 103 174 175
f 103 175 104
f 104 175 176
f 104 176 105
f 105 176 177
f 105 177 106
f 106 177 178
f 106 178 107
f 107 178 179
f 107 179 108
f 108 179 180
f 108 180 109
f 109 180 181
f 109 181 110
f 110 181 182
f 110 182 111
f 111 182 183
f 111 183 112
f 112 183 184
f 112 184 113
f 113 184 185
f 113 185 114
f 114 185 186
f 114 186 115
f 115 186 187
f 115 187 116
f 116 187 188
f 116 188 117
f 117 188 189
f 117 189 118
f 118 189 190
f 118 190 119
f 119 190 191
f 119 191 120
f 120 191 192
f 120 192 121
f 121 192 193
f 121 193 122
f 122 193 194
f 122 194 123
f 123 194 195
f 123 195 124
f 124 195 196
f 124 196 125
f 125 196 197
f 125 197 126
f 126 197 198
f 126 198 127
f 127 198 199
f 127 199 128
f 128 199 200
f 128 200 129
f 129 200 201
f 129 201 130
f 130 201 202
f 130 202 131
f 131 202 203
f 131 203 132
f 132 203 204
f 132 204 133
f 133 204 205
f 133 205 134
f 134 205 206
f 134 206 135
f 135 206 207
f 135 207 136
f 136 207 208
f 136 208 137
f 137 208 209
f 137 209 138
f 138 209 210
f 138 210 139
f 139 210 211
f 139 211 140
f 140 211 212
f 140 212 141
f 141 212 213
f 141 213 142
f 142 213 214
f 142 214 143
f 143 214 215
f 143 215 144
f 144 215 216
f 144 216 73
f 73 216 145
f 145 217 146
f 146 217 218
f 146 218 147
f 147 218 219
f 147 219 148
f 148 219 220
f 148 220 149
f 149 220 221
f 149 221 150
f 150 221 222
f 150 222 151
f 151 222 223
f 151 223 152
f 152 223 224
f 152 224 153
f 153 224 225
f 153 225 154
f 154 225 226
f 154 226 155
f 155 226 227
f 155 227 156
f 156 227 228
f 156 228 157
f 157 228 229
f 157 229 158
f 158 229 230
f 158 230 159
f 159 230 231
f 159 231 160
f 160 231 232
f 160 232 161
f 161 232 233
f 161 233 162
f 162 233 234
f 162 234 163
f 163 234 235
f 163 235 164
f 164 235 236
f 164 236 165
f 165 236 237
f 165 237 166
f 166 237 238
f 166 238 167
f 167 238 239
f 167 239 168
f 168 239 240
f 168 240 169
f 169 240 241
f 169 241 170
f 170 241 242
f 170 242 171
f 171 242 243
f 171 243 172
f 172 243 244
f 172 244 173
f 173 244 245
f 173 245 174
f 174 245 246
f 174 246 175
f 175 246 247
f 175 247 176
f 176 247 248
f 176 248 177
f 177 248 249
f 177 249 178
f 178 249 250
f 178 250 179
f 179 250 251
f 179 251 180
f 180 251 252
f 180 252 181
f 181 252 253
f 181 253 182
f 182 253 254
f 182 254 183
f 183 254 255
f 183 255 184
f 184 255 256
f 184 256 185
f 185 256 257
f 185 257 186
f 186 257 258
f 186 258 187
f 187 258 259
f 187 259 188
f 188 259 260
f 188 260 189
f 189 260 261
f 189 261 190
f 190 261 262
f 190 262 191
f 191 262 263
f 191 263 192
f 192 263 264
f 192 264 193
f 193 264 265
f 193 265 194
f 194 265 266
f 194 266 195
f 195 266 267
f 195 267 196
f 196 267 268
f 196 268 197
f 197 268 269
f 197 269 198
f 198 269 270
f 198 270 199
f 199 270 271
f 199 271 200
f 200 271 272
f 200 272 201
f 201 272 273
f 201 273 202
f 202 273 274
f 202 274 203
f 203 274 275
f 203 275 204
f 204 275 276
f 204 276 205
f 205 276 277
f 205 277 206
f 206 277 278
f 206 278 207
f 207 278 279
f 207 279 208
f 208 279 280
f 208 280 209
f 209 280 281
f 209 281 210
f 210 281 282
f 210 282 211
f 211 282 283
f 211 283 212
f 212 283 284
f 212 284 213
f 213 284 285
f 213 285 214
f 214 285 286
f 214 286 215
f 215 286 287
f 215 287 216
f 216 287 288
f 216 288 145
f 145 288 217
f 217 289 218
f 218 289 290
f 218 290 219
f 219 290 291
f 219 291 220
f 220 291 292
f 220 292 221
f 221 292 293
f 221 293 222
f 222 293 294
f 222 294 223
f 223 294 295
f 223 295 224
f 224 295 296
f 224 296 225
f 225 296 297
f 225 297 226
f 226 297 298
f 226 298 227
f 227 298 299
f 227 299 228
f 228 299 300
f 228 300 229
f 229 300 301
f 229 301 230
f 230 301 302
f 230 302 231
f 231 302 303
f 231 303 232
f 232 303 304
f 232 304 233
f 233 304 305
f 233 305 234
f 234 305 306
f 234 306 235
f 235 306 307
f 235 307 236
f 236 307 308
f 236 308 237
f 237 308 309
f 237 309 238
f 238 309 310
f 238 310 239
f 239 310 311
f 239 311 240
f 240 311 312
f 240 312 241
f 241 312 313
f 241 313 242
f 242 313 314
f 242 314 243
f 243 314 315
f 243 315 244
f 244 315 316
f 244 316 245
f 245 316 317
f 245 317 246
f 246 317 318
f 246 318 247
f 247 318 319
f 247 319 248
f 248 319 320
f 248 320 249
f 249 320 321
f 249 321 250
f 250 321 322
f 250 322 251
f 251 322 323
f 251 323 252
f 252 323 324
f 252 324 253
f 253 324 325
f 253 325 254
f 254 325 326
f 254 326 255
f 255 326 327
f 255 327 256
f 256 327 328
f 256 328 257
f 257 328 329
f 257 329 258
f 258 329 330
f 258 330 259
f 259 330 331
f 259 331 260
f 260 331 332
f 260 332 261
f 261 332 333
f 261 333 262
f 262 333 334
f 262 334 263
f 263 334 335
f 263 335 264
f 264 335 336
f 264 336 265
f 265 336 337
f 265 337 266
f 266 337 338
f 266 338 267
f 267 338 339
f 267 339 268
f 268 339 340
f 268 340 269
f 269 340 341
f 269 341 270
f 270 341 342
f 270 342 271
f 271 342 343
f 271 343 272
f 272 343 344
f 272 344 273
f 273 344 345
f 273 345 274
f 274 345 346
f 274 346 275
f 275 346 347
f 275 347 276
f 276 347 348
f 276 348 277
f 277 348 349
f 277 349 278
f 278 349 350
f 278 350 279
f 279 350 351
f 279 351 280
f 280 351 352
f 280 352 281
f 281 352 353
f 281 353 282
f 282 353 354
f 282 354 283
f 283 354 355
f 283 355 284
f 284 355 356
f 284 356 285
f 285 356 357
f 285 357 286
f 286 357 358
f 286 358 287
f 287 358 359
f 287 359 288
f 288 359 360
f 288 360 217
f 217 360 289
f 289 361 290
f 290 361 362
f 290 362 291
f 291 362 363
f 291 363 292
f 292 363 364
f 292 364 293
f 293 364 365
f 293 365 294
f 294 365 366
f 294 366 295
f 295 366 367
f 295 367 296
f 296 367 368
f 296 368 297
f 297 368 369
f 297 369 298
f 298 369 370
f 298 370 299
f 299 370 371
f 299 371 300
f 300 371 372
f 300 372 301
f 301 372 373
f 301 373 302
f 302 373 374
f 302 374 303
f 303 374 375
f 303 375 304
f 304 375 376
f 304 376 305
f 305 376 377
f 305 377 306
f 306 377 378
f 306 378 307
f 307 378 379
f 307 379 308
f 308 379 380
f 308 380 309
f 309 380 381
f 309 381 310
f 310 381 382
f 310 382 311
f 311 382 383
f 311 383 312
f 312 383 384
f 312 384 313
f 313 384 385
f 313 385 314
f 314 385 386
f 314 386 315
f 315 386 387
f 315 387 316
f 316 387 388
f 316 388 317
f 317 388 389
f 317 389 318
f 318 389 390
f 318 390 319
f 319 390 391
f 319 391 320
f 320 391 392
f 320 392 321
f 321 392 393
f 321 393 322
f 322 393 394
f 322 394 323
f 323 394 395
f 323 395 324
f 324 395 396
f 324 396 325
f 325 396 397
f 325 397 326
f 326 397 398
f 326 398 327
f 327 398 399
f 327 399 328
f 328 399 400
f 328 400 329
f 329 400 401
f 329 401 330
f 330 401 402
f 330 402 331
f 331 402 403
f 331 403 332
f 332 403 404
f 332 404 333
f 333 404 405
f 333 405 334
f 334 405 406
f 334 406 335
f 335 406 407
f 335 407 336
f 336 407 408
f 336 408 337
f 337 408 409
f 337 409 338
f 338 409 410
f 338 410 339
f 339 410 411
f 339 411 340
f 340 411 412
f 340 412 341
f 341 412 413
f 341 413 342
f 342 413 414
f 342 414 343
f 343 414 415
f 343 415 344
f 344 415 416
f 344 416 345
f 345 416 417
f 345 417 346
f 346 417 418
f 346 418 347
f 347 418 419
f 347 419 348
f 348 419 420
f 348 420 349
f 349 420 421
f 349 421 350
f 350 421 422
f 350 422 351
f 351 422 423
f 351 423 352
f 352 423 424
f 352 424 353
f 353 424 425
f 353 425 354
f 354 425 426
f 354 426 355
f 355 426 427
f 355 427 356
f 356 427 428
f 356 428 357
f 357 428 429
f 357 429 358
f 358 429 430
f 358 430 359
f 359 430 431
f 359 431 360
f 360 431 432
f 360 432 289
f 289 432 361
f 361 433 362
f 362 433 434
f 362 434 363
f 363 434 435
f 363 435 364
f 364 435 436
f 364 436 365
f 365 436 437
f 365 437 366
f 366 437 438
f 366 438 367
f 367 438 439
f 367 439 368
f 368 439 440
f 368 440 369
f 369 440 441
f 369 441 370
f 370 441 442
f 370 442 371
f 371 442 443
f 371 443 372
f 372 443 444
f 372 444 373
f 373 444 445
f 373 445 374
f 374 445 446
f 374 446 375
f 375 446 447
f 375 447 376
f 376 447 448
f 376 448 377
f 377 448 449
f 377 449 378
f 378 449 450
f 378 450 379
f 379 450 451
f 379 451 380
f 380 451 452
f 380 452 381
f 381 452 453
f 381 453 382
f 382 453 454
f 382 454 383
f 383 454 455
f 383 455 384
f 384 455 456
f 384 456 385
f 385 456 457
f 385 457 386
f 386 457 458
f 386 458 387
f 387 458 459
f 387 459 388
f 388 459 460
f 388 460 389
f 389 460 461
f 389 461 390
f 390 461 462
f 390 462 391
f 391 462 463
f 391 463 392
f 392 463 464
f 392 464 393
f 393 464 465
f 393 465 394
f 394 465 466
f 394 466 395
f 395 466 467
f 395 467 396
f 396 467 468
f 396 468 397
f 397 468 469
f 397 469 398
f 398 469 470
f 398 470 399
f 399 470 471
f 399 471 400
f 400 471 472
f 400 472 401
f 401 472 473
f 401 473 402
f 402 473 474
f 402 474 403
f 403 474 475
f 403 475 404
f 404 475 476
f 404 476 405
f 405 476 477
f 405 477 406
f 406 477 478
f 406 478 407
f 407 478 479
f 407 479 408
f 408 479 480
f 408 480 409
f 409 480 481
f 409 481 410
f 410 481 482
f 410 482 411
f 411 482 483
f 411 483 412
f 412 483 484
f 412 484 413
f 413 484 485
f 413 485 414
f 414 485 486
f 414 486 415
f 415 486 487
f 415 487 416
f 416 487 488
f 416 488 417
f 417 488 489
f 417 489 418
f 418 489 490
f 418 490 419
f 419 490 491
f 419 491 420
f 420 491 492
f 420 492 421
f 421 492 493
f 421 493 422
f 422 493 494
f 422 494 423
f 423 494 495
f 423 495 424
f 424 495 496
f 424 496 425
f 425 496 497
f 425 497 426
f 426 497 498
f 426 498 427
f 427 498 499
f 427 499 428
f 428 499 500
f 428 500 429
f 429 500 501
f 429 501 430
f 430 501 502
f 430 502 431
f 431 502 503
f 431 503 432
f 432 503 504
f 432 504 361
f 361 504 433
f 433 505 434
f 434 505 506
f 434 506 435
f 435 506 507
f 435 507 436
f 436 507 508
f 436 508 437
f 437 508 509
f 437 509 438
f 438 509 510
f 438 510 439
f 439 510 511
f 439 511 440
f 440 511 512
f 440 512 441
f 441 512 513
f 441 513 442
f 442 513 514
f 442 514 443
f 443 514 515
f 443 515 444
f 444 515 516
f 444 516 445
f 445 516 517
f 445 517 446
f 446 517 518
f 446 518 447
f 447 518 519
f 447 519 448
f 448 519 520
f 448 520 449
f 449 520 521
f 449 521 450
f 450 521 522
f 450 522 451
f 451 522 523
f 451 523 452
f 452 523 524
f 452 524 453
f 453 524 525
f 453 525 454
f 454 525 526
f 454 526 455
f 455 526 527
f 455 527 456
f 456 527 528
f 456 528 457
f 457 528 529
f 457 529 458
f 458 529 530
f 458 530 459
f 459 530 531
f 459 531 460
f 460 531 532
f 460 532 461
f 461 532 533
f 461 533 462
f 462 533 534
f 462 534 463
f 463 534 535
f 463 535 464
f 464 535 536
f 464 536 465
f 465 536 537
f 465 537 466
f 466 537 538
f 466 538 467
f 467 538 539
f 467 539 468
f 468 539 540
f 468 540 469
f 469 540 541
f 469 541 470
f 470 541 542
f 470 542 471
f 471 542 543
f 471 543 472
f 472 543 544
f 472 544 473
f 473 544 545
f 473 545 474
f 474 545 546
f 474 546 475
f 475 546 547
f 475 547 476
f 476 547 548
f 476 548 477
f 477 548 549
f 477 549 478
f 478 549 550
f 478 550 479
f 479 550 551
f 479 551 480
f 480 551 552
f 480 552 481
f 481 552 553
f 481 553 482
f 482 553 554
f 482 554 483
f 483 554 555
f 483 555 484
f 484 555 556
f 484 556 485
f 485 556 557
f 485 557 486
f 486 557 558
f 486 558 487
f 487 558 559
f 487 559 488
f 488 559 560
f 488 560 489
f 489 560 561
f 489 561 490
f 490 561 562
f 490 562 491
f 491 562 563
f 491 563 492
f 492 563 564
f 492 564 493
f 493 564 565
f 493 565 494
f 494 565 566
f 494 566 495
f 495 566 567
f 495 567 496
f 496 567 568
f 496 568 497
f 497 568 569
f 497 569 498
f 498 569 570
f 498 570 499
f 499 570 571
f 499 571 500
f 500 571 572
f 500 572 501
f 501 572 573
f 501 573 502
f 502 573 574
f 502 574 503
f 503 574 575
f 503 575 504
f 504 575 576
f 504 576 433
f 433 576 505
f 505 577 506
f 506 577 578
f 506 578 507
f 507 578 579
f 507 579 508
f 508 579 580
f 508 580 509
f 509 580 581
f 509 581 510
f 510 581 582
f 510 582 511
f 511 582 583
f 511 583 512
f 512 583 584
f 512 584 513
f 513 584 585
f 513 585 514
f 514 585 586
f 514 586 515
f 515 586 587
f 515 587 516
f 516 587 588
f 516 588 517
f 517 588 589
f 517 589 518
f 518 589 590
f 518 590 519
f 519 590 591
f 519 591 520
f 520 591 592
f 520 592 521
f 521 592 593
f 521 593 522
f 522 593 594
f 522 594 523
f 523 594 595
f 523 595 524
f 524 595 596
f 524 596 525
f 525 596 597
f 525 597 526
f 526 597 598
f 526 598 527
f 527 598 599
f 527 599 528
f 528 599 600
f 528 600 529
f 529 600 601
f 529 601 530
f 530 601 602
f 530 602 531
f 531 602 603
f 531 603 532
f 532 603 604
f 532 604 533
f 533 604 605
f 533 605 534
f 534 605 606
f 534 606 535
f 535 606 607
f 535 607 536
f 536 607 608
f 536 608 537
f 537 608 609
f 537 609 538
f 538 609 610
f 538 610 539
f 539 610 611
f 539 611 540
f 540 611 612
f 540 612 541
f 541 612 613
f 541 613 542
f 542 613 614
f 542 614 543
f 543 614 615
f 543 615 544
f 544 615 616
f 544 616 545
f 545 616 617
f 545 617 546
f 546 617 618
f 546 618 547
f 547 618 619
f 547 619 548
f 548 619 620
f 548 620 549
f 549 620 621
f 549 621 550
f 550 621 622
f 550 622 551
f 551 622 623
f 551 623 552
f 552 623 624
f 552 624 553
f 553 624 625
f 553 625 554
f 554 625 626
f 554 626 555
f 555 626 627
f 555 627 556
f 556 627 628
f 556 628 557
f 557 628 629
f 557 629 558
f 558 629 630
f 558 630 559
f 559 630 631
f 559 631 560
f 560 631 632
f 560 632 561
f 561 632 633
f 561 633 562
f 562 633 634
f 562 634 563
f 563 634 635
f 563 635 564
f 564 635 636
f 564 636 565
f 565 636 637
f 565 637 566
f 566 637 638
f 566 638 567
f 567 638 639
f 567 639 568
f 568 639 640
f 568 640 569
f 569 640 641
f 569 641 570
f 570 641 642
f 570 642 571
f 571 642 643
f 571 643 572
f 572 643 644
f 572 644 573
f 573 644 645
f 573 645 574
f 574 645 646
f 574 646 575
f 575 646 647
f 575 647 576
f 576 647 648
f 576 648 505
f 505 648 577
f 577 649 578
f 578 649 650
f 578 650 579
f 579 650 651
f 579 651 580
f 580 651 652
f 580 652 581
f 581 652 653
f 581 653 582
f 582 653 654
f 582 654 583
f 583 654 655
f 583 655 584
f 584 655 656
f 584 656 585
f 585 656 657
f 585 657 586
f 586 657 658
f 586 658 587
f 587 658 659
f 587 659 588
f 588 659 660
f 588 660 589
f 589 660 661
f 589 661 590
f 590 661 662
f 590 662 591
f 591 662 663
f 591 663 592
f 592 663 664
f 592 664 593
f 593 664 665
f 593 665 594
f 594 665 666
f 594 666 595
f 595 666 667
f 595 667 596
f 596 667 668
f 596 668 597
f 597 668 669
f 597 669 598
f 598 669 670
f 598 670 599
f 599 670 671
f 599 671 600
f 600 671 672
f 600 672 601
f 601 672 673
f 601 673 602
f 602 673 674
f 602 674 603
f 603 674 675
f 603 675 604
f 604 675 676
f 604 676 605
f 605 676 677
f 605 677 606
f 606 677 678
f 606 678 607
f 607 678 679
f 607 679 608
f 608 679 680
f 608 680 609
f 609 680 681
f 609 681 610
f 610 681 682
f 610 682 611
f 611 682 683
f 611 683 612
f 612 683 684
f 612 684 613
f 613 684 685
f 613 685 614
f 614 685 686
f 614 686 615
f 615 686 687
f 615 687 616
f 616 687 688
f 616 688 617
f 617 688 689
f 617 689 618
f 618 689 690
f 618 690 619
f 619 690 691
f 619 691 620
f 620 691 692
f 620 692 621
f 621 692 693
f 621 693 622
f 622 693 694
f 622 694 623
f 623 694 695
f 623 695 624
f 624 695 696
f 624 696 625
f 625 696 697
f 625 697 626
f 626 697 698
f 626 698 627
f 627 698 699
f 627 699 628
f 628 699 700
f 628 700 629
f 629 700 701
f 629 701 630
f 630 701 702
f 630 702 631
f 631 702 703
f 631 703 632
f 632 703 704
f 632 704 633
f 633 704 705
f 633 705 634
f 634 705 706
f 634 706 635
f 635 706 707
f 635 707 636
f 636 707 708
f 636 708 637
f 637 708 709
f 637 709 638
f 638 709 710
f 638 710 639
f 639 710 711
f 639 711 640
f 640 711 712
f 640 712 641
f 641 712 713
f 641 713 642
f 642 713 714
f 642 714 643
f 643 714 715
f 643 715 644
f 644 715 716
f 644 716 645
f 645 716 717
f 645 717 646
f 646 717 718
f 646 718 647
f 647 718 719
f 647 719 648
f 648 719 720
f 648 720 577
f 577 720 649
f 649 721 650
f 650 721 722
f 650 722 651
f 651 722 723
f 651 723 652
f 652 723 724
f 652 724 653
f 653 724 725
f 653 725 654
f 654 725 726
f 654 726 655
f 655 726 727
f 655 727 656
f 656 727 728
f 656 728 657
f 657 728 729
f 657 729 658
f 658 729 730
f 658 730 659
f 659 730 731
f 659 731 660
f 660 731 732
f 660 732 661
f 661 732 733
f 661 733 662
f 662 733 734
f 662 734 663
f 663 734 735
f 663 735 664
f 664 735 736
f 664 736 665
f 665 736 737
f 665 737 666
f 666 737 738
f 666 738 667
f 667 738 739
f 667 739 668
f 668 739 740
f 668 740 669
f 669 740 741
f 669 741 670
f 670 741 742
f 670 742 671
f 671 742 743
f 671 743 672
f 672 743 744
f 672 744 673
f 673 744 745
f 673 745 674
f 674 745 746
f 674 746 675
f 675 746 747
f 675 747 676
f 676 747 748
f 676 748 677
f 677 748 749
f 677 749 678
f 678 749 750
f 678 750 679
f 679 750 751
f 679 751 680
f 680 751 752
f 680 752 681
f 681 752 753
f 681 753 682
f 682 753 754
f 682 754 683
f 683 754 755
f 683 755 684
f 684 755 756
f 684 756 685
f 685 756 757
f 685 757 686
f 686 757 758
f 686 758 687
f 687 758 759
f 687 759 688
f 688 759 760
f 688 760 689
f 689 760 761
f 689 761 690
f 690 761 762
f 690 762 691
f 691 762 763
f 691 763 692
f 692 763 764
f 692 764 693
f 693 764 765
f 693 765 694
f 694 765 766
f 694 766 695
f 695 766 767
f 695 767 696
f 696 767 768
f 696 768 697
f 697 768 769
f 697 769 698
f 698 769 770
f 698 770 699
f 699 770 771
f 699 771 700
f 700 771 772
f 700 772 701
f 701 772 773
f 701 773 702
f 702 773 774
f 702 774 703
f 703 774 775
f 703 775 704
f 704 775 776
f 704 776 705
f 705 776 777
f 705 777 706
f 706 777 778
f 706 778 707
f 707 778 779
f 707 779 708
f 708 779 780
f 708 780 709
f 709 780 781
f 709 781 710
f 710 781 782
f 710 782 711
f 711 782 783
f 711 783 712
f 712 783 784
f 712 784 713
f 713 784 785
f 713 785 714
f 714 785 786
f 714 786 715
f 715 786 787
f 715 787 716
f 716 787 788
f 716 788 717
f 717 788 789
f 717 789 718
f 718 789 790
f 718 790 719
f 719 790 791
f 719 791 720
f 720 791 792
f 720 792 649
f 649 792 721
f 721 793 722
f 722 793 794
f 722 794 723
f 723 794 795
f 723 795 724
f 724 795 796
f 724 796 725
f 725 796 797
f 725 797 726
f 726 797 798
f 726 798 727
f 727 798 799
f 727 799 728
f 728 799 800
f 728 800 729
f 729 800 801
f 729 801 730
f 730 801 802
f 730 802 731
f 731 802 803
f 731 803 732
f 732 803 804
f 732 804 733
f 733 804 805
f 733 805 734
f 734 805 806
f 734 806 735
f 735 806 807
f 735 807 736
f 736 807 808
f 736 808 737
f 737 808 809
f 737 809 738
f 738 809 810
f 738 810 739
f 739 810 811
f 739 811 740
f 740 811 812
f 740 812 741
f 741 812 813
f 741 813 742
f 742 813 814
f 742 814 743
f 743 814 815
f 743 815 744
f 744 815 816
f 744 816 745
f 745 816 817
f 745 817 746
f 746 817 818
f 746 818 747
f 747 818 819
f 747 819 748
f 748 819 820
f 748 820 749
f 749 820 821
f 749 821 750
f 750 821 822
f 750 822 751
f 751 822 823
f 751 823 752
f 752 823 824
f 752 824 753
f 753 824 825
f 753 825 754
f 754 825 826
f 754 826 755
f 755 826 827
f 755 827 756
f 756 827 828
f 756 828 757
f 757 828 829
f 757 829 758
f 758 829 830
f 758 830 759
f 759 830 831
f 759 831 760
f 760 831 832
f 760 832 761
f 761 832 833
f 761 833 762
f 762 833 834
f 762 834 763
f 763 834 835
f 763 835 764
f 764 835 836
f 764 836 765
f 765 836 837
f 765 837 766
f 766 837 838
f 766 838 767
f 767 838 839
f 767 839 768
f 768 839 840
f 768 840 769
f 769 840 841
f 769 841 770
f 770 841 842
f 770 842 771
f 771 842 843
f 771 843 772
f 772 843 844
f 772 844 773
f 773 844 845
f 773 845 774
f 774 845 846
f 774 846 775
f 775 846 847
f 775 847 776
f 776 847 848
f 776 848 777
f 777 848 849
f 777 849 778
f 778 849 850
f 778 850 779
f 779 850 851
f 779 851 780
f 780 851 852
f 780 852 781
f 781 852 853
f 781 853 782
f 782 853 854
f 782 854 783
f 783 854 855
f 783 855 784
f 784 855 856
f 784 856 785
f 785 856 857
f 785 857 786
f 786 857 858
f 786 858 787
f 787 858 859
f 787 859 788
f 788 859 860
f 788 860 789
f 789 860 861
f 789 861 790
f 790 861 862
f 790 862 791
f 791 862 863
f 791 863 792
f 792 863 864
f 792 864 721
f 721 864 793
f 793 865 794
f 794 865 866
f 794 866 795
f 795 866 867
f 795 867 796
f 796 867 868
f 796 868 797
f 797 868 869
f 797 869 798
f 798 869 870
f 798 870 799
f 799 870 871
f 799 871 800
f 800 871 872
f 800 872 801
f 801 872 873
f 801 873 802
f 802 873 874
f 802 874 803
f 803 874 875
f 803 875 804
f 804 875 876
f 804 876 805
f 805 876 877
f 805 877 806
f 806 877 878
f 806 878 807
f 807 878 879
f 807 879 808
f 808 879 880
f 808 880 809
f 809 880 881
f 809 881 810
f 810 881 882
f 810 882 811
f 811 882 883
f 811 883 812
f 812 883 884
f 812 884 813
f 813 884 885
f 813 885 814
f 814 885 886
f 814 886 815
f 815 886 887
f 815 887 816
f 816 887 888
f 816 888 817
f 817 888 889
f 817 889 818
f 818 889 890
f 818 890 819
f 819 890 891
f 819 891 820
f 820 891 892
f 820 892 821
f 821 892 893
f 821 893 822
f 822 893 894
f 822 894 823
f 823 894 895
f 823 895 824
f 824 895 896
f 824 896 825
f 825 896 897
f 825 897 826
f 826 897 898
f 826 898 827
f 827 898 899
f 827 899 828
f 828 899 900
f 828 900 829
f 829 900 901
f 829 901 830
f 830 901 902
f 830 902 831
f 831 902 903
f 831 903 832
f 832 903 904
f 832 904 833
f 833 904 905
f 833 905 834
f 834 905 906
f 834 906 835
f 835 906 907
f 835 907 836
f 836 907 908
f 836 908 837
f 837 908 909
f 837 909 838
f 838 909 910
f 838 910 839
f 839 910 911
f 839 911 840
f 840 911 912
f 840 912 841
f 841 912 913
f 841 913 842
f 842 913 914
f 842 914 843
f 843 914 915
f 843 915 844
f 844 915 916
f 844 916 845
f 845 916 917
f 845 917 846
f 846 917 918
f 846 918 847
f 847 918 919
f 847 919 848
f 848 919 920
f 848 920 849
f 849 920 921
f 849 921 850
f 850 921 922
f 850 922 851
f 851 922 923
f 851 923 852
f 852 923 924
f 852 924 853
f 853 924 925
f 853 925 854
f 854 925 926
f 854 926 855
f 855 926 927
f 855 927 856
f 856 927 928
f 856 928 857
f 857 928 929
f 857 929 858
f 858 929 930
f 858 930 859
f 859 930 931
f 859 931 860
f 860 931 932
f 860 932 861
f 861 932 933
f 861 933 862
f 862 933 934
f 862 934 863
f 863 934 935
f 863 935 864
f 864 935 936
f 864 936 793
f 793 936 865
f 865 937 866
f 866 937 938
f 866 938 867
f 867 938 939
f 867 939 868
f 868 939 940
f 868 940 869
f 869 940 941
f 869 941 870
f 870 941 942
f 870 942 871
f 871 942 943
f 871 943 872
f 872 943 944
f 872 944 873
f 873 944 945
f 873 945 874
f 874 945 946
f 874 946 875
f 875 946 947
f 875 947 876
f 876 947 948
f 876 948 877
f 877 948 949
f 877 949 878
f 878 949 950
f 878 950 879
f 879 950 951
f 879 951 880
f 880 951 952
f 880 952 881
f 881 952 953
f 881 953 882
f 882 953 954
f 882 954 883
f 883 954 955
f 883 955 884
f 884 955 956
f 884 956 885
f 885 956 957
f 885 957 886
f 886 957 958
f 886 958 887
f 887 958 959
f 887 959 888
f 888 959 960
f 888 960 889
f 889 960 961
f 889 961 890
f 890 961 962
f 890 962 891
f 891 962 963
f 891 963 892
f 892 963 964
f 892 964 893
f 893 964 965
f 893 965 894
f 894 965 966
f 894 966 895
f 895 966 967
f 895 967 896
f 896 967 968
f 896 968 897
f 897 968 969
f 897 969 898
f 898 969 970
f 898 970 899
f 899 970 971
f 899 971 900
f 900 971 972
f 900 972 901
f 901 972 973
f 901 973 902
f 902 973 974
f 902 974 903
f 903 974 975
f 903 975 904
f 904 975 976
f 904 976 905
f 905 976 977
f 905 977 906
f 906 977 978
f 906 978 907
f 907 978 979
f 907 979 908
f 908 979 980
f 908 980 909
f 909 980 981
f 909 981 910
f 910 981 982
f 910 982 911
f 911 982 983
f 911 983 912
f 912 983 984
f 912 984 913
f 913 984 985
f 913 985 914
f 914 985 986
f 914 986 915
f 915 986 987
f 915 987 916
f 916 987 988
f 916 988 917
f 917 988 989
f 917 989 918
f 918 989 990
f 918 990 919
f 919 990 991
f 919 991 920
f 920 991 992
f 920 992 921
f 921 992 993
f 921 993 922
f 922 993 994
f 922 994 923
f 923 994 995
f 923 995 924
f 924 995 996
f 924 996 925
f 925 996 997
f 925 997 926
f 926 997 998
f 926 998 927
f 927 998 999
f 927 999 928
f 928 999 1000
f 928 1000 929
f 929 1000 1001
f 929 1001 930
f 930 1001 1002
f 930 1002 931
f 931 1002 1003
f 931 1003 932
f 932 1003 1004
f 932 1004 933
f 933 1004 1005
f 933 1005 934
f 934 1005 1006
f 934 1006 935
f 935 1006 1007
f 935 1007 936
f 936 1007 1008
f 936 1008 865
f 865 1008 937
f 937 1009 938
f 938 1009 1010
f 938 1010 939
f 939 1010 1011
f 939 1011 940
f 940 1011 1012
f 940 1012 941
f 941 1012 1013
f 941 1013 942
f 942 1013 1014
f 942 1014 943
f 943 1014 1015
f 943 1015 944
f 944 1015 1016
f 944 1016 945
f 945 1016 1017
f 945 1017 946
f 946 1017 1018
f 946 1018 947
f 947 1018 1019
f 947 1019 948
f 948 1019 1020
f 948 1020 949
f 949 1020 1021
f 949 1021 950
f 950 1021 1022
f 950 1022 951
f 951 1022 1023
f 951 1023 952
f 952 1023 1024
f 952 1024 953
f 953 1024 1025
f 953 1025 954
f 954 1025 1026
f 954 1026 955
f 955 1026 1027
f 955 1027 956
f 956 1027 1028
f 956 1028 957
f 957 1028 1029
f 957 1029 958
f 958 1029 1030
f 958 1030 959
f 959 1030 1031
f 959 1031 960
f 960 1031 1032
f 960 1032 961
f 961 1032 1033
f 961 1033 962
f 962 1033 1034
f 962 1034 963
f 963 1034 1035
f 963 1035 964
f 964 1035 1036
f 964 1036 965
f 965 1036 1037
f 965 1037 966
f 966 1037 1038
f 966 1038 967
f 967 1038 1039
f 967 1039 968
f 968 1039 1040
f 968 1040 969
f 969 1040 1041
f 969 1041 970
f 970 1041 1042
f 970 1042 971
f 971 1042 1043
f 971 1043 972
f 972 1043 1044
f 972 1044 973
f 973 1044 1045
f 973 1045 974
f 974 1045 1046
f 974 1046 975
f 975 1046 1047
f 975 1047 976
f 976 1047 1048
f 976 1048 977
f 977 1048 1049
f 977 1049 978
f 978 1049 1050
f 978 1050 979
f 979 1050 1051
f 979 1051 980
f 980 1051 1052
f 980 1052 981
f 981 1052 1053
f 981 1053 982
f 982 1053 1054
f 982 1054 983
f 983 1054 1055
f 983 1055 984
f 984 1055 1056
f 984 1056 985
f 985 1056 1057
f 985 1057 986
f 986 1057 1058
f 986 1058 987
f 987 1058 1059
f 987 1059 988
f 988 1059 1060
f 988 1060 989
f 989 1060 1061
f 989 1061 990
f 990 1061 1062
f 990 1062 991
f 991 1062 1063
f 991 1063 992
f 992 1063 1064
f 992 1064 993
f 993 1064 1065
f 993 1065 994
f 994 1065 1066
f 994 1066 995
f 995 1066 1067
f 995 1067 996
f 996 1067 1068
f 996 1068 997
f 997 1068 1069
f 997 1069 998
f 998 1069 1070
f 998 1070 999
f 999 1070 1071
f 999 1071 1000
f 1000 1071 1072
f 1000 1072 1001
f 1001 1072 1073
f 1001 1073 1002
f 1002 1073 1074
f 1002 1074 1003
f 1003 1074 1075
f 1003 1075 1004
f 1004 1075 1076
f 1004 1076 1005
f 1005 1076 1077
f 1005 1077 1006
f 1006 1077 1078
f 1006 1078 1007
f 1007 1078 1079
f 1007 1079 1008
f 1008 1079 1080
f 1008 1080 937
f 937 1080 1009
f 1009 1081 1010
f 1010 1081 1082
f 1010 1082 1011
f 1011 1082 1083
f 1011 1083 1012
f 1012 1083 1084
f 1012 1084 1013
f 1013 1084 1085
f 1013 1085 1014
f 1014 1085 1086
f 1014 1086 1015
f 1015 1086 1087
f 1015 1087 1016
f 1016 1087 1088
f 1016 1088 1017
f 1017 1088 1089
f 1017 1089 1018
f 1018 1089 1090
f 1018 1090 1019
f 1019 1090 1091
f 1019 1091 1020
f 1020 1091 1092
f 1020 1092 1021
f 1021 1092 1093
f 1021 1093 1022
f 1022 1093 1094
f 1022 1094 1023
f 1023 1094 1095
f 1023 1095 1024
f 1024 1095 1096
f 1024 1096 1025
f 1025 1096 1097
f 1025 1097 1026
f 1026 1097 1098
f 1026 1098 1027
f 1027 1098 1099
f 1027 1099 1028
f 1028 1099 1100
f 1028 1100 1029
f 1029 1100 1101
f 1029 1101 1030
f 1030 1101 1102
f 1030 1102 1031
f 1031 1102 1103
f 1031 1103 1032
f 1032 1103 1104
f 1032 1104 1033
f 1033 1104 1105
f 1033 1105 1034
f 1034 1105 1106
f 1034 1106 1035
f 1035 1106 1107
f 1035 1107 1036
f 1036 1107 1108
f 1036 1108 1037
f 1037 1108 1109
f 1037 1109 1038
f 1038 1109 1110
f 1038 1110 1039
f 1039 1110 1111
f 1039 1111 1040
f 1040 1111 1112
f 1040 1112 1041
f 1041 1112 1113
f 1041 1113 1042
f 1042 1113 1114
f 1042 1114 1043
f 1043 1114 1115
f 1043 1115 1044
f 1044 1115 1116
f 1044 1116 1045
f 1045 1116 1117
f 1045 1117 1046
f 1046 1117 1118
f 1046 1118 1047
f 1047 1118 1119
f 1047 1119 1048
f 1048 1119 1120
f 1048 1120 1049
f 1049 1120 1121
f 1049 1121 1050
f 1050 1121 1122
f 1050 1122 1051
f 1051 1122 1123
f 1051 1123 1052
f 1052 1123 1124
f 1052 1124 1053
f 1053 1124 1125
f 1053 1125 1054
f 1054 1125 1126
f 1054 1126 1055
f 1055 1126 1127
f 1055 1127 1056
f 1056 1127 1128
f 1056 1128 1057
f 1057 1128 1129
f 1057 1129 1058
f 1058 1129 1130
f 1058 1130 1059
f 1059 1130 1131
f 1059 1131 1060
f 1060 1131 1132
f 1060 1132 1061
f 1061 1132 1133
f 1061 1133 1062
f 1062 1133 1134
f 1062 1134 1063
f 1063 1134 1135
f 1063 1135 1064
f 1064 1135 1136
f 1064 1136 1065
f 1065 1136 1137
f 1065 1137 1066
f 1066 1137 1138
f 1066 1138 1067
f 1067 1138 1139
f 1067 1139 1068
f 1068 1139 1140
f 1068 1140 1069
f 1069 1140 1141
f 1069 1141 1070
f 1070 1141 1142
f 1070 1142 1071
f 1071 1142 1143
f 1071 1143 1072
f 1072 1143 1144
f 1072 1144 1073
f 1073 1144 1145
f 1073 1145 1074
f 1074 1145 1146
f 1074 1146 1075
f 1075 1146 1147
f 1075 1147 1076
f 1076 1147 1148
f 1076 1148 1077
f 1077 1148 1149
f 1077 1149 1078
f 1078 1149 1150
f 1078 1150 1079
f 1079 1150 1151
f 1079 1151 1080
f 1080 1151 1152
f 1080 1152 1009
f 1009 1152 1081
f 1081 1153 1082
f 1082 1153 1154
f 1082 1154 1083
f 1083 1154 1155
f 1083 1155 1084
f 1084 1155 1156
f 1084 1156 1085
f 1085 1156 1157
f 1085 1157 1086
f 1086 1157 1158
f 1086 1158 1087
f 1087 1158 1159
f 1087 1159 1088
f 1088 1159 1160
f 1088 1160 1089
f 1089 1160 1161
f 1089 1161 1090
f 1090 1161 1162
f 1090 1162 1091
f 1091 1162 1163
f 1091 1163 1092
f 1092 1163 1164
f 1092 1164 1093
f 1093 1164 1165
f 1093 1165 1094
f 1094 1165 1166
f 1094 1166 1095
f 1095 1166 1167
f 1095 1167 1096
f 1096 1167 1168
f 1096 1168 1097
f 1097 1168 1169
f 1097 1169 1098
f 1098 1169 1170
f 1098 1170 1099
f 1099 1170 1171
f 1099 1171 1100
f 1100 1171 1172
f 1100 1172 1101
f 1101 1172 1173
f 1101 1173 1102
f 1102 1173 1174
f 1102 1174 1103
f 1103 1174 1175
f 1103 1175 1104
f 1104 1175 1176
f 1104 1176 1105
f 1105 1176 1177
f 1105 1177 1106
f 1106 1177 1178
f 1106 1178 1107
f 1107 1178 1179
f 1107 1179 1108
f 1108 1179 1180
f 1108 1180 1109
f 1109 1180 1181
f 1109 1181 1110
f 1110 1181 1182
f 1110 1182 1111
f 1111 1182 1183
f 1111 1183 1112
f 1112 1183 1184
f 1112 1184 1113
f 1113 1184 1185
f 1113 1185 1114
f 1114 1185 1186
f 1114 1186 1115
f 1115 1186 1187
f 1115 1187 1116
f 1116 1187 1188
f 1116 1188 1117
f 1117 1188 1189
f 1117 1189 1118
f 1118 1189 1190
f 1118 1190 1119
f 1119 1190 1191
f 1119 1191 1120
f 1120 1191 1192
f 1120 1192 1121
f 1121 1192 1193
f 1121 1193 1122
f 1122 1193 1194
f 1122 1194 1123
f 1123 1194 1195
f 1123 1195 1124
f 1124 1195 1196
f 1124 1196 1125
f 1125 1196 1197
f 1125 1197 1126
f 1126 1197 1198
f 1126 1198 1127
f 1127 1198 1199
f 1127 1199 1128
f 1128 1199 1200
f 1128 1200 1129
f 1129 1200 1201
f 1129 1201 1130
f 1130 1201 1202
f 1130 1202 1131
f 1131 1202 1203
f 1131 1203 1132
f 1132 1203 1204
f 1132 1204 1133
f 1133 1204 1205
f 1133 1205 1134
f 1134 1205 1206
f 1134 1206 1135
f 1135 1206 1207
f 1135 1207 1136
f 1136 1207 1208
f 1136 1208 1137
f 1137 1208 1209
f 1137 1209 1138
f 1138 1209 1210
f 1138 1210 1139
f 1139 1210 1211
f 1139 1211 1140
f 1140 1211 1212
f 1140 1212 1141
f 1141 1212 1213
f 1141 1213 1142
f 1142 1213 1214
f 1142 1214 1143
f 1143 1214 1215
f 1143 1215 1144
f 1144 1215 1216
f 1144 1216 1145
f 1145 1216 1217
f 1145 1217 1146
f 1146 1217 1218
f 1146 1218 1147
f 1147 1218 1219
f 1147 1219 1148
f 1148 1219 1220
f 1148 1220 1149
f 1149 1220 1221
f 1149 1221 1150
f 1150 1221 1222
f 1150 1222 1151
f 1151 1222 1223
f 1151 1223 1152
f 1152 1223 1224
f 1152 1224 1081
f 1081 1224 1153
f 1153 1225 1154
f 1154 1225 1226
f 1154 1226 1155
f 1155 1226 1227
f 1155 1227 1156
f 1156 1227 1228
f 1156 1228 1157
f 1157 1228 1229
f 1157 1229 1158
f 1158 1229 1230
f 1158 1230 1159
f 1159 1230 1231
f 1159 1231 1160
f 1160 1231 1232
f 1160 1232 1161
f 1161 1232 1233
f 1161 1233 1162
f 1162 1233 1234
f 1162 1234 1163
f 1163 1234 1235
f 1163 1235 1164
f 1164 1235 1236
f 1164 1236 1165
f 1165 1236 1237
f 1165 1237 1166
f 1166 1237 1238
f 1166 1238 1167
f 1167 1238 1239
f 1167 1239 1168
f 1168 1239 1240
f 1168 1240 1169
f 1169 1240 1241
f 1169 1241 1170
f 1170 1241 1242
f 1170 1242 1171
f 1171 1242 1243
f 1171 1243 1172
f 1172 1243 1244
f 1172 1244 1173
f 1173 1244 1245
f 1173 1245 1174
f 1174 1245 1246
f 1174 1246 1175
f 1175 1246 1247
f 1175 1247 1176
f 1176 1247 1248
f 1176 1248 1177
f 1177 1248 1249
f 1177 1249 1178
f 1178 1249 1250
f 1178 1250 1179
f 1179 1250 1251
f 1179 1251 1180
f 1180 1251 1252
f 1180 1252 1181
f 1181 1252 1253
f 1181 1253 1182
f 1182 1253 1254
f 1182 1254 1183
f 1183 1254 1255
f 1183 1255 1184
f 1184 1255 1256
f 1184 1256 1185
f 1185 1256 1257
f 1185 1257 1186
f 1186 1257 1258
f 1186 1258 1187
f 1187 1258 1259
f 1187 1259 1188
f 1188 1259 1260
f 1188 1260 1189
f 1189 1260 1261
f 1189 1261 1190
f 1190 1261 1262
f 1190 1262 1191
f 1191 1262 1263
f 1191 1263 1192
f 1192 1263 1264
f 1192 1264 1193
f 1193 1264 1265
f 1193 1265 1194
f 1194 1265 1266
f 1194 1266 1195
f 1195 1266 1267
f 1195 1267 1196
f 1196 1267 1268
f 1196 1268 1197
f 1197 1268 1269
f 1197 1269 1198
f 1198 1269 1270
f 1198 1270 1199
f 1199 1270 1271
f 1199 1271 1200
f 1200 1271 1272
f 1200 1272 1201
f 1201 1272 1273
f 1201 1273 1202
f 1202 1273 1274
f 1202 1274 1203
f 1203 1274 1275
f 1203 1275 1204
f 1204 1275 1276
f 1204 1276 1205
f 1205 1276 1277
f 1205 1277 1206
f 1206 1277 1278
f 1206 1278 1207
f 1207 1278 1279
f 1207 1279 1208
f 1208 1279 1280
f 1208 1280 1209
f 1209 1280 1281
f 1209 1281 1210
f 1210 1281 1282
f 1210 1282 1211
f 1211 1282 1283
f 1211 1283 1212
f 1212 1283 1284
f 1212 1284 1213
f 1213 1284 1285
f 1213 1285 1214
f 1214 1285 1286
f 1214 1286 1215
f 1215 1286 1287
f 1215 1287 1216
f 1216 1287 1288
f 1216 1288 1217
f 1217 1288 1289
f 1217 1289 1218
f 1218 1289 1290
f 1218 1290 1219
f 1219 1290 1291
f 1219 1291 1220
f 1220 1291 1292
f 1220 1292 1221
f 1221 1292 1293
f 1221 1293 1222
f 1222 1293 1294
f 1222 1294 1223
f 1223 1294 1295
f 1223 1295 1224
f 1224 1295 1296
f 1224 1296 1153
f 1153 1296 1225
f 1225 1297 1226
f 1226 1297 1298
f 1226 1298 1227
f 1227 1298 1299
f 1227 1299 1228
f 1228 1299 1300
f 1228 1300 1229
f 1229 1300 1301
f 1229 1301 1230
f 1230 1301 1302
f 1230 1302 1231
f 1231 1302 1303
f 1231 1303 1232
f 1232 1303 1304
f 1232 1304 1233
f 1233 1304 1305
f 1233 1305 1234
f 1234 1305 1306
f 1234 1306 1235
f 1235 1306 1307
f 1235 1307 1236
f 1236 1307 1308
f 1236 1308 1237
f 1237 1308 1309
f 1237 1309 1238
f 1238 1309 1310
f 1238 1310 1239
f 1239 1310 1311
f 1239 1311 1240
f 1240 1311 1312
f 1240 1312 1241
f 1241 1312 1313
f 1241 1313 1242
f 1242 1313 1314
f 1242 1314 1243
f 1243 1314 1315
f 1243 1315 1244
f 1244 1315 1316
f 1244 1316 1245
f 1245 1316 1317
f 1245 1317 1246
f 1246 1317 1318
f 1246 1318 1247
f 1247 1318 1319
f 1247 1319 1248
f 1248 1319 1320
f 1248 1320 1249
f 1249 1320 1321
f 1249 1321 1250
f 1250 1321 1322
f 1250 1322 1251
f 1251 1322 1323
f 1251 1323 1252
f 1252 1323 1324
f 1252 1324 1253
f 1253 1324 1325
f 1253 1325 1254
f 1254 1325 1326
f 1254 1326 1255
f 1255 1326 1327
f 1255 1327 1256
f 1256 1327 1328
f 1256 1328 1257
f 1257 1328 1329
f 1257 1329 1258
f 1258 1329 1330
f 1258 1330 1259
f 1259 1330 1331
f 1259 1331 1260
f 1260 1331 1332
f 1260 1332 1261
f 1261 1332 1333
f 1261 1333 1262
f 1262 1333 1334
f 1262 1334 1263
f 1263 1334 1335
f 1263 1335 1264
f 1264 1335 1336
f 1264 1336 1265
f 1265 1336 1337
f 1265 1337 1266
f 1266 1337 1338
f 1266 1338 1267
f 1267 1338 1339
f 1267 1339 1268
f 1268 1339 1340
f 1268 1340 1269
f 1269 1340 1341
f 1269 1341 1270
f 1270 1341 1342
f 1270 1342 1271
f 1271 1342 1343
f 1271 1343 1272
f 1272 1343 1344
f 1272 1344 1273
f 1273 1344 1345
f 1273 1345 1274
f 1274 1345 1346
f 1274 1346 1275
f 1275 1346 1347
f 1275 1347 1276
f 1276 1347 1348
f 1276 1348 1277
f 1277 1348 1349
f 1277 1349 1278
f 1278 1349 1350
f 1278 1350 1279
f 1279 1350 1351
f 1279 1351 1280
f 1280 1351 1352
f 1280 1352 1281
f 1281 1352 1353
f 1281 1353 1282
f 1282 1353 1354
f 1282 1354 1283
f 1283 1354 1355
f 1283 1355 1284
f 1284 1355 1356
f 1284 1356 1285
f 1285 1356 1357
f 1285 1357 1286
f 1286 1357 1358
f 1286 1358 1287
f 1287 1358 1359
f 1287 1359 1288
f 1288 1359 1360
f 1288 1360 1289
f 1289 1360 1361
f 1289 1361 1290
f 1290 1361 1362
f 1290 1362 1291
f 1291 1362 1363
f 1291 1363 1292
f 1292 1363 1364
f 1292 1364 1293
f 1293 1364 1365
f 1293 1365 1294
f 1294 1365 1366
f 1294 1366 1295
f 1295 1366 1367
f 1295 1367 1296
f 1296 1367 1368
f 1296 1368 1225
f 1225 1368 1297
f 1297 1369 1298
f 1298 1369 1370
f 1298 1370 1299
f 1299 1370 1371
f 1299 1371 1300
f 1300 1371 1372
f 1300 1372 1301
f 1301 1372 1373
f 1301 1373 1302
f 1302 1373 1374
f 1302 1374 1303
f 1303 1374 1375
f 1303 1375 1304
f 1304 1375 1376
f 1304 1376 1305
f 1305 1376 1377
f 1305 1377 1306
f 1306 1377 1378
f 1306 1378 1307
f 1307 1378 1379
f 1307 1379 1308
f 1308 1379 1380
f 1308 1380 1309
f 1309 1380 1381
f 1309 1381 1310
f 1310 1381 1382
f 1310 1382 1311
f 1311 1382 1383
f 1311 1383 1312
f 1312 1383 1384
f 1312 1384 1313
f 1313 1384 1385
f 1313 1385 1314
f 1314 1385 1386
f 1314 1386 1315
f 1315 1386 1387
f 1315 1387 1316
f 1316 1387 1388
f 1316 1388 1317
f 1317 1388 1389
f 1317 1389 1318
f 1318 1389 1390
f 1318 1390 1319
f 1319 1390 1391
f 1319 1391 1320
f 1320 1391 1392
f 1320 1392 1321
f 1321 1392 1393
f 1321 1393 1322
f 1322 1393 1394
f 1322 1394 1323
f 1323 1394 1395
f 1323 1395 1324
f 1324 1395 1396
f 1324 1396 1325
f 1325 1396 1397
f 1325 1397 1326
f 1326 1397 1398
f 1326 1398 1327
f 1327 1398 1399
f 1327 1399 1328
f 1328 1399 1400
f 1328 1400 1329
f 1329 1400 1401
f 1329 1401 1330
f 1330 1401 1402
f 1330 1402 1331
f 1331 1402 1403
f 1331 1403 1332
f 1332 1403 1404
f 1332 1404 1333
f 1333 1404 1405
f 1333 1405 1334
f 1334 1405 1406
f 1334 1406 1335
f 1335 1406 1407
f 1335 1407 1336
f 1336 1407 1408
f 1336 1408 1337
f 1337 1408 1409
f 1337 1409 1338
f 1338 1409 1410
f 1338 1410 1339
f 1339 1410 1411
f 1339 1411 1340
f 1340 1411 1412
f 1340 1412 1341
f 1341 1412 1413
f 1341 1413 1342
f 1342 1413 1414
f 1342 1414 1343
f 1343 1414 1415
f 1343 1415 1344
f 1344 1415 1416
f 1344 1416 1345
f 1345 1416 1417
f 1345 1417 1346
f 1346 1417 1418
f 1346 1418 1347
f 1347 1418 1419
f 1347 1419 1348
f 1348 1419 1420
f 1348 1420 1349
f 1349 1420 1421
f 1349 1421 1350
f 1350 1421 1422
f 1350 1422 1351
f 1351 1422 1423
f 1351 1423 1352
f 1352 1423 1424
f 1352 1424 1353
f 1353 1424 1425
f 1353 1425 1354
f 1354 1425 1426
f 1354 1426 1355
f 1355 1426 1427
f 1355 1427 1356
f 1356 1427 1428
f 1356 1428 1357
f 1357 1428 1429
f 1357 1429 1358
f 1358 1429 1430
f 1358 1430 1359
f 1359 1430 1431
f 1359 1431 1360
f 1360 1431 1432
f 1360 1432 1361
f 1361 1432 1433
f 1361 1433 1362
f 1362 1433 1434
f 1362 1434 1363
f 1363 1434 1435
f 1363 1435 1364
f 1364 1435 1436
f 1364 1436 1365
f 1365 1436 1437
f 1365 1437 1366
f 1366 1437 1438
f 1366 1438 1367
f 1367 1438 1439
f 1367 1439 1368
f 1368 1439 1440
f 1368 1440 1297
f 1297 1440 1369
f 1369 1441 1370
f 1370 1441 1442
f 1370 1442 1371
f 1371 1442 1443
f 1371 1443 1372
f 1372 1443 1444
f 1372 1444 1373
f 1373 1444 1445
f 1373 1445 1374
f 1374 1445 1446
f 1374 1446 1375
f 1375 1446 1447
f 1375 1447 1376
f 1376 1447 1448
f 1376 1448 1377
f 1377 1448 1449
f 1377 1449 1378
f 1378 1449 1450
f 1378 1450 1379
f 1379 1450 1451
f 1379 1451 1380
f 1380 1451 1452
f 1380 1452 1381
f 1381 1452 1453
f 1381 1453 1382
f 1382 1453 1454
f 1382 1454 1383
f 1383 1454 1455
f 1383 1455 1384
f 1384 1455 1456
f 1384 1456 1385
f 1385 1456 1457
f 1385 1457 1386
f 1386 1457 1458
f 1386 1458 1387
f 1387 1458 1459
f 1387 1459 1388
f 1388 1459 1460
f 1388 1460 1389
f 1389 1460 1461
f 1389 1461 1390
f 1390 1461 1462
f 1390 1462 1391
f 1391 1462 1463
f 1391 1463 1392
f 1392 1463 1464
f 1392 1464 1393
f 1393 1464 1465
f 1393 1465 1394
f 1394 1465 1466
f 1394 1466 1395
f 1395 1466 1467
f 1395 1467 1396
f 1396 1467 1468
f 1396 1468 1397
f 1397 1468 1469
f 1397 1469 1398
f 1398 1469 1470
f 1398 1470 1399
f 1399 1470 1471
f 1399 1471 1400
f 1400 1471 1472
f 1400 1472 1401
f 1401 1472 1473
f 1401 1473 1402
f 1402 1473 1474
f 1402 1474 1403
f 1403 1474 1475
f 1403 1475 1404
f 1404 1475 1476
f 1404 1476 1405
f 1405 1476 1477
f 1405 1477 1406
f 1406 1477 1478
f 1406 1478 1407
f 1407 1478 1479
f 1407 1479 1408
f 1408 1479 1480
f 1408 1480 1409
f 1409 1480 1481
f 1409 1481 1410
f 1410 1481 1482
f 1410 1482 1411
f 1411 1482 1483
f 1411 1483 1412
f 1412 1483 1484
f 1412 1484 1413
f 1413 1484 1485
f 1413 1485 1414
f 1414 1485 1486
f 1414 1486 1415
f 1415 1486 1487
f 1415 1487 1416
f 1416 1487 1488
f 1416 1488 1417
f 1417 1488 1489
f 1417 1489 1418
f 1418 1489 1490
f 1418 1490 1419
f 1419 1490 1491
f 1419 1491 1420
f 1420 1491 1492
f 1420 1492 1421
f 1421 1492 1493
f 1421 1493 1422
f 1422 1493 1494
f 1422 1494 1423
f 1423 1494 1495
f 1423 1495 1424
f 1424 1495 1496
f 1424 1496 1425
f 1425 1496 1497
f 1425 1497 1426
f 1426 1497 1498
f 1426 1498 1427
f 1427 1498 1499
f 1427 1499 1428
f 1428 1499 1500
f 1428 1500 1429
f 1429 1500 1501
f 1429 1501 1430
f 1430 1501 1502
f 1430 1502 1431
f 1431 1502 1503
f 1431 1503 1432
f 1432 1503 1504
f 1432 1504 1433
f 1433 1504 1505
f 1433 1505 1434
f 1434 1505 1506
f 1434 1506 1435
f 1435 1506 1507
f 1435 1507 1436
f 1436 1507 1508
f 1436 1508 1437
f 1437 1508 1509
f 1437 1509 1438
f 1438 1509 1510
f 1438 1510 1439
f 1439 1510 1511
f 1439 1511 1440
f 1440 1511 1512
f 1440 1512 1369
f 1369 1512 1441
f 1441 1513 1442
f 1442 1513 1514
f 1442 1514 1443
f 1443 1514 1515
f 1443 1515 1444
f 1444 1515 1516
f 1444 1516 1445
f 1445 1516 1517
f 1445 1517 1446
f 1446 1517 1518
f 1446 1518 1447
f 1447 1518 1519
f 1447 1519 1448
f 1448 1519 1520
f 1448 1520 1449
f 1449 1520 1521
f 1449 1521 1450
f 1450 1521 1522
f 1450 1522 1451
f 1451 1522 1523
f 1451 1523 1452
f 1452 1523 1524
f 1452 1524 1453
f 1453 1524 1525
f 1453 1525 1454
f 1454 1525 1526
f 1454 1526 1455
f 1455 1526 1527
f 1455 1527 1456
f 1456 1527 1528
f 1456 1528 1457
f 1457 1528 1529
f 1457 1529 1458
f 1458 1529 1530
f 1458 1530 1459
f 1459 1530 1531
f 1459 1531 1460
f 1460 1531 1532
f 1460 1532 1461
f 1461 1532 1533
f 1461 1533 1462
f 1462 1533 1534
f 1462 1534 1463
f 1463 1534 1535
f 1463 1535 1464
f 1464 1535 1536
f 1464 1536 1465
f 1465 1536 1537
f 1465 1537 1466
f 1466 1537 1538
f 1466 1538 1467
f 1467 1538 1539
f 1467 1539 1468
f 1468 1539 1540
f 1468 1540 1469
f 1469 1540 1541
f 1469 1541 1470
f 1470 1541 1542
f 1470 1542 1471
f 1471 1542 1543
f 1471 1543 1472
f 1472 1543 1544
f 1472 1544 1473
f 1473 1544 1545
f 1473 1545 1474
f 1474 1545 1546
f 1474 1546 1475
f 1475 1546 1547
f 1475 1547 1476
f 1476 1547 1548
f 1476 1548 1477
f 1477 1548 1549
f 1477 1549 1478
f 1478 1549 1550
f 1478 1550 1479
f 1479 1550 1551
f 1479 1551 1480
f 1480 1551 1552
f 1480 1552 1481
f 1481 1552 1553
f 1481 1553 1482
f 1482 1553 1554
f 1482 1554 1483
f 1483 1554 1555
f 1483 1555 1484
f 1484 1555 1556
f 1484 1556 1485
f 1485 1556 1557
f 1485 1557 1486
f 1486 1557 1558
f 1486 1558 1487
f 1487 1558 1559
f 1487 1559 1488
f 1488 1559 1560
f 1488 1560 1489
f 1489 1560 1561
f 1489 1561 1490
f 1490 1561 1562
f 1490 1562 1491
f 1491 1562 1563
f 1491 1563 1492
f 1492 1563 1564
f 1492 1564 1493
f 1493 1564 1565
f 1493 1565 1494
f 1494 1565 1566
f 1494 1566 1495
f 1495 1566 1567
f 1495 1567 1496
f 1496 1567 1568
f 1496 1568 1497
f 1497 1568 1569
f 1497 1569 1498
f 1498 1569 1570
f 1498 1570 1499
f 1499 1570 1571
f 1499 1571 1500
f 1500 1571 1572
f 1500 1572 1501
f 1501 1572 1573
f 1501 1573 1502
f 1502 1573 1574
f 1502 1574 1503
f 1503 1574 1575
f 1503 1575 1504
f 1504 1575 1576
f 1504 1576 1505
f 1505 1576 1577
f 1505 1577 1506
f 1506 1577 1578
f 1506 1578 1507
f 1507 1578 1579
f 1507 1579 1508
f 1508 1579 1580
f 1508 1580 1509
f 1509 1580 1581
f 1509 1581 1510
f 1510 1581 1582
f 1510 1582 1511
f 1511 1582 1583
f 1511 1583 1512
f 1512 1583 1584
f 1512 1584 1441
f 1441 1584 1513
f 1513 1585 1514
f 1514 1585 1586
f 1514 1586 1515
f 1515 1586 1587
f 1515 1587 1516
f 1516 1587 1588
f 1516 1588 1517
f 1517 1588 1589
f 1517 1589 1518
f 1518 1589 1590
f 1518 1590 1519
f 1519 1590 1591
f 1519 1591 1520
f 1520 1591 1592
f 1520 1592 1521
f 1521 1592 1593
f 1521 1593 1522
f 1522 1593 1594
f 1522 1594 1523
f 1523 1594 1595
f 1523 1595 1524
f 1524 1595 1596
f 1524 1596 1525
f 1525 1596 1597
f 1525 1597 1526
f 1526 1597 1598
f 1526 1598 1527
f 1527 1598 1599
f 1527 1599 1528
f 1528 1599 1600
f 1528 1600 1529
f 1529 1600 1601
f 1529 1601 1530
f 1530 1601 1602
f 1530 1602 1531
f 1531 1602 1603
f 1531 1603 1532
f 1532 1603 1604
f 1532 1604 1533
f 1533 1604 1605
f 1533 1605 1534
f 1534 1605 1606
f 1534 1606 1535
f 1535 1606 1607
f 1535 1607 1536
f 1536 1607 1608
f 1536 1608 1537
f 1537 1608 1609
f 1537 1609 1538
f 1538 1609 1610
f 1538 1610 1539
f 1539 1610 1611
f 1539 1611 1540
f 1540 1611 1612
f 1540 1612 1541
f 1541 1612 1613
f 1541 1613 1542
f 1542 1613 1614
f 1542 1614 1543
f 1543 1614 1615
f 1543 1615 1544
f 1544 1615 1616
f 1544 1616 1545
f 1545 1616 1617
f 1545 1617 1546
f 1546 1617 1618
f 1546 1618 1547
f 1547 1618 1619
f 1547 1619 1548
f 1548 1619 1620
f 1548 1620 1549
f 1549 1620 1621
f 1549 1621 1550
f 1550 1621 1622
f 1550 1622 1551
f 1551 1622 1623
f 1551 1623 1552
f 1552 1623 1624
f 1552 1624 1553
f 1553 1624 1625
f 1553 1625 1554
f 1554 1625 1626
f 1554 1626 1555
f 1555 1626 1627
f 1555 1627 1556
f 1556 1627 1628
f 1556 1628 1557
f 1557 1628 1629
f 1557 1629 1558
f 1558 1629 1630
f 1558 1630 1559
f 1559 1630 1631
f 1559 1631 1560
f 1560 1631 1632
f 1560 1632 1561
f 1561 1632 1633
f 1561 1633 1562
f 1562 1633 1634
f 1562 1634 1563
f 1563 1634 1635
f 1563 1635 1564
f 1564 1635 1636
f 1564 1636 1565
f 1565 1636 1637
f 1565 1637 1566
f 1566 1637 1638
f 1566 1638 1567
f 1567 1638 1639
f 1567 1639 1568
f 1568 1639 1640
f 1568 1640 1569
f 1569 1640 1641
f 1569 1641 1570
f 1570 1641 1642
f 1570 1642 1571
f 1571 1642 1643
f 1571 1643 1572
f 1572 1643 1644
f 1572 1644 1573
f 1573 1644 1645
f 1573 1645 1574
f 1574 1645 1646
f 1574 1646 1575
f 1575 1646 1647
f 1575 1647 1576
f 1576 1647 1648
f 1576 1648 1577
f 1577 1648 1649
f 1577 1649 1578
f 1578 1649 1650
f 1578 1650 1579
f 1579 1650 1651
f 1579 1651 1580
f 1580 1651 1652
f 1580 1652 1581
f 1581 1652 1653
f 1581 1653 1582
f 1582 1653 1654
f 1582 1654 1583
f 1583 1654 1655
f 1583 1655 1584
f 1584 1655 1656
f 1584 1656 1513
f 1513 1656 1585
f 1585 1657 1586
f 1586 1657 1658
f 1586 1658 1587
f 1587 1658 1659
f 1587 1659 1588
f 1588 1659 1660
f 1588 1660 1589
f 1589 1660 1661
f 1589 1661 1590
f 1590 1661 1662
f 1590 1662 1591
f 1591 1662 1663
f 1591 1663 1592
f 1592 1663 1664
f 1592 1664 1593
f 1593 1664 1665
f 1593 1665 1594
f 1594 1665 1666
f 1594 1666 1595
f 1595 1666 1667
f 1595 1667 1596
f 1596 1667 1668
f 1596 1668 1597
f 1597 1668 1669
f 1597 1669 1598
f 1598 1669 1670
f 1598 1670 1599
f 1599 1670 1671
f 1599 1671 1600
f 1600 1671 1672
f 1600 1672 1601
f 1601 1672 1673
f 1601 1673 1602
f 1602 1673 1674
f 1602 1674 1603
f 1603 1674 1675
f 1603 1675 1604
f 1604 1675 1676
f 1604 1676 1605
f 1605 1676 1677
f 1605 1677 1606
f 1606 1677 1678
f 1606 1678 1607
f 1607 1678 1679
f 1607 1679 1608
f 1608 1679 1680
f 1608 1680 1609
f 1609 1680 1681
f 1609 1681 1610
f 1610 1681 1682
f 1610 1682 1611
f 1611 1682 1683
f 1611 1683 1612
f 1612 1683 1684
f 1612 1684 1613
f 1613 1684 1685
f 1613 1685 1614
f 1614 1685 1686
f 1614 1686 1615
f 1615 1686 1687
f 1615 1687 1616
f 1616 1687 1688
f 1616 1688 1617
f 1617 1688 1689
f 1617 1689 1618
f 1618 1689 1690
f 1618 1690 1619
f 1619 1690 1691
f 1619 1691 1620
f 1620 1691 1692
f 1620 1692 1621
f 1621 1692 1693
f 1621 1693 1622
f 1622 1693 1694
f 1622 1694 1623
f 1623 1694 1695
f 1623 1695 1624
f 1624 1695 1696
f 1624 1696 1625
f 1625 1696 1697
f 1625 1697 1626
f 1626 1697 1698
f 1626 1698 1627
f 1627 1698 1699
f 1627 1699 1628
f 1628 1699 1700
f 1628 1700 1629
f 1629 1700 1701
f 1629 1701 1630
f 1630 1701 1702
f 1630 1702 1631
f 1631 1702 1703
f 1631 1703 1632
f 1632 1703 1704
f 1632 1704 1633
f 1633 1704 1705
f 1633 1705 1634
f 1634 1705 1706
f 1634 1706 1635
f 1635 1706 1707
f 1635 1707 1636
f 1636 1707 1708
f 1636 1708 1637
f 1637 1708 1709
f 1637 1709 1638
f 1638 1709 1710
f 1638 1710 1639
f 1639 1710 1711
f 1639 1711 1640
f 1640 1711 1712
f 1640 1712 1641
f 1641 1712 1713
f 1641 1713 1642
f 1642 1713 1714
f 1642 1714 1643
f 1643 1714 1715
f 1643 1715 1644
f 1644 1715 1716
f 1644 1716 1645
f 1645 1716 1717
f 1645 1717 1646
f 1646 1717 1718
f 1646 1718 1647
f 1647 1718 1719
f 1647 1719 1648
f 1648 1719 1720
f 1648 1720 1649
f 1649 1720 1721
f 1649 1721 1650
f 1650 1721 1722
f 1650 1722 1651
f 1651 1722 1723
f 1651 1723 1652
f 1652 1723 1724
f 1652 1724 1653
f 1653 1724 1725
f 1653 1725 1654
f 1654 1725 1726
f 1654 1726 1655
f 1655 1726 1727
f 1655 1727 1656
f 1656 1727 1728
f 1656 1728 1585
f 1585 1728 1657
f 1657 1729 1658
f 1658 1729 1730
f 1658 1730 1659
f 1659 1730 1731
f 1659 1731 1660
f 1660 1731 1732
f 1660 1732 1661
f 1661 1732 1733
f 1661 1733 1662
f 1662 1733 1734
f 1662 1734 1663
f 1663 1734 1735
f 1663 1735 1664
f 1664 1735 1736
f 1664 1736 1665
f 1665 1736 1737
f 1665 1737 1666
f 1666 1737 1738
f 1666 1738 1667
f 1667 1738 1739
f 1667 1739 1668
f 1668 1739 1740
f 1668 1740 1669
f 1669 1740 1741
f 1669 1741 1670
f 1670 1741 1742
f 1670 1742 1671
f 1671 1742 1743
f 1671 1743 1672
f 1672 1743 1744
f 1672 1744 1673
f 1673 1744 1745
f 1673 1745 1674
f 1674 1745 1746
f 1674 1746 1675
f 1675 1746 1747
f 1675 1747 1676
f 1676 1747 1748
f 1676 1748 1677
f 1677 1748 1749
f 1677 1749 1678
f 1678 1749 1750
f 1678 1750 1679
f 1679 1750 1751
f 1679 1751 1680
f 1680 1751 1752
f 1680 1752 1681
f 1681 1752 1753
f 1681 1753 1682
f 1682 1753 1754
f 1682 1754 1683
f 1683 1754 1755
f 1683 1755 1684
f 1684 1755 1756
f 1684 1756 1685
f 1685 1756 1757
f 1685 1757 1686
f 1686 1757 1758
f 1686 1758 1687
f 1687 1758 1759
f 1687 1759 1688
f 1688 1759 1760
f 1688 1760 1689
f 1689 1760 1761
f 1689 1761 1690
f 1690 1761 1762
f 1690 1762 1691
f 1691 1762 1763
f 1691 1763 1692
f 1692 1763 1764
f 1692 1764 1693
f 1693 1764 1765
f 1693 1765 1694
f 1694 1765 1766
f 1694 1766 1695
f 1695 1766 1767
f 1695 1767 1696
f 1696 1767 1768
f 1696 1768 1697
f 1697 1768 1769
f 1697 1769 1698
f 1698 1769 1770
f 1698 1770 1699
f 1699 1770 1771
f 1699 1771 1700
f 1700 1771 1772
f 1700 1772 1701
f 1701 1772 1773
f 1701 1773 1702
f 1702 1773 1774
f 1702 1774 1703
f 1703 1774 1775
f 1703 1775 1704
f 1704 1775 1776
f 1704 1776 1705
f 1705 1776 1777
f 1705 1777 1706
f 1706 1777 1778
f 1706 1778 1707
f 1707 1778 1779
f 1707 1779 1708
f 1708 1779 1780
f 1708 1780 1709
f 1709 1780 1781
f 1709 1781 1710
f 1710 1781 1782
f 1710 1782 1711
f 1711 1782 1783
f 1711 1783 1712
f 1712 1783 1784
f 1712 1784 1713
f 1713 1784 1785
f 1713 1785 1714
f 1714 1785 1786
f 1714 1786 1715
f 1715 1786 1787
f 1715 1787 1716
f 1716 1787 1788
f 1716 1788 1717
f 1717 1788 1789
f 1717 1789 1718
f 1718 1789 1790
f 1718 1790 1719
f 1719 1790 1791
f 1719 1791 1720
f 1720 1791 1792
f 1720 1792 1721
f 1721 1792 1793
f 1721 1793 1722
f 1722 1793 1794
f 1722 1794 1723
f 1723 1794 1795
f 1723 1795 1724
f 1724 1795 1796
f 1724 1796 1725
f 1725 1796 1797
f 1725 1797 1726
f 1726 1797 1798
f 1726 1798 1727
f 1727 1798 1799
f 1727 1799 1728
f 1728 1799 1800
f 1728 1800 1657
f 1657 1800 1729
f 1729 1801 1730
f 1730 1801 1802
f 1730 1802 1731
f 1731 1802 1803
f 1731 1803 1732
f 1732 1803 1804
f 1732 1804 1733
f 1733 1804 1805
f 1733 1805 1734
f 1734 1805 1806
f 1734 1806 1735
f 1735 1806 1807
f 1735 1807 1736
f 1736 1807 1808
f 1736 1808 1737
f 1737 1808 1809
f 1737 1809 1738
f 1738 1809 1810
f 1738 1810 1739
f 1739 1810 1811
f 1739 1811 1740
f 1740 1811 1812
f 1740 1812 1741
f 1741 1812 1813
f 1741 1813 1742
f 1742 1813 1814
f 1742 1814 1743
f 1743 1814 1815
f 1743 1815 1744
f 1744 1815 1816
f 1744 1816 1745
f 1745 1816 1817
f 1745 1817 1746
f 1746 1817 1818
f 1746 1818 1747
f 1747 1818 1819
f 1747 1819 1748
f 1748 1819 1820
f 1748 1820 1749
f 1749 1820 1821
f 1749 1821 1750
f 1750 1821 1822
f 1750 1822 1751
f 1751 1822 1823
f 1751 1823 1752
f 1752 1823 1824
f 1752 1824 1753
f 1753 1824 1825
f 1753 1825 1754
f 1754 1825 1826
f 1754 1826 1755
f 1755 1826 1827
f 1755 1827 1756
f 1756 1827 1828
f 1756 1828 1757
f 1757 1828 1829
f 1757 1829 1758
f 1758 1829 1830
f 1758 1830 1759
f 1759 1830 1831
f 1759 1831 1760
f 1760 1831 1832
f 1760 1832 1761
f 1761 1832 1833
f 1761 1833 1762
f 1762 1833 1834
f 1762 1834 1763
f 1763 1834 1835
f 1763 1835 1764
f 1764 1835 1836
f 1764 1836 1765
f 1765 1836 1837
f 1765 1837 1766
f 1766 1837 1838
f 1766 1838 1767
f 1767 1838 1839
f 1767 1839 1768
f 1768 1839 1840
f 1768 1840 1769
f 1769 1840 1841
f 1769 1841 1770
f 1770 1841 1842
f 1770 1842 1771
f 1771 1842 1843
f 1771 1843 1772
f 1772 1843 1844
f 1772 1844 1773
f 1773 1844 1845
f 1773 1845 1774
f 1774 1845 1846
f 1774 1846 1775
f 1775 1846 1847
f 1775 1847 1776
f 1776 1847 1848
f 1776 1848 1777
f 1777 1848 1849
f 1777 1849 1778
f 1778 1849 1850
f 1778 1850 1779
f 1779 1850 1851
f 1779 1851 1780
f 1780 1851 1852
f 1780 1852 1781
f 1781 1852 1853
f 1781 1853 1782
f 1782 1853 1854
f 1782 1854 1783
f 1783 1854 1855
f 1783 1855 1784
f 1784 1855 1856
f 1784 1856 1785
f 1785 1856 1857
f 1785 1857 1786
f 1786 1857 1858
f 1786 1858 1787
f 1787 1858 1859
f 1787 1859 1788
f 1788 1859 1860
f 1788 1860 1789
f 1789 1860 1861
f 1789 1861 1790
f 1790 1861 1862
f 1790 1862 1791
f 1791 1862 1863
f 1791 1863 1792
f 1792 1863 1864
f 1792 1864 1793
f 1793 1864 1865
f 1793 1865 1794
f 1794 1865 1866
f 1794 1866 1795
f 1795 1866 1867
f 1795 1867 1796
f 1796 1867 1868
f 1796 1868 1797
f 1797 1868 1869
f 1797 1869 1798
f 1798 1869 1870
f 1798 1870 1799
f 1799 1870 1871
f 1799 1871 1800
f 1800 1871 1872
f 1800 1872 1729
f 1729 1872 1801
f 1801 1873 1802
f 1802 1873 1874
f 1802 1874 1803
f 1803 1874 1875
f 1803 1875 1804
f 1804 1875 1876
f 1804 1876 1805
f 1805 1876 1877
f 1805 1877 1806
f 1806 1877 1878
f 1806 1878 1807
f 1807 1878 1879
f 1807 1879 1808
f 1808 1879 1880
f 1808 1880 1809
f 1809 1880 1881
f 1809 1881 1810
f 1810 1881 1882
f 1810 1882 1811
f 1811 1882 1883
f 1811 1883 1812
f 1812 1883 1884
f 1812 1884 1813
f 1813 1884 1885
f 1813 1885 1814
f 1814 1885 1886
f 1814 1886 1815
f 1815 1886 1887
f 1815 1887 1816
f 1816 1887 1888
f 1816 1888 1817
f 1817 1888 1889
f 1817 1889 1818
f 1818 1889 1890
f 1818 1890 1819
f 1819 1890 1891
f 1819 1891 1820
f 1820 1891 1892
f 1820 1892 1821
f 1821 1892 1893
f 1821 1893 1822
f 1822 1893 1894
f 1822 1894 1823
f 1823 1894 1895
f 1823 1895 1824
f 1824 1895 1896
f 1824 1896 1825
f 1825 1896 1897
f 1825 1897 1826
f 1826 1897 1898
f 1826 1898 1827
f 1827 1898 1899
f 1827 1899 1828
f 1828 1899 1900
f 1828 1900 1829
f 1829 1900 1901
f 1829 1901 1830
f 1830 1901 1902
f 1830 1902 1831
f 1831 1902 1903
f 1831 1903 1832
f 1832 1903 1904
f 1832 1904 1833
f 1833 1904 1905
f 1833 1905 1834
f 1834 1905 1906
f 1834 1906 1835
f 1835 1906 1907
f 1835 1907 1836
f 1836 1907 1908
f 1836 1908 1837
f 1837 1908 1909
f 1837 1909 1838
f 1838 1909 1910
f 1838 1910 1839
f 1839 1910 1911
f 1839 1911 1840
f 1840 1911 1912
f 1840 1912 1841
f 1841 1912 1913
f 1841 1913 1842
f 1842 1913 1914
f 1842 1914 1843
f 1843 1914 1915
f 1843 1915 1844
f 1844 1915 1916
f 1844 1916 1845
f 1845 1916 1917
f 1845 1917 1846
f 1846 1917 1918
f 1846 1918 1847
f 1847 1918 1919
f 1847 1919 1848
f 1848 1919 1920
f 1848 1920 1849
f 1849 1920 1921
f 1849 1921 1850
f 1850 1921 1922
f 1850 1922 1851
f 1851 1922 1923
f 1851 1923 1852
f 1852 1923 1924
f 1852 1924 1853
f 1853 1924 1925
f 1853 1925 1854
f 1854 1925 1926
f 1854 1926 1855
f 1855 1926 1927
f 1855 1927 1856
f 1856 1927 1928
f 1856 1928 1857
f 1857 1928 1929
f 1857 1929 1858
f 1858 1929 1930
f 1858 1930 1859
f 1859 1930 1931
f 1859 1931 1860
f 1860 1931 1932
f 1860 1932 1861
f 1861 1932 1933
f 1861 1933 1862
f 1862 1933 1934
f 1862 1934 1863
f 1863 1934 1935
f 1863 1935 1864
f 1864 1935 1936
f 1864 1936 1865
f 1865 1936 1937
f 1865 1937 1866
f 1866 1937 1938
f 1866 1938 1867
f 1867 1938 1939
f 1867 1939 1868
f 1868 1939 1940
f 1868 1940 1869
f 1869 1940 1941
f 1869 1941 1870
f 1870 1941 1942
f 1870 1942 1871
f 1871 1942 1943
f 1871 1943 1872
f 1872 1943 1944
f 1872 1944 1801
f 1801 1944 1873
f 1873 1945 1874
f 1874 1945 1946
f 1874 1946 1875
f 1875 1946 1947
f 1875 1947 1876
f 1876 1947 1948
f 1876 1948 1877
f 1877 1948 1949
f 1877 1949 1878
f 1878 1949 1950
f 1878 1950 1879
f 1879 1950 1951
f 1879 1951 1880
f 1880 1951 1952
f 1880 1952 1881
f 1881 1952 1953
f 1881 1953 1882
f 1882 1953 1954
f 1882 1954 1883
f 1883 1954 1955
f 1883 1955 1884
f 1884 1955 1956
f 1884 1956 1885
f 1885 1956 1957
f 1885 1957 1886
f 1886 1957 1958
f 1886 1958 1887
f 1887 1958 1959
f 1887 1959 1888
f 1888 1959 1960
f 1888 1960 1889
f 1889 1960 1961
f 1889 1961 1890
f 1890 1961 1962
f 1890 1962 1891
f 1891 1962 1963
f 1891 1963 1892
f 1892 1963 1964
f 1892 1964 1893
f 1893 1964 1965
f 1893 1965 1894
f 1894 1965 1966
f 1894 1966 1895
f 1895 1966 1967
f 1895 1967 1896
f 1896 1967 1968
f 1896 1968 1897
f 1897 1968 1969
f 1897 1969 1898
f 1898 1969 1970
f 1898 1970 1899
f 1899 1970 1971
f 1899 1971 1900
f 1900 1971 1972
f 1900 1972 1901
f 1901 1972 1973
f 1901 1973 1902
f 1902 1973 1974
f 1902 1974 1903
f 1903 1974 1975
f 1903 1975 1904
f 1904 1975 1976
f 1904 1976 1905
f 1905 1976 1977
f 1905 1977 1906
f 1906 1977 1978
f 1906 1978 1907
f 1907 1978 1979
f 1907 1979 1908
f 1908 1979 1980
f 1908 1980 1909
f 1909 1980 1981
f 1909 1981 1910
f 1910 1981 1982
f 1910 1982 1911
f 1911 1982 1983
f 1911 1983 1912
f 1912 1983 1984
f 1912 1984 1913
f 1913 1984 1985
f 1913 1985 1914
f 1914 1985 1986
f 1914 1986 1915
f 1915 1986 1987
f 1915 1987 1916
f 1916 1987 1988
f 1916 1988 1917
f 1917 1988 1989
f 1917 1989 1918
f 1918 1989 1990
f 1918 1990 1919
f 1919 1990 1991
f 1919 1991 1920
f 1920 1991 1992
f 1920 1992 1921
f 1921 1992 1993
f 1921 1993 1922
f 1922 1993 1994
f 1922 1994 1923
f 1923 1994 1995
f 1923 1995 1924
f 1924 1995 1996
f 1924 1996 1925
f 1925 1996 1997
f 1925 1997 1926
f 1926 1997 1998
f 1926 1998 1927
f 1927 1998 1999
f 1927 1999 1928
f 1928 1999 2000
f 1928 2000 1929
f 1929 2000 2001
f 1929 2001 1930
f 1930 2001 2002
f 1930 2002 1931
f 1931 2002 2003
f 1931 2003 1932
f 1932 2003 2004
f 1932 2004 1933
f 1933 2004 2005
f 1933 2005 1934
f 1934 2005 2006
f 1934 2006 1935
f 1935 2006 2007
f 1935 2007 1936
f 1936 2007 2008
f 1936 2008 1937
f 1937 2008 2009
f 1937 2009 1938
f 1938 2009 2010
f 1938 2010 1939
f 1939 2010 2011
f 1939 2011 1940
f 1940 2011 2012
f 1940 2012 1941
f 1941 2012 2013
f 1941 2013 1942
f 1942 2013 2014
f 1942 2014 1943
f 1943 2014 2015
f 1943 2015 1944
f 1944 2015 2016
f 1944 2016 1873
f 1873 2016 1945
f 1945 2017 1946
f 1946 2017 2018
f 1946 2018 1947
f 1947 2018 2019
f 1947 2019 1948
f 1948 2019 2020
f 1948 2020 1949
f 1949 2020 2021
f 1949 2021 1950
f 1950 2021 2022
f 1950 2022 1951
f 1951 2022 2023
f 1951 2023 1952
f 1952 2023 2024
f 1952 2024 1953
f 1953 2024 2025
f 1953 2025 1954
f 1954 2025 2026
f 1954 2026 1955
f 1955 2026 2027
f 1955 2027 1956
f 1956 2027 2028
f 1956 2028 1957
f 1957 2028 2029
f 1957 2029 1958
f 1958 2029 2030
f 1958 2030 1959
f 1959 2030 2031
f 1959 2031 1960
f 1960 2031 2032
f 1960 2032 1961
f 1961 2032 2033
f 1961 2033 1962
f 1962 2033 2034
f 1962 2034 1963
f 1963 2034 2035
f 1963 2035 1964
f 1964 2035 2036
f 1964 2036 1965
f 1965 2036 2037
f 1965 2037 1966
f 1966 2037 2038
f 1966 2038 1967
f 1967 2038 2039
f 1967 2039 1968
f 1968 2039 2040
f 1968 2040 1969
f 1969 2040 2041
f 1969 2041 1970
f 1970 2041 2042
f 1970 2042 1971
f 1971 2042 2043
f 1971 2043 1972
f 1972 2043 2044
f 1972 2044 1973
f 1973 2044 2045
f 1973 2045 1974
f 1974 2045 2046
f 1974 2046 1975
f 1975 2046 2047
f 1975 2047 1976
f 1976 2047 2048
f 1976 2048 1977
f 1977 2048 2049
f 1977 2049 1978
f 1978 2049 2050
f 1978 2050 1979
f 1979 2050 2051
f 1979 2051 1980
f 1980 2051 2052
f 1980 2052 1981
f 1981 2052 2053
f 1981 2053 1982
f 1982 2053 2054
f 1982 2054 1983
f 1983 2054 2055
f 1983 2055 1984
f 1984 2055 2056
f 1984 2056 1985
f 1985 2056 2057
f 1985 2057 1986
f 1986 2057 2058
f 1986 2058 1987
f 1987 2058 2059
f 1987 2059 1988
f 1988 2059 2060
f 1988 2060 1989
f 1989 2060 2061
f 1989 2061 1990
f 1990 2061 2062
f 1990 2062 1991
f 1991 2062 2063
f 1991 2063 1992
f 1992 2063 2064
f 1992 2064 1993
f 1993 2064 2065
f 1993 2065 1994
f 1994 2065 2066
f 1994 2066 1995
f 1995 2066 2067
f 1995 2067 1996
f 1996 2067 2068
f 1996 2068 1997
f 1997 2068 2069
f 1997 2069 1998
f 1998 2069 2070
f 1998 2070 1999
f 1999 2070 2071
f 1999 2071 2000
f 2000 2071 2072
f 2000 2072 2001
f 2001 2072 2073
f 2001 2073 2002
f 2002 2073 2074
f 2002 2074 2003
f 2003 2074 2075
f 2003 2075 2004
f 2004 2075 2076
f 2004 2076 2005
f 2005 2076 2077
f 2005 2077 2006
f 2006 2077 2078
f 2006 2078 2007
f 2007 2078 2079
f 2007 2079 2008
f 2008 2079 2080
f 2008 2080 2009
f 2009 2080 2081
f 2009 2081 2010
f 2010 2081 2082
f 2010 2082 2011
f 2011 2082 2083
f 2011 2083 2012
f 2012 2083 2084
f 2012 2084 2013
f 2013 2084 2085
f 2013 2085 2014
f 2014 2085 2086
f 2014 2086 2015
f 2015 2086 2087
f 2015 2087 2016
f 2016 2087 2088
f 2016 2088 1945
f 1945 2088 2017
f 2017 2089 2018
f 2018 2089 2090
f 2018 2090 2019
f 2019 2090 2091
f 2019 2091 2020
f 2020 2091 2092
f 2020 2092 2021
f 2021 2092 2093
f 2021 2093 2022
f 2022 2093 2094
f 2022 2094 2023
f 2023 2094 2095
f 2023 2095 2024
f 2024 2095 2096
f 2024 2096 2025
f 2025 2096 2097
f 2025 2097 2026
f 2026 2097 2098
f 2026 2098 2027
f 2027 2098 2099
f 2027 2099 2028
f 2028 2099 2100
f 2028 2100 2029
f 2029 2100 2101
f 2029 2101 2030
f 2030 2101 2102
f 2030 2102 2031
f 2031 2102 2103
f 2031 2103 2032
f 2032 2103 2104
f 2032 2104 2033
f 2033 2104 2105
f 2033 2105 2034
f 2034 2105 2106
f 2034 2106 2035
f 2035 2106 2107
f 2035 2107 2036
f 2036 2107 2108
f 2036 2108 2037
f 2037 2108 2109
f 2037 2109 2038
f 2038 2109 2110
f 2038 2110 2039
f 2039 2110 2111
f 2039 2111 2040
f 2040 2111 2112
f 2040 2112 2041
f 2041 2112 2113
f 2041 2113 2042
f 2042 2113 2114
f 2042 2114 2043
f 2043 2114 2115
f 2043 2115 2044
f 2044 2115 2116
f 2044 2116 2045
f 2045 2116 2117
f 2045 2117 2046
f 2046 2117 2118
f 2046 2118 2047
f 2047 2118 2119
f 2047 2119 2048
f 2048 2119 2120
f 2048 2120 2049
f 2049 2120 2121
f 2049 2121 2050
f 2050 2121 2122
f 2050 2122 2051
f 2051 2122 2123
f 2051 2123 2052
f 2052 2123 2124
f 2052 2124 2053
f 2053 2124 2125
f 2053 2125 2054
f 2054 2125 2126
f 2054 2126 2055
f 2055 2126 2127
f 2055 2127 2056
f 2056 2127 2128
f 2056 2128 2057
f 2057 2128 2129
f 2057 2129 2058
f 2058 2129 2130
f 2058 2130 2059
f 2059 2130 2131
f 2059 2131 2060
f 2060 2131 2132
f 2060 2132 2061
f 2061 2132 2133
f 2061 2133 2062
f 2062 2133 2134
f 2062 2134 2063
f 2063 2134 2135
f 2063 2135 2064
f 2064 2135 2136
f 2064 2136 2065
f 2065 2136 2137
f 2065 2137 2066
f 2066 2137 2138
f 2066 2138 2067
f 2067 2138 2139
f 2067 2139 2068
f 2068 2139 2140
f 2068 2140 2069
f 2069 2140 2141
f 2069 2141 2070
f 2070 2141 2142
f 2070 2142 2071
f 2071 2142 2143
f 2071 2143 2072
f 2072 2143 2144
f 2072 2144 2073
f 2073 2144 2145
f 2073 2145 2074
f 2074 2145 2146
f 2074 2146 2075
f 2075 2146 2147
f 2075 2147 2076
f 2076 2147 2148
f 2076 2148 2077
f 2077 2148 2149
f 2077 2149 2078
f 2078 2149 2150
f 2078 2150 2079
f 2079 2150 2151
f 2079 2151 2080
f 2080 2151 2152
f 2080 2152 2081
f 2081 2152 2153
f 2081 2153 2082
f 2082 2153 2154
f 2082 2154 2083
f 2083 2154 2155
f 2083 2155 2084
f 2084 2155 2156
f 2084 2156 2085
f 2085 2156 2157
f 2085 2157 2086
f 2086 2157 2158
f 2086 2158 2087
f 2087 2158 2159
f 2087 2159 2088
f 2088 2159 2160
f 2088 2160 2017
f 2017 2160 2089
f 2089 2161 2090
f 2090 2161 2162
f 2090 2162 2091
f 2091 2162 2163
f 2091 2163 2092
f 2092 2163 2164
f 2092 2164 2093
f 2093 2164 2165
f 2093 2165 2094
f 2094 2165 2166
f 2094 2166 2095
f 2095 2166 2167
f 2095 2167 2096
f 2096 2167 2168
f 2096 2168 2097
f 2097 2168 2169
f 2097 2169 2098
f 2098 2169 2170
f 2098 2170 2099
f 2099 2170 2171
f 2099 2171 2100
f 2100 2171 2172
f 2100 2172 2101
f 2101 2172 2173
f 2101 2173 2102
f 2102 2173 2174
f 2102 2174 2103
f 2103 2174 2175
f 2103 2175 2104
f 2104 2175 2176
f 2104 2176 2105
f 2105 2176 2177
f 2105 2177 2106
f 2106 2177 2178
f 2106 2178 2107
f 2107 2178 2179
f 2107 2179 2108
f 2108 2179 2180
f 2108 2180 2109
f 2109 2180 2181
f 2109 2181 2110
f 2110 2181 2182
f 2110 2182 2111
f 2111 2182 2183
f 2111 2183 2112
f 2112 2183 2184
f 2112 2184 2113
f 2113 2184 2185
f 2113 2185 2114
f 2114 2185 2186
f 2114 2186 2115
f 2115 2186 2187
f 2115 2187 2116
f 2116 2187 2188
f 2116 2188 2117
f 2117 2188 2189
f 2117 2189 2118
f 2118 2189 2190
f 2118 2190 2119
f 2119 2190 2191
f 2119 2191 2120
f 2120 2191 2192
f 2120 2192 2121
f 2121 2192 2193
f 2121 2193 2122
f 2122 2193 2194
f 2122 2194 2123
f 2123 2194 2195
f 2123 2195 2124
f 2124 2195 2196
f 2124 2196 2125
f 2125 2196 2197
f 2125 2197 2126
f 2126 2197 2198
f 2126 2198 2127
f 2127 2198 2199
f 2127 2199 2128
f 2128 2199 2200
f 2128 2200 2129
f 2129 2200 2201
f 2129 2201 2130
f 2130 2201 2202
f 2130 2202 2131
f 2131 2202 2203
f 2131 2203 2132
f 2132 2203 2204
f 2132 2204 2133
f 2133 2204 2205
f 2133 2205 2134
f 2134 2205 2206
f 2134 2206 2135
f 2135 2206 2207
f 2135 2207 2136
f 2136 2207 2208
f 2136 2208 2137
f 2137 2208 2209
f 2137 2209 2138
f 2138 2209 2210
f 2138 2210 2139
f 2139 2210 2211
f 2139 2211 2140
f 2140 2211 2212
f 2140 2212 2141
f 2141 2212 2213
f 2141 2213 2142
f 2142 2213 2214
f 2142 2214 2143
f 2143 2214 2215
f 2143 2215 2144
f 2144 2215 2216
f 2144 2216 2145
f 2145 2216 2217
f 2145 2217 2146
f 2146 2217 2218
f 2146 2218 2147
f 2147 2218 2219
f 2147 2219 2148
f 2148 2219 2220
f 2148 2220 2149
f 2149 2220 2221
f 2149 2221 2150
f 2150 2221 2222
f 2150 2222 2151
f 2151 2222 2223
f 2151 2223 2152
f 2152 2223 2224
f 2152 2224 2153
f 2153 2224 2225
f 2153 2225 2154
f 2154 2225 2226
f 2154 2226 2155
f 2155 2226 2227
f 2155 2227 2156
f 2156 2227 2228
f 2156 2228 2157
f 2157 2228 2229
f 2157 2229 2158
f 2158 2229 2230
f 2158 2230 2159
f 2159 2230 2231
f 2159 2231 2160
f 2160 2231 2232
f 2160 2232 2089
f 2089 2232 2161
f 2161 2233 2162
f 2162 2233 2234
f 2162 2234 2163
f 2163 2234 2235
f 2163 2235 2164
f 2164 2235 2236
f 2164 2236 2165
f 2165 2236 2237
f 2165 2237 2166
f 2166 2237 2238
f 2166 2238 2167
f 2167 2238 2239
f 2167 2239 2168
f 2168 2239 2240
f 2168 2240 2169
f 2169 2240 2241
f 2169 2241 2170
f 2170 2241 2242
f 2170 2242 2171
f 2171 2242 2243
f 2171 2243 2172
f 2172 2243 2244
f 2172 2244 2173
f 2173 2244 2245
f 2173 2245 2174
f 2174 2245 2246
f 2174 2246 2175
f 2175 2246 2247
f 2175 2247 2176
f 2176 2247 2248
f 2176 2248 2177
f 2177 2248 2249
f 2177 2249 2178
f 2178 2249 2250
f 2178 2250 2179
f 2179 2250 2251
f 2179 2251 2180
f 2180 2251 2252
f 2180 2252 2181
f 2181 2252 2253
f 2181 2253 2182
f 2182 2253 2254
f 2182 2254 2183
f 2183 2254 2255
f 2183 2255 2184
f 2184 2255 2256
f 2184 2256 2185
f 2185 2256 2257
f 2185 2257 2186
f 2186 2257 2258
f 2186 2258 2187
f 2187 2258 2259
f 2187 2259 2188
f 2188 2259 2260
f 2188 2260 2189
f 2189 2260 2261
f 2189 2261 2190
f 2190 2261 2262
f 2190 2262 2191
f 2191 2262 2263
f 2191 2263 2192
f 2192 2263 2264
f 2192 2264 2193
f 2193 2264 2265
f 2193 2265 2194
f 2194 2265 2266
f 2194 2266 2195
f 2195 2266 2267
f 2195 2267 2196
f 2196 2267 2268
f 2196 2268 2197
f 2197 2268 2269
f 2197 2269 2198
f 2198 2269 2270
f 2198 2270 2199
f 2199 2270 2271
f 2199 2271 2200
f 2200 2271 2272
f 2200 2272 2201
f 2201 2272 2273
f 2201 2273 2202
f 2202 2273 2274
f 2202 2274 2203
f 2203 2274 2275
f 2203 2275 2204
f 2204 2275 2276
f 2204 2276 2205
f 2205 2276 2277
f 2205 2277 2206
f 2206 2277 2278
f 2206 2278 2207
f 2207 2278 2279
f 2207 2279 2208
f 2208 2279 2280
f 2208 2280 2209
f 2209 2280 2281
f 2209 2281 2210
f 2210 2281 2282
f 2210 2282 2211
f 2211 2282 2283
f 2211 2283 2212
f 2212 2283 2284
f 2212 2284 2213
f 2213 2284 2285
f 2213 2285 2214
f 2214 2285 2286
f 2214 2286 2215
f 2215 2286 2287
f 2215 2287 2216
f 2216 2287 2288
f 2216 2288 2217
f 2217 2288 2289
f 2217 2289 2218
f 2218 2289 2290
f 2218 2290 2219
f 2219 2290 2291
f 2219 2291 2220
f 2220 2291 2292
f 2220 2292 2221
f 2221 2292 2293
f 2221 2293 2222
f 2222 2293 2294
f 2222 2294 2223
f 2223 2294 2295
f 2223 2295 2224
f 2224 2295 2296
f 2224 2296 2225
f 2225 2296 2297
f 2225 2297 2226
f 2226 2297 2298
f 2226 2298 2227
f 2227 2298 2299
f 2227 2299 2228
f 2228 2299 2300
f 2228 2300 2229
f 2229 2300 2301
f 2229 2301 2230
f 2230 2301 2302
f 2230 2302 2231
f 2231 2302 2303
f 2231 2303 2232
f 2232 2303 2304
f 2232 2304 2161
f 2161 2304 2233
f 2233 2305 2234
f 2234 2305 2306
f 2234 2306 2235
f 2235 2306 2307
f 2235 2307 2236
f 2236 2307 2308
f 2236 2308 2237
f 2237 2308 2309
f 2237 2309 2238
f 2238 2309 2310
f 2238 2310 2239
f 2239 2310 2311
f 2239 2311 2240
f 2240 2311 2312
f 2240 2312 2241
f 2241 2312 2313
f 2241 2313 2242
f 2242 2313 2314
f 2242 2314 2243
f 2243 2314 2315
f 2243 2315 2244
f 2244 2315 2316
f 2244 2316 2245
f 2245 2316 2317
f 2245 2317 2246
f 2246 2317 2318
f 2246 2318 2247
f 2247 2318 2319
f 2247 2319 2248
f 2248 2319 2320
f 2248 2320 2249
f 2249 2320 2321
f 2249 2321 2250
f 2250 2321 2322
f 2250 2322 2251
f 2251 2322 2323
f 2251 2323 2252
f 2252 2323 2324
f 2252 2324 2253
f 2253 2324 2325
f 2253 2325 2254
f 2254 2325 2326
f 2254 2326 2255
f 2255 2326 2327
f 2255 2327 2256
f 2256 2327 2328
f 2256 2328 2257
f 2257 2328 2329
f 2257 2329 2258
f 2258 2329 2330
f 2258 2330 2259
f 2259 2330 2331
f 2259 2331 2260
f 2260 2331 2332
f 2260 2332 2261
f 2261 2332 2333
f 2261 2333 2262
f 2262 2333 2334
f 2262 2334 2263
f 2263 2334 2335
f 2263 2335 2264
f 2264 2335 2336
f 2264 2336 2265
f 2265 2336 2337
f 2265 2337 2266
f 2266 2337 2338
f 2266 2338 2267
f 2267 2338 2339
f 2267 2339 2268
f 2268 2339 2340
f 2268 2340 2269
f 2269 2340 2341
f 2269 2341 2270
f 2270 2341 2342
f 2270 2342 2271
f 2271 2342 2343
f 2271 2343 2272
f 2272 2343 2344
f 2272 2344 2273
f 2273 2344 2345
f 2273 2345 2274
f 2274 2345 2346
f 2274 2346 2275
f 2275 2346 2347
f 2275 2347 2276
f 2276 2347 2348
f 2276 2348 2277
f 2277 2348 2349
f 2277 2349 2278
f 2278 2349 2350
f 2278 2350 2279
f 2279 2350 2351
f 2279 2351 2280
f 2280 2351 2352
f 2280 2352 2281
f 2281 2352 2353
f 2281 2353 2282
f 2282 2353 2354
f 2282 2354 2283
f 2283 2354 2355
f 2283 2355 2284
f 2284 2355 2356
f 2284 2356 2285
f 2285 2356 2357
f 2285 2357 2286
f 2286 2357 2358
f 2286 2358 2287
f 2287 2358 2359
f 2287 2359 2288
f 2288 2359 2360
f 2288 2360 2289
f 2289 2360 2361
f 2289 2361 2290
f 2290 2361 2362
f 2290 2362 2291
f 2291 2362 2363
f 2291 2363 2292
f 2292 2363 2364
f 2292 2364 2293
f 2293 2364 2365
f 2293 2365 2294
f 2294 2365 2366
f 2294 2366 2295
f 2295 2366 2367
f 2295 2367 2296
f 2296 2367 2368
f 2296 2368 2297
f 2297 2368 2369
f 2297 2369 2298
f 2298 2369 2370
f 2298 2370 2299
f 2299 2370 2371
f 2299 2371 2300
f 2300 2371 2372
f 2300 2372 2301
f 2301 2372 2373
f 2301 2373 2302
f 2302 2373 2374
f 2302 2374 2303
f 2303 2374 2375
f 2303 2375 2304
f 2304 2375 2376
f 2304 2376 2233
f 2233 2376 2305
f 2305 2377 2306
f 2306 2377 2378
f 2306 2378 2307
f 2307 2378 2379
f 2307 2379 2308
f 2308 2379 2380
f 2308 2380 2309
f 2309 2380 2381
f 2309 2381 2310
f 2310 2381 2382
f 2310 2382 2311
f 2311 2382 2383
f 2311 2383 2312
f 2312 2383 2384
f 2312 2384 2313
f 2313 2384 2385
f 2313 2385 2314
f 2314 2385 2386
f 2314 2386 2315
f 2315 2386 2387
f 2315 2387 2316
f 2316 2387 2388
f 2316 2388 2317
f 2317 2388 2389
f 2317 2389 2318
f 2318 2389 2390
f 2318 2390 2319
f 2319 2390 2391
f 2319 2391 2320
f 2320 2391 2392
f 2320 2392 2321
f 2321 2392 2393
f 2321 2393 2322
f 2322 2393 2394
f 2322 2394 2323
f 2323 2394 2395
f 2323 2395 2324
f 2324 2395 2396
f 2324 2396 2325
f 2325 2396 2397
f 2325 2397 2326
f 2326 2397 2398
f 2326 2398 2327
f 2327 2398 2399
f 2327 2399 2328
f 2328 2399 2400
f 2328 2400 2329
f 2329 2400 2401
f 2329 2401 2330
f 2330 2401 2402
f 2330 2402 2331
f 2331 2402 2403
f 2331 2403 2332
f 2332 2403 2404
f 2332 2404 2333
f 2333 2404 2405
f 2333 2405 2334
f 2334 2405 2406
f 2334 2406 2335
f 2335 2406 2407
f 2335 2407 2336
f 2336 2407 2408
f 2336 2408 2337
f 2337 2408 2409
f 2337 2409 2338
f 2338 2409 2410
f 2338 2410 2339
f 2339 2410 2411
f 2339 2411 2340
f 2340 2411 2412
f 2340 2412 2341
f 2341 2412 2413
f 2341 2413 2342
f 2342 2413 2414
f 2342 2414 2343
f 2343 2414 2415
f 2343 2415 2344
f 2344 2415 2416
f 2344 2416 2345
f 2345 2416 2417
f 2345 2417 2346
f 2346 2417 2418
f 2346 2418 2347
f 2347 2418 2419
f 2347 2419 2348
f 2348 2419 2420
f 2348 2420 2349
f 2349 2420 2421
f 2349 2421 2350
f 2350 2421 2422
f 2350 2422 2351
f 2351 2422 2423
f 2351 2423 2352
f 2352 2423 2424
f 2352 2424 2353
f 2353 2424 2425
f 2353 2425 2354
f 2354 2425 2426
f 2354 2426 2355
f 2355 2426 2427
f 2355 2427 2356
f 2356 2427 2428
f 2356 2428 2357
f 2357 2428 2429
f 2357 2429 2358
f 2358 2429 2430
f 2358 2430 2359
f 2359 2430 2431
f 2359 2431 2360
f 2360 2431 2432
f 2360 2432 2361
f 2361 2432 2433
f 2361 2433 2362
f 2362 2433 2434
f 2362 2434 2363
f 2363 2434 2435
f 2363 2435 2364
f 2364 2435 2436
f 2364 2436 2365
f 2365 2436 2437
f 2365 2437 2366
f 2366 2437 2438
f 2366 2438 2367
f 2367 2438 2439
f 2367 2439 2368
f 2368 2439 2440
f 2368 2440 2369
f 2369 2440 2441
f 2369 2441 2370
f 2370 2441 2442
f 2370 2442 2371
f 2371 2442 2443
f 2371 2443 2372
f 2372 2443 2444
f 2372 2444 2373
f 2373 2444 2445
f 2373 2445 2374
f 2374 2445 2446
f 2374 2446 2375
f 2375 2446 2447
f 2375 2447 2376
f 2376 2447 2448
f 2376 2448 2305
f 2305 2448 2377
f 2377 2449 2378
f 2378 2449 2450
f 2378 2450 2379
f 2379 2450 2451
f 2379 2451 2380
f 2380 2451 2452
f 2380 2452 2381
f 2381 2452 2453
f 2381 2453 2382
f 2382 2453 2454
f 2382 2454 2383
f 2383 2454 2455
f 2383 2455 2384
f 2384 2455 2456
f 2384 2456 2385
f 2385 2456 2457
f 2385 2457 2386
f 2386 2457 2458
f 2386 2458 2387
f 2387 2458 2459
f 2387 2459 2388
f 2388 2459 2460
f 2388 2460 2389
f 2389 2460 2461
f 2389 2461 2390
f 2390 2461 2462
f 2390 2462 2391
f 2391 2462 2463
f 2391 2463 2392
f 2392 2463 2464
f 2392 2464 2393
f 2393 2464 2465
f 2393 2465 2394
f 2394 2465 2466
f 2394 2466 2395
f 2395 2466 2467
f 2395 2467 2396
f 2396 2467 2468
f 2396 2468 2397
f 2397 2468 2469
f 2397 2469 2398
f 2398 2469 2470
f 2398 2470 2399
f 2399 2470 2471
f 2399 2471 2400
f 2400 2471 2472
f 2400 2472 2401
f 2401 2472 2473
f 2401 2473 2402
f 2402 2473 2474
f 2402 2474 2403
f 2403 2474 2475
f 2403 2475 2404
f 2404 2475 2476
f 2404 2476 2405
f 2405 2476 2477
f 2405 2477 2406
f 2406 2477 2478
f 2406 2478 2407
f 2407 2478 2479
f 2407 2479 2408
f 2408 2479 2480
f 2408 2480 2409
f 2409 2480 2481
f 2409 2481 2410
f 2410 2481 2482
f 2410 2482 2411
f 2411 2482 2483
f 2411 2483 2412
f 2412 2483 2484
f 2412 2484 2413
f 2413 2484 2485
f 2413 2485 2414
f 2414 2485 2486
f 2414 2486 2415
f 2415 2486 2487
f 2415 2487 2416
f 2416 2487 2488
f 2416 2488 2417
f 2417 2488 2489
f 2417 2489 2418
f 2418 2489 2490
f 2418 2490 2419
f 2419 2490 2491
f 2419 2491 2420
f 2420 2491 2492
f 2420 2492 2421
f 2421 2492 2493
f 2421 2493 2422
f 2422 2493 2494
f 2422 2494 2423
f 2423 2494 2495
f 2423 2495 2424
f 2424 2495 2496
f 2424 2496 2425
f 2425 2496 2497
f 2425 2497 2426
f 2426 2497 2498
f 2426 2498 2427
f 2427 2498 2499
f 2427 2499 2428
f 2428 2499 2500
f 2428 2500 2429
f 2429 2500 2501
f 2429 2501 2430
f 2430 2501 2502
f 2430 2502 2431
f 2431 2502 2503
f 2431 2503 2432
f 2432 2503 2504
f 2432 2504 2433
f 2433 2504 2505
f 2433 2505 2434
f 2434 2505 2506
f 2434 2506 2435
f 2435 2506 2507
f 2435 2507 2436
f 2436 2507 2508
f 2436 2508 2437
f 2437 2508 2509
f 2437 2509 2438
f 2438 2509 2510
f 2438 2510 2439
f 2439 2510 2511
f 2439 2511 2440
f 2440 2511 2512
f 2440 2512 2441
f 2441 2512 2513
f 2441 2513 2442
f 2442 2513 2514
f 2442 2514 2443
f 2443 2514 2515
f 2443 2515 2444
f 2444 2515 2516
f 2444 2516 2445
f 2445 2516 2517
f 2445 2517 2446
f 2446 2517 2518
f 2446 2518 2447
f 2447 2518 2519
f 2447 2519 2448
f 2448 2519 2520
f 2448 2520 2377
f 2377 2520 2449
f 2449 2521 2450
f 2450 2521 2522
f 2450 2522 2451
f 2451 2522 2523
f 2451 2523 2452
f 2452 2523 2524
f 2452 2524 2453
f 2453 2524 2525
f 2453 2525 2454
f 2454 2525 2526
f 2454 2526 2455
f 2455 2526 2527
f 2455 2527 2456
f 2456 2527 2528
f 2456 2528 2457
f 2457 2528 2529
f 2457 2529 2458
f 2458 2529 2530
f 2458 2530 2459
f 2459 2530 2531
f 2459 2531 2460
f 2460 2531 2532
f 2460 2532 2461
f 2461 2532 2533
f 2461 2533 2462
f 2462 2533 2534
f 2462 2534 2463
f 2463 2534 2535
f 2463 2535 2464
f 2464 2535 2536
f 2464 2536 2465
f 2465 2536 2537
f 2465 2537 2466
f 2466 2537 2538
f 2466 2538 2467
f 2467 2538 2539
f 2467 2539 2468
f 2468 2539 2540
f 2468 2540 2469
f 2469 2540 2541
f 2469 2541 2470
f 2470 2541 2542
f 2470 2542 2471
f 2471 2542 2543
f 2471 2543 2472
f 2472 2543 2544
f 2472 2544 2473
f 2473 2544 2545
f 2473 2545 2474
f 2474 2545 2546
f 2474 2546 2475
f 2475 2546 2547
f 2475 2547 2476
f 2476 2547 2548
f 2476 2548 2477
f 2477 2548 2549
f 2477 2549 2478
f 2478 2549 2550
f 2478 2550 2479
f 2479 2550 2551
f 2479 2551 2480
f 2480 2551 2552
f 2480 2552 2481
f 2481 2552 2553
f 2481 2553 2482
f 2482 2553 2554
f 2482 2554 2483
f 2483 2554 2555
f 2483 2555 2484
f 2484 2555 2556
f 2484 2556 2485
f 2485 2556 2557
f 2485 2557 2486
f 2486 2557 2558
f 2486 2558 2487
f 2487 2558 2559
f 2487 2559 2488
f 2488 2559 2560
f 2488 2560 2489
f 2489 2560 2561
f 2489 2561 2490
f 2490 2561 2562
f 2490 2562 2491
f 2491 2562 2563
f 2491 2563 2492
f 2492 2563 2564
f 2492 2564 2493
f 2493 2564 2565
f 2493 2565 2494
f 2494 2565 2566
f 2494 2566 2495
f 2495 2566 2567
f 2495 2567 2496
f 2496 2567 2568
f 2496 2568 2497
f 2497 2568 2569
f 2497 2569 2498
f 2498 2569 2570
f 2498 2570 2499
f 2499 2570 2571
f 2499 2571 2500
f 2500 2571 2572
f 2500 2572 2501
f 2501 2572 2573
f 2501 2573 2502
f 2502 2573 2574
f 2502 2574 2503
f 2503 2574 2575
f 2503 2575 2504
f 2504 2575 2576
f 2504 2576 2505
f 2505 2576 2577
f 2505 2577 2506
f 2506 2577 2578
f 2506 2578 2507
f 2507 2578 2579
f 2507 2579 2508
f 2508 2579 2580
f 2508 2580 2509
f 2509 2580 2581
f 2509 2581 2510
f 2510 2581 2582
f 2510 2582 2511
f 2511 2582 2583
f 2511 2583 2512
f 2512 2583 2584
f 2512 2584 2513
f 2513 2584 2585
f 2513 2585 2514
f 2514 2585 2586
f 2514 2586 2515
f 2515 2586 2587
f 2515 2587 2516
f 2516 2587 2588
f 2516 2588 2517
f 2517 2588 2589
f 2517 2589 2518
f 2518 2589 2590
f 2518 2590 2519
f 2519 2590 2591
f 2519 2591 2520
f 2520 2591 2592
f 2520 2592 2449
f 2449 2592 2521
f 2521 2593 2522
f 2522 2593 2594
f 2522 2594 2523
f 2523 2594 2595
f 2523 2595 2524
f 2524 2595 2596
f 2524 2596 2525
f 2525 2596 2597
f 2525 2597 2526
f 2526 2597 2598
f 2526 2598 2527
f 2527 2598 2599
f 2527 2599 2528
f 2528 2599 2600
f 2528 2600 2529
f 2529 2600 2601
f 2529 2601 2530
f 2530 2601 2602
f 2530 2602 2531
f 2531 2602 2603
f 2531 2603 2532
f 2532 2603 2604
f 2532 2604 2533
f 2533 2604 2605
f 2533 2605 2534
f 2534 2605 2606
f 2534 2606 2535
f 2535 2606 2607
f 2535 2607 2536
f 2536 2607 2608
f 2536 2608 2537
f 2537 2608 2609
f 2537 2609 2538
f 2538 2609 2610
f 2538 2610 2539
f 2539 2610 2611
f 2539 2611 2540
f 2540 2611 2612
f 2540 2612 2541
f 2541 2612 2613
f 2541 2613 2542
f 2542 2613 2614
f 2542 2614 2543
f 2543 2614 2615
f 2543 2615 2544
f 2544 2615 2616
f 2544 2616 2545
f 2545 2616 2617
f 2545 2617 2546
f 2546 2617 2618
f 2546 2618 2547
f 2547 2618 2619
f 2547 2619 2548
f 2548 2619 2620
f 2548 2620 2549
f 2549 2620 2621
f 2549 2621 2550
f 2550 2621 2622
f 2550 2622 2551
f 2551 2622 2623
f 2551 2623 2552
f 2552 2623 2624
f 2552 2624 2553
f 2553 2624 2625
f 2553 2625 2554
f 2554 2625 2626
f 2554 2626 2555
f 2555 2626 2627
f 2555 2627 2556
f 2556 2627 2628
f 2556 2628 2557
f 2557 2628 2629
f 2557 2629 2558
f 2558 2629 2630
f 2558 2630 2559
f 2559 2630 2631
f 2559 2631 2560
f 2560 2631 2632
f 2560 2632 2561
f 2561 2632 2633
f 2561 2633 2562
f 2562 2633 2634
f 2562 2634 2563
f 2563 2634 2635
f 2563 2635 2564
f 2564 2635 2636
f 2564 2636 2565
f 2565 2636 2637
f 2565 2637 2566
f 2566 2637 2638
f 2566 2638 2567
f 2567 2638 2639
f 2567 2639 2568
f 2568 2639 2640
f 2568 2640 2569
f 2569 2640 2641
f 2569 2641 2570
f 2570 2641 2642
f 2570 2642 2571
f 2571 2642 2643
f 2571 2643 2572
f 2572 2643 2644
f 2572 2644 2573
f 2573 2644 2645
f 2573 2645 2574
f 2574 2645 2646
f 2574 2646 2575
f 2575 2646 2647
f 2575 2647 2576
f 2576 2647 2648
f 2576 2648 2577
f 2577 2648 2649
f 2577 2649 2578
f 2578 2649 2650
f 2578 2650 2579
f 2579 2650 2651
f 2579 2651 2580
f 2580 2651 2652
f 2580 2652 2581
f 2581 2652 2653
f 2581 2653 2582
f 2582 2653 2654
f 2582 2654 2583
f 2583 2654 2655
f 2583 2655 2584
f 2584 2655 2656
f 2584 2656 2585
f 2585 2656 2657
f 2585 2657 2586
f 2586 2657 2658
f 2586 2658 2587
f 2587 2658 2659
f 2587 2659 2588
f 2588 2659 2660
f 2588 2660 2589
f 2589 2660 2661
f 2589 2661 2590
f 2590 2661 2662
f 2590 2662 2591
f 2591 2662 2663
f 2591 2663 2592
f 2592 2663 2664
f 2592 2664 2521
f 2521 2664 2593
f 2593 2665 2594
f 2594 2665 2666
f 2594 2666 2595
f 2595 2666 2667
f 2595 2667 2596
f 2596 2667 2668
f 2596 2668 2597
f 2597 2668 2669
f 2597 2669 2598
f 2598 2669 2670
f 2598 2670 2599
f 2599 2670 2671
f 2599 2671 2600
f 2600 2671 2672
f 2600 2672 2601
f 2601 2672 2673
f 2601 2673 2602
f 2602 2673 2674
f 2602 2674 2603
f 2603 2674 2675
f 2603 2675 2604
f 2604 2675 2676
f 2604 2676 2605
f 2605 2676 2677
f 2605 2677 2606
f 2606 2677 2678
f 2606 2678 2607
f 2607 2678 2679
f 2607 2679 2608
f 2608 2679 2680
f 2608 2680 2609
f 2609 2680 2681
f 2609 2681 2610
f 2610 2681 2682
f 2610 2682 2611
f 2611 2682 2683
f 2611 2683 2612
f 2612 2683 2684
f 2612 2684 2613
f 2613 2684 2685
f 2613 2685 2614
f 2614 2685 2686
f 2614 2686 2615
f 2615 2686 2687
f 2615 2687 2616
f 2616 2687 2688
f 2616 2688 2617
f 2617 2688 2689
f 2617 2689 2618
f 2618 2689 2690
f 2618 2690 2619
f 2619 2690 2691
f 2619 2691 2620
f 2620 2691 2692
f 2620 2692 2621
f 2621 2692 2693
f 2621 2693 2622
f 2622 2693 2694
f 2622 2694 2623
f 2623 2694 2695
f 2623 2695 2624
f 2624 2695 2696
f 2624 2696 2625
f 2625 2696 2697
f 2625 2697 2626
f 2626 2697 2698
f 2626 2698 2627
f 2627 2698 2699
f 2627 2699 2628
f 2628 2699 2700
f 2628 2700 2629
f 2629 2700 2701
f 2629 2701 2630
f 2630 2701 2702
f 2630 2702 2631
f 2631 2702 2703
f 2631 2703 2632
f 2632 2703 2704
f 2632 2704 2633
f 2633 2704 2705
f 2633 2705 2634
f 2634 2705 2706
f 2634 2706 2635
f 2635 2706 2707
f 2635 2707 2636
f 2636 2707 2708
f 2636 2708 2637
f 2637 2708 2709
f 2637 2709 2638
f 2638 2709 2710
f 2638 2710 2639
f 2639 2710 2711
f 2639 2711 2640
f 2640 2711 2712
f 2640 2712 2641
f 2641 2712 2713
f 2641 2713 2642
f 2642 2713 2714
f 2642 2714 2643
f 2643 2714 2715
f 2643 2715 2644
f 2644 2715 2716
f 2644 2716 2645
f 2645 2716 2717
f 2645 2717 2646
f 2646 2717 2718
f 2646 2718 2647
f 2647 2718 2719
f 2647 2719 2648
f 2648 2719 2720
f 2648 2720 2649
f 2649 2720 2721
f 2649 2721 2650
f 2650 2721 2722
f 2650 2722 2651
f 2651 2722 2723
f 2651 2723 2652
f 2652 2723 2724
f 2652 2724 2653
f 2653 2724 2725
f 2653 2725 2654
f 2654 2725 2726
f 2654 2726 2655
f 2655 2726 2727
f 2655 2727 2656
f 2656 2727 2728
f 2656 2728 2657
f 2657 2728 2729
f 2657 2729 2658
f 2658 2729 2730
f 2658 2730 2659
f 2659 2730 2731
f 2659 2731 2660
f 2660 2731 2732
f 2660 2732 2661
f 2661 2732 2733
f 2661 2733 2662
f 2662 2733 2734
f 2662 2734 2663
f 2663 2734 2735
f 2663 2735 2664
f 2664 2735 2736
f 2664 2736 2593
f 2593 2736 2665
f 2665 2737 2666
f 2666 2737 2738
f 2666 2738 2667
f 2667 2738 2739
f 2667 2739 2668
f 2668 2739 2740
f 2668 2740 2669
f 2669 2740 2741
f 2669 2741 2670
f 2670 2741 2742
f 2670 2742 2671
f 2671 2742 2743
f 2671 2743 2672
f 2672 2743 2744
f 2672 2744 2673
f 2673 2744 2745
f 2673 2745 2674
f 2674 2745 2746
f 2674 2746 2675
f 2675 2746 2747
f 2675 2747 2676
f 2676 2747 2748
f 2676 2748 2677
f 2677 2748 2749
f 2677 2749 2678
f 2678 2749 2750
f 2678 2750 2679
f 2679 2750 2751
f 2679 2751 2680
f 2680 2751 2752
f 2680 2752 2681
f 2681 2752 2753
f 2681 2753 2682
f 2682 2753 2754
f 2682 2754 2683
f 2683 2754 2755
f 2683 2755 2684
f 2684 2755 2756
f 2684 2756 2685
f 2685 2756 2757
f 2685 2757 2686
f 2686 2757 2758
f 2686 2758 2687
f 2687 2758 2759
f 2687 2759 2688
f 2688 2759 2760
f 2688 2760 2689
f 2689 2760 2761
f 2689 2761 2690
f 2690 2761 2762
f 2690 2762 2691
f 2691 2762 2763
f 2691 2763 2692
f 2692 2763 2764
f 2692 2764 2693
f 2693 2764 2765
f 2693 2765 2694
f 2694 2765 2766
f 2694 2766 2695
f 2695 2766 2767
f 2695 2767 2696
f 2696 2767 2768
f 2696 2768 2697
f 2697 2768 2769
f 2697 2769 2698
f 2698 2769 2770
f 2698 2770 2699
f 2699 2770 2771
f 2699 2771 2700
f 2700 2771 2772
f 2700 2772 2701
f 2701 2772 2773
f 2701 2773 2702
f 2702 2773 2774
f 2702 2774 2703
f 2703 2774 2775
f 2703 2775 2704
f 2704 2775 2776
f 2704 2776 2705
f 2705 2776 2777
f 2705 2777 2706
f 2706 2777 2778
f 2706 2778 2707
f 2707 2778 2779
f 2707 2779 2708
f 2708 2779 2780
f 2708 2780 2709
f 2709 2780 2781
f 2709 2781 2710
f 2710 2781 2782
f 2710 2782 2711
f 2711 2782 2783
f 2711 2783 2712
f 2712 2783 2784
f 2712 2784 2713
f 2713 2784 2785
f 2713 2785 2714
f 2714 2785 2786
f 2714 2786 2715
f 2715 2786 2787
f 2715 2787 2716
f 2716 2787 2788
f 2716 2788 2717
f 2717 2788 2789
f 2717 2789 2718
f 2718 2789 2790
f 2718 2790 2719
f 2719 2790 2791
f 2719 2791 2720
f 2720 2791 2792
f 2720 2792 2721
f 2721 2792 2793
f 2721 2793 2722
f 2722 2793 2794
f 2722 2794 2723
f 2723 2794 2795
f 2723 2795 2724
f 2724 2795 2796
f 2724 2796 2725
f 2725 2796 2797
f 2725 2797 2726
f 2726 2797 2798
f 2726 2798 2727
f 2727 2798 2799
f 2727 2799 2728
f 2728 2799 2800
f 2728 2800 2729
f 2729 2800 2801
f 2729 2801 2730
f 2730 2801 2802
f 2730 2802 2731
f 2731 2802 2803
f 2731 2803 2732
f 2732 2803 2804
f 2732 2804 2733
f 2733 2804 2805
f 2733 2805 2734
f 2734 2805 2806
f 2734 2806 2735
f 2735 2806 2807
f 2735 2807 2736
f 2736 2807 2808
f 2736 2808 2665
f 2665 2808 2737
f 2737 2809 2738
f 2738 2809 2810
f 2738 2810 2739
f 2739 2810 2811
f 2739 2811 2740
f 2740 2811 2812
f 2740 2812 2741
f 2741 2812 2813
f 2741 2813 2742
f 2742 2813 2814
f 2742 2814 2743
f 2743 2814 2815
f 2743 2815 2744
f 2744 2815 2816
f 2744 2816 2745
f 2745 2816 2817
f 2745 2817 2746
f 2746 2817 2818
f 2746 2818 2747
f 2747 2818 2819
f 2747 2819 2748
f 2748 2819 2820
f 2748 2820 2749
f 2749 2820 2821
f 2749 2821 2750
f 2750 2821 2822
f 2750 2822 2751
f 2751 2822 2823
f 2751 2823 2752
f 2752 2823 2824
f 2752 2824 2753
f 2753 2824 2825
f 2753 2825 2754
f 2754 2825 2826
f 2754 2826 2755
f 2755 2826 2827
f 2755 2827 2756
f 2756 2827 2828
f 2756 2828 2757
f 2757 2828 2829
f 2757 2829 2758
f 2758 2829 2830
f 2758 2830 2759
f 2759 2830 2831
f 2759 2831 2760
f 2760 2831 2832
f 2760 2832 2761
f 2761 2832 2833
f 2761 2833 2762
f 2762 2833 2834
f 2762 2834 2763
f 2763 2834 2835
f 2763 2835 2764
f 2764 2835 2836
f 2764 2836 2765
f 2765 2836 2837
f 2765 2837 2766
f 2766 2837 2838
f 2766 2838 2767
f 2767 2838 2839
f 2767 2839 2768
f 2768 2839 2840
f 2768 2840 2769
f 2769 2840 2841
f 2769 2841 2770
f 2770 2841 2842
f 2770 2842 2771
f 2771 2842 2843
f 2771 2843 2772
f 2772 2843 2844
f 2772 2844 2773
f 2773 2844 2845
f 2773 2845 2774
f 2774 2845 2846
f 2774 2846 2775
f 2775 2846 2847
f 2775 2847 2776
f 2776 2847 2848
f 2776 2848 2777
f 2777 2848 2849
f 2777 2849 2778
f 2778 2849 2850
f 2778 2850 2779
f 2779 2850 2851
f 2779 2851 2780
f 2780 2851 2852
f 2780 2852 2781
f 2781 2852 2853
f 2781 2853 2782
f 2782 2853 2854
f 2782 2854 2783
f 2783 2854 2855
f 2783 2855 2784
f 2784 2855 2856
f 2784 2856 2785
f 2785 2856 2857
f 2785 2857 2786
f 2786 2857 2858
f 2786 2858 2787
f 2787 2858 2859
f 2787 2859 2788
f 2788 2859 2860
f 2788 2860 2789
f 2789 2860 2861
f 2789 2861 2790
f 2790 2861 2862
f 2790 2862 2791
f 2791 2862 2863
f 2791 2863 2792
f 2792 2863 2864
f 2792 2864 2793
f 2793 2864 2865
f 2793 2865 2794
f 2794 2865 2866
f 2794 2866 2795
f 2795 2866 2867
f 2795 2867 2796
f 2796 2867 2868
f 2796 2868 2797
f 2797 2868 2869
f 2797 2869 2798
f 2798 2869 2870
f 2798 2870 2799
f 2799 2870 2871
f 2799 2871 2800
f 2800 2871 2872
f 2800 2872 2801
f 2801 2872 2873
f 2801 2873 2802
f 2802 2873 2874
f 2802 2874 2803
f 2803 2874 2875
f 2803 2875 2804
f 2804 2875 2876
f 2804 2876 2805
f 2805 2876 2877
f 2805 2877 2806
f 2806 2877 2878
f 2806 2878 2807
f 2807 2878 2879
f 2807 2879 2808
f 2808 2879 2880
f 2808 2880 2737
f 2737 2880 2809
f 2809 2881 2810
f 2810 2881 2882
f 2810 2882 2811
f 2811 2882 2883
f 2811 2883 2812
f 2812 2883 2884
f 2812 2884 2813
f 2813 2884 2885
f 2813 2885 2814
f 2814 2885 2886
f 2814 2886 2815
f 2815 2886 2887
f 2815 2887 2816
f 2816 2887 2888
f 2816 2888 2817
f 2817 2888 2889
f 2817 2889 2818
f 2818 2889 2890
f 2818 2890 2819
f 2819 2890 2891
f 2819 2891 2820
f 2820 2891 2892
f 2820 2892 2821
f 2821 2892 2893
f 2821 2893 2822
f 2822 2893 2894
f 2822 2894 2823
f 2823 2894 2895
f 2823 2895 2824
f 2824 2895 2896
f 2824 2896 2825
f 2825 2896 2897
f 2825 2897 2826
f 2826 2897 2898
f 2826 2898 2827
f 2827 2898 2899
f 2827 2899 2828
f 2828 2899 2900
f 2828 2900 2829
f 2829 2900 2901
f 2829 2901 2830
f 2830 2901 2902
f 2830 2902 2831
f 2831 2902 2903
f 2831 2903 2832
f 2832 2903 2904
f 2832 2904 2833
f 2833 2904 2905
f 2833 2905 2834
f 2834 2905 2906
f 2834 2906 2835
f 2835 2906 2907
f 2835 2907 2836
f 2836 2907 2908
f 2836 2908 2837
f 2837 2908 2909
f 2837 2909 2838
f 2838 2909 2910
f 2838 2910 2839
f 2839 2910 2911
f 2839 2911 2840
f 2840 2911 2912
f 2840 2912 2841
f 2841 2912 2913
f 2841 2913 2842
f 2842 2913 2914
f 2842 2914 2843
f 2843 2914 2915
f 2843 2915 2844
f 2844 2915 2916
f 2844 2916 2845
f 2845 2916 2917
f 2845 2917 2846
f 2846 2917 2918
f 2846 2918 2847
f 2847 2918 2919
f 2847 2919 2848
f 2848 2919 2920
f 2848 2920 2849
f 2849 2920 2921
f 2849 2921 2850
f 2850 2921 2922
f 2850 2922 2851
f 2851 2922 2923
f 2851 2923 2852
f 2852 2923 2924
f 2852 2924 2853
f 2853 2924 2925
f 2853 2925 2854
f 2854 2925 2926
f 2854 2926 2855
f 2855 2926 2927
f 2855 2927 2856
f 2856 2927 2928
f 2856 2928 2857
f 2857 2928 2929
f 2857 2929 2858
f 2858 2929 2930
f 2858 2930 2859
f 2859 2930 2931
f 2859 2931 2860
f 2860 2931 2932
f 2860 2932 2861
f 2861 2932 2933
f 2861 2933 2862
f 2862 2933 2934
f 2862 2934 2863
f 2863 2934 2935
f 2863 2935 2864
f 2864 2935 2936
f 2864 2936 2865
f 2865 2936 2937
f 2865 2937 2866
f 2866 2937 2938
f 2866 2938 2867
f 2867 2938 2939
f 2867 2939 2868
f 2868 2939 2940
f 2868 2940 2869
f 2869 2940 2941
f 2869 2941 2870
f 2870 2941 2942
f 2870 2942 2871
f 2871 2942 2943
f 2871 2943 2872
f 2872 2943 2944
f 2872 2944 2873
f 2873 2944 2945
f 2873 2945 2874
f 2874 2945 2946
f 2874 2946 2875
f 2875 2946 2947
f 2875 2947 2876
f 2876 2947 2948
f 2876 2948 2877
f 2877 2948 2949
f 2877 2949 2878
f 2878 2949 2950
f 2878 2950 2879
f 2879 2950 2951
f 2879 2951 2880
f 2880 2951 2952
f 2880 2952 2809
f 2809 2952 2881
f 2881 2953 2882
f 2882 2953 2954
f 2882 2954 2883
f 2883 2954 2955
f 2883 2955 2884
f 2884 2955 2956
f 2884 2956 2885
f 2885 2956 2957
f 2885 2957 2886
f 2886 2957 2958
f 2886 2958 2887
f 2887 2958 2959
f 2887 2959 2888
f 2888 2959 2960
f 2888 2960 2889
f 2889 2960 2961
f 2889 2961 2890
f 2890 2961 2962
f 2890 2962 2891
f 2891 2962 2963
f 2891 2963 2892
f 2892 2963 2964
f 2892 2964 2893
f 2893 2964 2965
f 2893 2965 2894
f 2894 2965 2966
f 2894 2966 2895
f 2895 2966 2967
f 2895 2967 2896
f 2896 2967 2968
f 2896 2968 2897
f 2897 2968 2969
f 2897 2969 2898
f 2898 2969 2970
f 2898 2970 2899
f 2899 2970 2971
f 2899 2971 2900
f 2900 2971 2972
f 2900 2972 2901
f 2901 2972 2973
f 2901 2973 2902
f 2902 2973 2974
f 2902 2974 2903
f 2903 2974 2975
f 2903 2975 2904
f 2904 2975 2976
f 2904 2976 2905
f 2905 2976 2977
f 2905 2977 2906
f 2906 2977 2978
f 2906 2978 2907
f 2907 2978 2979
f 2907 2979 2908
f 2908 2979 2980
f 2908 2980 2909
f 2909 2980 2981
f 2909 2981 2910
f 2910 2981 2982
f 2910 2982 2911
f 2911 2982 2983
f 2911 2983 2912
f 2912 2983 2984
f 2912 2984 2913
f 2913 2984 2985
f 2913 2985 2914
f 2914 2985 2986
f 2914 2986 2915
f 2915 2986 2987
f 2915 2987 2916
f 2916 2987 2988
f 2916 2988 2917
f 2917 2988 2989
f 2917 2989 2918
f 2918 2989 2990
f 2918 2990 2919
f 2919 2990 2991
f 2919 2991 2920
f 2920 2991 2992
f 2920 2992 2921
f 2921 2992 2993
f 2921 2993 2922
f 2922 2993 2994
f 2922 2994 2923
f 2923 2994 2995
f 2923 2995 2924
f 2924 2995 2996
f 2924 2996 2925
f 2925 2996 2997
f 2925 2997 2926
f 2926 2997 2998
f 2926 2998 2927
f 2927 2998 2999
f 2927 2999 2928
f 2928 2999 3000
f 2928 3000 2929
f 2929 3000 3001
f 2929 3001 2930
f 2930 3001 3002
f 2930 3002 2931
f 2931 3002 3003
f 2931 3003 2932
f 2932 3003 3004
f 2932 3004 2933
f 2933 3004 3005
f 2933 3005 2934
f 2934 3005 3006
f 2934 3006 2935
f 2935 3006 3007
f 2935 3007 2936
f 2936 3007 3008
f 2936 3008 2937
f 2937 3008 3009
f 2937 3009 2938
f 2938 3009 3010
f 2938 3010 2939
f 2939 3010 3011
f 2939 3011 2940
f 2940 3011 3012
f 2940 3012 2941
f 2941 3012 3013
f 2941 3013 2942
f 2942 3013 3014
f 2942 3014 2943
f 2943 3014 3015
f 2943 3015 2944
f 2944 3015 3016
f 2944 3016 2945
f 2945 3016 3017
f 2945 3017 2946
f 2946 3017 3018
f 2946 3018 2947
f 2947 3018 3019
f 2947 3019 2948
f 2948 3019 3020
f 2948 3020 2949
f 2949 3020 3021
f 2949 3021 2950
f 2950 3021 3022
f 2950 3022 2951
f 2951 3022 3023
f 2951 3023 2952
f 2952 3023 3024
f 2952 3024 2881
f 2881 3024 2953
f 2953 3025 2954
f 2954 3025 3026
f 2954 3026 2955
f 2955 3026 3027
f 2955 3027 2956
f 2956 3027 3028
f 2956 3028 2957
f 2957 3028 3029
f 2957 3029 2958
f 2958 3029 3030
f 2958 3030 2959
f 2959 3030 3031
f 2959 3031 2960
f 2960 3031 3032
f 2960 3032 2961
f 2961 3032 3033
f 2961 3033 2962
f 2962 3033 3034
f 2962 3034 2963
f 2963 3034 3035
f 2963 3035 2964
f 2964 3035 3036
f 2964 3036 2965
f 2965 3036 3037
f 2965 3037 2966
f 2966 3037 3038
f 2966 3038 2967
f 2967 3038 3039
f 2967 3039 2968
f 2968 3039 3040
f 2968 3040 2969
f 2969 3040 3041
f 2969 3041 2970
f 2970 3041 3042
f 2970 3042 2971
f 2971 3042 3043
f 2971 3043 2972
f 2972 3043 3044
f 2972 3044 2973
f 2973 3044 3045
f 2973 3045 2974
f 2974 3045 3046
f 2974 3046 2975
f 2975 3046 3047
f 2975 3047 2976
f 2976 3047 3048
f 2976 3048 2977
f 2977 3048 3049
f 2977 3049 2978
f 2978 3049 3050
f 2978 3050 2979
f 2979 3050 3051
f 2979 3051 2980
f 2980 3051 3052
f 2980 3052 2981
f 2981 3052 3053
f 2981 3053 2982
f 2982 3053 3054
f 2982 3054 2983
f 2983 3054 3055
f 2983 3055 2984
f 2984 3055 3056
f 2984 3056 2985
f 2985 3056 3057
f 2985 3057 2986
f 2986 3057 3058
f 2986 3058 2987
f 2987 3058 3059
f 2987 3059 2988
f 2988 3059 3060
f 2988 3060 2989
f 2989 3060 3061
f 2989 3061 2990
f 2990 3061 3062
f 2990 3062 2991
f 2991 3062 3063
f 2991 3063 2992
f 2992 3063 3064
f 2992 3064 2993
f 2993 3064 3065
f 2993 3065 2994
f 2994 3065 3066
f 2994 3066 2995
f 2995 3066 3067
f 2995 3067 2996
f 2996 3067 3068
f 2996 3068 2997
f 2997 3068 3069
f 2997 3069 2998
f 2998 3069 3070
f 2998 3070 2999
f 2999 3070 3071
f 2999 3071 3000
f 3000 3071 3072
f 3000 3072 3001
f 3001 3072 3073
f 3001 3073 3002
f 3002 3073 3074
f 3002 3074 3003
f 3003 3074 3075
f 3003 3075 3004
f 3004 3075 3076
f 3004 3076 3005
f 3005 3076 3077
f 3005 3077 3006
f 3006 3077 3078
f 3006 3078 3007
f 3007 3078 3079
f 3007 3079 3008
f 3008 3079 3080
f 3008 3080 3009
f 3009 3080 3081
f 3009 3081 3010
f 3010 3081 3082
f 3010 3082 3011
f 3011 3082 3083
f 3011 3083 3012
f 3012 3083 3084
f 3012 3084 3013
f 3013 3084 3085
f 3013 3085 3014
f 3014 3085 3086
f 3014 3086 3015
f 3015 3086 3087
f 3015 3087 3016
f 3016 3087 3088
f 3016 3088 3017
f 3017 3088 3089
f 3017 3089 3018
f 3018 3089 3090
f 3018 3090 3019
f 3019 3090 3091
f 3019 3091 3020
f 3020 3091 3092
f 3020 3092 3021
f 3021 3092 3093
f 3021 3093 3022
f 3022 3093 3094
f 3022 3094 3023
f 3023 3094 3095
f 3023 3095 3024
f 3024 3095 3096
f 3024 3096 2953
f 2953 3096 3025
f 3025 3097 3026
f 3026 3097 3098
f 3026 3098 3027
f 3027 3098 3099
f 3027 3099 3028
f 3028 3099 3100
f 3028 3100 3029
f 3029 3100 3101
f 3029 3101 3030
f 3030 3101 3102
f 3030 3102 3031
f 3031 3102 3103
f 3031 3103 3032
f 3032 3103 3104
f 3032 3104 3033
f 3033 3104 3105
f 3033 3105 3034
f 3034 3105 3106
f 3034 3106 3035
f 3035 3106 3107
f 3035 3107 3036
f 3036 3107 3108
f 3036 3108 3037
f 3037 3108 3109
f 3037 3109 3038
f 3038 3109 3110
f 3038 3110 3039
f 3039 3110 3111
f 3039 3111 3040
f 3040 3111 3112
f 3040 3112 3041
f 3041 3112 3113
f 3041 3113 3042
f 3042 3113 3114
f 3042 3114 3043
f 3043 3114 3115
f 3043 3115 3044
f 3044 3115 3116
f 3044 3116 3045
f 3045 3116 3117
f 3045 3117 3046
f 3046 3117 3118
f 3046 3118 3047
f 3047 3118 3119
f 3047 3119 3048
f 3048 3119 3120
f 3048 3120 3049
f 3049 3120 3121
f 3049 3121 3050
f 3050 3121 3122
f 3050 3122 3051
f 3051 3122 3123
f 3051 3123 3052
f 3052 3123 3124
f 3052 3124 3053
f 3053 3124 3125
f 3053 3125 3054
f 3054 3125 3126
f 3054 3126 3055
f 3055 3126 3127
f 3055 3127 3056
f 3056 3127 3128
f 3056 3128 3057
f 3057 3128 3129
f 3057 3129 3058
f 3058 3129 3130
f 3058 3130 3059
f 3059 3130 3131
f 3059 3131 3060
f 3060 3131 3132
f 3060 3132 3061
f 3061 3132 3133
f 3061 3133 3062
f 3062 3133 3134
f 3062 3134 3063
f 3063 3134 3135
f 3063 3135 3064
f 3064 3135 3136
f 3064 3136 3065
f 3065 3136 3137
f 3065 3137 3066
f 3066 3137 3138
f 3066 3138 3067
f 3067 3138 3139
f 3067 3139 3068
f 3068 3139 3140
f 3068 3140 3069
f 3069 3140 3141
f 3069 3141 3070
f 3070 3141 3142
f 3070 3142 3071
f 3071 3142 3143
f 3071 3143 3072
f 3072 3143 3144
f 3072 3144 3073
f 3073 3144 3145
f 3073 3145 3074
f 3074 3145 3146
f 3074 3146 3075
f 3075 3146 3147
f 3075 3147 3076
f 3076 3147 3148
f 3076 3148 3077
f 3077 3148 3149
f 3077 3149 3078
f 3078 3149 3150
f 3078 3150 3079
f 3079 3150 3151
f 3079 3151 3080
f 3080 3151 3152
f 3080 3152 3081
f 3081 3152 3153
f 3081 3153 3082
f 3082 3153 3154
f 3082 3154 3083
f 3083 3154 3155
f 3083 3155 3084
f 3084 3155 3156
f 3084 3156 3085
f 3085 3156 3157
f 3085 3157 3086
f 3086 3157 3158
f 3086 3158 3087
f 3087 3158 3159
f 3087 3159 3088
f 3088 3159 3160
f 3088 3160 3089
f 3089 3160 3161
f 3089 3161 3090
f 3090 3161 3162
f 3090 3162 3091
f 3091 3162 3163
f 3091 3163 3092
f 3092 3163 3164
f 3092 3164 3093
f 3093 3164 3165
f 3093 3165 3094
f 3094 3165 3166
f 3094 3166 3095
f 3095 3166 3167
f 3095 3167 3096
f 3096 3167 3168
f 3096 3168 3025
f 3025 3168 3097
f 3097 3169 3098
f 3098 3169 3170
f 3098 3170 3099
f 3099 3170 3171
f 3099 3171 3100
f 3100 3171 3172
f 3100 3172 3101
f 3101 3172 3173
f 3101 3173 3102
f 3102 3173 3174
f 3102 3174 3103
f 3103 3174 3175
f 3103 3175 3104
f 3104 3175 3176
f 3104 3176 3105
f 3105 3176 3177
f 3105 3177 3106
f 3106 3177 3178
f 3106 3178 3107
f 3107 3178 3179
f 3107 3179 3108
f 3108 3179 3180
f 3108 3180 3109
f 3109 3180 3181
f 3109 3181 3110
f 3110 3181 3182
f 3110 3182 3111
f 3111 3182 3183
f 3111 3183 3112
f 3112 3183 3184
f 3112 3184 3113
f 3113 3184 3185
f 3113 3185 3114
f 3114 3185 3186
f 3114 3186 3115
f 3115 3186 3187
f 3115 3187 3116
f 3116 3187 3188
f 3116 3188 3117
f 3117 3188 3189
f 3117 3189 3118
f 3118 3189 3190
f 3118 3190 3119
f 3119 3190 3191
f 3119 3191 3120
f 3120 3191 3192
f 3120 3192 3121
f 3121 3192 3193
f 3121 3193 3122
f 3122 3193 3194
f 3122 3194 3123
f 3123 3194 3195
f 3123 3195 3124
f 3124 3195 3196
f 3124 3196 3125
f 3125 3196 3197
f 3125 3197 3126
f 3126 3197 3198
f 3126 3198 3127
f 3127 3198 3199
f 3127 3199 3128
f 3128 3199 3200
f 3128 3200 3129
f 3129 3200 3201
f 3129 3201 3130
f 3130 3201 3202
f 3130 3202 3131
f 3131 3202 3203
f 3131 3203 3132
f 3132 3203 3204
f 3132 3204 3133
f 3133 3204 3205
f 3133 3205 3134
f 3134 3205 3206
f 3134 3206 3135
f 3135 3206 3207
f 3135 3207 3136
f 3136 3207 3208
f 3136 3208 3137
f 3137 3208 3209
f 3137 3209 3138
f 3138 3209 3210
f 3138 3210 3139
f 3139 3210 3211
f 3139 3211 3140
f 3140 3211 3212
f 3140 3212 3141
f 3141 3212 3213
f 3141 3213 3142
f 3142 3213 3214
f 3142 3214 3143
f 3143 3214 3215
f 3143 3215 3144
f 3144 3215 3216
f 3144 3216 3145
f 3145 3216 3217
f 3145 3217 3146
f 3146 3217 3218
f 3146 3218 3147
f 3147 3218 3219
f 3147 3219 3148
f 3148 3219 3220
f 3148 3220 3149
f 3149 3220 3221
f 3149 3221 3150
f 3150 3221 3222
f 3150 3222 3151
f 3151 3222 3223
f 3151 3223 3152
f 3152 3223 3224
f 3152 3224 3153
f 3153 3224 3225
f 3153 3225 3154
f 3154 3225 3226
f 3154 3226 3155
f 3155 3226 3227
f 3155 3227 3156
f 3156 3227 3228
f 3156 3228 3157
f 3157 3228 3229
f 3157 3229 3158
f 3158 3229 3230
f 3158 3230 3159
f 3159 3230 3231
f 3159 3231 3160
f 3160 3231 3232
f 3160 3232 3161
f 3161 3232 3233
f 3161 3233 3162
f 3162 3233 3234
f 3162 3234 3163
f 3163 3234 3235
f 3163 3235 3164
f 3164 3235 3236
f 3164 3236 3165
f 3165 3236 3237
f 3165 3237 3166
f 3166 3237 3238
f 3166 3238 3167
f 3167 3238 3239
f 3167 3239 3168
f 3168 3239 3240
f 3168 3240 3097
f 3097 3240 3169
f 3169 3241 3170
f 3170 3241 3242
f 3170 3242 3171
f 3171 3242 3243
f 3171 3243 3172
f 3172 3243 3244
f 3172 3244 3173
f 3173 3244 3245
f 3173 3245 3174
f 3174 3245 3246
f 3174 3246 3175
f 3175 3246 3247
f 3175 3247 3176
f 3176 3247 3248
f 3176 3248 3177
f 3177 3248 3249
f 3177 3249 3178
f 3178 3249 3250
f 3178 3250 3179
f 3179 3250 3251
f 3179 3251 3180
f 3180 3251 3252
f 3180 3252 3181
f 3181 3252 3253
f 3181 3253 3182
f 3182 3253 3254
f 3182 3254 3183
f 3183 3254 3255
f 3183 3255 3184
f 3184 3255 3256
f 3184 3256 3185
f 3185 3256 3257
f 3185 3257 3186
f 3186 3257 3258
f 3186 3258 3187
f 3187 3258 3259
f 3187 3259 3188
f 3188 3259 3260
f 3188 3260 3189
f 3189 3260 3261
f 3189 3261 3190
f 3190 3261 3262
f 3190 3262 3191
f 3191 3262 3263
f 3191 3263 3192
f 3192 3263 3264
f 3192 3264 3193
f 3193 3264 3265
f 3193 3265 3194
f 3194 3265 3266
f 3194 3266 3195
f 3195 3266 3267
f 3195 3267 3196
f 3196 3267 3268
f 3196 3268 3197
f 3197 3268 3269
f 3197 3269 3198
f 3198 3269 3270
f 3198 3270 3199
f 3199 3270 3271
f 3199 3271 3200
f 3200 3271 3272
f 3200 3272 3201
f 3201 3272 3273
f 3201 3273 3202
f 3202 3273 3274
f 3202 3274 3203
f 3203 3274 3275
f 3203 3275 3204
f 3204 3275 3276
f 3204 3276 3205
f 3205 3276 3277
f 3205 3277 3206
f 3206 3277 3278
f 3206 3278 3207
f 3207 3278 3279
f 3207 3279 3208
f 3208 3279 3280
f 3208 3280 3209
f 3209 3280 3281
f 3209 3281 3210
f 3210 3281 3282
f 3210 3282 3211
f 3211 3282 3283
f 3211 3283 3212
f 3212 3283 3284
f 3212 3284 3213
f 3213 3284 3285
f 3213 3285 3214
f 3214 3285 3286
f 3214 3286 3215
f 3215 3286 3287
f 3215 3287 3216
f 3216 3287 3288
f 3216 3288 3217
f 3217 3288 3289
f 3217 3289 3218
f 3218 3289 3290
f 3218 3290 3219
f 3219 3290 3291
f 3219 3291 3220
f 3220 3291 3292
f 3220 3292 3221
f 3221 3292 3293
f 3221 3293 3222
f 3222 3293 3294
f 3222 3294 3223
f 3223 3294 3295
f 3223 3295 3224
f 3224 3295 3296
f 3224 3296 3225
f 3225 3296 3297
f 3225 3297 3226
f 3226 3297 3298
f 3226 3298 3227
f 3227 3298 3299
f 3227 3299 3228
f 3228 3299 3300
f 3228 3300 3229
f 3229 3300 3301
f 3229 3301 3230
f 3230 3301 3302
f 3230 3302 3231
f 3231 3302 3303
f 3231 3303 3232
f 3232 3303 3304
f 3232 3304 3233
f 3233 3304 3305
f 3233 3305 3234
f 3234 3305 3306
f 3234 3306 3235
f 3235 3306 3307
f 3235 3307 3236
f 3236 3307 3308
f 3236 3308 3237
f 3237 3308 3309
f 3237 3309 3238
f 3238 3309 3310
f 3238 3310 3239
f 3239 3310 3311
f 3239 3311 3240
f 3240 3311 3312
f 3240 3312 3169
f 3169 3312 3241
f 3241 3313 3242
f 3242 3313 3314
f 3242 3314 3243
f 3243 3314 3315
f 3243 3315 3244
f 3244 3315 3316
f 3244 3316 3245
f 3245 3316 3317
f 3245 3317 3246
f 3246 3317 3318
f 3246 3318 3247
f 3247 3318 3319
f 3247 3319 3248
f 3248 3319 3320
f 3248 3320 3249
f 3249 3320 3321
f 3249 3321 3250
f 3250 3321 3322
f 3250 3322 3251
f 3251 3322 3323
f 3251 3323 3252
f 3252 3323 3324
f 3252 3324 3253
f 3253 3324 3325
f 3253 3325 3254
f 3254 3325 3326
f 3254 3326 3255
f 3255 3326 3327
f 3255 3327 3256
f 3256 3327 3328
f 3256 3328 3257
f 3257 3328 3329
f 3257 3329 3258
f 3258 3329 3330
f 3258 3330 3259
f 3259 3330 3331
f 3259 3331 3260
f 3260 3331 3332
f 3260 3332 3261
f 3261 3332 3333
f 3261 3333 3262
f 3262 3333 3334
f 3262 3334 3263
f 3263 3334 3335
f 3263 3335 3264
f 3264 3335 3336
f 3264 3336 3265
f 3265 3336 3337
f 3265 3337 3266
f 3266 3337 3338
f 3266 3338 3267
f 3267 3338 3339
f 3267 3339 3268
f 3268 3339 3340
f 3268 3340 3269
f 3269 3340 3341
f 3269 3341 3270
f 3270 3341 3342
f 3270 3342 3271
f 3271 3342 3343
f 3271 3343 3272
f 3272 3343 3344
f 3272 3344 3273
f 3273 3344 3345
f 3273 3345 3274
f 3274 3345 3346
f 3274 3346 3275
f 3275 3346 3347
f 3275 3347 3276
f 3276 3347 3348
f 3276 3348 3277
f 3277 3348 3349
f 3277 3349 3278
f 3278 3349 3350
f 3278 3350 3279
f 3279 3350 3351
f 3279 3351 3280
f 3280 3351 3352
f 3280 3352 3281
f 3281 3352 3353
f 3281 3353 3282
f 3282 3353 3354
f 3282 3354 3283
f 3283 3354 3355
f 3283 3355 3284
f 3284 3355 3356
f 3284 3356 3285
f 3285 3356 3357
f 3285 3357 3286
f 3286 3357 3358
f 3286 3358 3287
f 3287 3358 3359
f 3287 3359 3288
f 3288 3359 3360
f 3288 3360 3289
f 3289 3360 3361
f 3289 3361 3290
f 3290 3361 3362
f 3290 3362 3291
f 3291 3362 3363
f 3291 3363 3292
f 3292 3363 3364
f 3292 3364 3293
f 3293 3364 3365
f 3293 3365 3294
f 3294 3365 3366
f 3294 3366 3295
f 3295 3366 3367
f 3295 3367 3296
f 3296 3367 3368
f 3296 3368 3297
f 3297 3368 3369
f 3297 3369 3298
f 3298 3369 3370
f 3298 3370 3299
f 3299 3370 3371
f 3299 3371 3300
f 3300 3371 3372
f 3300 3372 3301
f 3301 3372 3373
f 3301 3373 3302
f 3302 3373 3374
f 3302 3374 3303
f 3303 3374 3375
f 3303 3375 3304
f 3304 3375 3376
f 3304 3376 3305
f 3305 3376 3377
f 3305 3377 3306
f 3306 3377 3378
f 3306 3378 3307
f 3307 3378 3379
f 3307 3379 3308
f 3308 3379 3380
f 3308 3380 3309
f 3309 3380 3381
f 3309 3381 3310
f 3310 3381 3382
f 3310 3382 3311
f 3311 3382 3383
f 3311 3383 3312
f 3312 3383 3384
f 3312 3384 3241
f 3241 3384 3313
f 3313 3385 3314
f 3314 3385 3386
f 3314 3386 3315
f 3315 3386 3387
f 3315 3387 3316
f 3316 3387 3388
f 3316 3388 3317
f 3317 3388 3389
f 3317 3389 3318
f 3318 3389 3390
f 3318 3390 3319
f 3319 3390 3391
f 3319 3391 3320
f 3320 3391 3392
f 3320 3392 3321
f 3321 3392 3393
f 3321 3393 3322
f 3322 3393 3394
f 3322 3394 3323
f 3323 3394 3395
f 3323 3395 3324
f 3324 3395 3396
f 3324 3396 3325
f 3325 3396 3397
f 3325 3397 3326
f 3326 3397 3398
f 3326 3398 3327
f 3327 3398 3399
f 3327 3399 3328
f 3328 3399 3400
f 3328 3400 3329
f 3329 3400 3401
f 3329 3401 3330
f 3330 3401 3402
f 3330 3402 3331
f 3331 3402 3403
f 3331 3403 3332
f 3332 3403 3404
f 3332 3404 3333
f 3333 3404 3405
f 3333 3405 3334
f 3334 3405 3406
f 3334 3406 3335
f 3335 3406 3407
f 3335 3407 3336
f 3336 3407 3408
f 3336 3408 3337
f 3337 3408 3409
f 3337 3409 3338
f 3338 3409 3410
f 3338 3410 3339
f 3339 3410 3411
f 3339 3411 3340
f 3340 3411 3412
f 3340 3412 3341
f 3341 3412 3413
f 3341 3413 3342
f 3342 3413 3414
f 3342 3414 3343
f 3343 3414 3415
f 3343 3415 3344
f 3344 3415 3416
f 3344 3416 3345
f 3345 3416 3417
f 3345 3417 3346
f 3346 3417 3418
f 3346 3418 3347
f 3347 3418 3419
f 3347 3419 3348
f 3348 3419 3420
f 3348 3420 3349
f 3349 3420 3421
f 3349 3421 3350
f 3350 3421 3422
f 3350 3422 3351
f 3351 3422 3423
f 3351 3423 3352
f 3352 3423 3424
f 3352 3424 3353
f 3353 3424 3425
f 3353 3425 3354
f 3354 3425 3426
f 3354 3426 3355
f 3355 3426 3427
f 3355 3427 3356
f 3356 3427 3428
f 3356 3428 3357
f 3357 3428 3429
f 3357 3429 3358
f 3358 3429 3430
f 3358 3430 3359
f 3359 3430 3431
f 3359 3431 3360
f 3360 3431 3432
f 3360 3432 3361
f 3361 3432 3433
f 3361 3433 3362
f 3362 3433 3434
f 3362 3434 3363
f 3363 3434 3435
f 3363 3435 3364
f 3364 3435 3436
f 3364 3436 3365
f 3365 3436 3437
f 3365 3437 3366
f 3366 3437 3438
f 3366 3438 3367
f 3367 3438 3439
f 3367 3439 3368
f 3368 3439 3440
f 3368 3440 3369
f 3369 3440 3441
f 3369 3441 3370
f 3370 3441 3442
f 3370 3442 3371
f 3371 3442 3443
f 3371 3443 3372
f 3372 3443 3444
f 3372 3444 3373
f 3373 3444 3445
f 3373 3445 3374
f 3374 3445 3446
f 3374 3446 3375
f 3375 3446 3447
f 3375 3447 3376
f 3376 3447 3448
f 3376 3448 3377
f 3377 3448 3449
f 3377 3449 3378
f 3378 3449 3450
f 3378 3450 3379
f 3379 3450 3451
f 3379 3451 3380
f 3380 3451 3452
f 3380 3452 3381
f 3381 3452 3453
f 3381 3453 3382
f 3382 3453 3454
f 3382 3454 3383
f 3383 3454 3455
f 3383 3455 3384
f 3384 3455 3456
f 3384 3456 3313
f 3313 3456 3385
f 3385 3457 3386
f 3386 3457 3458
f 3386 3458 3387
f 3387 3458 3459
f 3387 3459 3388
f 3388 3459 3460
f 3388 3460 3389
f 3389 3460 3461
f 3389 3461 3390
f 3390 3461 3462
f 3390 3462 3391
f 3391 3462 3463
f 3391 3463 3392
f 3392 3463 3464
f 3392 3464 3393
f 3393 3464 3465
f 3393 3465 3394
f 3394 3465 3466
f 3394 3466 3395
f 3395 3466 3467
f 3395 3467 3396
f 3396 3467 3468
f 3396 3468 3397
f 3397 3468 3469
f 3397 3469 3398
f 3398 3469 3470
f 3398 3470 3399
f 3399 3470 3471
f 3399 3471 3400
f 3400 3471 3472
f 3400 3472 3401
f 3401 3472 3473
f 3401 3473 3402
f 3402 3473 3474
f 3402 3474 3403
f 3403 3474 3475
f 3403 3475 3404
f 3404 3475 3476
f 3404 3476 3405
f 3405 3476 3477
f 3405 3477 3406
f 3406 3477 3478
f 3406 3478 3407
f 3407 3478 3479
f 3407 3479 3408
f 3408 3479 3480
f 3408 3480 3409
f 3409 3480 3481
f 3409 3481 3410
f 3410 3481 3482
f 3410 3482 3411
f 3411 3482 3483
f 3411 3483 3412
f 3412 3483 3484
f 3412 3484 3413
f 3413 3484 3485
f 3413 3485 3414
f 3414 3485 3486
f 3414 3486 3415
f 3415 3486 3487
f 3415 3487 3416
f 3416 3487 3488
f 3416 3488 3417
f 3417 3488 3489
f 3417 3489 3418
f 3418 3489 3490
f 3418 3490 3419
f 3419 3490 3491
f 3419 3491 3420
f 3420 3491 3492
f 3420 3492 3421
f 3421 3492 3493
f 3421 3493 3422
f 3422 3493 3494
f 3422 3494 3423
f 3423 3494 3495
f 3423 3495 3424
f 3424 3495 3496
f 3424 3496 3425
f 3425 3496 3497
f 3425 3497 3426
f 3426 3497 3498
f 3426 3498 3427
f 3427 3498 3499
f 3427 3499 3428
f 3428 3499 3500
f 3428 3500 3429
f 3429 3500 3501
f 3429 3501 3430
f 3430 3501 3502
f 3430 3502 3431
f 3431 3502 3503
f 3431 3503 3432
f 3432 3503 3504
f 3432 3504 3433
f 3433 3504 3505
f 3433 3505 3434
f 3434 3505 3506
f 3434 3506 3435
f 3435 3506 3507
f 3435 3507 3436
f 3436 3507 3508
f 3436 3508 3437
f 3437 3508 3509
f 3437 3509 3438
f 3438 3509 3510
f 3438 3510 3439
f 3439 3510 3511
f 3439 3511 3440
f 3440 3511 3512
f 3440 3512 3441
f 3441 3512 3513
f 3441 3513 3442
f 3442 3513 3514
f 3442 3514 3443
f 3443 3514 3515
f 3443 3515 3444
f 3444 3515 3516
f 3444 3516 3445
f 3445 3516 3517
f 3445 3517 3446
f 3446 3517 3518
f 3446 3518 3447
f 3447 3518 3519
f 3447 3519 3448
f 3448 3519 3520
f 3448 3520 3449
f 3449 3520 3521
f 3449 3521 3450
f 3450 3521 3522
f 3450 3522 3451
f 3451 3522 3523
f 3451 3523 3452
f 3452 3523 3524
f 3452 3524 3453
f 3453 3524 3525
f 3453 3525 3454
f 3454 3525 3526
f 3454 3526 3455
f 3455 3526 3527
f 3455 3527 3456
f 3456 3527 3528
f 3456 3528 3385
f 3385 3528 3457
f 3457 3529 3458
f 3458 3529 3530
f 3458 3530 3459
f 3459 3530 3531
f 3459 3531 3460
f 3460 3531 3532
f 3460 3532 3461
f 3461 3532 3533
f 3461 3533 3462
f 3462 3533 3534
f 3462 3534 3463
f 3463 3534 3535
f 3463 3535 3464
f 3464 3535 3536
f 3464 3536 3465
f 3465 3536 3537
f 3465 3537 3466
f 3466 3537 3538
f 3466 3538 3467
f 3467 3538 3539
f 3467 3539 3468
f 3468 3539 3540
f 3468 3540 3469
f 3469 3540 3541
f 3469 3541 3470
f 3470 3541 3542
f 3470 3542 3471
f 3471 3542 3543
f 3471 3543 3472
f 3472 3543 3544
f 3472 3544 3473
f 3473 3544 3545
f 3473 3545 3474
f 3474 3545 3546
f 3474 3546 3475
f 3475 3546 3547
f 3475 3547 3476
f 3476 3547 3548
f 3476 3548 3477
f 3477 3548 3549
f 3477 3549 3478
f 3478 3549 3550
f 3478 3550 3479
f 3479 3550 3551
f 3479 3551 3480
f 3480 3551 3552
f 3480 3552 3481
f 3481 3552 3553
f 3481 3553 3482
f 3482 3553 3554
f 3482 3554 3483
f 3483 3554 3555
f 3483 3555 3484
f 3484 3555 3556
f 3484 3556 3485
f 3485 3556 3557
f 3485 3557 3486
f 3486 3557 3558
f 3486 3558 3487
f 3487 3558 3559
f 3487 3559 3488
f 3488 3559 3560
f 3488 3560 3489
f 3489 3560 3561
f 3489 3561 3490
f 3490 3561 3562
f 3490 3562 3491
f 3491 3562 3563
f 3491 3563 3492
f 3492 3563 3564
f 3492 3564 3493
f 3493 3564 3565
f 3493 3565 3494
f 3494 3565 3566
f 3494 3566 3495
f 3495 3566 3567
f 3495 3567 3496
f 3496 3567 3568
f 3496 3568 3497
f 3497 3568 3569
f 3497 3569 3498
f 3498 3569 3570
f 3498 3570 3499
f 3499 3570 3571
f 3499 3571 3500
f 3500 3571 3572
f 3500 3572 3501
f 3501 3572 3573
f 3501 3573 3502
f 3502 3573 3574
f 3502 3574 3503
f 3503 3574 3575
f 3503 3575 3504
f 3504 3575 3576
f 3504 3576 3505
f 3505 3576 3577
f 3505 3577 3506
f 3506 3577 3578
f 3506 3578 3507
f 3507 3578 3579
f 3507 3579 3508
f 3508 3579 3580
f 3508 3580 3509
f 3509 3580 3581
f 3509 3581 3510
f 3510 3581 3582
f 3510 3582 3511
f 3511 3582 3583
f 3511 3583 3512
f 3512 3583 3584
f 3512 3584 3513
f 3513 3584 3585
f 3513 3585 3514
f 3514 3585 3586
f 3514 3586 3515
f 3515 3586 3587
f 3515 3587 3516
f 3516 3587 3588
f 3516 3588 3517
f 3517 3588 3589
f 3517 3589 3518
f 3518 3589 3590
f 3518 3590 3519
f 3519 3590 3591
f 3519 3591 3520
f 3520 3591 3592
f 3520 3592 3521
f 3521 3592 3593
f 3521 3593 3522
f 3522 3593 3594
f 3522 3594 3523
f 3523 3594 3595
f 3523 3595 3524
f 3524 3595 3596
f 3524 3596 3525
f 3525 3596 3597
f 3525 3597 3526
f 3526 3597 3598
f 3526 3598 3527
f 3527 3598 3599
f 3527 3599 3528
f 3528 3599 3600
f 3528 3600 3457
f 3457 3600 3529
f 3529 3601 3530
f 3530 3601 3602
f 3530 3602 3531
f 3531 3602 3603
f 3531 3603 3532
f 3532 3603 3604
f 3532 3604 3533
f 3533 3604 3605
f 3533 3605 3534
f 3534 3605 3606
f 3534 3606 3535
f 3535 3606 3607
f 3535 3607 3536
f 3536 3607 3608
f 3536 3608 3537
f 3537 3608 3609
f 3537 3609 3538
f 3538 3609 3610
f 3538 3610 3539
f 3539 3610 3611
f 3539 3611 3540
f 3540 3611 3612
f 3540 3612 3541
f 3541 3612 3613
f 3541 3613 3542
f 3542 3613 3614
f 3542 3614 3543
f 3543 3614 3615
f 3543 3615 3544
f 3544 3615 3616
f 3544 3616 3545
f 3545 3616 3617
f 3545 3617 3546
f 3546 3617 3618
f 3546 3618 3547
f 3547 3618 3619
f 3547 3619 3548
f 3548 3619 3620
f 3548 3620 3549
f 3549 3620 3621
f 3549 3621 3550
f 3550 3621 3622
f 3550 3622 3551
f 3551 3622 3623
f 3551 3623 3552
f 3552 3623 3624
f 3552 3624 3553
f 3553 3624 3625
f 3553 3625 3554
f 3554 3625 3626
f 3554 3626 3555
f 3555 3626 3627
f 3555 3627 3556
f 3556 3627 3628
f 3556 3628 3557
f 3557 3628 3629
f 3557 3629 3558
f 3558 3629 3630
f 3558 3630 3559
f 3559 3630 3631
f 3559 3631 3560
f 3560 3631 3632
f 3560 3632 3561
f 3561 3632 3633
f 3561 3633 3562
f 3562 3633 3634
f 3562 3634 3563
f 3563 3634 3635
f 3563 3635 3564
f 3564 3635 3636
f 3564 3636 3565
f 3565 3636 3637
f 3565 3637 3566
f 3566 3637 3638
f 3566 3638 3567
f 3567 3638 3639
f 3567 3639 3568
f 3568 3639 3640
f 3568 3640 3569
f 3569 3640 3641
f 3569 3641 3570
f 3570 3641 3642
f 3570 3642 3571
f 3571 3642 3643
f 3571 3643 3572
f 3572 3643 3644
f 3572 3644 3573
f 3573 3644 3645
f 3573 3645 3574
f 3574 3645 3646
f 3574 3646 3575
f 3575 3646 3647
f 3575 3647 3576
f 3576 3647 3648
f 3576 3648 3577
f 3577 3648 3649
f 3577 3649 3578
f 3578 3649 3650
f 3578 3650 3579
f 3579 3650 3651
f 3579 3651 3580
f 3580 3651 3652
f 3580 3652 3581
f 3581 3652 3653
f 3581 3653 3582
f 3582 3653 3654
f 3582 3654 3583
f 3583 3654 3655
f 3583 3655 3584
f 3584 3655 3656
f 3584 3656 3585
f 3585 3656 3657
f 3585 3657 3586
f 3586 3657 3658
f 3586 3658 3587
f 3587 3658 3659
f 3587 3659 3588
f 3588 3659 3660
f 3588 3660 3589
f 3589 3660 3661
f 3589 3661 3590
f 3590 3661 3662
f 3590 3662 3591
f 3591 3662 3663
f 3591 3663 3592
f 3592 3663 3664
f 3592 3664 3593
f 3593 3664 3665
f 3593 3665 3594
f 3594 3665 3666
f 3594 3666 3595
f 3595 3666 3667
f 3595 3667 3596
f 3596 3667 3668
f 3596 3668 3597
f 3597 3668 3669
f 3597 3669 3598
f 3598 3669 3670
f 3598 3670 3599
f 3599 3670 3671
f 3599 3671 3600
f 3600 3671 3672
f 3600 3672 3529
f 3529 3672 3601
f 3601 3673 3602
f 3602 3673 3674
f 3602 3674 3603
f 3603 3674 3675
f 3603 3675 3604
f 3604 3675 3676
f 3604 3676 3605
f 3605 3676 3677
f 3605 3677 3606
f 3606 3677 3678
f 3606 3678 3607
f 3607 3678 3679
f 3607 3679 3608
f 3608 3679 3680
f 3608 3680 3609
f 3609 3680 3681
f 3609 3681 3610
f 3610 3681 3682
f 3610 3682 3611
f 3611 3682 3683
f 3611 3683 3612
f 3612 3683 3684
f 3612 3684 3613
f 3613 3684 3685
f 3613 3685 3614
f 3614 3685 3686
f 3614 3686 3615
f 3615 3686 3687
f 3615 3687 3616
f 3616 3687 3688
f 3616 3688 3617
f 3617 3688 3689
f 3617 3689 3618
f 3618 3689 3690
f 3618 3690 3619
f 3619 3690 3691
f 3619 3691 3620
f 3620 3691 3692
f 3620 3692 3621
f 3621 3692 3693
f 3621 3693 3622
f 3622 3693 3694
f 3622 3694 3623
f 3623 3694 3695
f 3623 3695 3624
f 3624 3695 3696
f 3624 3696 3625
f 3625 3696 3697
f 3625 3697 3626
f 3626 3697 3698
f 3626 3698 3627
f 3627 3698 3699
f 3627 3699 3628
f 3628 3699 3700
f 3628 3700 3629
f 3629 3700 3701
f 3629 3701 3630
f 3630 3701 3702
f 3630 3702 3631
f 3631 3702 3703
f 3631 3703 3632
f 3632 3703 3704
f 3632 3704 3633
f 3633 3704 3705
f 3633 3705 3634
f 3634 3705 3706
f 3634 3706 3635
f 3635 3706 3707
f 3635 3707 3636
f 3636 3707 3708
f 3636 3708 3637
f 3637 3708 3709
f 3637 3709 3638
f 3638 3709 3710
f 3638 3710 3639
f 3639 3710 3711
f 3639 3711 3640
f 3640 3711 3712
f 3640 3712 3641
f 3641 3712 3713
f 3641 3713 3642
f 3642 3713 3714
f 3642 3714 3643
f 3643 3714 3715
f 3643 3715 3644
f 3644 3715 3716
f 3644 3716 3645
f 3645 3716 3717
f 3645 3717 3646
f 3646 3717 3718
f 3646 3718 3647
f 3647 3718 3719
f 3647 3719 3648
f 3648 3719 3720
f 3648 3720 3649
f 3649 3720 3721
f 3649 3721 3650
f 3650 3721 3722
f 3650 3722 3651
f 3651 3722 3723
f 3651 3723 3652
f 3652 3723 3724
f 3652 3724 3653
f 3653 3724 3725
f 3653 3725 3654
f 3654 3725 3726
f 3654 3726 3655
f 3655 3726 3727
f 3655 3727 3656
f 3656 3727 3728
f 3656 3728 3657
f 3657 3728 3729
f 3657 3729 3658
f 3658 3729 3730
f 3658 3730 3659
f 3659 3730 3731
f 3659 3731 3660
f 3660 3731 3732
f 3660 3732 3661
f 3661 3732 3733
f 3661 3733 3662
f 3662 3733 3734
f 3662 3734 3663
f 3663 3734 3735
f 3663 3735 3664
f 3664 3735 3736
f 3664 3736 3665
f 3665 3736 3737
f 3665 3737 3666
f 3666 3737 3738
f 3666 3738 3667
f 3667 3738 3739
f 3667 3739 3668
f 3668 3739 3740
f 3668 3740 3669
f 3669 3740 3741
f 3669 3741 3670
f 3670 3741 3742
f 3670 3742 3671
f 3671 3742 3743
f 3671 3743 3672
f 3672 3743 3744
f 3672 3744 3601
f 3601 3744 3673
f 3673 3745 3674
f 3674 3745 3746
f 3674 3746 3675
f 3675 3746 3747
f 3675 3747 3676
f 3676 3747 3748
f 3676 3748 3677
f 3677 3748 3749
f 3677 3749 3678
f 3678 3749 3750
f 3678 3750 3679
f 3679 3750 3751
f 3679 3751 3680
f 3680 3751 3752
f 3680 3752 3681
f 3681 3752 3753
f 3681 3753 3682
f 3682 3753 3754
f 3682 3754 3683
f 3683 3754 3755
f 3683 3755 3684
f 3684 3755 3756
f 3684 3756 3685
f 3685 3756 3757
f 3685 3757 3686
f 3686 3757 3758
f 3686 3758 3687
f 3687 3758 3759
f 3687 3759 3688
f 3688 3759 3760
f 3688 3760 3689
f 3689 3760 3761
f 3689 3761 3690
f 3690 3761 3762
f 3690 3762 3691
f 3691 3762 3763
f 3691 3763 3692
f 3692 3763 3764
f 3692 3764 3693
f 3693 3764 3765
f 3693 3765 3694
f 3694 3765 3766
f 3694 3766 3695
f 3695 3766 3767
f 3695 3767 3696
f 3696 3767 3768
f 3696 3768 3697
f 3697 3768 3769
f 3697 3769 3698
f 3698 3769 3770
f 3698 3770 3699
f 3699 3770 3771
f 3699 3771 3700
f 3700 3771 3772
f 3700 3772 3701
f 3701 3772 3773
f 3701 3773 3702
f 3702 3773 3774
f 3702 3774 3703
f 3703 3774 3775
f 3703 3775 3704
f 3704 3775 3776
f 3704 3776 3705
f 3705 3776 3777
f 3705 3777 3706
f 3706 3777 3778
f 3706 3778 3707
f 3707 3778 3779
f 3707 3779 3708
f 3708 3779 3780
f 3708 3780 3709
f 3709 3780 3781
f 3709 3781 3710
f 3710 3781 3782
f 3710 3782 3711
f 3711 3782 3783
f 3711 3783 3712
f 3712 3783 3784
f 3712 3784 3713
f 3713 3784 3785
f 3713 3785 3714
f 3714 3785 3786
f 3714 3786 3715
f 3715 3786 3787
f 3715 3787 3716
f 3716 3787 3788
f 3716 3788 3717
f 3717 3788 3789
f 3717 3789 3718
f 3718 3789 3790
f 3718 3790 3719
f 3719 3790 3791
f 3719 3791 3720
f 3720 3791 3792
f 3720 3792 3721
f 3721 3792 3793
f 3721 3793 3722
f 3722 3793 3794
f 3722 3794 3723
f 3723 3794 3795
f 3723 3795 3724
f 3724 3795 3796
f 3724 3796 3725
f 3725 3796 3797
f 3725 3797 3726
f 3726 3797 3798
f 3726 3798 3727
f 3727 3798 3799
f 3727 3799 3728
f 3728 3799 3800
f 3728 3800 3729
f 3729 3800 3801
f 3729 3801 3730
f 3730 3801 3802
f 3730 3802 3731
f 3731 3802 3803
f 3731 3803 3732
f 3732 3803 3804
f 3732 3804 3733
f 3733 3804 3805
f 3733 3805 3734
f 3734 3805 3806
f 3734 3806 3735
f 3735 3806 3807
f 3735 3807 3736
f 3736 3807 3808
f 3736 3808 3737
f 3737 3808 3809
f 3737 3809 3738
f 3738 3809 3810
f 3738 3810 3739
f 3739 3810 3811
f 3739 3811 3740
f 3740 3811 3812
f 3740 3812 3741
f 3741 3812 3813
f 3741 3813 3742
f 3742 3813 3814
f 3742 3814 3743
f 3743 3814 3815
f 3743 3815 3744
f 3744 3815 3816
f 3744 3816 3673
f 3673 3816 3745
f 3745 3817 3746
f 3746 3817 3818
f 3746 3818 3747
f 3747 3818 3819
f 3747 3819 3748
f 3748 3819 3820
f 3748 3820 3749
f 3749 3820 3821
f 3749 3821 3750
f 3750 3821 3822
f 3750 3822 3751
f 3751 3822 3823
f 3751 3823 3752
f 3752 3823 3824
f 3752 3824 3753
f 3753 3824 3825
f 3753 3825 3754
f 3754 3825 3826
f 3754 3826 3755
f 3755 3826 3827
f 3755 3827 3756
f 3756 3827 3828
f 3756 3828 3757
f 3757 3828 3829
f 3757 3829 3758
f 3758 3829 3830
f 3758 3830 3759
f 3759 3830 3831
f 3759 3831 3760
f 3760 3831 3832
f 3760 3832 3761
f 3761 3832 3833
f 3761 3833 3762
f 3762 3833 3834
f 3762 3834 3763
f 3763 3834 3835
f 3763 3835 3764
f 3764 3835 3836
f 3764 3836 3765
f 3765 3836 3837
f 3765 3837 3766
f 3766 3837 3838
f 3766 3838 3767
f 3767 3838 3839
f 3767 3839 3768
f 3768 3839 3840
f 3768 3840 3769
f 3769 3840 3841
f 3769 3841 3770
f 3770 3841 3842
f 3770 3842 3771
f 3771 3842 3843
f 3771 3843 3772
f 3772 3843 3844
f 3772 3844 3773
f 3773 3844 3845
f 3773 3845 3774
f 3774 3845 3846
f 3774 3846 3775
f 3775 3846 3847
f 3775 3847 3776
f 3776 3847 3848
f 3776 3848 3777
f 3777 3848 3849
f 3777 3849 3778
f 3778 3849 3850
f 3778 3850 3779
f 3779 3850 3851
f 3779 3851 3780
f 3780 3851 3852
f 3780 3852 3781
f 3781 3852 3853
f 3781 3853 3782
f 3782 3853 3854
f 3782 3854 3783
f 3783 3854 3855
f 3783 3855 3784
f 3784 3855 3856
f 3784 3856 3785
f 3785 3856 3857
f 3785 3857 3786
f 3786 3857 3858
f 3786 3858 3787
f 3787 3858 3859
f 3787 3859 3788
f 3788 3859 3860
f 3788 3860 3789
f 3789 3860 3861
f 3789 3861 3790
f 3790 3861 3862
f 3790 3862 3791
f 3791 3862 3863
f 3791 3863 3792
f 3792 3863 3864
f 3792 3864 3793
f 3793 3864 3865
f 3793 3865 3794
f 3794 3865 3866
f 3794 3866 3795
f 3795 3866 3867
f 3795 3867 3796
f 3796 3867 3868
f 3796 3868 3797
f 3797 3868 3869
f 3797 3869 3798
f 3798 3869 3870
f 3798 3870 3799
f 3799 3870 3871
f 3799 3871 3800
f 3800 3871 3872
f 3800 3872 3801
f 3801 3872 3873
f 3801 3873 3802
f 3802 3873 3874
f 3802 3874 3803
f 3803 3874 3875
f 3803 3875 3804
f 3804 3875 3876
f 3804 3876 3805
f 3805 3876 3877
f 3805 3877 3806
f 3806 3877 3878
f 3806 3878 3807
f 3807 3878 3879
f 3807 3879 3808
f 3808 3879 3880
f 3808 3880 3809
f 3809 3880 3881
f 3809 3881 3810
f 3810 3881 3882
f 3810 3882 3811
f 3811 3882 3883
f 3811 3883 3812
f 3812 3883 3884
f 3812 3884 3813
f 3813 3884 3885
f 3813 3885 3814
f 3814 3885 3886
f 3814 3886 3815
f 3815 3886 3887
f 3815 3887 3816
f 3816 3887 3888
f 3816 3888 3745
f 3745 3888 3817
f 3817 3889 3818
f 3818 3889 3890
f 3818 3890 3819
f 3819 3890 3891
f 3819 3891 3820
f 3820 3891 3892
f 3820 3892 3821
f 3821 3892 3893
f 3821 3893 3822
f 3822 3893 3894
f 3822 3894 3823
f 3823 3894 3895
f 3823 3895 3824
f 3824 3895 3896
f 3824 3896 3825
f 3825 3896 3897
f 3825 3897 3826
f 3826 3897 3898
f 3826 3898 3827
f 3827 3898 3899
f 3827 3899 3828
f 3828 3899 3900
f 3828 3900 3829
f 3829 3900 3901
f 3829 3901 3830
f 3830 3901 3902
f 3830 3902 3831
f 3831 3902 3903
f 3831 3903 3832
f 3832 3903 3904
f 3832 3904 3833
f 3833 3904 3905
f 3833 3905 3834
f 3834 3905 3906
f 3834 3906 3835
f 3835 3906 3907
f 3835 3907 3836
f 3836 3907 3908
f 3836 3908 3837
f 3837 3908 3909
f 3837 3909 3838
f 3838 3909 3910
f 3838 3910 3839
f 3839 3910 3911
f 3839 3911 3840
f 3840 3911 3912
f 3840 3912 3841
f 3841 3912 3913
f 3841 3913 3842
f 3842 3913 3914
f 3842 3914 3843
f 3843 3914 3915
f 3843 3915 3844
f 3844 3915 3916
f 3844 3916 3845
f 3845 3916 3917
f 3845 3917 3846
f 3846 3917 3918
f 3846 3918 3847
f 3847 3918 3919
f 3847 3919 3848
f 3848 3919 3920
f 3848 3920 3849
f 3849 3920 3921
f 3849 3921 3850
f 3850 3921 3922
f 3850 3922 3851
f 3851 3922 3923
f 3851 3923 3852
f 3852 3923 3924
f 3852 3924 3853
f 3853 3924 3925
f 3853 3925 3854
f 3854 3925 3926
f 3854 3926 3855
f 3855 3926 3927
f 3855 3927 3856
f 3856 3927 3928
f 3856 3928 3857
f 3857 3928 3929
f 3857 3929 3858
f 3858 3929 3930
f 3858 3930 3859
f 3859 3930 3931
f 3859 3931 3860
f 3860 3931 3932
f 3860 3932 3861
f 3861 3932 3933
f 3861 3933 3862
f 3862 3933 3934
f 3862 3934 3863
f 3863 3934 3935
f 3863 3935 3864
f 3864 3935 3936
f 3864 3936 3865
f 3865 3936 3937
f 3865 3937 3866
f 3866 3937 3938
f 3866 3938 3867
f 3867 3938 3939
f 3867 3939 3868
f 3868 3939 3940
f 3868 3940 3869
f 3869 3940 3941
f 3869 3941 3870
f 3870 3941 3942
f 3870 3942 3871
f 3871 3942 3943
f 3871 3943 3872
f 3872 3943 3944
f 3872 3944 3873
f 3873 3944 3945
f 3873 3945 3874
f 3874 3945 3946
f 3874 3946 3875
f 3875 3946 3947
f 3875 3947 3876
f 3876 3947 3948
f 3876 3948 3877
f 3877 3948 3949
f 3877 3949 3878
f 3878 3949 3950
f 3878 3950 3879
f 3879 3950 3951
f 3879 3951 3880
f 3880 3951 3952
f 3880 3952 3881
f 3881 3952 3953
f 3881 3953 3882
f 3882 3953 3954
f 3882 3954 3883
f 3883 3954 3955
f 3883 3955 3884
f 3884 3955 3956
f 3884 3956 3885
f 3885 3956 3957
f 3885 3957 3886
f 3886 3957 3958
f 3886 3958 3887
f 3887 3958 3959
f 3887 3959 3888
f 3888 3959 3960
f 3888 3960 3817
f 3817 3960 3889
f 3889 3961 3890
f 3890 3961 3962
f 3890 3962 3891
f 3891 3962 3963
f 3891 3963 3892
f 3892 3963 3964
f 3892 3964 3893
f 3893 3964 3965
f 3893 3965 3894
f 3894 3965 3966
f 3894 3966 3895
f 3895 3966 3967
f 3895 3967 3896
f 3896 3967 3968
f 3896 3968 3897
f 3897 3968 3969
f 3897 3969 3898
f 3898 3969 3970
f 3898 3970 3899
f 3899 3970 3971
f 3899 3971 3900
f 3900 3971 3972
f 3900 3972 3901
f 3901 3972 3973
f 3901 3973 3902
f 3902 3973 3974
f 3902 3974 3903
f 3903 3974 3975
f 3903 3975 3904
f 3904 3975 3976
f 3904 3976 3905
f 3905 3976 3977
f 3905 3977 3906
f 3906 3977 3978
f 3906 3978 3907
f 3907 3978 3979
f 3907 3979 3908
f 3908 3979 3980
f 3908 3980 3909
f 3909 3980 3981
f 3909 3981 3910
f 3910 3981 3982
f 3910 3982 3911
f 3911 3982 3983
f 3911 3983 3912
f 3912 3983 3984
f 3912 3984 3913
f 3913 3984 3985
f 3913 3985 3914
f 3914 3985 3986
f 3914 3986 3915
f 3915 3986 3987
f 3915 3987 3916
f 3916 3987 3988
f 3916 3988 3917
f 3917 3988 3989
f 3917 3989 3918
f 3918 3989 3990
f 3918 3990 3919
f 3919 3990 3991
f 3919 3991 3920
f 3920 3991 3992
f 3920 3992 3921
f 3921 3992 3993
f 3921 3993 3922
f 3922 3993 3994
f 3922 3994 3923
f 3923 3994 3995
f 3923 3995 3924
f 3924 3995 3996
f 3924 3996 3925
f 3925 3996 3997
f 3925 3997 3926
f 3926 3997 3998
f 3926 3998 3927
f 3927 3998 3999
f 3927 3999 3928
f 3928 3999 4000
f 3928 4000 3929
f 3929 4000 4001
f 3929 4001 3930
f 3930 4001 4002
f 3930 4002 3931
f 3931 4002 4003
f 3931 4003 3932
f 3932 4003 4004
f 3932 4004 3933
f 3933 4004 4005
f 3933 4005 3934
f 3934 4005 4006
f 3934 4006 3935
f 3935 4006 4007
f 3935 4007 3936
f 3936 4007 4008
f 3936 4008 3937
f 3937 4008 4009
f 3937 4009 3938
f 3938 4009 4010
f 3938 4010 3939
f 3939 4010 4011
f 3939 4011 3940
f 3940 4011 4012
f 3940 4012 3941
f 3941 4012 4013
f 3941 4013 3942
f 3942 4013 4014
f 3942 4014 3943
f 3943 4014 4015
f 3943 4015 3944
f 3944 4015 4016
f 3944 4016 3945
f 3945 4016 4017
f 3945 4017 3946
f 3946 4017 4018
f 3946 4018 3947
f 3947 4018 4019
f 3947 4019 3948
f 3948 4019 4020
f 3948 4020 3949
f 3949 4020 4021
f 3949 4021 3950
f 3950 4021 4022
f 3950 4022 3951
f 3951 4022 4023
f 3951 4023 3952
f 3952 4023 4024
f 3952 4024 3953
f 3953 4024 4025
f 3953 4025 3954
f 3954 4025 4026
f 3954 4026 3955
f 3955 4026 4027
f 3955 4027 3956
f 3956 4027 4028
f 3956 4028 3957
f 3957 4028 4029
f 3957 4029 3958
f 3958 4029 4030
f 3958 4030 3959
f 3959 4030 4031
f 3959 4031 3960
f 3960 4031 4032
f 3960 4032 3889
f 3889 4032 3961
f 3961 4033 3962
f 3962 4033 4034
f 3962 4034 3963
f 3963 4034 4035
f 3963 4035 3964
f 3964 4035 4036
f 3964 4036 3965
f 3965 4036 4037
f 3965 4037 3966
f 3966 4037 4038
f 3966 4038 3967
f 3967 4038 4039
f 3967 4039 3968
f 3968 4039 4040
f 3968 4040 3969
f 3969 4040 4041
f 3969 4041 3970
f 3970 4041 4042
f 3970 4042 3971
f 3971 4042 4043
f 3971 4043 3972
f 3972 4043 4044
f 3972 4044 3973
f 3973 4044 4045
f 3973 4045 3974
f 3974 4045 4046
f 3974 4046 3975
f 3975 4046 4047
f 3975 4047 3976
f 3976 4047 4048
f 3976 4048 3977
f 3977 4048 4049
f 3977 4049 3978
f 3978 4049 4050
f 3978 4050 3979
f 3979 4050 4051
f 3979 4051 3980
f 3980 4051 4052
f 3980 4052 3981
f 3981 4052 4053
f 3981 4053 3982
f 3982 4053 4054
f 3982 4054 3983
f 3983 4054 4055
f 3983 4055 3984
f 3984 4055 4056
f 3984 4056 3985
f 3985 4056 4057
f 3985 4057 3986
f 3986 4057 4058
f 3986 4058 3987
f 3987 4058 4059
f 3987 4059 3988
f 3988 4059 4060
f 3988 4060 3989
f 3989 4060 4061
f 3989 4061 3990
f 3990 4061 4062
f 3990 4062 3991
f 3991 4062 4063
f 3991 4063 3992
f 3992 4063 4064
f 3992 4064 3993
f 3993 4064 4065
f 3993 4065 3994
f 3994 4065 4066
f 3994 4066 3995
f 3995 4066 4067
f 3995 4067 3996
f 3996 4067 4068
f 3996 4068 3997
f 3997 4068 4069
f 3997 4069 3998
f 3998 4069 4070
f 3998 4070 3999
f 3999 4070 4071
f 3999 4071 4000
f 4000 4071 4072
f 4000 4072 4001
f 4001 4072 4073
f 4001 4073 4002
f 4002 4073 4074
f 4002 4074 4003
f 4003 4074 4075
f 4003 4075 4004
f 4004 4075 4076
f 4004 4076 4005
f 4005 4076 4077
f 4005 4077 4006
f 4006 4077 4078
f 4006 4078 4007
f 4007 4078 4079
f 4007 4079 4008
f 4008 4079 4080
f 4008 4080 4009
f 4009 4080 4081
f 4009 4081 4010
f 4010 4081 4082
f 4010 4082 4011
f 4011 4082 4083
f 4011 4083 4012
f 4012 4083 4084
f 4012 4084 4013
f 4013 4084 4085
f 4013 4085 4014
f 4014 4085 4086
f 4014 4086 4015
f 4015 4086 4087
f 4015 4087 4016
f 4016 4087 4088
f 4016 4088 4017
f 4017 4088 4089
f 4017 4089 4018
f 4018 4089 4090
f 4018 4090 4019
f 4019 4090 4091
f 4019 4091 4020
f 4020 4091 4092
f 4020 4092 4021
f 4021 4092 4093
f 4021 4093 4022
f 4022 4093 4094
f 4022 4094 4023
f 4023 4094 4095
f 4023 4095 4024
f 4024 4095 4096
f 4024 4096 4025
f 4025 4096 4097
f 4025 4097 4026
f 4026 4097 4098
f 4026 4098 4027
f 4027 4098 4099
f 4027 4099 4028
f 4028 4099 4100
f 4028 4100 4029
f 4029 4100 4101
f 4029 4101 4030
f 4030 4101 4102
f 4030 4102 4031
f 4031 4102 4103
f 4031 4103 4032
f 4032 4103 4104
f 4032 4104 3961
f 3961 4104 4033
f 4033 4105 4034
f 4034 4105 4106
f 4034 4106 4035
f 4035 4106 4107
f 4035 4107 4036
f 4036 4107 4108
f 4036 4108 4037
f 4037 4108 4109
f 4037 4109 4038
f 4038 4109 4110
f 4038 4110 4039
f 4039 4110 4111
f 4039 4111 4040
f 4040 4111 4112
f 4040 4112 4041
f 4041 4112 4113
f 4041 4113 4042
f 4042 4113 4114
f 4042 4114 4043
f 4043 4114 4115
f 4043 4115 4044
f 4044 4115 4116
f 4044 4116 4045
f 4045 4116 4117
f 4045 4117 4046
f 4046 4117 4118
f 4046 4118 4047
f 4047 4118 4119
f 4047 4119 4048
f 4048 4119 4120
f 4048 4120 4049
f 4049 4120 4121
f 4049 4121 4050
f 4050 4121 4122
f 4050 4122 4051
f 4051 4122 4123
f 4051 4123 4052
f 4052 4123 4124
f 4052 4124 4053
f 4053 4124 4125
f 4053 4125 4054
f 4054 4125 4126
f 4054 4126 4055
f 4055 4126 4127
f 4055 4127 4056
f 4056 4127 4128
f 4056 4128 4057
f 4057 4128 4129
f 4057 4129 4058
f 4058 4129 4130
f 4058 4130 4059
f 4059 4130 4131
f 4059 4131 4060
f 4060 4131 4132
f 4060 4132 4061
f 4061 4132 4133
f 4061 4133 4062
f 4062 4133 4134
f 4062 4134 4063
f 4063 4134 4135
f 4063 4135 4064
f 4064 4135 4136
f 4064 4136 4065
f 4065 4136 4137
f 4065 4137 4066
f 4066 4137 4138
f 4066 4138 4067
f 4067 4138 4139
f 4067 4139 4068
f 4068 4139 4140
f 4068 4140 4069
f 4069 4140 4141
f 4069 4141 4070
f 4070 4141 4142
f 4070 4142 4071
f 4071 4142 4143
f 4071 4143 4072
f 4072 4143 4144
f 4072 4144 4073
f 4073 4144 4145
f 4073 4145 4074
f 4074 4145 4146
f 4074 4146 4075
f 4075 4146 4147
f 4075 4147 4076
f 4076 4147 4148
f 4076 4148 4077
f 4077 4148 4149
f 4077 4149 4078
f 4078 4149 4150
f 4078 4150 4079
f 4079 4150 4151
f 4079 4151 4080
f 4080 4151 4152
f 4080 4152 4081
f 4081 4152 4153
f 4081 4153 4082
f 4082 4153 4154
f 4082 4154 4083
f 4083 4154 4155
f 4083 4155 4084
f 4084 4155 4156
f 4084 4156 4085
f 4085 4156 4157
f 4085 4157 4086
f 4086 4157 4158
f 4086 4158 4087
f 4087 4158 4159
f 4087 4159 4088
f 4088 4159 4160
f 4088 4160 4089
f 4089 4160 4161
f 4089 4161 4090
f 4090 4161 4162
f 4090 4162 4091
f 4091 4162 4163
f 4091 4163 4092
f 4092 4163 4164
f 4092 4164 4093
f 4093 4164 4165
f 4093 4165 4094
f 4094 4165 4166
f 4094 4166 4095
f 4095 4166 4167
f 4095 4167 4096
f 4096 4167 4168
f 4096 4168 4097
f 4097 4168 4169
f 4097 4169 4098
f 4098 4169 4170
f 4098 4170 4099
f 4099 4170 4171
f 4099 4171 4100
f 4100 4171 4172
f 4100 4172 4101
f 4101 4172 4173
f 4101 4173 4102
f 4102 4173 4174
f 4102 4174 4103
f 4103 4174 4175
f 4103 4175 4104
f 4104 4175 4176
f 4104 4176 4033
f 4033 4176 4105
f 4105 4177 4106
f 4106 4177 4178
f 4106 4178 4107
f 4107 4178 4179
f 4107 4179 4108
f 4108 4179 4180
f 4108 4180 4109
f 4109 4180 4181
f 4109 4181 4110
f 4110 4181 4182
f 4110 4182 4111
f 4111 4182 4183
f 4111 4183 4112
f 4112 4183 4184
f 4112 4184 4113
f 4113 4184 4185
f 4113 4185 4114
f 4114 4185 4186
f 4114 4186 4115
f 4115 4186 4187
f 4115 4187 4116
f 4116 4187 4188
f 4116 4188 4117
f 4117 4188 4189
f 4117 4189 4118
f 4118 4189 4190
f 4118 4190 4119
f 4119 4190 4191
f 4119 4191 4120
f 4120 4191 4192
f 4120 4192 4121
f 4121 4192 4193
f 4121 4193 4122
f 4122 4193 4194
f 4122 4194 4123
f 4123 4194 4195
f 4123 4195 4124
f 4124 4195 4196
f 4124 4196 4125
f 4125 4196 4197
f 4125 4197 4126
f 4126 4197 4198
f 4126 4198 4127
f 4127 4198 4199
f 4127 4199 4128
f 4128 4199 4200
f 4128 4200 4129
f 4129 4200 4201
f 4129 4201 4130
f 4130 4201 4202
f 4130 4202 4131
f 4131 4202 4203
f 4131 4203 4132
f 4132 4203 4204
f 4132 4204 4133
f 4133 4204 4205
f 4133 4205 4134
f 4134 4205 4206
f 4134 4206 4135
f 4135 4206 4207
f 4135 4207 4136
f 4136 4207 4208
f 4136 4208 4137
f 4137 4208 4209
f 4137 4209 4138
f 4138 4209 4210
f 4138 4210 4139
f 4139 4210 4211
f 4139 4211 4140
f 4140 4211 4212
f 4140 4212 4141
f 4141 4212 4213
f 4141 4213 4142
f 4142 4213 4214
f 4142 4214 4143
f 4143 4214 4215
f 4143 4215 4144
f 4144 4215 4216
f 4144 4216 4145
f 4145 4216 4217
f 4145 4217 4146
f 4146 4217 4218
f 4146 4218 4147
f 4147 4218 4219
f 4147 4219 4148
f 4148 4219 4220
f 4148 4220 4149
f 4149 4220 4221
f 4149 4221 4150
f 4150 4221 4222
f 4150 4222 4151
f 4151 4222 4223
f 4151 4223 4152
f 4152 4223 4224
f 4152 4224 4153
f 4153 4224 4225
f 4153 4225 4154
f 4154 4225 4226
f 4154 4226 4155
f 4155 4226 4227
f 4155 4227 4156
f 4156 4227 4228
f 4156 4228 4157
f 4157 4228 4229
f 4157 4229 4158
f 4158 4229 4230
f 4158 4230 4159
f 4159 4230 4231
f 4159 4231 4160
f 4160 4231 4232
f 4160 4232 4161
f 4161 4232 4233
f 4161 4233 4162
f 4162 4233 4234
f 4162 4234 4163
f 4163 4234 4235
f 4163 4235 4164
f 4164 4235 4236
f 4164 4236 4165
f 4165 4236 4237
f 4165 4237 4166
f 4166 4237 4238
f 4166 4238 4167
f 4167 4238 4239
f 4167 4239 4168
f 4168 4239 4240
f 4168 4240 4169
f 4169 4240 4241
f 4169 4241 4170
f 4170 4241 4242
f 4170 4242 4171
f 4171 4242 4243
f 4171 4243 4172
f 4172 4243 4244
f 4172 4244 4173
f 4173 4244 4245
f 4173 4245 4174
f 4174 4245 4246
f 4174 4246 4175
f 4175 4246 4247
f 4175 4247 4176
f 4176 4247 4248
f 4176 4248 4105
f 4105 4248 4177
f 4177 4249 4178
f 4178 4249 4250
f 4178 4250 4179
f 4179 4250 4251
f 4179 4251 4180
f 4180 4251 4252
f 4180 4252 4181
f 4181 4252 4253
f 4181 4253 4182
f 4182 4253 4254
f 4182 4254 4183
f 4183 4254 4255
f 4183 4255 4184
f 4184 4255 4256
f 4184 4256 4185
f 4185 4256 4257
f 4185 4257 4186
f 4186 4257 4258
f 4186 4258 4187
f 4187 4258 4259
f 4187 4259 4188
f 4188 4259 4260
f 4188 4260 4189
f 4189 4260 4261
f 4189 4261 4190
f 4190 4261 4262
f 4190 4262 4191
f 4191 4262 4263
f 4191 4263 4192
f 4192 4263 4264
f 4192 4264 4193
f 4193 4264 4265
f 4193 4265 4194
f 4194 4265 4266
f 4194 4266 4195
f 4195 4266 4267
f 4195 4267 4196
f 4196 4267 4268
f 4196 4268 4197
f 4197 4268 4269
f 4197 4269 4198
f 4198 4269 4270
f 4198 4270 4199
f 4199 4270 4271
f 4199 4271 4200
f 4200 4271 4272
f 4200 4272 4201
f 4201 4272 4273
f 4201 4273 4202
f 4202 4273 4274
f 4202 4274 4203
f 4203 4274 4275
f 4203 4275 4204
f 4204 4275 4276
f 4204 4276 4205
f 4205 4276 4277
f 4205 4277 4206
f 4206 4277 4278
f 4206 4278 4207
f 4207 4278 4279
f 4207 4279 4208
f 4208 4279 4280
f 4208 4280 4209
f 4209 4280 4281
f 4209 4281 4210
f 4210 4281 4282
f 4210 4282 4211
f 4211 4282 4283
f 4211 4283 4212
f 4212 4283 4284
f 4212 4284 4213
f 4213 4284 4285
f 4213 4285 4214
f 4214 4285 4286
f 4214 4286 4215
f 4215 4286 4287
f 4215 4287 4216
f 4216 4287 4288
f 4216 4288 4217
f 4217 4288 4289
f 4217 4289 4218
f 4218 4289 4290
f 4218 4290 4219
f 4219 4290 4291
f 4219 4291 4220
f 4220 4291 4292
f 4220 4292 4221
f 4221 4292 4293
f 4221 4293 4222
f 4222 4293 4294
f 4222 4294 4223
f 4223 4294 4295
f 4223 4295 4224
f 4224 4295 4296
f 4224 4296 4225
f 4225 4296 4297
f 4225 4297 4226
f 4226 4297 4298
f 4226 4298 4227
f 4227 4298 4299
f 4227 4299 4228
f 4228 4299 4300
f 4228 4300 4229
f 4229 4300 4301
f 4229 4301 4230
f 4230 4301 4302
f 4230 4302 4231
f 4231 4302 4303
f 4231 4303 4232
f 4232 4303 4304
f 4232 4304 4233
f 4233 4304 4305
f 4233 4305 4234
f 4234 4305 4306
f 4234 4306 4235
f 4235 4306 4307
f 4235 4307 4236
f 4236 4307 4308
f 4236 4308 4237
f 4237 4308 4309
f 4237 4309 4238
f 4238 4309 4310
f 4238 4310 4239
f 4239 4310 4311
f 4239 4311 4240
f 4240 4311 4312
f 4240 4312 4241
f 4241 4312 4313
f 4241 4313 4242
f 4242 4313 4314
f 4242 4314 4243
f 4243 4314 4315
f 4243 4315 4244
f 4244 4315 4316
f 4244 4316 4245
f 4245 4316 4317
f 4245 4317 4246
f 4246 4317 4318
f 4246 4318 4247
f 4247 4318 4319
f 4247 4319 4248
f 4248 4319 4320
f 4248 4320 4177
f 4177 4320 4249
f 4249 4321 4250
f 4250 4321 4322
f 4250 4322 4251
f 4251 4322 4323
f 4251 4323 4252
f 4252 4323 4324
f 4252 4324 4253
f 4253 4324 4325
f 4253 4325 4254
f 4254 4325 4326
f 4254 4326 4255
f 4255 4326 4327
f 4255 4327 4256
f 4256 4327 4328
f 4256 4328 4257
f 4257 4328 4329
f 4257 4329 4258
f 4258 4329 4330
f 4258 4330 4259
f 4259 4330 4331
f 4259 4331 4260
f 4260 4331 4332
f 4260 4332 4261
f 4261 4332 4333
f 4261 4333 4262
f 4262 4333 4334
f 4262 4334 4263
f 4263 4334 4335
f 4263 4335 4264
f 4264 4335 4336
f 4264 4336 4265
f 4265 4336 4337
f 4265 4337 4266
f 4266 4337 4338
f 4266 4338 4267
f 4267 4338 4339
f 4267 4339 4268
f 4268 4339 4340
f 4268 4340 4269
f 4269 4340 4341
f 4269 4341 4270
f 4270 4341 4342
f 4270 4342 4271
f 4271 4342 4343
f 4271 4343 4272
f 4272 4343 4344
f 4272 4344 4273
f 4273 4344 4345
f 4273 4345 4274
f 4274 4345 4346
f 4274 4346 4275
f 4275 4346 4347
f 4275 4347 4276
f 4276 4347 4348
f 4276 4348 4277
f 4277 4348 4349
f 4277 4349 4278
f 4278 4349 4350
f 4278 4350 4279
f 4279 4350 4351
f 4279 4351 4280
f 4280 4351 4352
f 4280 4352 4281
f 4281 4352 4353
f 4281 4353 4282
f 4282 4353 4354
f 4282 4354 4283
f 4283 4354 4355
f 4283 4355 4284
f 4284 4355 4356
f 4284 4356 4285
f 4285 4356 4357
f 4285 4357 4286
f 4286 4357 4358
f 4286 4358 4287
f 4287 4358 4359
f 4287 4359 4288
f 4288 4359 4360
f 4288 4360 4289
f 4289 4360 4361
f 4289 4361 4290
f 4290 4361 4362
f 4290 4362 4291
f 4291 4362 4363
f 4291 4363 4292
f 4292 4363 4364
f 4292 4364 4293
f 4293 4364 4365
f 4293 4365 4294
f 4294 4365 4366
f 4294 4366 4295
f 4295 4366 4367
f 4295 4367 4296
f 4296 4367 4368
f 4296 4368 4297
f 4297 4368 4369
f 4297 4369 4298
f 4298 4369 4370
f 4298 4370 4299
f 4299 4370 4371
f 4299 4371 4300
f 4300 4371 4372
f 4300 4372 4301
f 4301 4372 4373
f 4301 4373 4302
f 4302 4373 4374
f 4302 4374 4303
f 4303 4374 4375
f 4303 4375 4304
f 4304 4375 4376
f 4304 4376 4305
f 4305 4376 4377
f 4305 4377 4306
f 4306 4377 4378
f 4306 4378 4307
f 4307 4378 4379
f 4307 4379 4308
f 4308 4379 4380
f 4308 4380 4309
f 4309 4380 4381
f 4309 4381 4310
f 4310 4381 4382
f 4310 4382 4311
f 4311 4382 4383
f 4311 4383 4312
f 4312 4383 4384
f 4312 4384 4313
f 4313 4384 4385
f 4313 4385 4314
f 4314 4385 4386
f 4314 4386 4315
f 4315 4386 4387
f 4315 4387 4316
f 4316 4387 4388
f 4316 4388 4317
f 4317 4388 4389
f 4317 4389 4318
f 4318 4389 4390
f 4318 4390 4319
f 4319 4390 4391
f 4319 4391 4320
f 4320 4391 4392
f 4320 4392 4249
f 4249 4392 4321
f 4321 4393 4322
f 4322 4393 4394
f 4322 4394 4323
f 4323 4394 4395
f 4323 4395 4324
f 4324 4395 4396
f 4324 4396 4325
f 4325 4396 4397
f 4325 4397 4326
f 4326 4397 4398
f 4326 4398 4327
f 4327 4398 4399
f 4327 4399 4328
f 4328 4399 4400
f 4328 4400 4329
f 4329 4400 4401
f 4329 4401 4330
f 4330 4401 4402
f 4330 4402 4331
f 4331 4402 4403
f 4331 4403 4332
f 4332 4403 4404
f 4332 4404 4333
f 4333 4404 4405
f 4333 4405 4334
f 4334 4405 4406
f 4334 4406 4335
f 4335 4406 4407
f 4335 4407 4336
f 4336 4407 4408
f 4336 4408 4337
f 4337 4408 4409
f 4337 4409 4338
f 4338 4409 4410
f 4338 4410 4339
f 4339 4410 4411
f 4339 4411 4340
f 4340 4411 4412
f 4340 4412 4341
f 4341 4412 4413
f 4341 4413 4342
f 4342 4413 4414
f 4342 4414 4343
f 4343 4414 4415
f 4343 4415 4344
f 4344 4415 4416
f 4344 4416 4345
f 4345 4416 4417
f 4345 4417 4346
f 4346 4417 4418
f 4346 4418 4347
f 4347 4418 4419
f 4347 4419 4348
f 4348 4419 4420
f 4348 4420 4349
f 4349 4420 4421
f 4349 4421 4350
f 4350 4421 4422
f 4350 4422 4351
f 4351 4422 4423
f 4351 4423 4352
f 4352 4423 4424
f 4352 4424 4353
f 4353 4424 4425
f 4353 4425 4354
f 4354 4425 4426
f 4354 4426 4355
f 4355 4426 4427
f 4355 4427 4356
f 4356 4427 4428
f 4356 4428 4357
f 4357 4428 4429
f 4357 4429 4358
f 4358 4429 4430
f 4358 4430 4359
f 4359 4430 4431
f 4359 4431 4360
f 4360 4431 4432
f 4360 4432 4361
f 4361 4432 4433
f 4361 4433 4362
f 4362 4433 4434
f 4362 4434 4363
f 4363 4434 4435
f 4363 4435 4364
f 4364 4435 4436
f 4364 4436 4365
f 4365 4436 4437
f 4365 4437 4366
f 4366 4437 4438
f 4366 4438 4367
f 4367 4438 4439
f 4367 4439 4368
f 4368 4439 4440
f 4368 4440 4369
f 4369 4440 4441
f 4369 4441 4370
f 4370 4441 4442
f 4370 4442 4371
f 4371 4442 4443
f 4371 4443 4372
f 4372 4443 4444
f 4372 4444 4373
f 4373 4444 4445
f 4373 4445 4374
f 4374 4445 4446
f 4374 4446 4375
f 4375 4446 4447
f 4375 4447 4376
f 4376 4447 4448
f 4376 4448 4377
f 4377 4448 4449
f 4377 4449 4378
f 4378 4449 4450
f 4378 4450 4379
f 4379 4450 4451
f 4379 4451 4380
f 4380 4451 4452
f 4380 4452 4381
f 4381 4452 4453
f 4381 4453 4382
f 4382 4453 4454
f 4382 4454 4383
f 4383 4454 4455
f 4383 4455 4384
f 4384 4455 4456
f 4384 4456 4385
f 4385 4456 4457
f 4385 4457 4386
f 4386 4457 4458
f 4386 4458 4387
f 4387 4458 4459
f 4387 4459 4388
f 4388 4459 4460
f 4388 4460 4389
f 4389 4460 4461
f 4389 4461 4390
f 4390 4461 4462
f 4390 4462 4391
f 4391 4462 4463
f 4391 4463 4392
f 4392 4463 4464
f 4392 4464 4321
f 4321 4464 4393
f 4393 4465 4394
f 4394 4465 4466
f 4394 4466 4395
f 4395 4466 4467
f 4395 4467 4396
f 4396 4467 4468
f 4396 4468 4397
f 4397 4468 4469
f 4397 4469 4398
f 4398 4469 4470
f 4398 4470 4399
f 4399 4470 4471
f 4399 4471 4400
f 4400 4471 4472
f 4400 4472 4401
f 4401 4472 4473
f 4401 4473 4402
f 4402 4473 4474
f 4402 4474 4403
f 4403 4474 4475
f 4403 4475 4404
f 4404 4475 4476
f 4404 4476 4405
f 4405 4476 4477
f 4405 4477 4406
f 4406 4477 4478
f 4406 4478 4407
f 4407 4478 4479
f 4407 4479 4408
f 4408 4479 4480
f 4408 4480 4409
f 4409 4480 4481
f 4409 4481 4410
f 4410 4481 4482
f 4410 4482 4411
f 4411 4482 4483
f 4411 4483 4412
f 4412 4483 4484
f 4412 4484 4413
f 4413 4484 4485
f 4413 4485 4414
f 4414 4485 4486
f 4414 4486 4415
f 4415 4486 4487
f 4415 4487 4416
f 4416 4487 4488
f 4416 4488 4417
f 4417 4488 4489
f 4417 4489 4418
f 4418 4489 4490
f 4418 4490 4419
f 4419 4490 4491
f 4419 4491 4420
f 4420 4491 4492
f 4420 4492 4421
f 4421 4492 4493
f 4421 4493 4422
f 4422 4493 4494
f 4422 4494 4423
f 4423 4494 4495
f 4423 4495 4424
f 4424 4495 4496
f 4424 4496 4425
f 4425 4496 4497
f 4425 4497 4426
f 4426 4497 4498
f 4426 4498 4427
f 4427 4498 4499
f 4427 4499 4428
f 4428 4499 4500
f 4428 4500 4429
f 4429 4500 4501
f 4429 4501 4430
f 4430 4501 4502
f 4430 4502 4431
f 4431 4502 4503
f 4431 4503 4432
f 4432 4503 4504
f 4432 4504 4433
f 4433 4504 4505
f 4433 4505 4434
f 4434 4505 4506
f 4434 4506 4435
f 4435 4506 4507
f 4435 4507 4436
f 4436 4507 4508
f 4436 4508 4437
f 4437 4508 4509
f 4437 4509 4438
f 4438 4509 4510
f 4438 4510 4439
f 4439 4510 4511
f 4439 4511 4440
f 4440 4511 4512
f 4440 4512 4441
f 4441 4512 4513
f 4441 4513 4442
f 4442 4513 4514
f 4442 4514 4443
f 4443 4514 4515
f 4443 4515 4444
f 4444 4515 4516
f 4444 4516 4445
f 4445 4516 4517
f 4445 4517 4446
f 4446 4517 4518
f 4446 4518 4447
f 4447 4518 4519
f 4447 4519 4448
f 4448 4519 4520
f 4448 4520 4449
f 4449 4520 4521
f 4449 4521 4450
f 4450 4521 4522
f 4450 4522 4451
f 4451 4522 4523
f 4451 4523 4452
f 4452 4523 4524
f 4452 4524 4453
f 4453 4524 4525
f 4453 4525 4454
f 4454 4525 4526
f 4454 4526 4455
f 4455 4526 4527
f 4455 4527 4456
f 4456 4527 4528
f 4456 4528 4457
f 4457 4528 4529
f 4457 4529 4458
f 4458 4529 4530
f 4458 4530 4459
f 4459 4530 4531
f 4459 4531 4460
f 4460 4531 4532
f 4460 4532 4461
f 4461 4532 4533
f 4461 4533 4462
f 4462 4533 4534
f 4462 4534 4463
f 4463 4534 4535
f 4463 4535 4464
f 4464 4535 4536
f 4464 4536 4393
f 4393 4536 4465
f 4465 4537 4466
f 4466 4537 4538
f 4466 4538 4467
f 4467 4538 4539
f 4467 4539 4468
f 4468 4539 4540
f 4468 4540 4469
f 4469 4540 4541
f 4469 4541 4470
f 4470 4541 4542
f 4470 4542 4471
f 4471 4542 4543
f 4471 4543 4472
f 4472 4543 4544
f 4472 4544 4473
f 4473 4544 4545
f 4473 4545 4474
f 4474 4545 4546
f 4474 4546 4475
f 4475 4546 4547
f 4475 4547 4476
f 4476 4547 4548
f 4476 4548 4477
f 4477 4548 4549
f 4477 4549 4478
f 4478 4549 4550
f 4478 4550 4479
f 4479 4550 4551
f 4479 4551 4480
f 4480 4551 4552
f 4480 4552 4481
f 4481 4552 4553
f 4481 4553 4482
f 4482 4553 4554
f 4482 4554 4483
f 4483 4554 4555
f 4483 4555 4484
f 4484 4555 4556
f 4484 4556 4485
f 4485 4556 4557
f 4485 4557 4486
f 4486 4557 4558
f 4486 4558 4487
f 4487 4558 4559
f 4487 4559 4488
f 4488 4559 4560
f 4488 4560 4489
f 4489 4560 4561
f 4489 4561 4490
f 4490 4561 4562
f 4490 4562 4491
f 4491 4562 4563
f 4491 4563 4492
f 4492 4563 4564
f 4492 4564 4493
f 4493 4564 4565
f 4493 4565 4494
f 4494 4565 4566
f 4494 4566 4495
f 4495 4566 4567
f 4495 4567 4496
f 4496 4567 4568
f 4496 4568 4497
f 4497 4568 4569
f 4497 4569 4498
f 4498 4569 4570
f 4498 4570 4499
f 4499 4570 4571
f 4499 4571 4500
f 4500 4571 4572
f 4500 4572 4501
f 4501 4572 4573
f 4501 4573 4502
f 4502 4573 4574
f 4502 4574 4503
f 4503 4574 4575
f 4503 4575 4504
f 4504 4575 4576
f 4504 4576 4505
f 4505 4576 4577
f 4505 4577 4506
f 4506 4577 4578
f 4506 4578 4507
f 4507 4578 4579
f 4507 4579 4508
f 4508 4579 4580
f 4508 4580 4509
f 4509 4580 4581
f 4509 4581 4510
f 4510 4581 4582
f 4510 4582 4511
f 4511 4582 4583
f 4511 4583 4512
f 4512 4583 4584
f 4512 4584 4513
f 4513 4584 4585
f 4513 4585 4514
f 4514 4585 4586
f 4514 4586 4515
f 4515 4586 4587
f 4515 4587 4516
f 4516 4587 4588
f 4516 4588 4517
f 4517 4588 4589
f 4517 4589 4518
f 4518 4589 4590
f 4518 4590 4519
f 4519 4590 4591
f 4519 4591 4520
f 4520 4591 4592
f 4520 4592 4521
f 4521 4592 4593
f 4521 4593 4522
f 4522 4593 4594
f 4522 4594 4523
f 4523 4594 4595
f 4523 4595 4524
f 4524 4595 4596
f 4524 4596 4525
f 4525 4596 4597
f 4525 4597 4526
f 4526 4597 4598
f 4526 4598 4527
f 4527 4598 4599
f 4527 4599 4528
f 4528 4599 4600
f 4528 4600 4529
f 4529 4600 4601
f 4529 4601 4530
f 4530 4601 4602
f 4530 4602 4531
f 4531 4602 4603
f 4531 4603 4532
f 4532 4603 4604
f 4532 4604 4533
f 4533 4604 4605
f 4533 4605 4534
f 4534 4605 4606
f 4534 4606 4535
f 4535 4606 4607
f 4535 4607 4536
f 4536 4607 4608
f 4536 4608 4465
f 4465 4608 4537
f 4537 4609 4538
f 4538 4609 4610
f 4538 4610 4539
f 4539 4610 4611
f 4539 4611 4540
f 4540 4611 4612
f 4540 4612 4541
f 4541 4612 4613
f 4541 4613 4542
f 4542 4613 4614
f 4542 4614 4543
f 4543 4614 4615
f 4543 4615 4544
f 4544 4615 4616
f 4544 4616 4545
f 4545 4616 4617
f 4545 4617 4546
f 4546 4617 4618
f 4546 4618 4547
f 4547 4618 4619
f 4547 4619 4548
f 4548 4619 4620
f 4548 4620 4549
f 4549 4620 4621
f 4549 4621 4550
f 4550 4621 4622
f 4550 4622 4551
f 4551 4622 4623
f 4551 4623 4552
f 4552 4623 4624
f 4552 4624 4553
f 4553 4624 4625
f 4553 4625 4554
f 4554 4625 4626
f 4554 4626 4555
f 4555 4626 4627
f 4555 4627 4556
f 4556 4627 4628
f 4556 4628 4557
f 4557 4628 4629
f 4557 4629 4558
f 4558 4629 4630
f 4558 4630 4559
f 4559 4630 4631
f 4559 4631 4560
f 4560 4631 4632
f 4560 4632 4561
f 4561 4632 4633
f 4561 4633 4562
f 4562 4633 4634
f 4562 4634 4563
f 4563 4634 4635
f 4563 4635 4564
f 4564 4635 4636
f 4564 4636 4565
f 4565 4636 4637
f 4565 4637 4566
f 4566 4637 4638
f 4566 4638 4567
f 4567 4638 4639
f 4567 4639 4568
f 4568 4639 4640
f 4568 4640 4569
f 4569 4640 4641
f 4569 4641 4570
f 4570 4641 4642
f 4570 4642 4571
f 4571 4642 4643
f 4571 4643 4572
f 4572 4643 4644
f 4572 4644 4573
f 4573 4644 4645
f 4573 4645 4574
f 4574 4645 4646
f 4574 4646 4575
f 4575 4646 4647
f 4575 4647 4576
f 4576 4647 4648
f 4576 4648 4577
f 4577 4648 4649
f 4577 4649 4578
f 4578 4649 4650
f 4578 4650 4579
f 4579 4650 4651
f 4579 4651 4580
f 4580 4651 4652
f 4580 4652 4581
f 4581 4652 4653
f 4581 4653 4582
f 4582 4653 4654
f 4582 4654 4583
f 4583 4654 4655
f 4583 4655 4584
f 4584 4655 4656
f 4584 4656 4585
f 4585 4656 4657
f 4585 4657 4586
f 4586 4657 4658
f 4586 4658 4587
f 4587 4658 4659
f 4587 4659 4588
f 4588 4659 4660
f 4588 4660 4589
f 4589 4660 4661
f 4589 4661 4590
f 4590 4661 4662
f 4590 4662 4591
f 4591 4662 4663
f 4591 4663 4592
f 4592 4663 4664
f 4592 4664 4593
f 4593 4664 4665
f 4593 4665 4594
f 4594 4665 4666
f 4594 4666 4595
f 4595 4666 4667
f 4595 4667 4596
f 4596 4667 4668
f 4596 4668 4597
f 4597 4668 4669
f 4597 4669 4598
f 4598 4669 4670
f 4598 4670 4599
f 4599 4670 4671
f 4599 4671 4600
f 4600 4671 4672
f 4600 4672 4601
f 4601 4672 4673
f 4601 4673 4602
f 4602 4673 4674
f 4602 4674 4603
f 4603 4674 4675
f 4603 4675 4604
f 4604 4675 4676
f 4604 4676 4605
f 4605 4676 4677
f 4605 4677 4606
f 4606 4677 4678
f 4606 4678 4607
f 4607 4678 4679
f 4607 4679 4608
f 4608 4679 4680
f 4608 4680 4537
f 4537 4680 4609
f 4609 4681 4610
f 4610 4681 4682
f 4610 4682 4611
f 4611 4682 4683
f 4611 4683 4612
f 4612 4683 4684
f 4612 4684 4613
f 4613 4684 4685
f 4613 4685 4614
f 4614 4685 4686
f 4614 4686 4615
f 4615 4686 4687
f 4615 4687 4616
f 4616 4687 4688
f 4616 4688 4617
f 4617 4688 4689
f 4617 4689 4618
f 4618 4689 4690
f 4618 4690 4619
f 4619 4690 4691
f 4619 4691 4620
f 4620 4691 4692
f 4620 4692 4621
f 4621 4692 4693
f 4621 4693 4622
f 4622 4693 4694
f 4622 4694 4623
f 4623 4694 4695
f 4623 4695 4624
f 4624 4695 4696
f 4624 4696 4625
f 4625 4696 4697
f 4625 4697 4626
f 4626 4697 4698
f 4626 4698 4627
f 4627 4698 4699
f 4627 4699 4628
f 4628 4699 4700
f 4628 4700 4629
f 4629 4700 4701
f 4629 4701 4630
f 4630 4701 4702
f 4630 4702 4631
f 4631 4702 4703
f 4631 4703 4632
f 4632 4703 4704
f 4632 4704 4633
f 4633 4704 4705
f 4633 4705 4634
f 4634 4705 4706
f 4634 4706 4635
f 4635 4706 4707
f 4635 4707 4636
f 4636 4707 4708
f 4636 4708 4637
f 4637 4708 4709
f 4637 4709 4638
f 4638 4709 4710
f 4638 4710 4639
f 4639 4710 4711
f 4639 4711 4640
f 4640 4711 4712
f 4640 4712 4641
f 4641 4712 4713
f 4641 4713 4642
f 4642 4713 4714
f 4642 4714 4643
f 4643 4714 4715
f 4643 4715 4644
f 4644 4715 4716
f 4644 4716 4645
f 4645 4716 4717
f 4645 4717 4646
f 4646 4717 4718
f 4646 4718 4647
f 4647 4718 4719
f 4647 4719 4648
f 4648 4719 4720
f 4648 4720 4649
f 4649 4720 4721
f 4649 4721 4650
f 4650 4721 4722
f 4650 4722 4651
f 4651 4722 4723
f 4651 4723 4652
f 4652 4723 4724
f 4652 4724 4653
f 4653 4724 4725
f 4653 4725 4654
f 4654 4725 4726
f 4654 4726 4655
f 4655 4726 4727
f 4655 4727 4656
f 4656 4727 4728
f 4656 4728 4657
f 4657 4728 4729
f 4657 4729 4658
f 4658 4729 4730
f 4658 4730 4659
f 4659 4730 4731
f 4659 4731 4660
f 4660 4731 4732
f 4660 4732 4661
f 4661 4732 4733
f 4661 4733 4662
f 4662 4733 4734
f 4662 4734 4663
f 4663 4734 4735
f 4663 4735 4664
f 4664 4735 4736
f 4664 4736 4665
f 4665 4736 4737
f 4665 4737 4666
f 4666 4737 4738
f 4666 4738 4667
f 4667 4738 4739
f 4667 4739 4668
f 4668 4739 4740
f 4668 4740 4669
f 4669 4740 4741
f 4669 4741 4670
f 4670 4741 4742
f 4670 4742 4671
f 4671 4742 4743
f 4671 4743 4672
f 4672 4743 4744
f 4672 4744 4673
f 4673 4744 4745
f 4673 4745 4674
f 4674 4745 4746
f 4674 4746 4675
f 4675 4746 4747
f 4675 4747 4676
f 4676 4747 4748
f 4676 4748 4677
f 4677 4748 4749
f 4677 4749 4678
f 4678 4749 4750
f 4678 4750 4679
f 4679 4750 4751
f 4679 4751 4680
f 4680 4751 4752
f 4680 4752 4609
f 4609 4752 4681
f 4681 4753 4682
f 4682 4753 4754
f 4682 4754 4683
f 4683 4754 4755
f 4683 4755 4684
f 4684 4755 4756
f 4684 4756 4685
f 4685 4756 4757
f 4685 4757 4686
f 4686 4757 4758
f 4686 4758 4687
f 4687 4758 4759
f 4687 4759 4688
f 4688 4759 4760
f 4688 4760 4689
f 4689 4760 4761
f 4689 4761 4690
f 4690 4761 4762
f 4690 4762 4691
f 4691 4762 4763
f 4691 4763 4692
f 4692 4763 4764
f 4692 4764 4693
f 4693 4764 4765
f 4693 4765 4694
f 4694 4765 4766
f 4694 4766 4695
f 4695 4766 4767
f 4695 4767 4696
f 4696 4767 4768
f 4696 4768 4697
f 4697 4768 4769
f 4697 4769 4698
f 4698 4769 4770
f 4698 4770 4699
f 4699 4770 4771
f 4699 4771 4700
f 4700 4771 4772
f 4700 4772 4701
f 4701 4772 4773
f 4701 4773 4702
f 4702 4773 4774
f 4702 4774 4703
f 4703 4774 4775
f 4703 4775 4704
f 4704 4775 4776
f 4704 4776 4705
f 4705 4776 4777
f 4705 4777 4706
f 4706 4777 4778
f 4706 4778 4707
f 4707 4778 4779
f 4707 4779 4708
f 4708 4779 4780
f 4708 4780 4709
f 4709 4780 4781
f 4709 4781 4710
f 4710 4781 4782
f 4710 4782 4711
f 4711 4782 4783
f 4711 4783 4712
f 4712 4783 4784
f 4712 4784 4713
f 4713 4784 4785
f 4713 4785 4714
f 4714 4785 4786
f 4714 4786 4715
f 4715 4786 4787
f 4715 4787 4716
f 4716 4787 4788
f 4716 4788 4717
f 4717 4788 4789
f 4717 4789 4718
f 4718 4789 4790
f 4718 4790 4719
f 4719 4790 4791
f 4719 4791 4720
f 4720 4791 4792
f 4720 4792 4721
f 4721 4792 4793
f 4721 4793 4722
f 4722 4793 4794
f 4722 4794 4723
f 4723 4794 4795
f 4723 4795 4724
f 4724 4795 4796
f 4724 4796 4725
f 4725 4796 4797
f 4725 4797 4726
f 4726 4797 4798
f 4726 4798 4727
f 4727 4798 4799
f 4727 4799 4728
f 4728 4799 4800
f 4728 4800 4729
f 4729 4800 4801
f 4729 4801 4730
f 4730 4801 4802
f 4730 4802 4731
f 4731 4802 4803
f 4731 4803 4732
f 4732 4803 4804
f 4732 4804 4733
f 4733 4804 4805
f 4733 4805 4734
f 4734 4805 4806
f 4734 4806 4735
f 4735 4806 4807
f 4735 4807 4736
f 4736 4807 4808
f 4736 4808 4737
f 4737 4808 4809
f 4737 4809 4738
f 4738 4809 4810
f 4738 4810 4739
f 4739 4810 4811
f 4739 4811 4740
f 4740 4811 4812
f 4740 4812 4741
f 4741 4812 4813
f 4741 4813 4742
f 4742 4813 4814
f 4742 4814 4743
f 4743 4814 4815
f 4743 4815 4744
f 4744 4815 4816
f 4744 4816 4745
f 4745 4816 4817
f 4745 4817 4746
f 4746 4817 4818
f 4746 4818 4747
f 4747 4818 4819
f 4747 4819 4748
f 4748 4819 4820
f 4748 4820 4749
f 4749 4820 4821
f 4749 4821 4750
f 4750 4821 4822
f 4750 4822 4751
f 4751 4822 4823
f 4751 4823 4752
f 4752 4823 4824
f 4752 4824 4681
f 4681 4824 4753
f 4753 4825 4754
f 4754 4825 4826
f 4754 4826 4755
f 4755 4826 4827
f 4755 4827 4756
f 4756 4827 4828
f 4756 4828 4757
f 4757 4828 4829
f 4757 4829 4758
f 4758 4829 4830
f 4758 4830 4759
f 4759 4830 4831
f 4759 4831 4760
f 4760 4831 4832
f 4760 4832 4761
f 4761 4832 4833
f 4761 4833 4762
f 4762 4833 4834
f 4762 4834 4763
f 4763 4834 4835
f 4763 4835 4764
f 4764 4835 4836
f 4764 4836 4765
f 4765 4836 4837
f 4765 4837 4766
f 4766 4837 4838
f 4766 4838 4767
f 4767 4838 4839
f 4767 4839 4768
f 4768 4839 4840
f 4768 4840 4769
f 4769 4840 4841
f 4769 4841 4770
f 4770 4841 4842
f 4770 4842 4771
f 4771 4842 4843
f 4771 4843 4772
f 4772 4843 4844
f 4772 4844 4773
f 4773 4844 4845
f 4773 4845 4774
f 4774 4845 4846
f 4774 4846 4775
f 4775 4846 4847
f 4775 4847 4776
f 4776 4847 4848
f 4776 4848 4777
f 4777 4848 4849
f 4777 4849 4778
f 4778 4849 4850
f 4778 4850 4779
f 4779 4850 4851
f 4779 4851 4780
f 4780 4851 4852
f 4780 4852 4781
f 4781 4852 4853
f 4781 4853 4782
f 4782 4853 4854
f 4782 4854 4783
f 4783 4854 4855
f 4783 4855 4784
f 4784 4855 4856
f 4784 4856 4785
f 4785 4856 4857
f 4785 4857 4786
f 4786 4857 4858
f 4786 4858 4787
f 4787 4858 4859
f 4787 4859 4788
f 4788 4859 4860
f 4788 4860 4789
f 4789 4860 4861
f 4789 4861 4790
f 4790 4861 4862
f 4790 4862 4791
f 4791 4862 4863
f 4791 4863 4792
f 4792 4863 4864
f 4792 4864 4793
f 4793 4864 4865
f 4793 4865 4794
f 4794 4865 4866
f 4794 4866 4795
f 4795 4866 4867
f 4795 4867 4796
f 4796 4867 4868
f 4796 4868 4797
f 4797 4868 4869
f 4797 4869 4798
f 4798 4869 4870
f 4798 4870 4799
f 4799 4870 4871
f 4799 4871 4800
f 4800 4871 4872
f 4800 4872 4801
f 4801 4872 4873
f 4801 4873 4802
f 4802 4873 4874
f 4802 4874 4803
f 4803 4874 4875
f 4803 4875 4804
f 4804 4875 4876
f 4804 4876 4805
f 4805 4876 4877
f 4805 4877 4806
f 4806 4877 4878
f 4806 4878 4807
f 4807 4878 4879
f 4807 4879 4808
f 4808 4879 4880
f 4808 4880 4809
f 4809 4880 4881
f 4809 4881 4810
f 4810 4881 4882
f 4810 4882 4811
f 4811 4882 4883
f 4811 4883 4812
f 4812 4883 4884
f 4812 4884 4813
f 4813 4884 4885
f 4813 4885 4814
f 4814 4885 4886
f 4814 4886 4815
f 4815 4886 4887
f 4815 4887 4816
f 4816 4887 4888
f 4816 4888 4817
f 4817 4888 4889
f 4817 4889 4818
f 4818 4889 4890
f 4818 4890 4819
f 4819 4890 4891
f 4819 4891 4820
f 4820 4891 4892
f 4820 4892 4821
f 4821 4892 4893
f 4821 4893 4822
f 4822 4893 4894
f 4822 4894 4823
f 4823 4894 4895
f 4823 4895 4824
f 4824 4895 4896
f 4824 4896 4753
f 4753 4896 4825
f 4825 4897 4826
f 4826 4897 4898
f 4826 4898 4827
f 4827 4898 4899
f 4827 4899 4828
f 4828 4899 4900
f 4828 4900 4829
f 4829 4900 4901
f 4829 4901 4830
f 4830 4901 4902
f 4830 4902 4831
f 4831 4902 4903
f 4831 4903 4832
f 4832 4903 4904
f 4832 4904 4833
f 4833 4904 4905
f 4833 4905 4834
f 4834 4905 4906
f 4834 4906 4835
f 4835 4906 4907
f 4835 4907 4836
f 4836 4907 4908
f 4836 4908 4837
f 4837 4908 4909
f 4837 4909 4838
f 4838 4909 4910
f 4838 4910 4839
f 4839 4910 4911
f 4839 4911 4840
f 4840 4911 4912
f 4840 4912 4841
f 4841 4912 4913
f 4841 4913 4842
f 4842 4913 4914
f 4842 4914 4843
f 4843 4914 4915
f 4843 4915 4844
f 4844 4915 4916
f 4844 4916 4845
f 4845 4916 4917
f 4845 4917 4846
f 4846 4917 4918
f 4846 4918 4847
f 4847 4918 4919
f 4847 4919 4848
f 4848 4919 4920
f 4848 4920 4849
f 4849 4920 4921
f 4849 4921 4850
f 4850 4921 4922
f 4850 4922 4851
f 4851 4922 4923
f 4851 4923 4852
f 4852 4923 4924
f 4852 4924 4853
f 4853 4924 4925
f 4853 4925 4854
f 4854 4925 4926
f 4854 4926 4855
f 4855 4926 4927
f 4855 4927 4856
f 4856 4927 4928
f 4856 4928 4857
f 4857 4928 4929
f 4857 4929 4858
f 4858 4929 4930
f 4858 4930 4859
f 4859 4930 4931
f 4859 4931 4860
f 4860 4931 4932
f 4860 4932 4861
f 4861 4932 4933
f 4861 4933 4862
f 4862 4933 4934
f 4862 4934 4863
f 4863 4934 4935
f 4863 4935 4864
f 4864 4935 4936
f 4864 4936 4865
f 4865 4936 4937
f 4865 4937 4866
f 4866 4937 4938
f 4866 4938 4867
f 4867 4938 4939
f 4867 4939 4868
f 4868 4939 4940
f 4868 4940 4869
f 4869 4940 4941
f 4869 4941 4870
f 4870 4941 4942
f 4870 4942 4871
f 4871 4942 4943
f 4871 4943 4872
f 4872 4943 4944
f 4872 4944 4873
f 4873 4944 4945
f 4873 4945 4874
f 4874 4945 4946
f 4874 4946 4875
f 4875 4946 4947
f 4875 4947 4876
f 4876 4947 4948
f 4876 4948 4877
f 4877 4948 4949
f 4877 4949 4878
f 4878 4949 4950
f 4878 4950 4879
f 4879 4950 4951
f 4879 4951 4880
f 4880 4951 4952
f 4880 4952 4881
f 4881 4952 4953
f 4881 4953 4882
f 4882 4953 4954
f 4882 4954 4883
f 4883 4954 4955
f 4883 4955 4884
f 4884 4955 4956
f 4884 4956 4885
f 4885 4956 4957
f 4885 4957 4886
f 4886 4957 4958
f 4886 4958 4887
f 4887 4958 4959
f 4887 4959 4888
f 4888 4959 4960
f 4888 4960 4889
f 4889 4960 4961
f 4889 4961 4890
f 4890 4961 4962
f 4890 4962 4891
f 4891 4962 4963
f 4891 4963 4892
f 4892 4963 4964
f 4892 4964 4893
f 4893 4964 4965
f 4893 4965 4894
f 4894 4965 4966
f 4894 4966 4895
f 4895 4966 4967
f 4895 4967 4896
f 4896 4967 4968
f 4896 4968 4825
f 4825 4968 4897
f 4897 4969 4898
f 4898 4969 4970
f 4898 4970 4899
f 4899 4970 4971
f 4899 4971 4900
f 4900 4971 4972
f 4900 4972 4901
f 4901 4972 4973
f 4901 4973 4902
f 4902 4973 4974
f 4902 4974 4903
f 4903 4974 4975
f 4903 4975 4904
f 4904 4975 4976
f 4904 4976 4905
f 4905 4976 4977
f 4905 4977 4906
f 4906 4977 4978
f 4906 4978 4907
f 4907 4978 4979
f 4907 4979 4908
f 4908 4979 4980
f 4908 4980 4909
f 4909 4980 4981
f 4909 4981 4910
f 4910 4981 4982
f 4910 4982 4911
f 4911 4982 4983
f 4911 4983 4912
f 4912 4983 4984
f 4912 4984 4913
f 4913 4984 4985
f 4913 4985 4914
f 4914 4985 4986
f 4914 4986 4915
f 4915 4986 4987
f 4915 4987 4916
f 4916 4987 4988
f 4916 4988 4917
f 4917 4988 4989
f 4917 4989 4918
f 4918 4989 4990
f 4918 4990 4919
f 4919 4990 4991
f 4919 4991 4920
f 4920 4991 4992
f 4920 4992 4921
f 4921 4992 4993
f 4921 4993 4922
f 4922 4993 4994
f 4922 4994 4923
f 4923 4994 4995
f 4923 4995 4924
f 4924 4995 4996
f 4924 4996 4925
f 4925 4996 4997
f 4925 4997 4926
f 4926 4997 4998
f 4926 4998 4927
f 4927 4998 4999
f 4927 4999 4928
f 4928 4999 5000
f 4928 5000 4929
f 4929 5000 5001
f 4929 5001 4930
f 4930 5001 5002
f 4930 5002 4931
f 4931 5002 5003
f 4931 5003 4932
f 4932 5003 5004
f 4932 5004 4933
f 4933 5004 5005
f 4933 5005 4934
f 4934 5005 5006
f 4934 5006 4935
f 4935 5006 5007
f 4935 5007 4936
f 4936 5007 5008
f 4936 5008 4937
f 4937 5008 5009
f 4937 5009 4938
f 4938 5009 5010
f 4938 5010 4939
f 4939 5010 5011
f 4939 5011 4940
f 4940 5011 5012
f 4940 5012 4941
f 4941 5012 5013
f 4941 5013 4942
f 4942 5013 5014
f 4942 5014 4943
f 4943 5014 5015
f 4943 5015 4944
f 4944 5015 5016
f 4944 5016 4945
f 4945 5016 5017
f 4945 5017 4946
f 4946 5017 5018
f 4946 5018 4947
f 4947 5018 5019
f 4947 5019 4948
f 4948 5019 5020
f 4948 5020 4949
f 4949 5020 5021
f 4949 5021 4950
f 4950 5021 5022
f 4950 5022 4951
f 4951 5022 5023
f 4951 5023 4952
f 4952 5023 5024
f 4952 5024 4953
f 4953 5024 5025
f 4953 5025 4954
f 4954 5025 5026
f 4954 5026 4955
f 4955 5026 5027
f 4955 5027 4956
f 4956 5027 5028
f 4956 5028 4957
f 4957 5028 5029
f 4957 5029 4958
f 4958 5029 5030
f 4958 5030 4959
f 4959 5030 5031
f 4959 5031 4960
f 4960 5031 5032
f 4960 5032 4961
f 4961 5032 5033
f 4961 5033 4962
f 4962 5033 5034
f 4962 5034 4963
f 4963 5034 5035
f 4963 5035 4964
f 4964 5035 5036
f 4964 5036 4965
f 4965 5036 5037
f 4965 5037 4966
f 4966 5037 5038
f 4966 5038 4967
f 4967 5038 5039
f 4967 5039 4968
f 4968 5039 5040
f 4968 5040 4897
f 4897 5040 4969
f 4969 5041 4970
f 4970 5041 5042
f 4970 5042 4971
f 4971 5042 5043
f 4971 5043 4972
f 4972 5043 5044
f 4972 5044 4973
f 4973 5044 5045
f 4973 5045 4974
f 4974 5045 5046
f 4974 5046 4975
f 4975 5046 5047
f 4975 5047 4976
f 4976 5047 5048
f 4976 5048 4977
f 4977 5048 5049
f 4977 5049 4978
f 4978 5049 5050
f 4978 5050 4979
f 4979 5050 5051
f 4979 5051 4980
f 4980 5051 5052
f 4980 5052 4981
f 4981 5052 5053
f 4981 5053 4982
f 4982 5053 5054
f 4982 5054 4983
f 4983 5054 5055
f 4983 5055 4984
f 4984 5055 5056
f 4984 5056 4985
f 4985 5056 5057
f 4985 5057 4986
f 4986 5057 5058
f 4986 5058 4987
f 4987 5058 5059
f 4987 5059 4988
f 4988 5059 5060
f 4988 5060 4989
f 4989 5060 5061
f 4989 5061 4990
f 4990 5061 5062
f 4990 5062 4991
f 4991 5062 5063
f 4991 5063 4992
f 4992 5063 5064
f 4992 5064 4993
f 4993 5064 5065
f 4993 5065 4994
f 4994 5065 5066
f 4994 5066 4995
f 4995 5066 5067
f 4995 5067 4996
f 4996 5067 5068
f 4996 5068 4997
f 4997 5068 5069
f 4997 5069 4998
f 4998 5069 5070
f 4998 5070 4999
f 4999 5070 5071
f 4999 5071 5000
f 5000 5071 5072
f 5000 5072 5001
f 5001 5072 5073
f 5001 5073 5002
f 5002 5073 5074
f 5002 5074 5003
f 5003 5074 5075
f 5003 5075 5004
f 5004 5075 5076
f 5004 5076 5005
f 5005 5076 5077
f 5005 5077 5006
f 5006 5077 5078
f 5006 5078 5007
f 5007 5078 5079
f 5007 5079 5008
f 5008 5079 5080
f 5008 5080 5009
f 5009 5080 5081
f 5009 5081 5010
f 5010 5081 5082
f 5010 5082 5011
f 5011 5082 5083
f 5011 5083 5012
f 5012 5083 5084
f 5012 5084 5013
f 5013 5084 5085
f 5013 5085 5014
f 5014 5085 5086
f 5014 5086 5015
f 5015 5086 5087
f 5015 5087 5016
f 5016 5087 5088
f 5016 5088 5017
f 5017 5088 5089
f 5017 5089 5018
f 5018 5089 5090
f 5018 5090 5019
f 5019 5090 5091
f 5019 5091 5020
f 5020 5091 5092
f 5020 5092 5021
f 5021 5092 5093
f 5021 5093 5022
f 5022 5093 5094
f 5022 5094 5023
f 5023 5094 5095
f 5023 5095 5024
f 5024 5095 5096
f 5024 5096 5025
f 5025 5096 5097
f 5025 5097 5026
f 5026 5097 5098
f 5026 5098 5027
f 5027 5098 5099
f 5027 5099 5028
f 5028 5099 5100
f 5028 5100 5029
f 5029 5100 5101
f 5029 5101 5030
f 5030 5101 5102
f 5030 5102 5031
f 5031 5102 5103
f 5031 5103 5032
f 5032 5103 5104
f 5032 5104 5033
f 5033 5104 5105
f 5033 5105 5034
f 5034 5105 5106
f 5034 5106 5035
f 5035 5106 5107
f 5035 5107 5036
f 5036 5107 5108
f 5036 5108 5037
f 5037 5108 5109
f 5037 5109 5038
f 5038 5109 5110
f 5038 5110 5039
f 5039 5110 5111
f 5039 5111 5040
f 5040 5111 5112
f 5040 5112 4969
f 4969 5112 5041
f 5041 5113 5042
f 5042 5113 5114
f 5042 5114 5043
f 5043 5114 5115
f 5043 5115 5044
f 5044 5115 5116
f 5044 5116 5045
f 5045 5116 5117
f 5045 5117 5046
f 5046 5117 5118
f 5046 5118 5047
f 5047 5118 5119
f 5047 5119 5048
f 5048 5119 5120
f 5048 5120 5049
f 5049 5120 5121
f 5049 5121 5050
f 5050 5121 5122
f 5050 5122 5051
f 5051 5122 5123
f 5051 5123 5052
f 5052 5123 5124
f 5052 5124 5053
f 5053 5124 5125
f 5053 5125 5054
f 5054 5125 5126
f 5054 5126 5055
f 5055 5126 5127
f 5055 5127 5056
f 5056 5127 5128
f 5056 5128 5057
f 5057 5128 5129
f 5057 5129 5058
f 5058 5129 5130
f 5058 5130 5059
f 5059 5130 5131
f 5059 5131 5060
f 5060 5131 5132
f 5060 5132 5061
f 5061 5132 5133
f 5061 5133 5062
f 5062 5133 5134
f 5062 5134 5063
f 5063 5134 5135
f 5063 5135 5064
f 5064 5135 5136
f 5064 5136 5065
f 5065 5136 5137
f 5065 5137 5066
f 5066 5137 5138
f 5066 5138 5067
f 5067 5138 5139
f 5067 5139 5068
f 5068 5139 5140
f 5068 5140 5069
f 5069 5140 5141
f 5069 5141 5070
f 5070 5141 5142
f 5070 5142 5071
f 5071 5142 5143
f 5071 5143 5072
f 5072 5143 5144
f 5072 5144 5073
f 5073 5144 5145
f 5073 5145 5074
f 5074 5145 5146
f 5074 5146 5075
f 5075 5146 5147
f 5075 5147 5076
f 5076 5147 5148
f 5076 5148 5077
f 5077 5148 5149
f 5077 5149 5078
f 5078 5149 5150
f 5078 5150 5079
f 5079 5150 5151
f 5079 5151 5080
f 5080 5151 5152
f 5080 5152 5081
f 5081 5152 5153
f 5081 5153 5082
f 5082 5153 5154
f 5082 5154 5083
f 5083 5154 5155
f 5083 5155 5084
f 5084 5155 5156
f 5084 5156 5085
f 5085 5156 5157
f 5085 5157 5086
f 5086 5157 5158
f 5086 5158 5087
f 5087 5158 5159
f 5087 5159 5088
f 5088 5159 5160
f 5088 5160 5089
f 5089 5160 5161
f 5089 5161 5090
f 5090 5161 5162
f 5090 5162 5091
f 5091 5162 5163
f 5091 5163 5092
f 5092 5163 5164
f 5092 5164 5093
f 5093 5164 5165
f 5093 5165 5094
f 5094 5165 5166
f 5094 5166 5095
f 5095 5166 5167
f 5095 5167 5096
f 5096 5167 5168
f 5096 5168 5097
f 5097 5168 5169
f 5097 5169 5098
f 5098 5169 5170
f 5098 5170 5099
f 5099 5170 5171
f 5099 5171 5100
f 5100 5171 5172
f 5100 5172 5101
f 5101 5172 5173
f 5101 5173 5102
f 5102 5173 5174
f 5102 5174 5103
f 5103 5174 5175
f 5103 5175 5104
f 5104 5175 5176
f 5104 5176 5105
f 5105 5176 5177
f 5105 5177 5106
f 5106 5177 5178
f 5106 5178 5107
f 5107 5178 5179
f 5107 5179 5108
f 5108 5179 5180
f 5108 5180 5109
f 5109 5180 5181
f 5109 5181 5110
f 5110 5181 5182
f 5110 5182 5111
f 5111 5182 5183
f 5111 5183 5112
f 5112 5183 5184
f 5112 5184 5041
f 5041 5184 5113
f 5113 5185 5114
f 5114 5185 5186
f 5114 5186 5115
f 5115 5186 5187
f 5115 5187 5116
f 5116 5187 5188
f 5116 5188 5117
f 5117 5188 5189
f 5117 5189 5118
f 5118 5189 5190
f 5118 5190 5119
f 5119 5190 5191
f 5119 5191 5120
f 5120 5191 5192
f 5120 5192 5121
f 5121 5192 5193
f 5121 5193 5122
f 5122 5193 5194
f 5122 5194 5123
f 5123 5194 5195
f 5123 5195 5124
f 5124 5195 5196
f 5124 5196 5125
f 5125 5196 5197
f 5125 5197 5126
f 5126 5197 5198
f 5126 5198 5127
f 5127 5198 5199
f 5127 5199 5128
f 5128 5199 5200
f 5128 5200 5129
f 5129 5200 5201
f 5129 5201 5130
f 5130 5201 5202
f 5130 5202 5131
f 5131 5202 5203
f 5131 5203 5132
f 5132 5203 5204
f 5132 5204 5133
f 5133 5204 5205
f 5133 5205 5134
f 5134 5205 5206
f 5134 5206 5135
f 5135 5206 5207
f 5135 5207 5136
f 5136 5207 5208
f 5136 5208 5137
f 5137 5208 5209
f 5137 5209 5138
f 5138 5209 5210
f 5138 5210 5139
f 5139 5210 5211
f 5139 5211 5140
f 5140 5211 5212
f 5140 5212 5141
f 5141 5212 5213
f 5141 5213 5142
f 5142 5213 5214
f 5142 5214 5143
f 5143 5214 5215
f 5143 5215 5144
f 5144 5215 5216
f 5144 5216 5145
f 5145 5216 5217
f 5145 5217 5146
f 5146 5217 5218
f 5146 5218 5147
f 5147 5218 5219
f 5147 5219 5148
f 5148 5219 5220
f 5148 5220 5149
f 5149 5220 5221
f 5149 5221 5150
f 5150 5221 5222
f 5150 5222 5151
f 5151 5222 5223
f 5151 5223 5152
f 5152 5223 5224
f 5152 5224 5153
f 5153 5224 5225
f 5153 5225 5154
f 5154 5225 5226
f 5154 5226 5155
f 5155 5226 5227
f 5155 5227 5156
f 5156 5227 5228
f 5156 5228 5157
f 5157 5228 5229
f 5157 5229 5158
f 5158 5229 5230
f 5158 5230 5159
f 5159 5230 5231
f 5159 5231 5160
f 5160 5231 5232
f 5160 5232 5161
f 5161 5232 5233
f 5161 5233 5162
f 5162 5233 5234
f 5162 5234 5163
f 5163 5234 5235
f 5163 5235 5164
f 5164 5235 5236
f 5164 5236 5165
f 5165 5236 5237
f 5165 5237 5166
f 5166 5237 5238
f 5166 5238 5167
f 5167 5238 5239
f 5167 5239 5168
f 5168 5239 5240
f 5168 5240 5169
f 5169 5240 5241
f 5169 5241 5170
f 5170 5241 5242
f 5170 5242 5171
f 5171 5242 5243
f 5171 5243 5172
f 5172 5243 5244
f 5172 5244 5173
f 5173 5244 5245
f 5173 5245 5174
f 5174 5245 5246
f 5174 5246 5175
f 5175 5246 5247
f 5175 5247 5176
f 5176 5247 5248
f 5176 5248 5177
f 5177 5248 5249
f 5177 5249 5178
f 5178 5249 5250
f 5178 5250 5179
f 5179 5250 5251
f 5179 5251 5180
f 5180 5251 5252
f 5180 5252 5181
f 5181 5252 5253
f 5181 5253 5182
f 5182 5253 5254
f 5182 5254 5183
f 5183 5254 5255
f 5183 5255 5184
f 5184 5255 5256
f 5184 5256 5113
f 5113 5256 5185
f 5185 5257 5186
f 5186 5257 5258
f 5186 5258 5187
f 5187 5258 5259
f 5187 5259 5188
f 5188 5259 5260
f 5188 5260 5189
f 5189 5260 5261
f 5189 5261 5190
f 5190 5261 5262
f 5190 5262 5191
f 5191 5262 5263
f 5191 5263 5192
f 5192 5263 5264
f 5192 5264 5193
f 5193 5264 5265
f 5193 5265 5194
f 5194 5265 5266
f 5194 5266 5195
f 5195 5266 5267
f 5195 5267 5196
f 5196 5267 5268
f 5196 5268 5197
f 5197 5268 5269
f 5197 5269 5198
f 5198 5269 5270
f 5198 5270 5199
f 5199 5270 5271
f 5199 5271 5200
f 5200 5271 5272
f 5200 5272 5201
f 5201 5272 5273
f 5201 5273 5202
f 5202 5273 5274
f 5202 5274 5203
f 5203 5274 5275
f 5203 5275 5204
f 5204 5275 5276
f 5204 5276 5205
f 5205 5276 5277
f 5205 5277 5206
f 5206 5277 5278
f 5206 5278 5207
f 5207 5278 5279
f 5207 5279 5208
f 5208 5279 5280
f 5208 5280 5209
f 5209 5280 5281
f 5209 5281 5210
f 5210 5281 5282
f 5210 5282 5211
f 5211 5282 5283
f 5211 5283 5212
f 5212 5283 5284
f 5212 5284 5213
f 5213 5284 5285
f 5213 5285 5214
f 5214 5285 5286
f 5214 5286 5215
f 5215 5286 5287
f 5215 5287 5216
f 5216 5287 5288
f 5216 5288 5217
f 5217 5288 5289
f 5217 5289 5218
f 5218 5289 5290
f 5218 5290 5219
f 5219 5290 5291
f 5219 5291 5220
f 5220 5291 5292
f 5220 5292 5221
f 5221 5292 5293
f 5221 5293 5222
f 5222 5293 5294
f 5222 5294 5223
f 5223 5294 5295
f 5223 5295 5224
f 5224 5295 5296
f 5224 5296 5225
f 5225 5296 5297
f 5225 5297 5226
f 5226 5297 5298
f 5226 5298 5227
f 5227 5298 5299
f 5227 5299 5228
f 5228 5299 5300
f 5228 5300 5229
f 5229 5300 5301
f 5229 5301 5230
f 5230 5301 5302
f 5230 5302 5231
f 5231 5302 5303
f 5231 5303 5232
f 5232 5303 5304
f 5232 5304 5233
f 5233 5304 5305
f 5233 5305 5234
f 5234 5305 5306
f 5234 5306 5235
f 5235 5306 5307
f 5235 5307 5236
f 5236 5307 5308
f 5236 5308 5237
f 5237 5308 5309
f 5237 5309 5238
f 5238 5309 5310
f 5238 5310 5239
f 5239 5310 5311
f 5239 5311 5240
f 5240 5311 5312
f 5240 5312 5241
f 5241 5312 5313
f 5241 5313 5242
f 5242 5313 5314
f 5242 5314 5243
f 5243 5314 5315
f 5243 5315 5244
f 5244 5315 5316
f 5244 5316 5245
f 5245 5316 5317
f 5245 5317 5246
f 5246 5317 5318
f 5246 5318 5247
f 5247 5318 5319
f 5247 5319 5248
f 5248 5319 5320
f 5248 5320 5249
f 5249 5320 5321
f 5249 5321 5250
f 5250 5321 5322
f 5250 5322 5251
f 5251 5322 5323
f 5251 5323 5252
f 5252 5323 5324
f 5252 5324 5253
f 5253 5324 5325
f 5253 5325 5254
f 5254 5325 5326
f 5254 5326 5255
f 5255 5326 5327
f 5255 5327 5256
f 5256 5327 5328
f 5256 5328 5185
f 5185 5328 5257
f 5257 5329 5258
f 5258 5329 5330
f 5258 5330 5259
f 5259 5330 5331
f 5259 5331 5260
f 5260 5331 5332
f 5260 5332 5261
f 5261 5332 5333
f 5261 5333 5262
f 5262 5333 5334
f 5262 5334 5263
f 5263 5334 5335
f 5263 5335 5264
f 5264 5335 5336
f 5264 5336 5265
f 5265 5336 5337
f 5265 5337 5266
f 5266 5337 5338
f 5266 5338 5267
f 5267 5338 5339
f 5267 5339 5268
f 5268 5339 5340
f 5268 5340 5269
f 5269 5340 5341
f 5269 5341 5270
f 5270 5341 5342
f 5270 5342 5271
f 5271 5342 5343
f 5271 5343 5272
f 5272 5343 5344
f 5272 5344 5273
f 5273 5344 5345
f 5273 5345 5274
f 5274 5345 5346
f 5274 5346 5275
f 5275 5346 5347
f 5275 5347 5276
f 5276 5347 5348
f 5276 5348 5277
f 5277 5348 5349
f 5277 5349 5278
f 5278 5349 5350
f 5278 5350 5279
f 5279 5350 5351
f 5279 5351 5280
f 5280 5351 5352
f 5280 5352 5281
f 5281 5352 5353
f 5281 5353 5282
f 5282 5353 5354
f 5282 5354 5283
f 5283 5354 5355
f 5283 5355 5284
f 5284 5355 5356
f 5284 5356 5285
f 5285 5356 5357
f 5285 5357 5286
f 5286 5357 5358
f 5286 5358 5287
f 5287 5358 5359
f 5287 5359 5288
f 5288 5359 5360
f 5288 5360 5289
f 5289 5360 5361
f 5289 5361 5290
f 5290 5361 5362
f 5290 5362 5291
f 5291 5362 5363
f 5291 5363 5292
f 5292 5363 5364
f 5292 5364 5293
f 5293 5364 5365
f 5293 5365 5294
f 5294 5365 5366
f 5294 5366 5295
f 5295 5366 5367
f 5295 5367 5296
f 5296 5367 5368
f 5296 5368 5297
f 5297 5368 5369
f 5297 5369 5298
f 5298 5369 5370
f 5298 5370 5299
f 5299 5370 5371
f 5299 5371 5300
f 5300 5371 5372
f 5300 5372 5301
f 5301 5372 5373
f 5301 5373 5302
f 5302 5373 5374
f 5302 5374 5303
f 5303 5374 5375
f 5303 5375 5304
f 5304 5375 5376
f 5304 5376 5305
f 5305 5376 5377
f 5305 5377 5306
f 5306 5377 5378
f 5306 5378 5307
f 5307 5378 5379
f 5307 5379 5308
f 5308 5379 5380
f 5308 5380 5309
f 5309 5380 5381
f 5309 5381 5310
f 5310 5381 5382
f 5310 5382 5311
f 5311 5382 5383
f 5311 5383 5312
f 5312 5383 5384
f 5312 5384 5313
f 5313 5384 5385
f 5313 5385 5314
f 5314 5385 5386
f 5314 5386 5315
f 5315 5386 5387
f 5315 5387 5316
f 5316 5387 5388
f 5316 5388 5317
f 5317 5388 5389
f 5317 5389 5318
f 5318 5389 5390
f 5318 5390 5319
f 5319 5390 5391
f 5319 5391 5320
f 5320 5391 5392
f 5320 5392 5321
f 5321 5392 5393
f 5321 5393 5322
f 5322 5393 5394
f 5322 5394 5323
f 5323 5394 5395
f 5323 5395 5324
f 5324 5395 5396
f 5324 5396 5325
f 5325 5396 5397
f 5325 5397 5326
f 5326 5397 5398
f 5326 5398 5327
f 5327 5398 5399
f 5327 5399 5328
f 5328 5399 5400
f 5328 5400 5257
f 5257 5400 5329
f 5329 5401 5330
f 5330 5401 5402
f 5330 5402 5331
f 5331 5402 5403
f 5331 5403 5332
f 5332 5403 5404
f 5332 5404 5333
f 5333 5404 5405
f 5333 5405 5334
f 5334 5405 5406
f 5334 5406 5335
f 5335 5406 5407
f 5335 5407 5336
f 5336 5407 5408
f 5336 5408 5337
f 5337 5408 5409
f 5337 5409 5338
f 5338 5409 5410
f 5338 5410 5339
f 5339 5410 5411
f 5339 5411 5340
f 5340 5411 5412
f 5340 5412 5341
f 5341 5412 5413
f 5341 5413 5342
f 5342 5413 5414
f 5342 5414 5343
f 5343 5414 5415
f 5343 5415 5344
f 5344 5415 5416
f 5344 5416 5345
f 5345 5416 5417
f 5345 5417 5346
f 5346 5417 5418
f 5346 5418 5347
f 5347 5418 5419
f 5347 5419 5348
f 5348 5419 5420
f 5348 5420 5349
f 5349 5420 5421
f 5349 5421 5350
f 5350 5421 5422
f 5350 5422 5351
f 5351 5422 5423
f 5351 5423 5352
f 5352 5423 5424
f 5352 5424 5353
f 5353 5424 5425
f 5353 5425 5354
f 5354 5425 5426
f 5354 5426 5355
f 5355 5426 5427
f 5355 5427 5356
f 5356 5427 5428
f 5356 5428 5357
f 5357 5428 5429
f 5357 5429 5358
f 5358 5429 5430
f 5358 5430 5359
f 5359 5430 5431
f 5359 5431 5360
f 5360 5431 5432
f 5360 5432 5361
f 5361 5432 5433
f 5361 5433 5362
f 5362 5433 5434
f 5362 5434 5363
f 5363 5434 5435
f 5363 5435 5364
f 5364 5435 5436
f 5364 5436 5365
f 5365 5436 5437
f 5365 5437 5366
f 5366 5437 5438
f 5366 5438 5367
f 5367 5438 5439
f 5367 5439 5368
f 5368 5439 5440
f 5368 5440 5369
f 5369 5440 5441
f 5369 5441 5370
f 5370 5441 5442
f 5370 5442 5371
f 5371 5442 5443
f 5371 5443 5372
f 5372 5443 5444
f 5372 5444 5373
f 5373 5444 5445
f 5373 5445 5374
f 5374 5445 5446
f 5374 5446 5375
f 5375 5446 5447
f 5375 5447 5376
f 5376 5447 5448
f 5376 5448 5377
f 5377 5448 5449
f 5377 5449 5378
f 5378 5449 5450
f 5378 5450 5379
f 5379 5450 5451
f 5379 5451 5380
f 5380 5451 5452
f 5380 5452 5381
f 5381 5452 5453
f 5381 5453 5382
f 5382 5453 5454
f 5382 5454 5383
f 5383 5454 5455
f 5383 5455 5384
f 5384 5455 5456
f 5384 5456 5385
f 5385 5456 5457
f 5385 5457 5386
f 5386 5457 5458
f 5386 5458 5387
f 5387 5458 5459
f 5387 5459 5388
f 5388 5459 5460
f 5388 5460 5389
f 5389 5460 5461
f 5389 5461 5390
f 5390 5461 5462
f 5390 5462 5391
f 5391 5462 5463
f 5391 5463 5392
f 5392 5463 5464
f 5392 5464 5393
f 5393 5464 5465
f 5393 5465 5394
f 5394 5465 5466
f 5394 5466 5395
f 5395 5466 5467
f 5395 5467 5396
f 5396 5467 5468
f 5396 5468 5397
f 5397 5468 5469
f 5397 5469 5398
f 5398 5469 5470
f 5398 5470 5399
f 5399 5470 5471
f 5399 5471 5400
f 5400 5471 5472
f 5400 5472 5329
f 5329 5472 5401
f 5401 5473 5402
f 5402 5473 5474
f 5402 5474 5403
f 5403 5474 5475
f 5403 5475 5404
f 5404 5475 5476
f 5404 5476 5405
f 5405 5476 5477
f 5405 5477 5406
f 5406 5477 5478
f 5406 5478 5407
f 5407 5478 5479
f 5407 5479 5408
f 5408 5479 5480
f 5408 5480 5409
f 5409 5480 5481
f 5409 5481 5410
f 5410 5481 5482
f 5410 5482 5411
f 5411 5482 5483
f 5411 5483 5412
f 5412 5483 5484
f 5412 5484 5413
f 5413 5484 5485
f 5413 5485 5414
f 5414 5485 5486
f 5414 5486 5415
f 5415 5486 5487
f 5415 5487 5416
f 5416 5487 5488
f 5416 5488 5417
f 5417 5488 5489
f 5417 5489 5418
f 5418 5489 5490
f 5418 5490 5419
f 5419 5490 5491
f 5419 5491 5420
f 5420 5491 5492
f 5420 5492 5421
f 5421 5492 5493
f 5421 5493 5422
f 5422 5493 5494
f 5422 5494 5423
f 5423 5494 5495
f 5423 5495 5424
f 5424 5495 5496
f 5424 5496 5425
f 5425 5496 5497
f 5425 5497 5426
f 5426 5497 5498
f 5426 5498 5427
f 5427 5498 5499
f 5427 5499 5428
f 5428 5499 5500
f 5428 5500 5429
f 5429 5500 5501
f 5429 5501 5430
f 5430 5501 5502
f 5430 5502 5431
f 5431 5502 5503
f 5431 5503 5432
f 5432 5503 5504
f 5432 5504 5433
f 5433 5504 5505
f 5433 5505 5434
f 5434 5505 5506
f 5434 5506 5435
f 5435 5506 5507
f 5435 5507 5436
f 5436 5507 5508
f 5436 5508 5437
f 5437 5508 5509
f 5437 5509 5438
f 5438 5509 5510
f 5438 5510 5439
f 5439 5510 5511
f 5439 5511 5440
f 5440 5511 5512
f 5440 5512 5441
f 5441 5512 5513
f 5441 5513 5442
f 5442 5513 5514
f 5442 5514 5443
f 5443 5514 5515
f 5443 5515 5444
f 5444 5515 5516
f 5444 5516 5445
f 5445 5516 5517
f 5445 5517 5446
f 5446 5517 5518
f 5446 5518 5447
f 5447 5518 5519
f 5447 5519 5448
f 5448 5519 5520
f 5448 5520 5449
f 5449 5520 5521
f 5449 5521 5450
f 5450 5521 5522
f 5450 5522 5451
f 5451 5522 5523
f 5451 5523 5452
f 5452 5523 5524
f 5452 5524 5453
f 5453 5524 5525
f 5453 5525 5454
f 5454 5525 5526
f 5454 5526 5455
f 5455 5526 5527
f 5455 5527 5456
f 5456 5527 5528
f 5456 5528 5457
f 5457 5528 5529
f 5457 5529 5458
f 5458 5529 5530
f 5458 5530 5459
f 5459 5530 5531
f 5459 5531 5460
f 5460 5531 5532
f 5460 5532 5461
f 5461 5532 5533
f 5461 5533 5462
f 5462 5533 5534
f 5462 5534 5463
f 5463 5534 5535
f 5463 5535 5464
f 5464 5535 5536
f 5464 5536 5465
f 5465 5536 5537
f 5465 5537 5466
f 5466 5537 5538
f 5466 5538 5467
f 5467 5538 5539
f 5467 5539 5468
f 5468 5539 5540
f 5468 5540 5469
f 5469 5540 5541
f 5469 5541 5470
f 5470 5541 5542
f 5470 5542 5471
f 5471 5542 5543
f 5471 5543 5472
f 5472 5543 5544
f 5472 5544 5401
f 5401 5544 5473
f 5473 5545 5474
f 5474 5545 5546
f 5474 5546 5475
f 5475 5546 5547
f 5475 5547 5476
f 5476 5547 5548
f 5476 5548 5477
f 5477 5548 5549
f 5477 5549 5478
f 5478 5549 5550
f 5478 5550 5479
f 5479 5550 5551
f 5479 5551 5480
f 5480 5551 5552
f 5480 5552 5481
f 5481 5552 5553
f 5481 5553 5482
f 5482 5553 5554
f 5482 5554 5483
f 5483 5554 5555
f 5483 5555 5484
f 5484 5555 5556
f 5484 5556 5485
f 5485 5556 5557
f 5485 5557 5486
f 5486 5557 5558
f 5486 5558 5487
f 5487 5558 5559
f 5487 5559 5488
f 5488 5559 5560
f 5488 5560 5489
f 5489 5560 5561
f 5489 5561 5490
f 5490 5561 5562
f 5490 5562 5491
f 5491 5562 5563
f 5491 5563 5492
f 5492 5563 5564
f 5492 5564 5493
f 5493 5564 5565
f 5493 5565 5494
f 5494 5565 5566
f 5494 5566 5495
f 5495 5566 5567
f 5495 5567 5496
f 5496 5567 5568
f 5496 5568 5497
f 5497 5568 5569
f 5497 5569 5498
f 5498 5569 5570
f 5498 5570 5499
f 5499 5570 5571
f 5499 5571 5500
f 5500 5571 5572
f 5500 5572 5501
f 5501 5572 5573
f 5501 5573 5502
f 5502 5573 5574
f 5502 5574 5503
f 5503 5574 5575
f 5503 5575 5504
f 5504 5575 5576
f 5504 5576 5505
f 5505 5576 5577
f 5505 5577 5506
f 5506 5577 5578
f 5506 5578 5507
f 5507 5578 5579
f 5507 5579 5508
f 5508 5579 5580
f 5508 5580 5509
f 5509 5580 5581
f 5509 5581 5510
f 5510 5581 5582
f 5510 5582 5511
f 5511 5582 5583
f 5511 5583 5512
f 5512 5583 5584
f 5512 5584 5513
f 5513 5584 5585
f 5513 5585 5514
f 5514 5585 5586
f 5514 5586 5515
f 5515 5586 5587
f 5515 5587 5516
f 5516 5587 5588
f 5516 5588 5517
f 5517 5588 5589
f 5517 5589 5518
f 5518 5589 5590
f 5518 5590 5519
f 5519 5590 5591
f 5519 5591 5520
f 5520 5591 5592
f 5520 5592 5521
f 5521 5592 5593
f 5521 5593 5522
f 5522 5593 5594
f 5522 5594 5523
f 5523 5594 5595
f 5523 5595 5524
f 5524 5595 5596
f 5524 5596 5525
f 5525 5596 5597
f 5525 5597 5526
f 5526 5597 5598
f 5526 5598 5527
f 5527 5598 5599
f 5527 5599 5528
f 5528 5599 5600
f 5528 5600 5529
f 5529 5600 5601
f 5529 5601 5530
f 5530 5601 5602
f 5530 5602 5531
f 5531 5602 5603
f 5531 5603 5532
f 5532 5603 5604
f 5532 5604 5533
f 5533 5604 5605
f 5533 5605 5534
f 5534 5605 5606
f 5534 5606 5535
f 5535 5606 5607
f 5535 5607 5536
f 5536 5607 5608
f 5536 5608 5537
f 5537 5608 5609
f 5537 5609 5538
f 5538 5609 5610
f 5538 5610 5539
f 5539 5610 5611
f 5539 5611 5540
f 5540 5611 5612
f 5540 5612 5541
f 5541 5612 5613
f 5541 5613 5542
f 5542 5613 5614
f 5542 5614 5543
f 5543 5614 5615
f 5543 5615 5544
f 5544 5615 5616
f 5544 5616 5473
f 5473 5616 5545
f 5545 5617 5546
f 5546 5617 5618
f 5546 5618 5547
f 5547 5618 5619
f 5547 5619 5548
f 5548 5619 5620
f 5548 5620 5549
f 5549 5620 5621
f 5549 5621 5550
f 5550 5621 5622
f 5550 5622 5551
f 5551 5622 5623
f 5551 5623 5552
f 5552 5623 5624
f 5552 5624 5553
f 5553 5624 5625
f 5553 5625 5554
f 5554 5625 5626
f 5554 5626 5555
f 5555 5626 5627
f 5555 5627 5556
f 5556 5627 5628
f 5556 5628 5557
f 5557 5628 5629
f 5557 5629 5558
f 5558 5629 5630
f 5558 5630 5559
f 5559 5630 5631
f 5559 5631 5560
f 5560 5631 5632
f 5560 5632 5561
f 5561 5632 5633
f 5561 5633 5562
f 5562 5633 5634
f 5562 5634 5563
f 5563 5634 5635
f 5563 5635 5564
f 5564 5635 5636
f 5564 5636 5565
f 5565 5636 5637
f 5565 5637 5566
f 5566 5637 5638
f 5566 5638 5567
f 5567 5638 5639
f 5567 5639 5568
f 5568 5639 5640
f 5568 5640 5569
f 5569 5640 5641
f 5569 5641 5570
f 5570 5641 5642
f 5570 5642 5571
f 5571 5642 5643
f 5571 5643 5572
f 5572 5643 5644
f 5572 5644 5573
f 5573 5644 5645
f 5573 5645 5574
f 5574 5645 5646
f 5574 5646 5575
f 5575 5646 5647
f 5575 5647 5576
f 5576 5647 5648
f 5576 5648 5577
f 5577 5648 5649
f 5577 5649 5578
f 5578 5649 5650
f 5578 5650 5579
f 5579 5650 5651
f 5579 5651 5580
f 5580 5651 5652
f 5580 5652 5581
f 5581 5652 5653
f 5581 5653 5582
f 5582 5653 5654
f 5582 5654 5583
f 5583 5654 5655
f 5583 5655 5584
f 5584 5655 5656
f 5584 5656 5585
f 5585 5656 5657
f 5585 5657 5586
f 5586 5657 5658
f 5586 5658 5587
f 5587 5658 5659
f 5587 5659 5588
f 5588 5659 5660
f 5588 5660 5589
f 5589 5660 5661
f 5589 5661 5590
f 5590 5661 5662
f 5590 5662 5591
f 5591 5662 5663
f 5591 5663 5592
f 5592 5663 5664
f 5592 5664 5593
f 5593 5664 5665
f 5593 5665 5594
f 5594 5665 5666
f 5594 5666 5595
f 5595 5666 5667
f 5595 5667 5596
f 5596 5667 5668
f 5596 5668 5597
f 5597 5668 5669
f 5597 5669 5598
f 5598 5669 5670
f 5598 5670 5599
f 5599 5670 5671
f 5599 5671 5600
f 5600 5671 5672
f 5600 5672 5601
f 5601 5672 5673
f 5601 5673 5602
f 5602 5673 5674
f 5602 5674 5603
f 5603 5674 5675
f 5603 5675 5604
f 5604 5675 5676
f 5604 5676 5605
f 5605 5676 5677
f 5605 5677 5606
f 5606 5677 5678
f 5606 5678 5607
f 5607 5678 5679
f 5607 5679 5608
f 5608 5679 5680
f 5608 5680 5609
f 5609 5680 5681
f 5609 5681 5610
f 5610 5681 5682
f 5610 5682 5611
f 5611 5682 5683
f 5611 5683 5612
f 5612 5683 5684
f 5612 5684 5613
f 5613 5684 5685
f 5613 5685 5614
f 5614 5685 5686
f 5614 5686 5615
f 5615 5686 5687
f 5615 5687 5616
f 5616 5687 5688
f 5616 5688 5545
f 5545 5688 5617
f 5617 5689 5618
f 5618 5689 5690
f 5618 5690 5619
f 5619 5690 5691
f 5619 5691 5620
f 5620 5691 5692
f 5620 5692 5621
f 5621 5692 5693
f 5621 5693 5622
f 5622 5693 5694
f 5622 5694 5623
f 5623 5694 5695
f 5623 5695 5624
f 5624 5695 5696
f 5624 5696 5625
f 5625 5696 5697
f 5625 5697 5626
f 5626 5697 5698
f 5626 5698 5627
f 5627 5698 5699
f 5627 5699 5628
f 5628 5699 5700
f 5628 5700 5629
f 5629 5700 5701
f 5629 5701 5630
f 5630 5701 5702
f 5630 5702 5631
f 5631 5702 5703
f 5631 5703 5632
f 5632 5703 5704
f 5632 5704 5633
f 5633 5704 5705
f 5633 5705 5634
f 5634 5705 5706
f 5634 5706 5635
f 5635 5706 5707
f 5635 5707 5636
f 5636 5707 5708
f 5636 5708 5637
f 5637 5708 5709
f 5637 5709 5638
f 5638 5709 5710
f 5638 5710 5639
f 5639 5710 5711
f 5639 5711 5640
f 5640 5711 5712
f 5640 5712 5641
f 5641 5712 5713
f 5641 5713 5642
f 5642 5713 5714
f 5642 5714 5643
f 5643 5714 5715
f 5643 5715 5644
f 5644 5715 5716
f 5644 5716 5645
f 5645 5716 5717
f 5645 5717 5646
f 5646 5717 5718
f 5646 5718 5647
f 5647 5718 5719
f 5647 5719 5648
f 5648 5719 5720
f 5648 5720 5649
f 5649 5720 5721
f 5649 5721 5650
f 5650 5721 5722
f 5650 5722 5651
f 5651 5722 5723
f 5651 5723 5652
f 5652 5723 5724
f 5652 5724 5653
f 5653 5724 5725
f 5653 5725 5654
f 5654 5725 5726
f 5654 5726 5655
f 5655 5726 5727
f 5655 5727 5656
f 5656 5727 5728
f 5656 5728 5657
f 5657 5728 5729
f 5657 5729 5658
f 5658 5729 5730
f 5658 5730 5659
f 5659 5730 5731
f 5659 5731 5660
f 5660 5731 5732
f 5660 5732 5661
f 5661 5732 5733
f 5661 5733 5662
f 5662 5733 5734
f 5662 5734 5663
f 5663 5734 5735
f 5663 5735 5664
f 5664 5735 5736
f 5664 5736 5665
f 5665 5736 5737
f 5665 5737 5666
f 5666 5737 5738
f 5666 5738 5667
f 5667 5738 5739
f 5667 5739 5668
f 5668 5739 5740
f 5668 5740 5669
f 5669 5740 5741
f 5669 5741 5670
f 5670 5741 5742
f 5670 5742 5671
f 5671 5742 5743
f 5671 5743 5672
f 5672 5743 5744
f 5672 5744 5673
f 5673 5744 5745
f 5673 5745 5674
f 5674 5745 5746
f 5674 5746 5675
f 5675 5746 5747
f 5675 5747 5676
f 5676 5747 5748
f 5676 5748 5677
f 5677 5748 5749
f 5677 5749 5678
f 5678 5749 5750
f 5678 5750 5679
f 5679 5750 5751
f 5679 5751 5680
f 5680 5751 5752
f 5680 5752 5681
f 5681 5752 5753
f 5681 5753 5682
f 5682 5753 5754
f 5682 5754 5683
f 5683 5754 5755
f 5683 5755 5684
f 5684 5755 5756
f 5684 5756 5685
f 5685 5756 5757
f 5685 5757 5686
f 5686 5757 5758
f 5686 5758 5687
f 5687 5758 5759
f 5687 5759 5688
f 5688 5759 5760
f 5688 5760 5617
f 5617 5760 5689
f 5689 5761 5690
f 5690 5761 5762
f 5690 5762 5691
f 5691 5762 5763
f 5691 5763 5692
f 5692 5763 5764
f 5692 5764 5693
f 5693 5764 5765
f 5693 5765 5694
f 5694 5765 5766
f 5694 5766 5695
f 5695 5766 5767
f 5695 5767 5696
f 5696 5767 5768
f 5696 5768 5697
f 5697 5768 5769
f 5697 5769 5698
f 5698 5769 5770
f 5698 5770 5699
f 5699 5770 5771
f 5699 5771 5700
f 5700 5771 5772
f 5700 5772 5701
f 5701 5772 5773
f 5701 5773 5702
f 5702 5773 5774
f 5702 5774 5703
f 5703 5774 5775
f 5703 5775 5704
f 5704 5775 5776
f 5704 5776 5705
f 5705 5776 5777
f 5705 5777 5706
f 5706 5777 5778
f 5706 5778 5707
f 5707 5778 5779
f 5707 5779 5708
f 5708 5779 5780
f 5708 5780 5709
f 5709 5780 5781
f 5709 5781 5710
f 5710 5781 5782
f 5710 5782 5711
f 5711 5782 5783
f 5711 5783 5712
f 5712 5783 5784
f 5712 5784 5713
f 5713 5784 5785
f 5713 5785 5714
f 5714 5785 5786
f 5714 5786 5715
f 5715 5786 5787
f 5715 5787 5716
f 5716 5787 5788
f 5716 5788 5717
f 5717 5788 5789
f 5717 5789 5718
f 5718 5789 5790
f 5718 5790 5719
f 5719 5790 5791
f 5719 5791 5720
f 5720 5791 5792
f 5720 5792 5721
f 5721 5792 5793
f 5721 5793 5722
f 5722 5793 5794
f 5722 5794 5723
f 5723 5794 5795
f 5723 5795 5724
f 5724 5795 5796
f 5724 5796 5725
f 5725 5796 5797
f 5725 5797 5726
f 5726 5797 5798
f 5726 5798 5727
f 5727 5798 5799
f 5727 5799 5728
f 5728 5799 5800
f 5728 5800 5729
f 5729 5800 5801
f 5729 5801 5730
f 5730 5801 5802
f 5730 5802 5731
f 5731 5802 5803
f 5731 5803 5732
f 5732 5803 5804
f 5732 5804 5733
f 5733 5804 5805
f 5733 5805 5734
f 5734 5805 5806
f 5734 5806 5735
f 5735 5806 5807
f 5735 5807 5736
f 5736 5807 5808
f 5736 5808 5737
f 5737 5808 5809
f 5737 5809 5738
f 5738 5809 5810
f 5738 5810 5739
f 5739 5810 5811
f 5739 5811 5740
f 5740 5811 5812
f 5740 5812 5741
f 5741 5812 5813
f 5741 5813 5742
f 5742 5813 5814
f 5742 5814 5743
f 5743 5814 5815
f 5743 5815 5744
f 5744 5815 5816
f 5744 5816 5745
f 5745 5816 5817
f 5745 5817 5746
f 5746 5817 5818
f 5746 5818 5747
f 5747 5818 5819
f 5747 5819 5748
f 5748 5819 5820
f 5748 5820 5749
f 5749 5820 5821
f 5749 5821 5750
f 5750 5821 5822
f 5750 5822 5751
f 5751 5822 5823
f 5751 5823 5752
f 5752 5823 5824
f 5752 5824 5753
f 5753 5824 5825
f 5753 5825 5754
f 5754 5825 5826
f 5754 5826 5755
f 5755 5826 5827
f 5755 5827 5756
f 5756 5827 5828
f 5756 5828 5757
f 5757 5828 5829
f 5757 5829 5758
f 5758 5829 5830
f 5758 5830 5759
f 5759 5830 5831
f 5759 5831 5760
f 5760 5831 5832
f 5760 5832 5689
f 5689 5832 5761
f 5761 5833 5762
f 5762 5833 5834
f 5762 5834 5763
f 5763 5834 5835
f 5763 5835 5764
f 5764 5835 5836
f 5764 5836 5765
f 5765 5836 5837
f 5765 5837 5766
f 5766 5837 5838
f 5766 5838 5767
f 5767 5838 5839
f 5767 5839 5768
f 5768 5839 5840
f 5768 5840 5769
f 5769 5840 5841
f 5769 5841 5770
f 5770 5841 5842
f 5770 5842 5771
f 5771 5842 5843
f 5771 5843 5772
f 5772 5843 5844
f 5772 5844 5773
f 5773 5844 5845
f 5773 5845 5774
f 5774 5845 5846
f 5774 5846 5775
f 5775 5846 5847
f 5775 5847 5776
f 5776 5847 5848
f 5776 5848 5777
f 5777 5848 5849
f 5777 5849 5778
f 5778 5849 5850
f 5778 5850 5779
f 5779 5850 5851
f 5779 5851 5780
f 5780 5851 5852
f 5780 5852 5781
f 5781 5852 5853
f 5781 5853 5782
f 5782 5853 5854
f 5782 5854 5783
f 5783 5854 5855
f 5783 5855 5784
f 5784 5855 5856
f 5784 5856 5785
f 5785 5856 5857
f 5785 5857 5786
f 5786 5857 5858
f 5786 5858 5787
f 5787 5858 5859
f 5787 5859 5788
f 5788 5859 5860
f 5788 5860 5789
f 5789 5860 5861
f 5789 5861 5790
f 5790 5861 5862
f 5790 5862 5791
f 5791 5862 5863
f 5791 5863 5792
f 5792 5863 5864
f 5792 5864 5793
f 5793 5864 5865
f 5793 5865 5794
f 5794 5865 5866
f 5794 5866 5795
f 5795 5866 5867
f 5795 5867 5796
f 5796 5867 5868
f 5796 5868 5797
f 5797 5868 5869
f 5797 5869 5798
f 5798 5869 5870
f 5798 5870 5799
f 5799 5870 5871
f 5799 5871 5800
f 5800 5871 5872
f 5800 5872 5801
f 5801 5872 5873
f 5801 5873 5802
f 5802 5873 5874
f 5802 5874 5803
f 5803 5874 5875
f 5803 5875 5804
f 5804 5875 5876
f 5804 5876 5805
f 5805 5876 5877
f 5805 5877 5806
f 5806 5877 5878
f 5806 5878 5807
f 5807 5878 5879
f 5807 5879 5808
f 5808 5879 5880
f 5808 5880 5809
f 5809 5880 5881
f 5809 5881 5810
f 5810 5881 5882
f 5810 5882 5811
f 5811 5882 5883
f 5811 5883 5812
f 5812 5883 5884
f 5812 5884 5813
f 5813 5884 5885
f 5813 5885 5814
f 5814 5885 5886
f 5814 5886 5815
f 5815 5886 5887
f 5815 5887 5816
f 5816 5887 5888
f 5816 5888 5817
f 5817 5888 5889
f 5817 5889 5818
f 5818 5889 5890
f 5818 5890 5819
f 5819 5890 5891
f 5819 5891 5820
f 5820 5891 5892
f 5820 5892 5821
f 5821 5892 5893
f 5821 5893 5822
f 5822 5893 5894
f 5822 5894 5823
f 5823 5894 5895
f 5823 5895 5824
f 5824 5895 5896
f 5824 5896 5825
f 5825 5896 5897
f 5825 5897 5826
f 5826 5897 5898
f 5826 5898 5827
f 5827 5898 5899
f 5827 5899 5828
f 5828 5899 5900
f 5828 5900 5829
f 5829 5900 5901
f 5829 5901 5830
f 5830 5901 5902
f 5830 5902 5831
f 5831 5902 5903
f 5831 5903 5832
f 5832 5903 5904
f 5832 5904 5761
f 5761 5904 5833
f 5833 5905 5834
f 5834 5905 5906
f 5834 5906 5835
f 5835 5906 5907
f 5835 5907 5836
f 5836 5907 5908
f 5836 5908 5837
f 5837 5908 5909
f 5837 5909 5838
f 5838 5909 5910
f 5838 5910 5839
f 5839 5910 5911
f 5839 5911 5840
f 5840 5911 5912
f 5840 5912 5841
f 5841 5912 5913
f 5841 5913 5842
f 5842 5913 5914
f 5842 5914 5843
f 5843 5914 5915
f 5843 5915 5844
f 5844 5915 5916
f 5844 5916 5845
f 5845 5916 5917
f 5845 5917 5846
f 5846 5917 5918
f 5846 5918 5847
f 5847 5918 5919
f 5847 5919 5848
f 5848 5919 5920
f 5848 5920 5849
f 5849 5920 5921
f 5849 5921 5850
f 5850 5921 5922
f 5850 5922 5851
f 5851 5922 5923
f 5851 5923 5852
f 5852 5923 5924
f 5852 5924 5853
f 5853 5924 5925
f 5853 5925 5854
f 5854 5925 5926
f 5854 5926 5855
f 5855 5926 5927
f 5855 5927 5856
f 5856 5927 5928
f 5856 5928 5857
f 5857 5928 5929
f 5857 5929 5858
f 5858 5929 5930
f 5858 5930 5859
f 5859 5930 5931
f 5859 5931 5860
f 5860 5931 5932
f 5860 5932 5861
f 5861 5932 5933
f 5861 5933 5862
f 5862 5933 5934
f 5862 5934 5863
f 5863 5934 5935
f 5863 5935 5864
f 5864 5935 5936
f 5864 5936 5865
f 5865 5936 5937
f 5865 5937 5866
f 5866 5937 5938
f 5866 5938 5867
f 5867 5938 5939
f 5867 5939 5868
f 5868 5939 5940
f 5868 5940 5869
f 5869 5940 5941
f 5869 5941 5870
f 5870 5941 5942
f 5870 5942 5871
f 5871 5942 5943
f 5871 5943 5872
f 5872 5943 5944
f 5872 5944 5873
f 5873 5944 5945
f 5873 5945 5874
f 5874 5945 5946
f 5874 5946 5875
f 5875 5946 5947
f 5875 5947 5876
f 5876 5947 5948
f 5876 5948 5877
f 5877 5948 5949
f 5877 5949 5878
f 5878 5949 5950
f 5878 5950 5879
f 5879 5950 5951
f 5879 5951 5880
f 5880 5951 5952
f 5880 5952 5881
f 5881 5952 5953
f 5881 5953 5882
f 5882 5953 5954
f 5882 5954 5883
f 5883 5954 5955
f 5883 5955 5884
f 5884 5955 5956
f 5884 5956 5885
f 5885 5956 5957
f 5885 5957 5886
f 5886 5957 5958
f 5886 5958 5887
f 5887 5958 5959
f 5887 5959 5888
f 5888 5959 5960
f 5888 5960 5889
f 5889 5960 5961
f 5889 5961 5890
f 5890 5961 5962
f 5890 5962 5891
f 5891 5962 5963
f 5891 5963 5892
f 5892 5963 5964
f 5892 5964 5893
f 5893 5964 5965
f 5893 5965 5894
f 5894 5965 5966
f 5894 5966 5895
f 5895 5966 5967
f 5895 5967 5896
f 5896 5967 5968
f 5896 5968 5897
f 5897 5968 5969
f 5897 5969 5898
f 5898 5969 5970
f 5898 5970 5899
f 5899 5970 5971
f 5899 5971 5900
f 5900 5971 5972
f 5900 5972 5901
f 5901 5972 5973
f 5901 5973 5902
f 5902 5973 5974
f 5902 5974 5903
f 5903 5974 5975
f 5903 5975 5904
f 5904 5975 5976
f 5904 5976 5833
f 5833 5976 5905
f 5905 5977 5906
f 5906 5977 5978
f 5906 5978 5907
f 5907 5978 5979
f 5907 5979 5908
f 5908 5979 5980
f 5908 5980 5909
f 5909 5980 5981
f 5909 5981 5910
f 5910 5981 5982
f 5910 5982 5911
f 5911 5982 5983
f 5911 5983 5912
f 5912 5983 5984
f 5912 5984 5913
f 5913 5984 5985
f 5913 5985 5914
f 5914 5985 5986
f 5914 5986 5915
f 5915 5986 5987
f 5915 5987 5916
f 5916 5987 5988
f 5916 5988 5917
f 5917 5988 5989
f 5917 5989 5918
f 5918 5989 5990
f 5918 5990 5919
f 5919 5990 5991
f 5919 5991 5920
f 5920 5991 5992
f 5920 5992 5921
f 5921 5992 5993
f 5921 5993 5922
f 5922 5993 5994
f 5922 5994 5923
f 5923 5994 5995
f 5923 5995 5924
f 5924 5995 5996
f 5924 5996 5925
f 5925 5996 5997
f 5925 5997 5926
f 5926 5997 5998
f 5926 5998 5927
f 5927 5998 5999
f 5927 5999 5928
f 5928 5999 6000
f 5928 6000 5929
f 5929 6000 6001
f 5929 6001 5930
f 5930 6001 6002
f 5930 6002 5931
f 5931 6002 6003
f 5931 6003 5932
f 5932 6003 6004
f 5932 6004 5933
f 5933 6004 6005
f 5933 6005 5934
f 5934 6005 6006
f 5934 6006 5935
f 5935 6006 6007
f 5935 6007 5936
f 5936 6007 6008
f 5936 6008 5937
f 5937 6008 6009
f 5937 6009 5938
f 5938 6009 6010
f 5938 6010 5939
f 5939 6010 6011
f 5939 6011 5940
f 5940 6011 6012
f 5940 6012 5941
f 5941 6012 6013
f 5941 6013 5942
f 5942 6013 6014
f 5942 6014 5943
f 5943 6014 6015
f 5943 6015 5944
f 5944 6015 6016
f 5944 6016 5945
f 5945 6016 6017
f 5945 6017 5946
f 5946 6017 6018
f 5946 6018 5947
f 5947 6018 6019
f 5947 6019 5948
f 5948 6019 6020
f 5948 6020 5949
f 5949 6020 6021
f 5949 6021 5950
f 5950 6021 6022
f 5950 6022 5951
f 5951 6022 6023
f 5951 6023 5952
f 5952 6023 6024
f 5952 6024 5953
f 5953 6024 6025
f 5953 6025 5954
f 5954 6025 6026
f 5954 6026 5955
f 5955 6026 6027
f 5955 6027 5956
f 5956 6027 6028
f 5956 6028 5957
f 5957 6028 6029
f 5957 6029 5958
f 5958 6029 6030
f 5958 6030 5959
f 5959 6030 6031
f 5959 6031 5960
f 5960 6031 6032
f 5960 6032 5961
f 5961 6032 6033
f 5961 6033 5962
f 5962 6033 6034
f 5962 6034 5963
f 5963 6034 6035
f 5963 6035 5964
f 5964 6035 6036
f 5964 6036 5965
f 5965 6036 6037
f 5965 6037 5966
f 5966 6037 6038
f 5966 6038 5967
f 5967 6038 6039
f 5967 6039 5968
f 5968 6039 6040
f 5968 6040 5969
f 5969 6040 6041
f 5969 6041 5970
f 5970 6041 6042
f 5970 6042 5971
f 5971 6042 6043
f 5971 6043 5972
f 5972 6043 6044
f 5972 6044 5973
f 5973 6044 6045
f 5973 6045 5974
f 5974 6045 6046
f 5974 6046 5975
f 5975 6046 6047
f 5975 6047 5976
f 5976 6047 6048
f 5976 6048 5905
f 5905 6048 5977
f 5977 6049 5978
f 5978 6049 6050
f 5978 6050 5979
f 5979 6050 6051
f 5979 6051 5980
f 5980 6051 6052
f 5980 6052 5981
f 5981 6052 6053
f 5981 6053 5982
f 5982 6053 6054
f 5982 6054 5983
f 5983 6054 6055
f 5983 6055 5984
f 5984 6055 6056
f 5984 6056 5985
f 5985 6056 6057
f 5985 6057 5986
f 5986 6057 6058
f 5986 6058 5987
f 5987 6058 6059
f 5987 6059 5988
f 5988 6059 6060
f 5988 6060 5989
f 5989 6060 6061
f 5989 6061 5990
f 5990 6061 6062
f 5990 6062 5991
f 5991 6062 6063
f 5991 6063 5992
f 5992 6063 6064
f 5992 6064 5993
f 5993 6064 6065
f 5993 6065 5994
f 5994 6065 6066
f 5994 6066 5995
f 5995 6066 6067
f 5995 6067 5996
f 5996 6067 6068
f 5996 6068 5997
f 5997 6068 6069
f 5997 6069 5998
f 5998 6069 6070
f 5998 6070 5999
f 5999 6070 6071
f 5999 6071 6000
f 6000 6071 6072
f 6000 6072 6001
f 6001 6072 6073
f 6001 6073 6002
f 6002 6073 6074
f 6002 6074 6003
f 6003 6074 6075
f 6003 6075 6004
f 6004 6075 6076
f 6004 6076 6005
f 6005 6076 6077
f 6005 6077 6006
f 6006 6077 6078
f 6006 6078 6007
f 6007 6078 6079
f 6007 6079 6008
f 6008 6079 6080
f 6008 6080 6009
f 6009 6080 6081
f 6009 6081 6010
f 6010 6081 6082
f 6010 6082 6011
f 6011 6082 6083
f 6011 6083 6012
f 6012 6083 6084
f 6012 6084 6013
f 6013 6084 6085
f 6013 6085 6014
f 6014 6085 6086
f 6014 6086 6015
f 6015 6086 6087
f 6015 6087 6016
f 6016 6087 6088
f 6016 6088 6017
f 6017 6088 6089
f 6017 6089 6018
f 6018 6089 6090
f 6018 6090 6019
f 6019 6090 6091
f 6019 6091 6020
f 6020 6091 6092
f 6020 6092 6021
f 6021 6092 6093
f 6021 6093 6022
f 6022 6093 6094
f 6022 6094 6023
f 6023 6094 6095
f 6023 6095 6024
f 6024 6095 6096
f 6024 6096 6025
f 6025 6096 6097
f 6025 6097 6026
f 6026 6097 6098
f 6026 6098 6027
f 6027 6098 6099
f 6027 6099 6028
f 6028 6099 6100
f 6028 6100 6029
f 6029 6100 6101
f 6029 6101 6030
f 6030 6101 6102
f 6030 6102 6031
f 6031 6102 6103
f 6031 6103 6032
f 6032 6103 6104
f 6032 6104 6033
f 6033 6104 6105
f 6033 6105 6034
f 6034 6105 6106
f 6034 6106 6035
f 6035 6106 6107
f 6035 6107 6036
f 6036 6107 6108
f 6036 6108 6037
f 6037 6108 6109
f 6037 6109 6038
f 6038 6109 6110
f 6038 6110 6039
f 6039 6110 6111
f 6039 6111 6040
f 6040 6111 6112
f 6040 6112 6041
f 6041 6112 6113
f 6041 6113 6042
f 6042 6113 6114
f 6042 6114 6043
f 6043 6114 6115
f 6043 6115 6044
f 6044 6115 6116
f 6044 6116 6045
f 6045 6116 6117
f 6045 6117 6046
f 6046 6117 6118
f 6046 6118 6047
f 6047 6118 6119
f 6047 6119 6048
f 6048 6119 6120
f 6048 6120 5977
f 5977 6120 6049
f 6049 6121 6050
f 6050 6121 6122
f 6050 6122 6051
f 6051 6122 6123
f 6051 6123 6052
f 6052 6123 6124
f 6052 6124 6053
f 6053 6124 6125
f 6053 6125 6054
f 6054 6125 6126
f 6054 6126 6055
f 6055 6126 6127
f 6055 6127 6056
f 6056 6127 6128
f 6056 6128 6057
f 6057 6128 6129
f 6057 6129 6058
f 6058 6129 6130
f 6058 6130 6059
f 6059 6130 6131
f 6059 6131 6060
f 6060 6131 6132
f 6060 6132 6061
f 6061 6132 6133
f 6061 6133 6062
f 6062 6133 6134
f 6062 6134 6063
f 6063 6134 6135
f 6063 6135 6064
f 6064 6135 6136
f 6064 6136 6065
f 6065 6136 6137
f 6065 6137 6066
f 6066 6137 6138
f 6066 6138 6067
f 6067 6138 6139
f 6067 6139 6068
f 6068 6139 6140
f 6068 6140 6069
f 6069 6140 6141
f 6069 6141 6070
f 6070 6141 6142
f 6070 6142 6071
f 6071 6142 6143
f 6071 6143 6072
f 6072 6143 6144
f 6072 6144 6073
f 6073 6144 6145
f 6073 6145 6074
f 6074 6145 6146
f 6074 6146 6075
f 6075 6146 6147
f 6075 6147 6076
f 6076 6147 6148
f 6076 6148 6077
f 6077 6148 6149
f 6077 6149 6078
f 6078 6149 6150
f 6078 6150 6079
f 6079 6150 6151
f 6079 6151 6080
f 6080 6151 6152
f 6080 6152 6081
f 6081 6152 6153
f 6081 6153 6082
f 6082 6153 6154
f 6082 6154 6083
f 6083 6154 6155
f 6083 6155 6084
f 6084 6155 6156
f 6084 6156 6085
f 6085 6156 6157
f 6085 6157 6086
f 6086 6157 6158
f 6086 6158 6087
f 6087 6158 6159
f 6087 6159 6088
f 6088 6159 6160
f 6088 6160 6089
f 6089 6160 6161
f 6089 6161 6090
f 6090 6161 6162
f 6090 6162 6091
f 6091 6162 6163
f 6091 6163 6092
f 6092 6163 6164
f 6092 6164 6093
f 6093 6164 6165
f 6093 6165 6094
f 6094 6165 6166
f 6094 6166 6095
f 6095 6166 6167
f 6095 6167 6096
f 6096 6167 6168
f 6096 6168 6097
f 6097 6168 6169
f 6097 6169 6098
f 6098 6169 6170
f 6098 6170 6099
f 6099 6170 6171
f 6099 6171 6100
f 6100 6171 6172
f 6100 6172 6101
f 6101 6172 6173
f 6101 6173 6102
f 6102 6173 6174
f 6102 6174 6103
f 6103 6174 6175
f 6103 6175 6104
f 6104 6175 6176
f 6104 6176 6105
f 6105 6176 6177
f 6105 6177 6106
f 6106 6177 6178
f 6106 6178 6107
f 6107 6178 6179
f 6107 6179 6108
f 6108 6179 6180
f 6108 6180 6109
f 6109 6180 6181
f 6109 6181 6110
f 6110 6181 6182
f 6110 6182 6111
f 6111 6182 6183
f 6111 6183 6112
f 6112 6183 6184
f 6112 6184 6113
f 6113 6184 6185
f 6113 6185 6114
f 6114 6185 6186
f 6114 6186 6115
f 6115 6186 6187
f 6115 6187 6116
f 6116 6187 6188
f 6116 6188 6117
f 6117 6188 6189
f 6117 6189 6118
f 6118 6189 6190
f 6118 6190 6119
f 6119 6190 6191
f 6119 6191 6120
f 6120 6191 6192
f 6120 6192 6049
f 6049 6192 6121
f 6121 6193 6122
f 6122 6193 6194
f 6122 6194 6123
f 6123 6194 6195
f 6123 6195 6124
f 6124 6195 6196
f 6124 6196 6125
f 6125 6196 6197
f 6125 6197 6126
f 6126 6197 6198
f 6126 6198 6127
f 6127 6198 6199
f 6127 6199 6128
f 6128 6199 6200
f 6128 6200 6129
f 6129 6200 6201
f 6129 6201 6130
f 6130 6201 6202
f 6130 6202 6131
f 6131 6202 6203
f 6131 6203 6132
f 6132 6203 6204
f 6132 6204 6133
f 6133 6204 6205
f 6133 6205 6134
f 6134 6205 6206
f 6134 6206 6135
f 6135 6206 6207
f 6135 6207 6136
f 6136 6207 6208
f 6136 6208 6137
f 6137 6208 6209
f 6137 6209 6138
f 6138 6209 6210
f 6138 6210 6139
f 6139 6210 6211
f 6139 6211 6140
f 6140 6211 6212
f 6140 6212 6141
f 6141 6212 6213
f 6141 6213 6142
f 6142 6213 6214
f 6142 6214 6143
f 6143 6214 6215
f 6143 6215 6144
f 6144 6215 6216
f 6144 6216 6145
f 6145 6216 6217
f 6145 6217 6146
f 6146 6217 6218
f 6146 6218 6147
f 6147 6218 6219
f 6147 6219 6148
f 6148 6219 6220
f 6148 6220 6149
f 6149 6220 6221
f 6149 6221 6150
f 6150 6221 6222
f 6150 6222 6151
f 6151 6222 6223
f 6151 6223 6152
f 6152 6223 6224
f 6152 6224 6153
f 6153 6224 6225
f 6153 6225 6154
f 6154 6225 6226
f 6154 6226 6155
f 6155 6226 6227
f 6155 6227 6156
f 6156 6227 6228
f 6156 6228 6157
f 6157 6228 6229
f 6157 6229 6158
f 6158 6229 6230
f 6158 6230 6159
f 6159 6230 6231
f 6159 6231 6160
f 6160 6231 6232
f 6160 6232 6161
f 6161 6232 6233
f 6161 6233 6162
f 6162 6233 6234
f 6162 6234 6163
f 6163 6234 6235
f 6163 6235 6164
f 6164 6235 6236
f 6164 6236 6165
f 6165 6236 6237
f 6165 6237 6166
f 6166 6237 6238
f 6166 6238 6167
f 6167 6238 6239
f 6167 6239 6168
f 6168 6239 6240
f 6168 6240 6169
f 6169 6240 6241
f 6169 6241 6170
f 6170 6241 6242
f 6170 6242 6171
f 6171 6242 6243
f 6171 6243 6172
f 6172 6243 6244
f 6172 6244 6173
f 6173 6244 6245
f 6173 6245 6174
f 6174 6245 6246
f 6174 6246 6175
f 6175 6246 6247
f 6175 6247 6176
f 6176 6247 6248
f 6176 6248 6177
f 6177 6248 6249
f 6177 6249 6178
f 6178 6249 6250
f 6178 6250 6179
f 6179 6250 6251
f 6179 6251 6180
f 6180 6251 6252
f 6180 6252 6181
f 6181 6252 6253
f 6181 6253 6182
f 6182 6253 6254
f 6182 6254 6183
f 6183 6254 6255
f 6183 6255 6184
f 6184 6255 6256
f 6184 6256 6185
f 6185 6256 6257
f 6185 6257 6186
f 6186 6257 6258
f 6186 6258 6187
f 6187 6258 6259
f 6187 6259 6188
f 6188 6259 6260
f 6188 6260 6189
f 6189 6260 6261
f 6189 6261 6190
f 6190 6261 6262
f 6190 6262 6191
f 6191 6262 6263
f 6191 6263 6192
f 6192 6263 6264
f 6192 6264 6121
f 6121 6264 6193
f 6193 6265 6194
f 6194 6265 6266
f 6194 6266 6195
f 6195 6266 6267
f 6195 6267 6196
f 6196 6267 6268
f 6196 6268 6197
f 6197 6268 6269
f 6197 6269 6198
f 6198 6269 6270
f 6198 6270 6199
f 6199 6270 6271
f 6199 6271 6200
f 6200 6271 6272
f 6200 6272 6201
f 6201 6272 6273
f 6201 6273 6202
f 6202 6273 6274
f 6202 6274 6203
f 6203 6274 6275
f 6203 6275 6204
f 6204 6275 6276
f 6204 6276 6205
f 6205 6276 6277
f 6205 6277 6206
f 6206 6277 6278
f 6206 6278 6207
f 6207 6278 6279
f 6207 6279 6208
f 6208 6279 6280
f 6208 6280 6209
f 6209 6280 6281
f 6209 6281 6210
f 6210 6281 6282
f 6210 6282 6211
f 6211 6282 6283
f 6211 6283 6212
f 6212 6283 6284
f 6212 6284 6213
f 6213 6284 6285
f 6213 6285 6214
f 6214 6285 6286
f 6214 6286 6215
f 6215 6286 6287
f 6215 6287 6216
f 6216 6287 6288
f 6216 6288 6217
f 6217 6288 6289
f 6217 6289 6218
f 6218 6289 6290
f 6218 6290 6219
f 6219 6290 6291
f 6219 6291 6220
f 6220 6291 6292
f 6220 6292 6221
f 6221 6292 6293
f 6221 6293 6222
f 6222 6293 6294
f 6222 6294 6223
f 6223 6294 6295
f 6223 6295 6224
f 6224 6295 6296
f 6224 6296 6225
f 6225 6296 6297
f 6225 6297 6226
f 6226 6297 6298
f 6226 6298 6227
f 6227 6298 6299
f 6227 6299 6228
f 6228 6299 6300
f 6228 6300 6229
f 6229 6300 6301
f 6229 6301 6230
f 6230 6301 6302
f 6230 6302 6231
f 6231 6302 6303
f 6231 6303 6232
f 6232 6303 6304
f 6232 6304 6233
f 6233 6304 6305
f 6233 6305 6234
f 6234 6305 6306
f 6234 6306 6235
f 6235 6306 6307
f 6235 6307 6236
f 6236 6307 6308
f 6236 6308 6237
f 6237 6308 6309
f 6237 6309 6238
f 6238 6309 6310
f 6238 6310 6239
f 6239 6310 6311
f 6239 6311 6240
f 6240 6311 6312
f 6240 6312 6241
f 6241 6312 6313
f 6241 6313 6242
f 6242 6313 6314
f 6242 6314 6243
f 6243 6314 6315
f 6243 6315 6244
f 6244 6315 6316
f 6244 6316 6245
f 6245 6316 6317
f 6245 6317 6246
f 6246 6317 6318
f 6246 6318 6247
f 6247 6318 6319
f 6247 6319 6248
f 6248 6319 6320
f 6248 6320 6249
f 6249 6320 6321
f 6249 6321 6250
f 6250 6321 6322
f 6250 6322 6251
f 6251 6322 6323
f 6251 6323 6252
f 6252 6323 6324
f 6252 6324 6253
f 6253 6324 6325
f 6253 6325 6254
f 6254 6325 6326
f 6254 6326 6255
f 6255 6326 6327
f 6255 6327 6256
f 6256 6327 6328
f 6256 6328 6257
f 6257 6328 6329
f 6257 6329 6258
f 6258 6329 6330
f 6258 6330 6259
f 6259 6330 6331
f 6259 6331 6260
f 6260 6331 6332
f 6260 6332 6261
f 6261 6332 6333
f 6261 6333 6262
f 6262 6333 6334
f 6262 6334 6263
f 6263 6334 6335
f 6263 6335 6264
f 6264 6335 6336
f 6264 6336 6193
f 6193 6336 6265
f 6265 6337 6266
f 6266 6337 6338
f 6266 6338 6267
f 6267 6338 6339
f 6267 6339 6268
f 6268 6339 6340
f 6268 6340 6269
f 6269 6340 6341
f 6269 6341 6270
f 6270 6341 6342
f 6270 6342 6271
f 6271 6342 6343
f 6271 6343 6272
f 6272 6343 6344
f 6272 6344 6273
f 6273 6344 6345
f 6273 6345 6274
f 6274 6345 6346
f 6274 6346 6275
f 6275 6346 6347
f 6275 6347 6276
f 6276 6347 6348
f 6276 6348 6277
f 6277 6348 6349
f 6277 6349 6278
f 6278 6349 6350
f 6278 6350 6279
f 6279 6350 6351
f 6279 6351 6280
f 6280 6351 6352
f 6280 6352 6281
f 6281 6352 6353
f 6281 6353 6282
f 6282 6353 6354
f 6282 6354 6283
f 6283 6354 6355
f 6283 6355 6284
f 6284 6355 6356
f 6284 6356 6285
f 6285 6356 6357
f 6285 6357 6286
f 6286 6357 6358
f 6286 6358 6287
f 6287 6358 6359
f 6287 6359 6288
f 6288 6359 6360
f 6288 6360 6289
f 6289 6360 6361
f 6289 6361 6290
f 6290 6361 6362
f 6290 6362 6291
f 6291 6362 6363
f 6291 6363 6292
f 6292 6363 6364
f 6292 6364 6293
f 6293 6364 6365
f 6293 6365 6294
f 6294 6365 6366
f 6294 6366 6295
f 6295 6366 6367
f 6295 6367 6296
f 6296 6367 6368
f 6296 6368 6297
f 6297 6368 6369
f 6297 6369 6298
f 6298 6369 6370
f 6298 6370 6299
f 6299 6370 6371
f 6299 6371 6300
f 6300 6371 6372
f 6300 6372 6301
f 6301 6372 6373
f 6301 6373 6302
f 6302 6373 6374
f 6302 6374 6303
f 6303 6374 6375
f 6303 6375 6304
f 6304 6375 6376
f 6304 6376 6305
f 6305 6376 6377
f 6305 6377 6306
f 6306 6377 6378
f 6306 6378 6307
f 6307 6378 6379
f 6307 6379 6308
f 6308 6379 6380
f 6308 6380 6309
f 6309 6380 6381
f 6309 6381 6310
f 6310 6381 6382
f 6310 6382 6311
f 6311 6382 6383
f 6311 6383 6312
f 6312 6383 6384
f 6312 6384 6313
f 6313 6384 6385
f 6313 6385 6314
f 6314 6385 6386
f 6314 6386 6315
f 6315 6386 6387
f 6315 6387 6316
f 6316 6387 6388
f 6316 6388 6317
f 6317 6388 6389
f 6317 6389 6318
f 6318 6389 6390
f 6318 6390 6319
f 6319 6390 6391
f 6319 6391 6320
f 6320 6391 6392
f 6320 6392 6321
f 6321 6392 6393
f 6321 6393 6322
f 6322 6393 6394
f 6322 6394 6323
f 6323 6394 6395
f 6323 6395 6324
f 6324 6395 6396
f 6324 6396 6325
f 6325 6396 6397
f 6325 6397 6326
f 6326 6397 6398
f 6326 6398 6327
f 6327 6398 6399
f 6327 6399 6328
f 6328 6399 6400
f 6328 6400 6329
f 6329 6400 6401
f 6329 6401 6330
f 6330 6401 6402
f 6330 6402 6331
f 6331 6402 6403
f 6331 6403 6332
f 6332 6403 6404
f 6332 6404 6333
f 6333 6404 6405
f 6333 6405 6334
f 6334 6405 6406
f 6334 6406 6335
f 6335 6406 6407
f 6335 6407 6336
f 6336 6407 6408
f 6336 6408 6265
f 6265 6408 6337
f 6337 6409 6338
f 6338 6409 6410
f 6338 6410 6339
f 6339 6410 6411
f 6339 6411 6340
f 6340 6411 6412
f 6340 6412 6341
f 6341 6412 6413
f 6341 6413 6342
f 6342 6413 6414
f 6342 6414 6343
f 6343 6414 6415
f 6343 6415 6344
f 6344 6415 6416
f 6344 6416 6345
f 6345 6416 6417
f 6345 6417 6346
f 6346 6417 6418
f 6346 6418 6347
f 6347 6418 6419
f 6347 6419 6348
f 6348 6419 6420
f 6348 6420 6349
f 6349 6420 6421
f 6349 6421 6350
f 6350 6421 6422
f 6350 6422 6351
f 6351 6422 6423
f 6351 6423 6352
f 6352 6423 6424
f 6352 6424 6353
f 6353 6424 6425
f 6353 6425 6354
f 6354 6425 6426
f 6354 6426 6355
f 6355 6426 6427
f 6355 6427 6356
f 6356 6427 6428
f 6356 6428 6357
f 6357 6428 6429
f 6357 6429 6358
f 6358 6429 6430
f 6358 6430 6359
f 6359 6430 6431
f 6359 6431 6360
f 6360 6431 6432
f 6360 6432 6361
f 6361 6432 6433
f 6361 6433 6362
f 6362 6433 6434
f 6362 6434 6363
f 6363 6434 6435
f 6363 6435 6364
f 6364 6435 6436
f 6364 6436 6365
f 6365 6436 6437
f 6365 6437 6366
f 6366 6437 6438
f 6366 6438 6367
f 6367 6438 6439
f 6367 6439 6368
f 6368 6439 6440
f 6368 6440 6369
f 6369 6440 6441
f 6369 6441 6370
f 6370 6441 6442
f 6370 6442 6371
f 6371 6442 6443
f 6371 6443 6372
f 6372 6443 6444
f 6372 6444 6373
f 6373 6444 6445
f 6373 6445 6374
f 6374 6445 6446
f 6374 6446 6375
f 6375 6446 6447
f 6375 6447 6376
f 6376 6447 6448
f 6376 6448 6377
f 6377 6448 6449
f 6377 6449 6378
f 6378 6449 6450
f 6378 6450 6379
f 6379 6450 6451
f 6379 6451 6380
f 6380 6451 6452
f 6380 6452 6381
f 6381 6452 6453
f 6381 6453 6382
f 6382 6453 6454
f 6382 6454 6383
f 6383 6454 6455
f 6383 6455 6384
f 6384 6455 6456
f 6384 6456 6385
f 6385 6456 6457
f 6385 6457 6386
f 6386 6457 6458
f 6386 6458 6387
f 6387 6458 6459
f 6387 6459 6388
f 6388 6459 6460
f 6388 6460 6389
f 6389 6460 6461
f 6389 6461 6390
f 6390 6461 6462
f 6390 6462 6391
f 6391 6462 6463
f 6391 6463 6392
f 6392 6463 6464
f 6392 6464 6393
f 6393 6464 6465
f 6393 6465 6394
f 6394 6465 6466
f 6394 6466 6395
f 6395 6466 6467
f 6395 6467 6396
f 6396 6467 6468
f 6396 6468 6397
f 6397 6468 6469
f 6397 6469 6398
f 6398 6469 6470
f 6398 6470 6399
f 6399 6470 6471
f 6399 6471 6400
f 6400 6471 6472
f 6400 6472 6401
f 6401 6472 6473
f 6401 6473 6402
f 6402 6473 6474
f 6402 6474 6403
f 6403 6474 6475
f 6403 6475 6404
f 6404 6475 6476
f 6404 6476 6405
f 6405 6476 6477
f 6405 6477 6406
f 6406 6477 6478
f 6406 6478 6407
f 6407 6478 6479
f 6407 6479 6408
f 6408 6479 6480
f 6408 6480 6337
f 6337 6480 6409
f 6409 6481 6410
f 6410 6481 6482
f 6410 6482 6411
f 6411 6482 6483
f 6411 6483 6412
f 6412 6483 6484
f 6412 6484 6413
f 6413 6484 6485
f 6413 6485 6414
f 6414 6485 6486
f 6414 6486 6415
f 6415 6486 6487
f 6415 6487 6416
f 6416 6487 6488
f 6416 6488 6417
f 6417 6488 6489
f 6417 6489 6418
f 6418 6489 6490
f 6418 6490 6419
f 6419 6490 6491
f 6419 6491 6420
f 6420 6491 6492
f 6420 6492 6421
f 6421 6492 6493
f 6421 6493 6422
f 6422 6493 6494
f 6422 6494 6423
f 6423 6494 6495
f 6423 6495 6424
f 6424 6495 6496
f 6424 6496 6425
f 6425 6496 6497
f 6425 6497 6426
f 6426 6497 6498
f 6426 6498 6427
f 6427 6498 6499
f 6427 6499 6428
f 6428 6499 6500
f 6428 6500 6429
f 6429 6500 6501
f 6429 6501 6430
f 6430 6501 6502
f 6430 6502 6431
f 6431 6502 6503
f 6431 6503 6432
f 6432 6503 6504
f 6432 6504 6433
f 6433 6504 6505
f 6433 6505 6434
f 6434 6505 6506
f 6434 6506 6435
f 6435 6506 6507
f 6435 6507 6436
f 6436 6507 6508
f 6436 6508 6437
f 6437 6508 6509
f 6437 6509 6438
f 6438 6509 6510
f 6438 6510 6439
f 6439 6510 6511
f 6439 6511 6440
f 6440 6511 6512
f 6440 6512 6441
f 6441 6512 6513
f 6441 6513 6442
f 6442 6513 6514
f 6442 6514 6443
f 6443 6514 6515
f 6443 6515 6444
f 6444 6515 6516
f 6444 6516 6445
f 6445 6516 6517
f 6445 6517 6446
f 6446 6517 6518
f 6446 6518 6447
f 6447 6518 6519
f 6447 6519 6448
f 6448 6519 6520
f 6448 6520 6449
f 6449 6520 6521
f 6449 6521 6450
f 6450 6521 6522
f 6450 6522 6451
f 6451 6522 6523
f 6451 6523 6452
f 6452 6523 6524
f 6452 6524 6453
f 6453 6524 6525
f 6453 6525 6454
f 6454 6525 6526
f 6454 6526 6455
f 6455 6526 6527
f 6455 6527 6456
f 6456 6527 6528
f 6456 6528 6457
f 6457 6528 6529
f 6457 6529 6458
f 6458 6529 6530
f 6458 6530 6459
f 6459 6530 6531
f 6459 6531 6460
f 6460 6531 6532
f 6460 6532 6461
f 6461 6532 6533
f 6461 6533 6462
f 6462 6533 6534
f 6462 6534 6463
f 6463 6534 6535
f 6463 6535 6464
f 6464 6535 6536
f 6464 6536 6465
f 6465 6536 6537
f 6465 6537 6466
f 6466 6537 6538
f 6466 6538 6467
f 6467 6538 6539
f 6467 6539 6468
f 6468 6539 6540
f 6468 6540 6469
f 6469 6540 6541
f 6469 6541 6470
f 6470 6541 6542
f 6470 6542 6471
f 6471 6542 6543
f 6471 6543 6472
f 6472 6543 6544
f 6472 6544 6473
f 6473 6544 6545
f 6473 6545 6474
f 6474 6545 6546
f 6474 6546 6475
f 6475 6546 6547
f 6475 6547 6476
f 6476 6547 6548
f 6476 6548 6477
f 6477 6548 6549
f 6477 6549 6478
f 6478 6549 6550
f 6478 6550 6479
f 6479 6550 6551
f 6479 6551 6480
f 6480 6551 6552
f 6480 6552 6409
f 6409 6552 6481
f 6481 6553 6482
f 6482 6553 6554
f 6482 6554 6483
f 6483 6554 6555
f 6483 6555 6484
f 6484 6555 6556
f 6484 6556 6485
f 6485 6556 6557
f 6485 6557 6486
f 6486 6557 6558
f 6486 6558 6487
f 6487 6558 6559
f 6487 6559 6488
f 6488 6559 6560
f 6488 6560 6489
f 6489 6560 6561
f 6489 6561 6490
f 6490 6561 6562
f 6490 6562 6491
f 6491 6562 6563
f 6491 6563 6492
f 6492 6563 6564
f 6492 6564 6493
f 6493 6564 6565
f 6493 6565 6494
f 6494 6565 6566
f 6494 6566 6495
f 6495 6566 6567
f 6495 6567 6496
f 6496 6567 6568
f 6496 6568 6497
f 6497 6568 6569
f 6497 6569 6498
f 6498 6569 6570
f 6498 6570 6499
f 6499 6570 6571
f 6499 6571 6500
f 6500 6571 6572
f 6500 6572 6501
f 6501 6572 6573
f 6501 6573 6502
f 6502 6573 6574
f 6502 6574 6503
f 6503 6574 6575
f 6503 6575 6504
f 6504 6575 6576
f 6504 6576 6505
f 6505 6576 6577
f 6505 6577 6506
f 6506 6577 6578
f 6506 6578 6507
f 6507 6578 6579
f 6507 6579 6508
f 6508 6579 6580
f 6508 6580 6509
f 6509 6580 6581
f 6509 6581 6510
f 6510 6581 6582
f 6510 6582 6511
f 6511 6582 6583
f 6511 6583 6512
f 6512 6583 6584
f 6512 6584 6513
f 6513 6584 6585
f 6513 6585 6514
f 6514 6585 6586
f 6514 6586 6515
f 6515 6586 6587
f 6515 6587 6516
f 6516 6587 6588
f 6516 6588 6517
f 6517 6588 6589
f 6517 6589 6518
f 6518 6589 6590
f 6518 6590 6519
f 6519 6590 6591
f 6519 6591 6520
f 6520 6591 6592
f 6520 6592 6521
f 6521 6592 6593
f 6521 6593 6522
f 6522 6593 6594
f 6522 6594 6523
f 6523 6594 6595
f 6523 6595 6524
f 6524 6595 6596
f 6524 6596 6525
f 6525 6596 6597
f 6525 6597 6526
f 6526 6597 6598
f 6526 6598 6527
f 6527 6598 6599
f 6527 6599 6528
f 6528 6599 6600
f 6528 6600 6529
f 6529 6600 6601
f 6529 6601 6530
f 6530 6601 6602
f 6530 6602 6531
f 6531 6602 6603
f 6531 6603 6532
f 6532 6603 6604
f 6532 6604 6533
f 6533 6604 6605
f 6533 6605 6534
f 6534 6605 6606
f 6534 6606 6535
f 6535 6606 6607
f 6535 6607 6536
f 6536 6607 6608
f 6536 6608 6537
f 6537 6608 6609
f 6537 6609 6538
f 6538 6609 6610
f 6538 6610 6539
f 6539 6610 6611
f 6539 6611 6540
f 6540 6611 6612
f 6540 6612 6541
f 6541 6612 6613
f 6541 6613 6542
f 6542 6613 6614
f 6542 6614 6543
f 6543 6614 6615
f 6543 6615 6544
f 6544 6615 6616
f 6544 6616 6545
f 6545 6616 6617
f 6545 6617 6546
f 6546 6617 6618
f 6546 6618 6547
f 6547 6618 6619
f 6547 6619 6548
f 6548 6619 6620
f 6548 6620 6549
f 6549 6620 6621
f 6549 6621 6550
f 6550 6621 6622
f 6550 6622 6551
f 6551 6622 6623
f 6551 6623 6552
f 6552 6623 6624
f 6552 6624 6481
f 6481 6624 6553
f 6553 6625 6554
f 6554 6625 6626
f 6554 6626 6555
f 6555 6626 6627
f 6555 6627 6556
f 6556 6627 6628
f 6556 6628 6557
f 6557 6628 6629
f 6557 6629 6558
f 6558 6629 6630
f 6558 6630 6559
f 6559 6630 6631
f 6559 6631 6560
f 6560 6631 6632
f 6560 6632 6561
f 6561 6632 6633
f 6561 6633 6562
f 6562 6633 6634
f 6562 6634 6563
f 6563 6634 6635
f 6563 6635 6564
f 6564 6635 6636
f 6564 6636 6565
f 6565 6636 6637
f 6565 6637 6566
f 6566 6637 6638
f 6566 6638 6567
f 6567 6638 6639
f 6567 6639 6568
f 6568 6639 6640
f 6568 6640 6569
f 6569 6640 6641
f 6569 6641 6570
f 6570 6641 6642
f 6570 6642 6571
f 6571 6642 6643
f 6571 6643 6572
f 6572 6643 6644
f 6572 6644 6573
f 6573 6644 6645
f 6573 6645 6574
f 6574 6645 6646
f 6574 6646 6575
f 6575 6646 6647
f 6575 6647 6576
f 6576 6647 6648
f 6576 6648 6577
f 6577 6648 6649
f 6577 6649 6578
f 6578 6649 6650
f 6578 6650 6579
f 6579 6650 6651
f 6579 6651 6580
f 6580 6651 6652
f 6580 6652 6581
f 6581 6652 6653
f 6581 6653 6582
f 6582 6653 6654
f 6582 6654 6583
f 6583 6654 6655
f 6583 6655 6584
f 6584 6655 6656
f 6584 6656 6585
f 6585 6656 6657
f 6585 6657 6586
f 6586 6657 6658
f 6586 6658 6587
f 6587 6658 6659
f 6587 6659 6588
f 6588 6659 6660
f 6588 6660 6589
f 6589 6660 6661
f 6589 6661 6590
f 6590 6661 6662
f 6590 6662 6591
f 6591 6662 6663
f 6591 6663 6592
f 6592 6663 6664
f 6592 6664 6593
f 6593 6664 6665
f 6593 6665 6594
f 6594 6665 6666
f 6594 6666 6595
f 6595 6666 6667
f 6595 6667 6596
f 6596 6667 6668
f 6596 6668 6597
f 6597 6668 6669
f 6597 6669 6598
f 6598 6669 6670
f 6598 6670 6599
f 6599 6670 6671
f 6599 6671 6600
f 6600 6671 6672
f 6600 6672 6601
f 6601 6672 6673
f 6601 6673 6602
f 6602 6673 6674
f 6602 6674 6603
f 6603 6674 6675
f 6603 6675 6604
f 6604 6675 6676
f 6604 6676 6605
f 6605 6676 6677
f 6605 6677 6606
f 6606 6677 6678
f 6606 6678 6607
f 6607 6678 6679
f 6607 6679 6608
f 6608 6679 6680
f 6608 6680 6609
f 6609 6680 6681
f 6609 6681 6610
f 6610 6681 6682
f 6610 6682 6611
f 6611 6682 6683
f 6611 6683 6612
f 6612 6683 6684
f 6612 6684 6613
f 6613 6684 6685
f 6613 6685 6614
f 6614 6685 6686
f 6614 6686 6615
f 6615 6686 6687
f 6615 6687 6616
f 6616 6687 6688
f 6616 6688 6617
f 6617 6688 6689
f 6617 6689 6618
f 6618 6689 6690
f 6618 6690 6619
f 6619 6690 6691
f 6619 6691 6620
f 6620 6691 6692
f 6620 6692 6621
f 6621 6692 6693
f 6621 6693 6622
f 6622 6693 6694
f 6622 6694 6623
f 6623 6694 6695
f 6623 6695 6624
f 6624 6695 6696
f 6624 6696 6553
f 6553 6696 6625
f 6625 6697 6626
f 6626 6697 6698
f 6626 6698 6627
f 6627 6698 6699
f 6627 6699 6628
f 6628 6699 6700
f 6628 6700 6629
f 6629 6700 6701
f 6629 6701 6630
f 6630 6701 6702
f 6630 6702 6631
f 6631 6702 6703
f 6631 6703 6632
f 6632 6703 6704
f 6632 6704 6633
f 6633 6704 6705
f 6633 6705 6634
f 6634 6705 6706
f 6634 6706 6635
f 6635 6706 6707
f 6635 6707 6636
f 6636 6707 6708
f 6636 6708 6637
f 6637 6708 6709
f 6637 6709 6638
f 6638 6709 6710
f 6638 6710 6639
f 6639 6710 6711
f 6639 6711 6640
f 6640 6711 6712
f 6640 6712 6641
f 6641 6712 6713
f 6641 6713 6642
f 6642 6713 6714
f 6642 6714 6643
f 6643 6714 6715
f 6643 6715 6644
f 6644 6715 6716
f 6644 6716 6645
f 6645 6716 6717
f 6645 6717 6646
f 6646 6717 6718
f 6646 6718 6647
f 6647 6718 6719
f 6647 6719 6648
f 6648 6719 6720
f 6648 6720 6649
f 6649 6720 6721
f 6649 6721 6650
f 6650 6721 6722
f 6650 6722 6651
f 6651 6722 6723
f 6651 6723 6652
f 6652 6723 6724
f 6652 6724 6653
f 6653 6724 6725
f 6653 6725 6654
f 6654 6725 6726
f 6654 6726 6655
f 6655 6726 6727
f 6655 6727 6656
f 6656 6727 6728
f 6656 6728 6657
f 6657 6728 6729
f 6657 6729 6658
f 6658 6729 6730
f 6658 6730 6659
f 6659 6730 6731
f 6659 6731 6660
f 6660 6731 6732
f 6660 6732 6661
f 6661 6732 6733
f 6661 6733 6662
f 6662 6733 6734
f 6662 6734 6663
f 6663 6734 6735
f 6663 6735 6664
f 6664 6735 6736
f 6664 6736 6665
f 6665 6736 6737
f 6665 6737 6666
f 6666 6737 6738
f 6666 6738 6667
f 6667 6738 6739
f 6667 6739 6668
f 6668 6739 6740
f 6668 6740 6669
f 6669 6740 6741
f 6669 6741 6670
f 6670 6741 6742
f 6670 6742 6671
f 6671 6742 6743
f 6671 6743 6672
f 6672 6743 6744
f 6672 6744 6673
f 6673 6744 6745
f 6673 6745 6674
f 6674 6745 6746
f 6674 6746 6675
f 6675 6746 6747
f 6675 6747 6676
f 6676 6747 6748
f 6676 6748 6677
f 6677 6748 6749
f 6677 6749 6678
f 6678 6749 6750
f 6678 6750 6679
f 6679 6750 6751
f 6679 6751 6680
f 6680 6751 6752
f 6680 6752 6681
f 6681 6752 6753
f 6681 6753 6682
f 6682 6753 6754
f 6682 6754 6683
f 6683 6754 6755
f 6683 6755 6684
f 6684 6755 6756
f 6684 6756 6685
f 6685 6756 6757
f 6685 6757 6686
f 6686 6757 6758
f 6686 6758 6687
f 6687 6758 6759
f 6687 6759 6688
f 6688 6759 6760
f 6688 6760 6689
f 6689 6760 6761
f 6689 6761 6690
f 6690 6761 6762
f 6690 6762 6691
f 6691 6762 6763
f 6691 6763 6692
f 6692 6763 6764
f 6692 6764 6693
f 6693 6764 6765
f 6693 6765 6694
f 6694 6765 6766
f 6694 6766 6695
f 6695 6766 6767
f 6695 6767 6696
f 6696 6767 6768
f 6696 6768 6625
f 6625 6768 6697
f 6697 6769 6698
f 6698 6769 6770
f 6698 6770 6699
f 6699 6770 6771
f 6699 6771 6700
f 6700 6771 6772
f 6700 6772 6701
f 6701 6772 6773
f 6701 6773 6702
f 6702 6773 6774
f 6702 6774 6703
f 6703 6774 6775
f 6703 6775 6704
f 6704 6775 6776
f 6704 6776 6705
f 6705 6776 6777
f 6705 6777 6706
f 6706 6777 6778
f 6706 6778 6707
f 6707 6778 6779
f 6707 6779 6708
f 6708 6779 6780
f 6708 6780 6709
f 6709 6780 6781
f 6709 6781 6710
f 6710 6781 6782
f 6710 6782 6711
f 6711 6782 6783
f 6711 6783 6712
f 6712 6783 6784
f 6712 6784 6713
f 6713 6784 6785
f 6713 6785 6714
f 6714 6785 6786
f 6714 6786 6715
f 6715 6786 6787
f 6715 6787 6716
f 6716 6787 6788
f 6716 6788 6717
f 6717 6788 6789
f 6717 6789 6718
f 6718 6789 6790
f 6718 6790 6719
f 6719 6790 6791
f 6719 6791 6720
f 6720 6791 6792
f 6720 6792 6721
f 6721 6792 6793
f 6721 6793 6722
f 6722 6793 6794
f 6722 6794 6723
f 6723 6794 6795
f 6723 6795 6724
f 6724 6795 6796
f 6724 6796 6725
f 6725 6796 6797
f 6725 6797 6726
f 6726 6797 6798
f 6726 6798 6727
f 6727 6798 6799
f 6727 6799 6728
f 6728 6799 6800
f 6728 6800 6729
f 6729 6800 6801
f 6729 6801 6730
f 6730 6801 6802
f 6730 6802 6731
f 6731 6802 6803
f 6731 6803 6732
f 6732 6803 6804
f 6732 6804 6733
f 6733 6804 6805
f 6733 6805 6734
f 6734 6805 6806
f 6734 6806 6735
f 6735 6806 6807
f 6735 6807 6736
f 6736 6807 6808
f 6736 6808 6737
f 6737 6808 6809
f 6737 6809 6738
f 6738 6809 6810
f 6738 6810 6739
f 6739 6810 6811
f 6739 6811 6740
f 6740 6811 6812
f 6740 6812 6741
f 6741 6812 6813
f 6741 6813 6742
f 6742 6813 6814
f 6742 6814 6743
f 6743 6814 6815
f 6743 6815 6744
f 6744 6815 6816
f 6744 6816 6745
f 6745 6816 6817
f 6745 6817 6746
f 6746 6817 6818
f 6746 6818 6747
f 6747 6818 6819
f 6747 6819 6748
f 6748 6819 6820
f 6748 6820 6749
f 6749 6820 6821
f 6749 6821 6750
f 6750 6821 6822
f 6750 6822 6751
f 6751 6822 6823
f 6751 6823 6752
f 6752 6823 6824
f 6752 6824 6753
f 6753 6824 6825
f 6753 6825 6754
f 6754 6825 6826
f 6754 6826 6755
f 6755 6826 6827
f 6755 6827 6756
f 6756 6827 6828
f 6756 6828 6757
f 6757 6828 6829
f 6757 6829 6758
f 6758 6829 6830
f 6758 6830 6759
f 6759 6830 6831
f 6759 6831 6760
f 6760 6831 6832
f 6760 6832 6761
f 6761 6832 6833
f 6761 6833 6762
f 6762 6833 6834
f 6762 6834 6763
f 6763 6834 6835
f 6763 6835 6764
f 6764 6835 6836
f 6764 6836 6765
f 6765 6836 6837
f 6765 6837 6766
f 6766 6837 6838
f 6766 6838 6767
f 6767 6838 6839
f 6767 6839 6768
f 6768 6839 6840
f 6768 6840 6697
f 6697 6840 6769
f 6769 6841 6770
f 6770 6841 6842
f 6770 6842 6771
f 6771 6842 6843
f 6771 6843 6772
f 6772 6843 6844
f 6772 6844 6773
f 6773 6844 6845
f 6773 6845 6774
f 6774 6845 6846
f 6774 6846 6775
f 6775 6846 6847
f 6775 6847 6776
f 6776 6847 6848
f 6776 6848 6777
f 6777 6848 6849
f 6777 6849 6778
f 6778 6849 6850
f 6778 6850 6779
f 6779 6850 6851
f 6779 6851 6780
f 6780 6851 6852
f 6780 6852 6781
f 6781 6852 6853
f 6781 6853 6782
f 6782 6853 6854
f 6782 6854 6783
f 6783 6854 6855
f 6783 6855 6784
f 6784 6855 6856
f 6784 6856 6785
f 6785 6856 6857
f 6785 6857 6786
f 6786 6857 6858
f 6786 6858 6787
f 6787 6858 6859
f 6787 6859 6788
f 6788 6859 6860
f 6788 6860 6789
f 6789 6860 6861
f 6789 6861 6790
f 6790 6861 6862
f 6790 6862 6791
f 6791 6862 6863
f 6791 6863 6792
f 6792 6863 6864
f 6792 6864 6793
f 6793 6864 6865
f 6793 6865 6794
f 6794 6865 6866
f 6794 6866 6795
f 6795 6866 6867
f 6795 6867 6796
f 6796 6867 6868
f 6796 6868 6797
f 6797 6868 6869
f 6797 6869 6798
f 6798 6869 6870
f 6798 6870 6799
f 6799 6870 6871
f 6799 6871 6800
f 6800 6871 6872
f 6800 6872 6801
f 6801 6872 6873
f 6801 6873 6802
f 6802 6873 6874
f 6802 6874 6803
f 6803 6874 6875
f 6803 6875 6804
f 6804 6875 6876
f 6804 6876 6805
f 6805 6876 6877
f 6805 6877 6806
f 6806 6877 6878
f 6806 6878 6807
f 6807 6878 6879
f 6807 6879 6808
f 6808 6879 6880
f 6808 6880 6809
f 6809 6880 6881
f 6809 6881 6810
f 6810 6881 6882
f 6810 6882 6811
f 6811 6882 6883
f 6811 6883 6812
f 6812 6883 6884
f 6812 6884 6813
f 6813 6884 6885
f 6813 6885 6814
f 6814 6885 6886
f 6814 6886 6815
f 6815 6886 6887
f 6815 6887 6816
f 6816 6887 6888
f 6816 6888 6817
f 6817 6888 6889
f 6817 6889 6818
f 6818 6889 6890
f 6818 6890 6819
f 6819 6890 6891
f 6819 6891 6820
f 6820 6891 6892
f 6820 6892 6821
f 6821 6892 6893
f 6821 6893 6822
f 6822 6893 6894
f 6822 6894 6823
f 6823 6894 6895
f 6823 6895 6824
f 6824 6895 6896
f 6824 6896 6825
f 6825 6896 6897
f 6825 6897 6826
f 6826 6897 6898
f 6826 6898 6827
f 6827 6898 6899
f 6827 6899 6828
f 6828 6899 6900
f 6828 6900 6829
f 6829 6900 6901
f 6829 6901 6830
f 6830 6901 6902
f 6830 6902 6831
f 6831 6902 6903
f 6831 6903 6832
f 6832 6903 6904
f 6832 6904 6833
f 6833 6904 6905
f 6833 6905 6834
f 6834 6905 6906
f 6834 6906 6835
f 6835 6906 6907
f 6835 6907 6836
f 6836 6907 6908
f 6836 6908 6837
f 6837 6908 6909
f 6837 6909 6838
f 6838 6909 6910
f 6838 6910 6839
f 6839 6910 6911
f 6839 6911 6840
f 6840 6911 6912
f 6840 6912 6769
f 6769 6912 6841
f 6841 6913 6842
f 6842 6913 6914
f 6842 6914 6843
f 6843 6914 6915
f 6843 6915 6844
f 6844 6915 6916
f 6844 6916 6845
f 6845 6916 6917
f 6845 6917 6846
f 6846 6917 6918
f 6846 6918 6847
f 6847 6918 6919
f 6847 6919 6848
f 6848 6919 6920
f 6848 6920 6849
f 6849 6920 6921
f 6849 6921 6850
f 6850 6921 6922
f 6850 6922 6851
f 6851 6922 6923
f 6851 6923 6852
f 6852 6923 6924
f 6852 6924 6853
f 6853 6924 6925
f 6853 6925 6854
f 6854 6925 6926
f 6854 6926 6855
f 6855 6926 6927
f 6855 6927 6856
f 6856 6927 6928
f 6856 6928 6857
f 6857 6928 6929
f 6857 6929 6858
f 6858 6929 6930
f 6858 6930 6859
f 6859 6930 6931
f 6859 6931 6860
f 6860 6931 6932
f 6860 6932 6861
f 6861 6932 6933
f 6861 6933 6862
f 6862 6933 6934
f 6862 6934 6863
f 6863 6934 6935
f 6863 6935 6864
f 6864 6935 6936
f 6864 6936 6865
f 6865 6936 6937
f 6865 6937 6866
f 6866 6937 6938
f 6866 6938 6867
f 6867 6938 6939
f 6867 6939 6868
f 6868 6939 6940
f 6868 6940 6869
f 6869 6940 6941
f 6869 6941 6870
f 6870 6941 6942
f 6870 6942 6871
f 6871 6942 6943
f 6871 6943 6872
f 6872 6943 6944
f 6872 6944 6873
f 6873 6944 6945
f 6873 6945 6874
f 6874 6945 6946
f 6874 6946 6875
f 6875 6946 6947
f 6875 6947 6876
f 6876 6947 6948
f 6876 6948 6877
f 6877 6948 6949
f 6877 6949 6878
f 6878 6949 6950
f 6878 6950 6879
f 6879 6950 6951
f 6879 6951 6880
f 6880 6951 6952
f 6880 6952 6881
f 6881 6952 6953
f 6881 6953 6882
f 6882 6953 6954
f 6882 6954 6883
f 6883 6954 6955
f 6883 6955 6884
f 6884 6955 6956
f 6884 6956 6885
f 6885 6956 6957
f 6885 6957 6886
f 6886 6957 6958
f 6886 6958 6887
f 6887 6958 6959
f 6887 6959 6888
f 6888 6959 6960
f 6888 6960 6889
f 6889 6960 6961
f 6889 6961 6890
f 6890 6961 6962
f 6890 6962 6891
f 6891 6962 6963
f 6891 6963 6892
f 6892 6963 6964
f 6892 6964 6893
f 6893 6964 6965
f 6893 6965 6894
f 6894 6965 6966
f 6894 6966 6895
f 6895 6966 6967
f 6895 6967 6896
f 6896 6967 6968
f 6896 6968 6897
f 6897 6968 6969
f 6897 6969 6898
f 6898 6969 6970
f 6898 6970 6899
f 6899 6970 6971
f 6899 6971 6900
f 6900 6971 6972
f 6900 6972 6901
f 6901 6972 6973
f 6901 6973 6902
f 6902 6973 6974
f 6902 6974 6903
f 6903 6974 6975
f 6903 6975 6904
f 6904 6975 6976
f 6904 6976 6905
f 6905 6976 6977
f 6905 6977 6906
f 6906 6977 6978
f 6906 6978 6907
f 6907 6978 6979
f 6907 6979 6908
f 6908 6979 6980
f 6908 6980 6909
f 6909 6980 6981
f 6909 6981 6910
f 6910 6981 6982
f 6910 6982 6911
f 6911 6982 6983
f 6911 6983 6912
f 6912 6983 6984
f 6912 6984 6841
f 6841 6984 6913
f 6985 2 1
f 6985 3 2
f 6985 4 3
f 6985 5 4
f 6985 6 5
f 6985 7 6
f 6985 8 7
f 6985 9 8
f 6985 10 9
f 6985 11 10
f 6985 12 11
f 6985 13 12
f 6985 14 13
f 6985 15 14
f 6985 16 15
f 6985 17 16
f 6985 18 17
f 6985 19 18
f 6985 20 19
f 6985 21 20
f 6985 22 21
f 6985 23 22
f 6985 24 23
f 6985 25 24
f 6985 26 25
f 6985 27 26
f 6985 28 27
f 6985 29 28
f 6985 30 29
f 6985 31 30
f 6985 32 31
f 6985 33 32
f 6985 34 33
f 6985 35 34
f 6985 36 35
f 6985 37 36
f 6985 38 37
f 6985 39 38
f 6985 40 39
f 6985 41 40
f 6985 42 41
f 6985 43 42
f 6985 44 43
f 6985 45 44
f 6985 46 45
f 6985 47 46
f 6985 48 47
f 6985 49 48
f 6985 50 49
f 6985 51 50
f 6985 52 51
f 6985 53 52
f 6985 54 53
f 6985 55 54
f 6985 56 55
f 6985 57 56
f 6985 58 57
f 6985 59 58
f 6985 60 59
f 6985 61 60
f 6985 62 61
f 6985 63 62
f 6985 64 63
f 6985 65 64
f 6985 66 65
f 6985 67 66
f 6985 68 67
f 6985 69 68
f 6985 70 69
f 6985 71 70
f 6985 72 71
f 6985 1 72
